player_name,team,league_country,position,age,market_value_raw,market_value_est,scraped_date
Teja Paku Alam,PERSIB Bandung,Indonesia,Kiper,0,"Rp4,35Mlyr.",4350000000,2026-01-05
Adam Przybek,PERSIB Bandung,Indonesia,Kiper,0,"Rp1,74Mlyr.",1740000000,2026-01-05
Fitrah Maulana,PERSIB Bandung,Indonesia,Kiper,0,"Rp434,54Jt.",434540000,2026-01-05
Rhaka Syafaka,PERSIB Bandung,Indonesia,Kiper,0,-,0,2026-01-05
Federico Barba,PERSIB Bandung,Indonesia,Bek-Tengah,0,"Rp8,69Mlyr.",8690000000,2026-01-05
Patricio Matricardi,PERSIB Bandung,Indonesia,Bek-Tengah,0,"Rp6,95Mlyr.",6950000000,2026-01-05
Frans Putros,PERSIB Bandung,Indonesia,Bek-Tengah,0,"Rp6,08Mlyr.",6080000000,2026-01-05
Júlio César,PERSIB Bandung,Indonesia,Bek-Tengah,0,"Rp5,21Mlyr.",5210000000,2026-01-05
Kakang Rudianto,PERSIB Bandung,Indonesia,Bek-Tengah,0,"Rp3,91Mlyr.",3910000000,2026-01-05
Hamra Hehanussa,PERSIB Bandung,Indonesia,Bek-Tengah,29,"Rp3,48Mlyr.",3480000000,2026-01-05
Achmad Jufriyanto,PERSIB Bandung,Indonesia,Bek-Tengah,16,"Rp173,82Jt.",173820000,2026-01-05
Rezaldi Hehanussa,PERSIB Bandung,Indonesia,Bek-Kiri,0,"Rp2,61Mlyr.",2610000000,2026-01-05
Kevin Pasha,PERSIB Bandung,Indonesia,Bek-Kanan,0,-,0,2026-01-05
Zulkifli Lukmansyah,PERSIB Bandung,Indonesia,Bek-Kanan,0,-,0,2026-01-05
Thom Haye,PERSIB Bandung,Indonesia,Gel. Bertahan,33,"Rp17,38Mlyr.",17380000000,2026-01-05
Alfeandra Dewangga,PERSIB Bandung,Indonesia,Gel. Bertahan,19,"Rp3,91Mlyr.",3910000000,2026-01-05
Robi Darwis,PERSIB Bandung,Indonesia,Gel. Bertahan,0,"Rp2,61Mlyr.",2610000000,2026-01-05
Marc Klok,PERSIB Bandung,Indonesia,Gel. Tengah,23,"Rp6,95Mlyr.",6950000000,2026-01-05
Adam Alis,PERSIB Bandung,Indonesia,Gel. Tengah,18,"Rp4,78Mlyr.",4780000000,2026-01-05
Abdul Aziz,PERSIB Bandung,Indonesia,Gel. Tengah,0,"Rp869,08Jt.",869080000,2026-01-05
Nazriel Alfaro,PERSIB Bandung,Indonesia,Gel. Tengah,0,"Rp434,54Jt.",434540000,2026-01-05
Wiliam Marcilio,PERSIB Bandung,Indonesia,Gel. Serang,0,"Rp4,35Mlyr.",4350000000,2026-01-05
Berguinho,PERSIB Bandung,Indonesia,Gel. Serang,0,"Rp4,35Mlyr.",4350000000,2026-01-05
Luciano Guaycochea,PERSIB Bandung,Indonesia,Gel. Serang,0,"Rp3,91Mlyr.",3910000000,2026-01-05
Saddil Ramdani,PERSIB Bandung,Indonesia,Sayap Kiri,0,"Rp5,65Mlyr.",5650000000,2026-01-05
Eliano Reijnders,PERSIB Bandung,Indonesia,Sayap Kanan,0,"Rp10,43Mlyr.",10430000000,2026-01-05
Beckham Putra,PERSIB Bandung,Indonesia,Sayap Kanan,0,"Rp6,08Mlyr.",6080000000,2026-01-05
Febri Hariyadi,PERSIB Bandung,Indonesia,Sayap Kanan,0,"Rp1,74Mlyr.",1740000000,2026-01-05
Athaya Zahran,PERSIB Bandung,Indonesia,Sayap Kanan,36,-,0,2026-01-05
Andrew Jung,PERSIB Bandung,Indonesia,Depan-Tengah,0,"Rp8,69Mlyr.",8690000000,2026-01-05
Uilliam,PERSIB Bandung,Indonesia,Depan-Tengah,0,"Rp4,35Mlyr.",4350000000,2026-01-05
Ramon Tanque,PERSIB Bandung,Indonesia,Depan-Tengah,0,"Rp3,91Mlyr.",3910000000,2026-01-05
Kadú,PSBS Biak,Indonesia,Kiper,41,"Rp2,17Mlyr.",2170000000,2026-01-05
Andika Wisnu,PSBS Biak,Indonesia,Kiper,35,"Rp434,54Jt.",434540000,2026-01-05
Dimas Galih,PSBS Biak,Indonesia,Kiper,0,"Rp434,54Jt.",434540000,2026-01-05
Juan Madjar,PSBS Biak,Indonesia,Kiper,0,-,0,2026-01-05
Sandro Embaló,PSBS Biak,Indonesia,Bek-Tengah,0,"Rp3,48Mlyr.",3480000000,2026-01-05
Myung-hyun Hwang,PSBS Biak,Indonesia,Bek-Tengah,0,"Rp1,74Mlyr.",1740000000,2026-01-05
Nurhidayat,PSBS Biak,Indonesia,Bek-Tengah,0,"Rp1,74Mlyr.",1740000000,2026-01-05
Arif Budiyono,PSBS Biak,Indonesia,Bek-Tengah,0,"Rp869,08Jt.",869080000,2026-01-05
Hadi Ardiansyah,PSBS Biak,Indonesia,Bek-Tengah,0,"Rp434,54Jt.",434540000,2026-01-05
Iqbal Hadi,PSBS Biak,Indonesia,Bek-Tengah,0,"Rp434,54Jt.",434540000,2026-01-05
Pablo Andrade,PSBS Biak,Indonesia,Bek-Kiri,33,"Rp2,61Mlyr.",2610000000,2026-01-05
Urbanus Lasol,PSBS Biak,Indonesia,Bek-Kiri,0,"Rp869,08Jt.",869080000,2026-01-05
Moses Madjar,PSBS Biak,Indonesia,Bek-Kiri,44,"Rp434,54Jt.",434540000,2026-01-05
Patrias Rumere,PSBS Biak,Indonesia,Bek-Kiri,32,-,0,2026-01-05
Ians Rumbewas,PSBS Biak,Indonesia,Bek-Kiri,0,-,0,2026-01-05
Lucky Oktavianto,PSBS Biak,Indonesia,Bek-Kanan,23,"Rp1,30Mlyr.",1300000000,2026-01-05
George Brown,PSBS Biak,Indonesia,Bek-Kanan,26,"Rp1,30Mlyr.",1300000000,2026-01-05
Claudio Olivera,PSBS Biak,Indonesia,Bek-Kanan,28,-,0,2026-01-05
Kevin Lopez,PSBS Biak,Indonesia,Gel. Bertahan,16,"Rp1,74Mlyr.",1740000000,2026-01-05
Arjuna Agung,PSBS Biak,Indonesia,Gel. Bertahan,0,"Rp1,30Mlyr.",1300000000,2026-01-05
Nelson Alom,PSBS Biak,Indonesia,Gel. Bertahan,0,"Rp434,54Jt.",434540000,2026-01-05
Eduardo Barbosa,PSBS Biak,Indonesia,Gel. Tengah,20,"Rp2,61Mlyr.",2610000000,2026-01-05
Yano Putra,PSBS Biak,Indonesia,Gel. Tengah,27,"Rp1,74Mlyr.",1740000000,2026-01-05
Luquinhas,PSBS Biak,Indonesia,Sayap Kiri,0,"Rp3,48Mlyr.",3480000000,2026-01-05
Heri Susanto,PSBS Biak,Indonesia,Sayap Kiri,0,"Rp1,30Mlyr.",1300000000,2026-01-05
Muhammad Isa,PSBS Biak,Indonesia,Sayap Kiri,25,"Rp869,08Jt.",869080000,2026-01-05
Ilham Armaiyn,PSBS Biak,Indonesia,Sayap Kiri,30,"Rp869,08Jt.",869080000,2026-01-05
Alfan Tri,PSBS Biak,Indonesia,Sayap Kiri,0,-,0,2026-01-05
Raja Siregar,PSBS Biak,Indonesia,Sayap Kanan,0,"Rp869,08Jt.",869080000,2026-01-05
Ruyery Blanco,PSBS Biak,Indonesia,Depan-Tengah,0,"Rp4,35Mlyr.",4350000000,2026-01-05
Mohcine Hassan,PSBS Biak,Indonesia,Depan-Tengah,0,"Rp1,74Mlyr.",1740000000,2026-01-05
Tobias Solossa,PSBS Biak,Indonesia,Depan-Tengah,0,"Rp434,54Jt.",434540000,2026-01-05
Samuel Gwijangge,PSBS Biak,Indonesia,Depan-Tengah,0,"Rp434,54Jt.",434540000,2026-01-05
Arthur Augusto,Semen Padang FC,Indonesia,Kiper,0,"Rp3,91Mlyr.",3910000000,2026-01-05
Teguh Amiruddin,Semen Padang FC,Indonesia,Kiper,0,"Rp869,08Jt.",869080000,2026-01-05
Farel Putra,Semen Padang FC,Indonesia,Kiper,0,"Rp173,82Jt.",173820000,2026-01-05
Iqbal Bachtiar,Semen Padang FC,Indonesia,Kiper,0,-,0,2026-01-05
Ângelo Meneses,Semen Padang FC,Indonesia,Bek-Tengah,24,"Rp4,35Mlyr.",4350000000,2026-01-05
Tin Martic,Semen Padang FC,Indonesia,Bek-Tengah,0,"Rp2,61Mlyr.",2610000000,2026-01-05
Rui Rampa,Semen Padang FC,Indonesia,Bek-Tengah,23,"Rp1,30Mlyr.",1300000000,2026-01-05
Herwin Saputra,Semen Padang FC,Indonesia,Bek-Tengah,20,"Rp434,54Jt.",434540000,2026-01-05
Leo Guntara,Semen Padang FC,Indonesia,Bek-Kiri,0,"Rp3,48Mlyr.",3480000000,2026-01-05
Samuel Simanjuntak,Semen Padang FC,Indonesia,Bek-Kiri,0,"Rp1,30Mlyr.",1300000000,2026-01-05
Zidane Afandi,Semen Padang FC,Indonesia,Bek-Kanan,25,"Rp869,08Jt.",869080000,2026-01-05
Rosad Setiawan,Semen Padang FC,Indonesia,Gel. Bertahan,31,"Rp3,04Mlyr.",3040000000,2026-01-05
Ripal Wahyudi,Semen Padang FC,Indonesia,Gel. Bertahan,0,"Rp2,17Mlyr.",2170000000,2026-01-05
Ricki Ariansyah,Semen Padang FC,Indonesia,Gel. Bertahan,0,"Rp1,74Mlyr.",1740000000,2026-01-05
Alhassan Wakaso,Semen Padang FC,Indonesia,Gel. Bertahan,30,"Rp869,08Jt.",869080000,2026-01-05
Dimas Saputra,Semen Padang FC,Indonesia,Gel. Bertahan,0,"Rp434,54Jt.",434540000,2026-01-05
Antonius Tuna,Semen Padang FC,Indonesia,Gel. Bertahan,0,-,0,2026-01-05
Pedro Matos,Semen Padang FC,Indonesia,Gel. Serang,16,"Rp2,17Mlyr.",2170000000,2026-01-05
Firman Juliansyah,Semen Padang FC,Indonesia,Sayap Kiri,0,"Rp2,17Mlyr.",2170000000,2026-01-05
Armando Oropa,Semen Padang FC,Indonesia,Sayap Kiri,0,"Rp1,74Mlyr.",1740000000,2026-01-05
Irsyad Maulana,Semen Padang FC,Indonesia,Sayap Kiri,0,"Rp1,30Mlyr.",1300000000,2026-01-05
Ambrizal Umanailo,Semen Padang FC,Indonesia,Sayap Kanan,0,"Rp1,30Mlyr.",1300000000,2026-01-05
Ronaldo Kwateh,Semen Padang FC,Indonesia,Sayap Kanan,0,"Rp1,30Mlyr.",1300000000,2026-01-05
Cornelius Stewart,Semen Padang FC,Indonesia,Sayap Kanan,0,"Rp869,08Jt.",869080000,2026-01-05
Ferdiansyah,Semen Padang FC,Indonesia,Sayap Kanan,0,"Rp869,08Jt.",869080000,2026-01-05
Febrian Triyanto,Semen Padang FC,Indonesia,Sayap Kanan,41,"Rp434,54Jt.",434540000,2026-01-05
Bruno Gomes,Semen Padang FC,Indonesia,Depan-Tengah,0,"Rp2,17Mlyr.",2170000000,2026-01-05
Muhammad Ridwan,Semen Padang FC,Indonesia,Depan-Tengah,19,"Rp1,30Mlyr.",1300000000,2026-01-05
Sonny Stevens,Dewa United Banten FC,Indonesia,Kiper,0,"Rp5,21Mlyr.",5210000000,2026-01-05
Muhammad Natshir,Dewa United Banten FC,Indonesia,Kiper,0,"Rp1,30Mlyr.",1300000000,2026-01-05
Yofandani Pranata,Dewa United Banten FC,Indonesia,Kiper,0,"Rp434,54Jt.",434540000,2026-01-05
Dafa Al Gasemi,Dewa United Banten FC,Indonesia,Kiper,31,-,0,2026-01-05
Nick Kuipers,Dewa United Banten FC,Indonesia,Bek-Tengah,0,"Rp4,35Mlyr.",4350000000,2026-01-05
Wahyu Prasetyo,Dewa United Banten FC,Indonesia,Bek-Tengah,0,"Rp4,35Mlyr.",4350000000,2026-01-05
Cássio Scheid,Dewa United Banten FC,Indonesia,Bek-Tengah,41,"Rp4,35Mlyr.",4350000000,2026-01-05
Brian Fatari,Dewa United Banten FC,Indonesia,Bek-Tengah,0,"Rp2,17Mlyr.",2170000000,2026-01-05
Akbar Arjunsyah,Dewa United Banten FC,Indonesia,Bek-Tengah,21,"Rp869,08Jt.",869080000,2026-01-05
Edo Febriansyah,Dewa United Banten FC,Indonesia,Bek-Kiri,0,"Rp4,78Mlyr.",4780000000,2026-01-05
Alta Ballah,Dewa United Banten FC,Indonesia,Bek-Kiri,37,"Rp3,91Mlyr.",3910000000,2026-01-05
Johnathan,Dewa United Banten FC,Indonesia,Bek-Kanan,0,"Rp6,08Mlyr.",6080000000,2026-01-05
Ady Setiawan,Dewa United Banten FC,Indonesia,Bek-Kanan,23,"Rp1,74Mlyr.",1740000000,2026-01-05
Rizdjar Nurviat,Dewa United Banten FC,Indonesia,Bek-Kanan,0,"Rp1,30Mlyr.",1300000000,2026-01-05
Theo Numberi,Dewa United Banten FC,Indonesia,Gel. Bertahan,0,"Rp1,30Mlyr.",1300000000,2026-01-05
Alexis Messidoro,Dewa United Banten FC,Indonesia,Gel. Tengah,28,"Rp6,95Mlyr.",6950000000,2026-01-05
Jajá,Dewa United Banten FC,Indonesia,Gel. Tengah,0,"Rp6,52Mlyr.",6520000000,2026-01-05
Kafiatur Rizky,Dewa United Banten FC,Indonesia,Gel. Tengah,16,"Rp434,54Jt.",434540000,2026-01-05
Husain Anshori,Dewa United Banten FC,Indonesia,Gel. Tengah,26,-,0,2026-01-05
Ricky Kambuaya,Dewa United Banten FC,Indonesia,Gel. Serang,19,"Rp5,65Mlyr.",5650000000,2026-01-05
Rangga Muslim,Dewa United Banten FC,Indonesia,Gel. Serang,0,"Rp869,08Jt.",869080000,2026-01-05
Taisei Marukawa,Dewa United Banten FC,Indonesia,Sayap Kiri,0,"Rp5,21Mlyr.",5210000000,2026-01-05
Stefano Lilipaly,Dewa United Banten FC,Indonesia,Sayap Kiri,0,"Rp3,48Mlyr.",3480000000,2026-01-05
Rafael Struick,Dewa United Banten FC,Indonesia,Sayap Kiri,27,"Rp2,61Mlyr.",2610000000,2026-01-05
Feby Eka,Dewa United Banten FC,Indonesia,Sayap Kiri,0,"Rp1,30Mlyr.",1300000000,2026-01-05
Dani Saputra,Dewa United Banten FC,Indonesia,Sayap Kiri,0,"Rp173,82Jt.",173820000,2026-01-05
Egy Maulana Vikri,Dewa United Banten FC,Indonesia,Sayap Kanan,0,"Rp5,65Mlyr.",5650000000,2026-01-05
Privat Mbarga,Dewa United Banten FC,Indonesia,Sayap Kanan,0,"Rp4,35Mlyr.",4350000000,2026-01-05
Alex Martins,Dewa United Banten FC,Indonesia,Depan-Tengah,39,"Rp5,65Mlyr.",5650000000,2026-01-05
Septian Bagaskara,Dewa United Banten FC,Indonesia,Depan-Tengah,20,"Rp3,48Mlyr.",3480000000,2026-01-05
Nadeo Argawinata,Borneo FC Samarinda,Indonesia,Kiper,0,"Rp6,95Mlyr.",6950000000,2026-01-05
Syahrul Trisna,Borneo FC Samarinda,Indonesia,Kiper,30,"Rp2,61Mlyr.",2610000000,2026-01-05
Daffa Fasya,Borneo FC Samarinda,Indonesia,Kiper,0,"Rp1,74Mlyr.",1740000000,2026-01-05
Andhika Setiawan,Borneo FC Samarinda,Indonesia,Kiper,27,-,0,2026-01-05
Komang Teguh,Borneo FC Samarinda,Indonesia,Bek-Tengah,16,"Rp3,48Mlyr.",3480000000,2026-01-05
Mohammad Al-Husseini,Borneo FC Samarinda,Indonesia,Bek-Tengah,0,"Rp3,04Mlyr.",3040000000,2026-01-05
Aldair Simanca,Borneo FC Samarinda,Indonesia,Bek-Tengah,0,"Rp2,61Mlyr.",2610000000,2026-01-05
Caxambu,Borneo FC Samarinda,Indonesia,Bek-Kiri,23,"Rp4,35Mlyr.",4350000000,2026-01-05
Haykal Alhafiz,Borneo FC Samarinda,Indonesia,Bek-Kiri,0,"Rp1,30Mlyr.",1300000000,2026-01-05
Rayhan Utina,Borneo FC Samarinda,Indonesia,Bek-Kiri,0,"Rp869,08Jt.",869080000,2026-01-05
Alfharezzi Buffon,Borneo FC Samarinda,Indonesia,Bek-Kanan,0,"Rp1,30Mlyr.",1300000000,2026-01-05
Diego Michiels,Borneo FC Samarinda,Indonesia,Bek-Kanan,24,"Rp869,08Jt.",869080000,2026-01-05
Dika Kuswardani,Borneo FC Samarinda,Indonesia,Bek-Kanan,0,"Rp434,54Jt.",434540000,2026-01-05
Christophe Nduwarugira,Borneo FC Samarinda,Indonesia,Gel. Bertahan,22,"Rp6,08Mlyr.",6080000000,2026-01-05
Rivaldo Pakpahan,Borneo FC Samarinda,Indonesia,Gel. Bertahan,0,"Rp3,04Mlyr.",3040000000,2026-01-05
Ahmad Agung,Borneo FC Samarinda,Indonesia,Gel. Bertahan,0,"Rp1,30Mlyr.",1300000000,2026-01-05
Faris Adit,Borneo FC Samarinda,Indonesia,Gel. Bertahan,0,"Rp869,08Jt.",869080000,2026-01-05
Kei Hirose,Borneo FC Samarinda,Indonesia,Gel. Tengah,0,"Rp6,95Mlyr.",6950000000,2026-01-05
Juan Felipe Villa,Borneo FC Samarinda,Indonesia,Gel. Serang,20,"Rp8,69Mlyr.",8690000000,2026-01-05
Ikhsanul Zikrak,Borneo FC Samarinda,Indonesia,Gel. Serang,0,"Rp1,30Mlyr.",1300000000,2026-01-05
Dwiky Hardiansyah,Borneo FC Samarinda,Indonesia,Gel. Serang,0,"Rp1,30Mlyr.",1300000000,2026-01-05
Tegar Islami,Borneo FC Samarinda,Indonesia,Gel. Serang,0,-,0,2026-01-05
Maicon,Borneo FC Samarinda,Indonesia,Sayap Kiri,0,"Rp4,78Mlyr.",4780000000,2026-01-05
Muhammad Sihran,Borneo FC Samarinda,Indonesia,Sayap Kiri,0,"Rp3,91Mlyr.",3910000000,2026-01-05
Redzuan Fachgi,Borneo FC Samarinda,Indonesia,Sayap Kiri,0,"Rp173,82Jt.",173820000,2026-01-05
Rangga Sumarna,Borneo FC Samarinda,Indonesia,Sayap Kiri,0,-,0,2026-01-05
Asgal Habib,Borneo FC Samarinda,Indonesia,Sayap Kiri,0,-,0,2026-01-05
Mariano Peralta,Borneo FC Samarinda,Indonesia,Sayap Kanan,0,"Rp10,43Mlyr.",10430000000,2026-01-05
Douglas Coutinho,Borneo FC Samarinda,Indonesia,Depan-Tengah,32,"Rp3,48Mlyr.",3480000000,2026-01-05
Joel Vinícius,Borneo FC Samarinda,Indonesia,Depan-Tengah,0,"Rp2,61Mlyr.",2610000000,2026-01-05
Habibi Jusuf,Borneo FC Samarinda,Indonesia,Depan-Tengah,0,"Rp1,30Mlyr.",1300000000,2026-01-05
Ousmane Camara,Borneo FC Samarinda,Indonesia,Depan-Tengah,19,-,0,2026-01-05
Dika Nurdiansyah,Borneo FC Samarinda,Indonesia,Depan-Tengah,0,-,0,2026-01-05
Angga Saputro,Malut United FC,Indonesia,Kiper,0,"Rp2,61Mlyr.",2610000000,2026-01-05
Alan,Malut United FC,Indonesia,Kiper,0,"Rp2,61Mlyr.",2610000000,2026-01-05
Muhammad Ridwan,Malut United FC,Indonesia,Kiper,22,"Rp869,08Jt.",869080000,2026-01-05
Zahir Fazya,Malut United FC,Indonesia,Kiper,28,-,0,2026-01-05
Gustavo França,Malut United FC,Indonesia,Bek-Tengah,0,"Rp6,08Mlyr.",6080000000,2026-01-05
Safrudin Tahar,Malut United FC,Indonesia,Bek-Tengah,27,"Rp3,91Mlyr.",3910000000,2026-01-05
Chechu Meneses,Malut United FC,Indonesia,Bek-Tengah,0,"Rp3,48Mlyr.",3480000000,2026-01-05
Nilson Júnior,Malut United FC,Indonesia,Bek-Tengah,0,"Rp1,74Mlyr.",1740000000,2026-01-05
Riswan Lauhin,Malut United FC,Indonesia,Bek-Tengah,32,"Rp1,30Mlyr.",1300000000,2026-01-05
Yance Sayuri,Malut United FC,Indonesia,Bek-Kiri,23,"Rp5,65Mlyr.",5650000000,2026-01-05
Abduh Lestaluhu,Malut United FC,Indonesia,Bek-Kiri,0,"Rp2,17Mlyr.",2170000000,2026-01-05
Igor Inocêncio,Malut United FC,Indonesia,Bek-Kanan,0,"Rp4,35Mlyr.",4350000000,2026-01-05
Fredyan Wahyu,Malut United FC,Indonesia,Bek-Kanan,0,"Rp1,74Mlyr.",1740000000,2026-01-05
Mardani Majid,Malut United FC,Indonesia,Bek-Kanan,0,-,0,2026-01-05
Manahati Lestusen,Malut United FC,Indonesia,Gel. Bertahan,0,"Rp3,04Mlyr.",3040000000,2026-01-05
Wbeymar Angulo,Malut United FC,Indonesia,Gel. Bertahan,16,"Rp2,61Mlyr.",2610000000,2026-01-05
Alwi Slamat,Malut United FC,Indonesia,Gel. Bertahan,0,"Rp2,61Mlyr.",2610000000,2026-01-05
Tri Setiawan,Malut United FC,Indonesia,Gel. Bertahan,0,"Rp1,74Mlyr.",1740000000,2026-01-05
Ridho Syuhada,Malut United FC,Indonesia,Gel. Bertahan,0,"Rp1,30Mlyr.",1300000000,2026-01-05
Septian David,Malut United FC,Indonesia,Gel. Serang,29,"Rp3,04Mlyr.",3040000000,2026-01-05
Tyronne,Malut United FC,Indonesia,Gel. Serang,0,"Rp1,74Mlyr.",1740000000,2026-01-05
Frets Butuan,Malut United FC,Indonesia,Sayap Kiri,21,"Rp2,61Mlyr.",2610000000,2026-01-05
Yakob Sayuri,Malut United FC,Indonesia,Sayap Kanan,0,"Rp6,95Mlyr.",6950000000,2026-01-05
Ciro Alves,Malut United FC,Indonesia,Sayap Kanan,0,"Rp3,48Mlyr.",3480000000,2026-01-05
Vico,Malut United FC,Indonesia,Sayap Kanan,0,"Rp1,74Mlyr.",1740000000,2026-01-05
Riyan Ardiansyah,Malut United FC,Indonesia,Sayap Kanan,41,"Rp1,74Mlyr.",1740000000,2026-01-05
Ahmad Wadil,Malut United FC,Indonesia,Sayap Kanan,0,"Rp869,08Jt.",869080000,2026-01-05
Taufik Rustam,Malut United FC,Indonesia,Sayap Kanan,19,"Rp434,54Jt.",434540000,2026-01-05
Dimas Drajad,Malut United FC,Indonesia,Depan-Tengah,0,"Rp3,04Mlyr.",3040000000,2026-01-05
David da Silva,Malut United FC,Indonesia,Depan-Tengah,17,"Rp2,17Mlyr.",2170000000,2026-01-05
Cahya Supriadi,PSIM Yogyakarta,Indonesia,Kiper,19,"Rp3,91Mlyr.",3910000000,2026-01-05
Harlan Suardi,PSIM Yogyakarta,Indonesia,Kiper,26,"Rp2,61Mlyr.",2610000000,2026-01-05
Khairul Fikri,PSIM Yogyakarta,Indonesia,Kiper,0,"Rp869,08Jt.",869080000,2026-01-05
Gilang Ardha,PSIM Yogyakarta,Indonesia,Kiper,0,-,0,2026-01-05
Franco Ramos Mingo,PSIM Yogyakarta,Indonesia,Bek-Tengah,0,"Rp6,08Mlyr.",6080000000,2026-01-05
Yusaku Yamadera,PSIM Yogyakarta,Indonesia,Bek-Tengah,0,"Rp4,78Mlyr.",4780000000,2026-01-05
Andy Setyo,PSIM Yogyakarta,Indonesia,Bek-Tengah,0,"Rp2,17Mlyr.",2170000000,2026-01-05
Rendra Teddy,PSIM Yogyakarta,Indonesia,Bek-Tengah,0,"Rp2,17Mlyr.",2170000000,2026-01-05
Reva Adi,PSIM Yogyakarta,Indonesia,Bek-Kiri,35,"Rp4,35Mlyr.",4350000000,2026-01-05
Dede Sapari,PSIM Yogyakarta,Indonesia,Bek-Kiri,0,"Rp1,74Mlyr.",1740000000,2026-01-05
Raka Cahyana,PSIM Yogyakarta,Indonesia,Bek-Kanan,0,"Rp2,61Mlyr.",2610000000,2026-01-05
Donny Warmerdam,PSIM Yogyakarta,Indonesia,Gel. Bertahan,0,"Rp6,95Mlyr.",6950000000,2026-01-05
Rakhmatsho Rakhmatzoda,PSIM Yogyakarta,Indonesia,Gel. Bertahan,0,"Rp3,48Mlyr.",3480000000,2026-01-05
Diandra Diaz,PSIM Yogyakarta,Indonesia,Gel. Bertahan,22,"Rp869,08Jt.",869080000,2026-01-05
Rio Hardiawan,PSIM Yogyakarta,Indonesia,Gel. Tengah,29,"Rp2,17Mlyr.",2170000000,2026-01-05
Ghulam Fatkur,PSIM Yogyakarta,Indonesia,Gel. Tengah,23,"Rp1,74Mlyr.",1740000000,2026-01-05
Ezequiel Vidal,PSIM Yogyakarta,Indonesia,Gel. Serang,0,"Rp7,82Mlyr.",7820000000,2026-01-05
Zé Valente,PSIM Yogyakarta,Indonesia,Gel. Serang,0,"Rp6,52Mlyr.",6520000000,2026-01-05
Fahreza Sudin,PSIM Yogyakarta,Indonesia,Gel. Serang,0,"Rp2,61Mlyr.",2610000000,2026-01-05
Savio Sheva,PSIM Yogyakarta,Indonesia,Gel. Serang,0,"Rp2,17Mlyr.",2170000000,2026-01-05
Muhammad Iqbal,PSIM Yogyakarta,Indonesia,Gel. Serang,0,"Rp869,08Jt.",869080000,2026-01-05
Anton Fase,PSIM Yogyakarta,Indonesia,Sayap Kiri,0,"Rp3,04Mlyr.",3040000000,2026-01-05
Riyatno Abiyoso,PSIM Yogyakarta,Indonesia,Sayap Kiri,27,"Rp2,17Mlyr.",2170000000,2026-01-05
Andi Irfan,PSIM Yogyakarta,Indonesia,Sayap Kanan,17,"Rp2,61Mlyr.",2610000000,2026-01-05
Kasim Botan,PSIM Yogyakarta,Indonesia,Sayap Kanan,0,"Rp1,74Mlyr.",1740000000,2026-01-05
Ikhsan Chan,PSIM Yogyakarta,Indonesia,Sayap Kanan,21,"Rp1,30Mlyr.",1300000000,2026-01-05
Nermin Haljeta,PSIM Yogyakarta,Indonesia,Depan-Tengah,0,"Rp6,52Mlyr.",6520000000,2026-01-05
Deri Corfe,PSIM Yogyakarta,Indonesia,Depan-Tengah,0,"Rp3,48Mlyr.",3480000000,2026-01-05
Rafinha,PSIM Yogyakarta,Indonesia,Depan-Tengah,0,"Rp2,61Mlyr.",2610000000,2026-01-05
Miswar Saputra,Madura United FC,Indonesia,Kiper,30,"Rp1,74Mlyr.",1740000000,2026-01-05
Mochammad Diky,Madura United FC,Indonesia,Kiper,21,"Rp1,30Mlyr.",1300000000,2026-01-05
Satrio Azhar,Madura United FC,Indonesia,Kiper,27,"Rp434,54Jt.",434540000,2026-01-05
Adhitya Harlan,Madura United FC,Indonesia,Kiper,26,"Rp173,82Jt.",173820000,2026-01-05
Rendy Razzaqu,Madura United FC,Indonesia,Kiper,0,-,0,2026-01-05
Ruxi,Madura United FC,Indonesia,Bek-Tengah,0,"Rp5,21Mlyr.",5210000000,2026-01-05
Pedro Monteiro,Madura United FC,Indonesia,Bek-Tengah,0,"Rp4,35Mlyr.",4350000000,2026-01-05
Ahmad Rusadi,Madura United FC,Indonesia,Bek-Tengah,0,"Rp1,74Mlyr.",1740000000,2026-01-05
Mendonça,Madura United FC,Indonesia,Bek-Tengah,0,"Rp1,74Mlyr.",1740000000,2026-01-05
Nurdiansyah,Madura United FC,Indonesia,Bek-Tengah,44,"Rp1,30Mlyr.",1300000000,2026-01-05
Taufik Hidayat,Madura United FC,Indonesia,Bek-Kiri,0,"Rp1,74Mlyr.",1740000000,2026-01-05
Novan Sasongko,Madura United FC,Indonesia,Bek-Kiri,0,"Rp173,82Jt.",173820000,2026-01-05
Ferian Rizki,Madura United FC,Indonesia,Bek-Kanan,0,"Rp1,74Mlyr.",1740000000,2026-01-05
Kartika Vedhayanto,Madura United FC,Indonesia,Bek-Kanan,28,"Rp869,08Jt.",869080000,2026-01-05
Kerim Palic,Madura United FC,Indonesia,Gel. Bertahan,0,"Rp3,04Mlyr.",3040000000,2026-01-05
Ilhamsyah,Madura United FC,Indonesia,Gel. Bertahan,36,"Rp1,30Mlyr.",1300000000,2026-01-05
Kemaluddin,Madura United FC,Indonesia,Gel. Bertahan,18,"Rp869,08Jt.",869080000,2026-01-05
Feby Ramzy,Madura United FC,Indonesia,Gel. Bertahan,42,"Rp869,08Jt.",869080000,2026-01-05
Jordy Wehrmann,Madura United FC,Indonesia,Gel. Tengah,0,"Rp5,65Mlyr.",5650000000,2026-01-05
Paulo Sitanggang,Madura United FC,Indonesia,Gel. Tengah,17,"Rp2,17Mlyr.",2170000000,2026-01-05
Iran Júnior,Madura United FC,Indonesia,Gel. Serang,0,"Rp3,91Mlyr.",3910000000,2026-01-05
Taufany Muslihuddin,Madura United FC,Indonesia,Gel. Serang,24,"Rp2,17Mlyr.",2170000000,2026-01-05
Lulinha,Madura United FC,Indonesia,Sayap Kiri,0,"Rp2,17Mlyr.",2170000000,2026-01-05
Riski Afrisal,Madura United FC,Indonesia,Sayap Kiri,25,"Rp1,30Mlyr.",1300000000,2026-01-05
Fransiskus Alesandro,Madura United FC,Indonesia,Sayap Kiri,0,"Rp1,30Mlyr.",1300000000,2026-01-05
Jasey Wehrmann,Madura United FC,Indonesia,Sayap Kiri,37,-,0,2026-01-05
Ahmad Nufiandani,Madura United FC,Indonesia,Sayap Kanan,0,"Rp2,61Mlyr.",2610000000,2026-01-05
Arsan Makarin,Madura United FC,Indonesia,Sayap Kanan,23,"Rp869,08Jt.",869080000,2026-01-05
Balotelli,Madura United FC,Indonesia,Depan-Tengah,0,"Rp2,17Mlyr.",2170000000,2026-01-05
Aji Kusuma,Madura United FC,Indonesia,Depan-Tengah,0,"Rp1,74Mlyr.",1740000000,2026-01-05
Yuda Editya Pratama,Madura United FC,Indonesia,Depan-Tengah,31,"Rp434,54Jt.",434540000,2026-01-05
Aldo Maulidino,Madura United FC,Indonesia,Depan-Tengah,0,"Rp434,54Jt.",434540000,2026-01-05
Andritany,Persija Jakarta,Indonesia,Kiper,26,"Rp2,61Mlyr.",2610000000,2026-01-05
Carlos Eduardo,Persija Jakarta,Indonesia,Kiper,0,"Rp1,30Mlyr.",1300000000,2026-01-05
Hafizh Rizkianur,Persija Jakarta,Indonesia,Kiper,22,-,0,2026-01-05
Irham Nadzhofa,Persija Jakarta,Indonesia,Kiper,27,-,0,2026-01-05
Rizky Ridho,Persija Jakarta,Indonesia,Bek-Tengah,0,"Rp11,30Mlyr.",11300000000,2026-01-05
Jordi Amat,Persija Jakarta,Indonesia,Bek-Tengah,21,"Rp10,43Mlyr.",10430000000,2026-01-05
Thales,Persija Jakarta,Indonesia,Bek-Tengah,0,"Rp4,78Mlyr.",4780000000,2026-01-05
Hansamu Yama,Persija Jakarta,Indonesia,Bek-Tengah,23,"Rp2,61Mlyr.",2610000000,2026-01-05
Dia Syayid,Persija Jakarta,Indonesia,Bek-Tengah,32,"Rp869,08Jt.",869080000,2026-01-05
Baihaqi Rifai,Persija Jakarta,Indonesia,Bek-Tengah,29,-,0,2026-01-05
Alan Cardoso,Persija Jakarta,Indonesia,Bek-Kiri,16,"Rp3,91Mlyr.",3910000000,2026-01-05
Rio Fahmi,Persija Jakarta,Indonesia,Bek-Kanan,0,"Rp5,21Mlyr.",5210000000,2026-01-05
Alfriyanto Nico,Persija Jakarta,Indonesia,Bek-Kanan,0,"Rp2,61Mlyr.",2610000000,2026-01-05
Sousa,Persija Jakarta,Indonesia,Gel. Bertahan,0,"Rp4,35Mlyr.",4350000000,2026-01-05
Hanif Sjahbandi,Persija Jakarta,Indonesia,Gel. Bertahan,19,"Rp4,35Mlyr.",4350000000,2026-01-05
Fábio Silva,Persija Jakarta,Indonesia,Gel. Bertahan,0,"Rp4,35Mlyr.",4350000000,2026-01-05
Figo Dennis,Persija Jakarta,Indonesia,Gel. Bertahan,28,"Rp434,54Jt.",434540000,2026-01-05
Aditya Warman,Persija Jakarta,Indonesia,Gel. Bertahan,36,"Rp434,54Jt.",434540000,2026-01-05
Ryo Matsumura,Persija Jakarta,Indonesia,Gel. Serang,0,"Rp5,21Mlyr.",5210000000,2026-01-05
Gustavo França,Persija Jakarta,Indonesia,Gel. Serang,0,"Rp4,78Mlyr.",4780000000,2026-01-05
Rayhan Hannan,Persija Jakarta,Indonesia,Gel. Serang,0,"Rp2,61Mlyr.",2610000000,2026-01-05
Maxwell,Persija Jakarta,Indonesia,Sayap Kiri,0,"Rp8,69Mlyr.",8690000000,2026-01-05
Witan,Persija Jakarta,Indonesia,Sayap Kiri,0,"Rp5,21Mlyr.",5210000000,2026-01-05
Dony Tri Pamungkas,Persija Jakarta,Indonesia,Sayap Kiri,0,"Rp3,48Mlyr.",3480000000,2026-01-05
Allano,Persija Jakarta,Indonesia,Sayap Kanan,17,"Rp6,95Mlyr.",6950000000,2026-01-05
Bruno Tubarão,Persija Jakarta,Indonesia,Sayap Kanan,0,"Rp6,95Mlyr.",6950000000,2026-01-05
Arlyansyah Abdulmanan,Persija Jakarta,Indonesia,Sayap Kanan,0,"Rp1,30Mlyr.",1300000000,2026-01-05
Jehan Pahlevi,Persija Jakarta,Indonesia,Sayap Kanan,18,"Rp434,54Jt.",434540000,2026-01-05
Zahaby Gholy,Persija Jakarta,Indonesia,Sayap Kanan,0,-,0,2026-01-05
Gustavo,Persija Jakarta,Indonesia,Depan-Tengah,0,"Rp5,21Mlyr.",5210000000,2026-01-05
Eksel Runtukahu,Persija Jakarta,Indonesia,Depan-Tengah,0,"Rp3,48Mlyr.",3480000000,2026-01-05
Aqil Savik,Bhayangkara Presisi Lampung FC,Indonesia,Kiper,0,"Rp2,61Mlyr.",2610000000,2026-01-05
Awan Setho,Bhayangkara Presisi Lampung FC,Indonesia,Kiper,0,"Rp2,61Mlyr.",2610000000,2026-01-05
Rakasurya Handika,Bhayangkara Presisi Lampung FC,Indonesia,Kiper,29,"Rp869,08Jt.",869080000,2026-01-05
Sultan Jabbar,Bhayangkara Presisi Lampung FC,Indonesia,Kiper,0,-,0,2026-01-05
Muhammad Ferarri,Bhayangkara Presisi Lampung FC,Indonesia,Bek-Tengah,41,"Rp4,78Mlyr.",4780000000,2026-01-05
Slavko Damjanovic,Bhayangkara Presisi Lampung FC,Indonesia,Bek-Tengah,0,"Rp3,91Mlyr.",3910000000,2026-01-05
Nehar Sadiki,Bhayangkara Presisi Lampung FC,Indonesia,Bek-Tengah,0,"Rp3,48Mlyr.",3480000000,2026-01-05
Léo,Bhayangkara Presisi Lampung FC,Indonesia,Bek-Tengah,0,"Rp2,61Mlyr.",2610000000,2026-01-05
Arif Satria,Bhayangkara Presisi Lampung FC,Indonesia,Bek-Tengah,28,"Rp1,74Mlyr.",1740000000,2026-01-05
Rahmat Syawal,Bhayangkara Presisi Lampung FC,Indonesia,Bek-Tengah,0,"Rp869,08Jt.",869080000,2026-01-05
Ferre Murari,Bhayangkara Presisi Lampung FC,Indonesia,Bek-Tengah,26,"Rp173,82Jt.",173820000,2026-01-05
Firza Andika,Bhayangkara Presisi Lampung FC,Indonesia,Bek-Kiri,0,"Rp4,35Mlyr.",4350000000,2026-01-05
Ardi Idrus,Bhayangkara Presisi Lampung FC,Indonesia,Bek-Kiri,0,"Rp2,61Mlyr.",2610000000,2026-01-05
Frengky Missa,Bhayangkara Presisi Lampung FC,Indonesia,Bek-Kiri,0,"Rp2,17Mlyr.",2170000000,2026-01-05
Putu Gede,Bhayangkara Presisi Lampung FC,Indonesia,Bek-Kanan,0,"Rp3,48Mlyr.",3480000000,2026-01-05
Moisés Gaúcho,Bhayangkara Presisi Lampung FC,Indonesia,Gel. Bertahan,0,"Rp3,48Mlyr.",3480000000,2026-01-05
Dedi Kusnandar,Bhayangkara Presisi Lampung FC,Indonesia,Gel. Bertahan,18,"Rp1,74Mlyr.",1740000000,2026-01-05
Evandra Florasta,Bhayangkara Presisi Lampung FC,Indonesia,Gel. Bertahan,25,-,0,2026-01-05
Christian Ilic,Bhayangkara Presisi Lampung FC,Indonesia,Gel. Tengah,30,"Rp6,08Mlyr.",6080000000,2026-01-05
Lautaro Belleggia,Bhayangkara Presisi Lampung FC,Indonesia,Gel. Tengah,0,"Rp3,04Mlyr.",3040000000,2026-01-05
TM Ichsan,Bhayangkara Presisi Lampung FC,Indonesia,Gel. Tengah,19,"Rp1,30Mlyr.",1300000000,2026-01-05
Reza Kusuma,Bhayangkara Presisi Lampung FC,Indonesia,Gel. Tengah,0,"Rp869,08Jt.",869080000,2026-01-05
David Maulana,Bhayangkara Presisi Lampung FC,Indonesia,Gel. Tengah,0,"Rp869,08Jt.",869080000,2026-01-05
Wahyu Subo Seto,Bhayangkara Presisi Lampung FC,Indonesia,Gel. Serang,23,"Rp1,74Mlyr.",1740000000,2026-01-05
Da-bin Ji,Bhayangkara Presisi Lampung FC,Indonesia,Gel. Serang,0,-,0,2026-01-05
Stjepan Plazonja,Bhayangkara Presisi Lampung FC,Indonesia,Sayap Kiri,31,"Rp3,91Mlyr.",3910000000,2026-01-05
Sani Rizki,Bhayangkara Presisi Lampung FC,Indonesia,Sayap Kiri,20,"Rp2,61Mlyr.",2610000000,2026-01-05
Ginanjar Wahyu,Bhayangkara Presisi Lampung FC,Indonesia,Sayap Kiri,0,"Rp869,08Jt.",869080000,2026-01-05
Fadly Alberto,Bhayangkara Presisi Lampung FC,Indonesia,Sayap Kiri,24,-,0,2026-01-05
Ryan Kurnia,Bhayangkara Presisi Lampung FC,Indonesia,Sayap Kanan,0,"Rp3,04Mlyr.",3040000000,2026-01-05
Fareed Sadat,Bhayangkara Presisi Lampung FC,Indonesia,Depan-Tengah,16,"Rp3,48Mlyr.",3480000000,2026-01-05
Dendy Sulistyawan,Bhayangkara Presisi Lampung FC,Indonesia,Depan-Tengah,22,"Rp3,04Mlyr.",3040000000,2026-01-05
Ilija Spasojević,Bhayangkara Presisi Lampung FC,Indonesia,Depan-Tengah,0,"Rp1,30Mlyr.",1300000000,2026-01-05
Titan Agung,Bhayangkara Presisi Lampung FC,Indonesia,Depan-Tengah,21,"Rp869,08Jt.",869080000,2026-01-05
Hilmansyah,PSM Makassar,Indonesia,Kiper,0,"Rp3,48Mlyr.",3480000000,2026-01-05
Reza Arya,PSM Makassar,Indonesia,Kiper,30,"Rp2,61Mlyr.",2610000000,2026-01-05
Ardiansyah,PSM Makassar,Indonesia,Kiper,0,"Rp869,08Jt.",869080000,2026-01-05
Poetro Negoro,PSM Makassar,Indonesia,Kiper,20,-,0,2026-01-05
Agus Al Faris,PSM Makassar,Indonesia,Kiper,0,-,0,2026-01-05
Yuran Fernandes,PSM Makassar,Indonesia,Bek-Tengah,0,"Rp6,95Mlyr.",6950000000,2026-01-05
Aloísio Neto,PSM Makassar,Indonesia,Bek-Tengah,0,"Rp5,21Mlyr.",5210000000,2026-01-05
Syahrul Lasinari,PSM Makassar,Indonesia,Bek-Tengah,0,"Rp3,48Mlyr.",3480000000,2026-01-05
Daffa Salman,PSM Makassar,Indonesia,Bek-Tengah,0,"Rp1,74Mlyr.",1740000000,2026-01-05
Jamil Al Rahman,PSM Makassar,Indonesia,Bek-Tengah,0,-,0,2026-01-05
Victor Luiz,PSM Makassar,Indonesia,Bek-Kiri,22,"Rp6,08Mlyr.",6080000000,2026-01-05
Mufli Hidayat,PSM Makassar,Indonesia,Bek-Kanan,0,"Rp869,08Jt.",869080000,2026-01-05
Akbar Tanjung,PSM Makassar,Indonesia,Gel. Bertahan,0,"Rp3,91Mlyr.",3910000000,2026-01-05
Ananda Raehan,PSM Makassar,Indonesia,Gel. Bertahan,0,"Rp3,04Mlyr.",3040000000,2026-01-05
Muhammad Arfan,PSM Makassar,Indonesia,Gel. Bertahan,0,"Rp2,61Mlyr.",2610000000,2026-01-05
Rifky Dwi Septiawan,PSM Makassar,Indonesia,Gel. Bertahan,32,"Rp1,74Mlyr.",1740000000,2026-01-05
Gledson,PSM Makassar,Indonesia,Gel. Bertahan,40,"Rp1,74Mlyr.",1740000000,2026-01-05
Resky Fandi,PSM Makassar,Indonesia,Gel. Bertahan,0,"Rp1,30Mlyr.",1300000000,2026-01-05
Rasyid Bakri,PSM Makassar,Indonesia,Gel. Tengah,17,"Rp869,08Jt.",869080000,2026-01-05
Sávio Roberto,PSM Makassar,Indonesia,Gel. Serang,0,"Rp6,08Mlyr.",6080000000,2026-01-05
Daisuke Sakai,PSM Makassar,Indonesia,Gel. Serang,0,"Rp4,35Mlyr.",4350000000,2026-01-05
Fahrul Aditia,PSM Makassar,Indonesia,Gel. Serang,29,"Rp1,30Mlyr.",1300000000,2026-01-05
Rizky Eka Pratama,PSM Makassar,Indonesia,Sayap Kiri,24,"Rp3,48Mlyr.",3480000000,2026-01-05
Arham Darmawan,PSM Makassar,Indonesia,Sayap Kiri,28,"Rp434,54Jt.",434540000,2026-01-05
Victor Dethan,PSM Makassar,Indonesia,Sayap Kanan,0,"Rp3,91Mlyr.",3910000000,2026-01-05
Abdul Rahman,PSM Makassar,Indonesia,Sayap Kanan,0,"Rp2,17Mlyr.",2170000000,2026-01-05
Dzaky Asraf,PSM Makassar,Indonesia,Sayap Kanan,27,"Rp1,74Mlyr.",1740000000,2026-01-05
Gala Pagamo,PSM Makassar,Indonesia,Sayap Kanan,18,"Rp869,08Jt.",869080000,2026-01-05
Karel Ridzald,PSM Makassar,Indonesia,Sayap Kanan,23,"Rp869,08Jt.",869080000,2026-01-05
Muh Fahrul,PSM Makassar,Indonesia,Sayap Kanan,0,-,0,2026-01-05
Alex Tanque,PSM Makassar,Indonesia,Depan-Tengah,0,"Rp5,65Mlyr.",5650000000,2026-01-05
Abu Razard Kamara,PSM Makassar,Indonesia,Depan-Tengah,0,"Rp4,35Mlyr.",4350000000,2026-01-05
Ricky Pratama,PSM Makassar,Indonesia,Depan-Tengah,0,"Rp2,61Mlyr.",2610000000,2026-01-05
Jacques Thémopelé,PSM Makassar,Indonesia,Depan-Tengah,0,"Rp2,17Mlyr.",2170000000,2026-01-05
Ernando Ari,Persebaya Surabaya,Indonesia,Kiper,21,"Rp5,21Mlyr.",5210000000,2026-01-05
Andhika Ramadhani,Persebaya Surabaya,Indonesia,Kiper,0,"Rp3,04Mlyr.",3040000000,2026-01-05
Rendy Oscario,Persebaya Surabaya,Indonesia,Kiper,27,"Rp1,30Mlyr.",1300000000,2026-01-05
Muhammad Ilham,Persebaya Surabaya,Indonesia,Kiper,39,-,0,2026-01-05
Dime Dimov,Persebaya Surabaya,Indonesia,Bek-Tengah,0,"Rp6,08Mlyr.",6080000000,2026-01-05
Léo Lelis,Persebaya Surabaya,Indonesia,Bek-Tengah,24,"Rp3,04Mlyr.",3040000000,2026-01-05
Kadek Raditya,Persebaya Surabaya,Indonesia,Bek-Tengah,23,"Rp2,61Mlyr.",2610000000,2026-01-05
Risto Mitrevski,Persebaya Surabaya,Indonesia,Bek-Tengah,0,"Rp2,17Mlyr.",2170000000,2026-01-05
Randy May,Persebaya Surabaya,Indonesia,Bek-Tengah,18,"Rp434,54Jt.",434540000,2026-01-05
Sheva Kardanu,Persebaya Surabaya,Indonesia,Bek-Tengah,0,-,0,2026-01-05
Mikael Tata,Persebaya Surabaya,Indonesia,Bek-Kiri,0,"Rp2,61Mlyr.",2610000000,2026-01-05
Arief Catur,Persebaya Surabaya,Indonesia,Bek-Kanan,0,"Rp3,48Mlyr.",3480000000,2026-01-05
Koko Ari,Persebaya Surabaya,Indonesia,Bek-Kanan,33,"Rp2,61Mlyr.",2610000000,2026-01-05
Rachmat Irianto,Persebaya Surabaya,Indonesia,Gel. Bertahan,0,"Rp4,35Mlyr.",4350000000,2026-01-05
Sadida Putra,Persebaya Surabaya,Indonesia,Gel. Bertahan,0,"Rp434,54Jt.",434540000,2026-01-05
Milos Raickovic,Persebaya Surabaya,Indonesia,Gel. Tengah,0,"Rp3,48Mlyr.",3480000000,2026-01-05
Toni Firmansyah,Persebaya Surabaya,Indonesia,Gel. Tengah,0,"Rp2,17Mlyr.",2170000000,2026-01-05
Ichsas Baihaqi,Persebaya Surabaya,Indonesia,Gel. Tengah,0,"Rp869,08Jt.",869080000,2026-01-05
Francisco Rivera,Persebaya Surabaya,Indonesia,Gel. Serang,0,"Rp6,95Mlyr.",6950000000,2026-01-05
Bruno,Persebaya Surabaya,Indonesia,Sayap Kiri,0,"Rp6,95Mlyr.",6950000000,2026-01-05
Gali Freitas,Persebaya Surabaya,Indonesia,Sayap Kiri,22,"Rp3,48Mlyr.",3480000000,2026-01-05
Malik Risaldi,Persebaya Surabaya,Indonesia,Sayap Kanan,0,"Rp4,78Mlyr.",4780000000,2026-01-05
Oktafianus Fernando,Persebaya Surabaya,Indonesia,Sayap Kanan,0,"Rp869,08Jt.",869080000,2026-01-05
Alfan Suaib,Persebaya Surabaya,Indonesia,Sayap Kanan,0,"Rp869,08Jt.",869080000,2026-01-05
Dimas Wicaksono,Persebaya Surabaya,Indonesia,Sayap Kanan,26,"Rp434,54Jt.",434540000,2026-01-05
Mihailo Perovic,Persebaya Surabaya,Indonesia,Depan-Tengah,0,"Rp4,35Mlyr.",4350000000,2026-01-05
Diego Maurício,Persebaya Surabaya,Indonesia,Depan-Tengah,0,"Rp3,91Mlyr.",3910000000,2026-01-05
Dejan Tumbas,Persebaya Surabaya,Indonesia,Depan-Tengah,0,"Rp3,48Mlyr.",3480000000,2026-01-05
Rizky Dwi,Persebaya Surabaya,Indonesia,Depan-Tengah,0,"Rp1,30Mlyr.",1300000000,2026-01-05
Muhamad Riyandi,PERSIS Solo,Indonesia,Kiper,0,"Rp3,04Mlyr.",3040000000,2026-01-05
Gianluca Pandeynuwu,PERSIS Solo,Indonesia,Kiper,31,"Rp2,61Mlyr.",2610000000,2026-01-05
Gede Aditya,PERSIS Solo,Indonesia,Kiper,23,"Rp173,82Jt.",173820000,2026-01-05
Faza Al Firdaus,PERSIS Solo,Indonesia,Kiper,20,-,0,2026-01-05
Xandro Schenk,PERSIS Solo,Indonesia,Bek-Tengah,0,"Rp4,78Mlyr.",4780000000,2026-01-05
Cleylton,PERSIS Solo,Indonesia,Bek-Tengah,19,"Rp3,91Mlyr.",3910000000,2026-01-05
Agung Mannan,PERSIS Solo,Indonesia,Bek-Tengah,0,"Rp1,30Mlyr.",1300000000,2026-01-05
Rian Miziar,PERSIS Solo,Indonesia,Bek-Tengah,26,"Rp434,54Jt.",434540000,2026-01-05
Yulfikar Bayuaji,PERSIS Solo,Indonesia,Bek-Tengah,28,-,0,2026-01-05
Jordy Tutuarima,PERSIS Solo,Indonesia,Bek-Kiri,0,"Rp3,48Mlyr.",3480000000,2026-01-05
Faqih Maulana,PERSIS Solo,Indonesia,Bek-Kiri,29,"Rp1,74Mlyr.",1740000000,2026-01-05
Giovani Numberi,PERSIS Solo,Indonesia,Bek-Kanan,0,"Rp2,17Mlyr.",2170000000,2026-01-05
Ibrahim Sanjaya,PERSIS Solo,Indonesia,Bek-Kanan,0,"Rp1,30Mlyr.",1300000000,2026-01-05
Eky Taufik,PERSIS Solo,Indonesia,Bek-Kanan,30,"Rp869,08Jt.",869080000,2026-01-05
Rizky Syahputra,PERSIS Solo,Indonesia,Bek-Kanan,0,-,0,2026-01-05
Fuad Sule,PERSIS Solo,Indonesia,Gel. Bertahan,0,"Rp3,48Mlyr.",3480000000,2026-01-05
Sutanto Tan,PERSIS Solo,Indonesia,Gel. Bertahan,22,"Rp3,04Mlyr.",3040000000,2026-01-05
Mateo Kocijan,PERSIS Solo,Indonesia,Gel. Bertahan,27,"Rp2,61Mlyr.",2610000000,2026-01-05
Zulfahmi Arifin,PERSIS Solo,Indonesia,Gel. Bertahan,37,"Rp869,08Jt.",869080000,2026-01-05
Zanadin Fariz,PERSIS Solo,Indonesia,Gel. Tengah,0,"Rp2,17Mlyr.",2170000000,2026-01-05
Sidik Saimima,PERSIS Solo,Indonesia,Gel. Tengah,0,"Rp1,74Mlyr.",1740000000,2026-01-05
Adriano Castanheira,PERSIS Solo,Indonesia,Gel. Serang,0,"Rp2,61Mlyr.",2610000000,2026-01-05
Arapenta Poerba,PERSIS Solo,Indonesia,Gel. Serang,18,"Rp1,30Mlyr.",1300000000,2026-01-05
Rexo Dolby,PERSIS Solo,Indonesia,Gel. Serang,0,-,0,2026-01-05
Sho Yamamoto,PERSIS Solo,Indonesia,Sayap Kiri,0,"Rp4,35Mlyr.",4350000000,2026-01-05
Irfan Jauhari,PERSIS Solo,Indonesia,Sayap Kiri,0,"Rp2,61Mlyr.",2610000000,2026-01-05
Althaf Alrizky,PERSIS Solo,Indonesia,Sayap Kanan,36,"Rp2,61Mlyr.",2610000000,2026-01-05
Ikhwan Tanamal,PERSIS Solo,Indonesia,Sayap Kanan,40,"Rp1,30Mlyr.",1300000000,2026-01-05
Kodai Tanaka,PERSIS Solo,Indonesia,Depan-Tengah,0,"Rp3,91Mlyr.",3910000000,2026-01-05
Gervane Kastaneer,PERSIS Solo,Indonesia,Depan-Tengah,0,"Rp3,04Mlyr.",3040000000,2026-01-05
Arkhan Kaka,PERSIS Solo,Indonesia,Depan-Tengah,0,"Rp1,30Mlyr.",1300000000,2026-01-05
Adi Satryo,Arema FC,Indonesia,Kiper,30,"Rp3,91Mlyr.",3910000000,2026-01-05
Lucas Frigeri,Arema FC,Indonesia,Kiper,31,"Rp869,08Jt.",869080000,2026-01-05
Andrian Casvari,Arema FC,Indonesia,Kiper,0,"Rp173,82Jt.",173820000,2026-01-05
Luiz Gustavo,Arema FC,Indonesia,Bek-Tengah,26,"Rp2,17Mlyr.",2170000000,2026-01-05
Anwar Rifai,Arema FC,Indonesia,Bek-Tengah,23,"Rp1,30Mlyr.",1300000000,2026-01-05
Odivan,Arema FC,Indonesia,Bek-Tengah,0,"Rp869,08Jt.",869080000,2026-01-05
Yann Motta,Arema FC,Indonesia,Bek-Tengah,0,"Rp869,08Jt.",869080000,2026-01-05
Iksan Lestaluhu,Arema FC,Indonesia,Bek-Kiri,0,"Rp1,30Mlyr.",1300000000,2026-01-05
Johan Alfarizi,Arema FC,Indonesia,Bek-Kiri,0,"Rp173,82Jt.",173820000,2026-01-05
Achmad Maulana,Arema FC,Indonesia,Bek-Kanan,19,"Rp3,04Mlyr.",3040000000,2026-01-05
Rifad Marasabessy,Arema FC,Indonesia,Bek-Kanan,0,"Rp1,74Mlyr.",1740000000,2026-01-05
Bayu Setiawan,Arema FC,Indonesia,Bek-Kanan,0,"Rp1,30Mlyr.",1300000000,2026-01-05
Alfiansyah,Arema FC,Indonesia,Bek-Kanan,29,-,0,2026-01-05
Matheus Blade,Arema FC,Indonesia,Gel. Bertahan,25,"Rp3,04Mlyr.",3040000000,2026-01-05
Betinho,Arema FC,Indonesia,Gel. Bertahan,28,"Rp1,74Mlyr.",1740000000,2026-01-05
Jayus Hariono,Arema FC,Indonesia,Gel. Bertahan,0,"Rp1,30Mlyr.",1300000000,2026-01-05
Aswin,Arema FC,Indonesia,Gel. Bertahan,22,-,0,2026-01-05
Arkhan Fikri,Arema FC,Indonesia,Gel. Tengah,0,"Rp4,78Mlyr.",4780000000,2026-01-05
Julián Guevara,Arema FC,Indonesia,Gel. Tengah,0,"Rp2,17Mlyr.",2170000000,2026-01-05
Samuel Balinsa,Arema FC,Indonesia,Gel. Tengah,0,"Rp1,30Mlyr.",1300000000,2026-01-05
Valdeci,Arema FC,Indonesia,Gel. Serang,0,"Rp4,35Mlyr.",4350000000,2026-01-05
Muhammad Rafli,Arema FC,Indonesia,Gel. Serang,24,"Rp1,30Mlyr.",1300000000,2026-01-05
Ian Puleio,Arema FC,Indonesia,Sayap Kanan,21,"Rp3,04Mlyr.",3040000000,2026-01-05
Salim Tuharea,Arema FC,Indonesia,Sayap Kanan,0,"Rp2,17Mlyr.",2170000000,2026-01-05
Dwiki Mardiyanto,Arema FC,Indonesia,Sayap Kanan,17,"Rp1,30Mlyr.",1300000000,2026-01-05
Fikri Arjidan,Arema FC,Indonesia,Sayap Kanan,0,"Rp434,54Jt.",434540000,2026-01-05
Dendi Santoso,Arema FC,Indonesia,Sayap Kanan,41,"Rp434,54Jt.",434540000,2026-01-05
Dalberto,Arema FC,Indonesia,Depan-Tengah,0,"Rp5,21Mlyr.",5210000000,2026-01-05
Dedik Setiawan,Arema FC,Indonesia,Depan-Tengah,27,"Rp2,17Mlyr.",2170000000,2026-01-05
Razzaa Fachrezi,Arema FC,Indonesia,Depan-Tengah,20,-,0,2026-01-05
Agusti Ardiansyah,Arema FC,Indonesia,Depan-Tengah,16,-,0,2026-01-05
Dimas Aryaguna,Arema FC,Indonesia,Depan-Tengah,0,-,0,2026-01-05
Igor Rodrigues,Persita Tangerang,Indonesia,Kiper,29,"Rp6,08Mlyr.",6080000000,2026-01-05
Kartika Ajie,Persita Tangerang,Indonesia,Kiper,0,"Rp1,74Mlyr.",1740000000,2026-01-05
Rizwan Haikal,Persita Tangerang,Indonesia,Kiper,21,-,0,2026-01-05
Rafi Pamungkas,Persita Tangerang,Indonesia,Kiper,0,-,0,2026-01-05
Tamirlan Kozubaev,Persita Tangerang,Indonesia,Bek-Tengah,0,"Rp7,82Mlyr.",7820000000,2026-01-05
Javlon Guseynov,Persita Tangerang,Indonesia,Bek-Tengah,19,"Rp3,04Mlyr.",3040000000,2026-01-05
Ryuji Utomo,Persita Tangerang,Indonesia,Bek-Tengah,0,"Rp2,61Mlyr.",2610000000,2026-01-05
Charisma Fathoni,Persita Tangerang,Indonesia,Bek-Tengah,0,"Rp1,30Mlyr.",1300000000,2026-01-05
Mario Jardel,Persita Tangerang,Indonesia,Bek-Kiri,0,"Rp3,04Mlyr.",3040000000,2026-01-05
Zalnando,Persita Tangerang,Indonesia,Bek-Kiri,27,"Rp1,74Mlyr.",1740000000,2026-01-05
Muhammad Toha,Persita Tangerang,Indonesia,Bek-Kanan,0,"Rp5,21Mlyr.",5210000000,2026-01-05
Fairuz Ohorella,Persita Tangerang,Indonesia,Bek-Kanan,0,-,0,2026-01-05
Sin-young Bae,Persita Tangerang,Indonesia,Gel. Bertahan,33,"Rp3,04Mlyr.",3040000000,2026-01-05
Badrian Ilham,Persita Tangerang,Indonesia,Gel. Bertahan,23,"Rp1,30Mlyr.",1300000000,2026-01-05
Ahmad Fahd,Persita Tangerang,Indonesia,Gel. Bertahan,22,"Rp869,08Jt.",869080000,2026-01-05
Tegar Infantrie,Persita Tangerang,Indonesia,Gel. Bertahan,0,"Rp869,08Jt.",869080000,2026-01-05
Andrean Rindorindo,Persita Tangerang,Indonesia,Gel. Bertahan,0,"Rp869,08Jt.",869080000,2026-01-05
Pablo Ganet,Persita Tangerang,Indonesia,Gel. Tengah,0,"Rp5,21Mlyr.",5210000000,2026-01-05
Éber Bessa,Persita Tangerang,Indonesia,Gel. Serang,0,"Rp1,74Mlyr.",1740000000,2026-01-05
Jack Brown,Persita Tangerang,Indonesia,Gel. Serang,0,"Rp869,08Jt.",869080000,2026-01-05
Aleksa Andrejic,Persita Tangerang,Indonesia,Sayap Kiri,0,"Rp2,61Mlyr.",2610000000,2026-01-05
Esal Sahrul,Persita Tangerang,Indonesia,Sayap Kiri,0,"Rp1,74Mlyr.",1740000000,2026-01-05
Yardan Yafi,Persita Tangerang,Indonesia,Sayap Kiri,25,"Rp1,30Mlyr.",1300000000,2026-01-05
Evan Tuhuteru,Persita Tangerang,Indonesia,Sayap Kiri,0,-,0,2026-01-05
Cois Artomoro,Persita Tangerang,Indonesia,Sayap Kiri,0,-,0,2026-01-05
Andriano Saputra,Persita Tangerang,Indonesia,Sayap Kiri,30,-,0,2026-01-05
Rayco Rodríguez,Persita Tangerang,Indonesia,Sayap Kanan,0,"Rp6,08Mlyr.",6080000000,2026-01-05
Dafiq Firdaus,Persita Tangerang,Indonesia,Sayap Kanan,17,-,0,2026-01-05
Hokky Caraka,Persita Tangerang,Indonesia,Depan-Tengah,0,"Rp3,48Mlyr.",3480000000,2026-01-05
Ahmad Nur Hardianto,Persita Tangerang,Indonesia,Depan-Tengah,0,"Rp2,61Mlyr.",2610000000,2026-01-05
Dejan Racic,Persita Tangerang,Indonesia,Depan-Tengah,44,"Rp2,61Mlyr.",2610000000,2026-01-05
Matheus Alves,Persita Tangerang,Indonesia,Depan-Tengah,0,"Rp2,17Mlyr.",2170000000,2026-01-05
Rodrigo Moura,Persijap Jepara,Indonesia,Kiper,31,"Rp2,61Mlyr.",2610000000,2026-01-05
Sendri Johansah,Persijap Jepara,Indonesia,Kiper,20,"Rp1,30Mlyr.",1300000000,2026-01-05
Sheva Sanggasi,Persijap Jepara,Indonesia,Kiper,0,"Rp434,54Jt.",434540000,2026-01-05
Raufa Aghastya,Persijap Jepara,Indonesia,Kiper,22,-,0,2026-01-05
Diogo Brito,Persijap Jepara,Indonesia,Bek-Tengah,26,"Rp3,04Mlyr.",3040000000,2026-01-05
Fikron Afriyanto,Persijap Jepara,Indonesia,Bek-Tengah,0,"Rp1,74Mlyr.",1740000000,2026-01-05
Douglas Cruz,Persijap Jepara,Indonesia,Bek-Tengah,0,"Rp1,74Mlyr.",1740000000,2026-01-05
Firman Ramadhan,Persijap Jepara,Indonesia,Bek-Kiri,17,"Rp869,08Jt.",869080000,2026-01-05
Frank Sokoy,Persijap Jepara,Indonesia,Bek-Kiri,25,"Rp869,08Jt.",869080000,2026-01-05
Rahmat Hidayat,Persijap Jepara,Indonesia,Bek-Kanan,0,"Rp1,74Mlyr.",1740000000,2026-01-05
Wahyudi Hamisi,Persijap Jepara,Indonesia,Gel. Bertahan,33,"Rp2,17Mlyr.",2170000000,2026-01-05
Elvis Sakyi,Persijap Jepara,Indonesia,Gel. Bertahan,0,"Rp1,74Mlyr.",1740000000,2026-01-05
Restu Akbar,Persijap Jepara,Indonesia,Gel. Bertahan,23,"Rp869,08Jt.",869080000,2026-01-05
Zahran Alamsah,Persijap Jepara,Indonesia,Gel. Bertahan,37,"Rp434,54Jt.",434540000,2026-01-05
Heriansyah Yan,Persijap Jepara,Indonesia,Gel. Bertahan,0,-,0,2026-01-05
Felix Marcelino,Persijap Jepara,Indonesia,Gel. Tengah,27,-,0,2026-01-05
Alexis Gómez,Persijap Jepara,Indonesia,Gel. Serang,32,"Rp4,35Mlyr.",4350000000,2026-01-05
Adzikry Fadlillah,Persijap Jepara,Indonesia,Gel. Serang,0,"Rp1,30Mlyr.",1300000000,2026-01-05
Rizki Hidayat,Persijap Jepara,Indonesia,Gel. Serang,0,"Rp1,30Mlyr.",1300000000,2026-01-05
Indra Arya,Persijap Jepara,Indonesia,Sayap Kiri,0,"Rp2,17Mlyr.",2170000000,2026-01-05
Ardi Ardiana,Persijap Jepara,Indonesia,Sayap Kiri,19,"Rp869,08Jt.",869080000,2026-01-05
David Laly,Persijap Jepara,Indonesia,Sayap Kiri,24,"Rp434,54Jt.",434540000,2026-01-05
Najeeb Yakubu,Persijap Jepara,Indonesia,Sayap Kanan,0,"Rp6,08Mlyr.",6080000000,2026-01-05
Dicky Kurniawan,Persijap Jepara,Indonesia,Sayap Kanan,0,"Rp1,74Mlyr.",1740000000,2026-01-05
Rendi Saepul,Persijap Jepara,Indonesia,Sayap Kanan,21,"Rp869,08Jt.",869080000,2026-01-05
Prince Kallon,Persijap Jepara,Indonesia,Sayap Kanan,0,"Rp869,08Jt.",869080000,2026-01-05
Seva Setiadi,Persijap Jepara,Indonesia,Sayap Kanan,0,-,0,2026-01-05
Carlos França,Persijap Jepara,Indonesia,Depan-Tengah,0,"Rp6,95Mlyr.",6950000000,2026-01-05
Abdallah Sudi,Persijap Jepara,Indonesia,Depan-Tengah,0,"Rp2,17Mlyr.",2170000000,2026-01-05
Rosalvo,Persijap Jepara,Indonesia,Depan-Tengah,0,"Rp1,30Mlyr.",1300000000,2026-01-05
Mike Hauptmeijer,Bali United FC,Indonesia,Kiper,0,"Rp3,48Mlyr.",3480000000,2026-01-05
Fitrul Rustapa,Bali United FC,Indonesia,Kiper,0,"Rp2,17Mlyr.",2170000000,2026-01-05
Dikri Yusron,Bali United FC,Indonesia,Kiper,31,"Rp1,30Mlyr.",1300000000,2026-01-05
Wayan Arta,Bali United FC,Indonesia,Kiper,21,"Rp173,82Jt.",173820000,2026-01-05
Kadek Arel,Bali United FC,Indonesia,Bek-Tengah,0,"Rp4,35Mlyr.",4350000000,2026-01-05
João Ferrari,Bali United FC,Indonesia,Bek-Tengah,0,"Rp2,61Mlyr.",2610000000,2026-01-05
Bagas Adi,Bali United FC,Indonesia,Bek-Tengah,0,"Rp1,74Mlyr.",1740000000,2026-01-05
Putu Panji,Bali United FC,Indonesia,Bek-Tengah,44,-,0,2026-01-05
Ricky Fajrin,Bali United FC,Indonesia,Bek-Kiri,24,"Rp5,65Mlyr.",5650000000,2026-01-05
Agus Mahendra,Bali United FC,Indonesia,Bek-Kiri,0,"Rp434,54Jt.",434540000,2026-01-05
Made Andhika,Bali United FC,Indonesia,Bek-Kanan,33,"Rp4,35Mlyr.",4350000000,2026-01-05
Rizky Dwi,Bali United FC,Indonesia,Bek-Kanan,16,"Rp3,04Mlyr.",3040000000,2026-01-05
Brandon Wilson,Bali United FC,Indonesia,Gel. Bertahan,0,"Rp4,78Mlyr.",4780000000,2026-01-05
Made Tito,Bali United FC,Indonesia,Gel. Bertahan,0,"Rp2,17Mlyr.",2170000000,2026-01-05
Tim Receveur,Bali United FC,Indonesia,Gel. Bertahan,0,"Rp1,74Mlyr.",1740000000,2026-01-05
Ananta Krisna,Bali United FC,Indonesia,Gel. Bertahan,0,-,0,2026-01-05
Reyner Barusu,Bali United FC,Indonesia,Gel. Bertahan,0,-,0,2026-01-05
Kadek Agung,Bali United FC,Indonesia,Gel. Tengah,18,"Rp3,91Mlyr.",3910000000,2026-01-05
Jordy Bruijn,Bali United FC,Indonesia,Gel. Serang,0,"Rp5,21Mlyr.",5210000000,2026-01-05
Mirza Mustafic,Bali United FC,Indonesia,Gel. Serang,0,"Rp5,21Mlyr.",5210000000,2026-01-05
Maouri Simon,Bali United FC,Indonesia,Gel. Serang,42,"Rp869,08Jt.",869080000,2026-01-05
Yabes Roni,Bali United FC,Indonesia,Sayap Kiri,0,"Rp1,74Mlyr.",1740000000,2026-01-05
Rahmat,Bali United FC,Indonesia,Sayap Kiri,0,"Rp173,82Jt.",173820000,2026-01-05
Thijmen Goppel,Bali United FC,Indonesia,Sayap Kanan,0,"Rp10,43Mlyr.",10430000000,2026-01-05
Irfan Jaya,Bali United FC,Indonesia,Sayap Kanan,41,"Rp3,91Mlyr.",3910000000,2026-01-05
Rahmat Arjuna,Bali United FC,Indonesia,Sayap Kanan,0,"Rp2,61Mlyr.",2610000000,2026-01-05
Nathan Ari,Bali United FC,Indonesia,Sayap Kanan,0,-,0,2026-01-05
Boris Kopitovic,Bali United FC,Indonesia,Depan-Tengah,0,"Rp4,78Mlyr.",4780000000,2026-01-05
Jens Raven,Bali United FC,Indonesia,Depan-Tengah,19,"Rp1,30Mlyr.",1300000000,2026-01-05
Husna Al Malik,Persik Kediri,Indonesia,Kiper,33,"Rp2,17Mlyr.",2170000000,2026-01-05
Léo Navacchio,Persik Kediri,Indonesia,Kiper,0,"Rp1,74Mlyr.",1740000000,2026-01-05
Rizqi Abhirama,Persik Kediri,Indonesia,Kiper,27,"Rp869,08Jt.",869080000,2026-01-05
Zidane Afreza,Persik Kediri,Indonesia,Kiper,0,-,0,2026-01-05
Kiko,Persik Kediri,Indonesia,Bek-Tengah,0,"Rp3,91Mlyr.",3910000000,2026-01-05
Lucão,Persik Kediri,Indonesia,Bek-Tengah,0,"Rp3,48Mlyr.",3480000000,2026-01-05
Khurshidbek Mukhtorov,Persik Kediri,Indonesia,Bek-Tengah,0,"Rp2,61Mlyr.",2610000000,2026-01-05
Mario Yagalo,Persik Kediri,Indonesia,Bek-Tengah,42,"Rp1,30Mlyr.",1300000000,2026-01-05
Muhamad Firly,Persik Kediri,Indonesia,Bek-Tengah,0,"Rp1,30Mlyr.",1300000000,2026-01-05
Yusuf Meilana,Persik Kediri,Indonesia,Bek-Kiri,0,"Rp3,48Mlyr.",3480000000,2026-01-05
Yoga Adiatama,Persik Kediri,Indonesia,Bek-Kiri,24,"Rp1,74Mlyr.",1740000000,2026-01-05
Henhen Herdiana,Persik Kediri,Indonesia,Bek-Kanan,22,"Rp2,61Mlyr.",2610000000,2026-01-05
Novri Setiawan,Persik Kediri,Indonesia,Bek-Kanan,25,"Rp2,17Mlyr.",2170000000,2026-01-05
Gavin Kwan,Persik Kediri,Indonesia,Bek-Kanan,18,"Rp1,30Mlyr.",1300000000,2026-01-05
Imanol García,Persik Kediri,Indonesia,Gel. Tengah,0,"Rp5,21Mlyr.",5210000000,2026-01-05
Bayu Otto,Persik Kediri,Indonesia,Gel. Tengah,0,"Rp3,48Mlyr.",3480000000,2026-01-05
Telmo Castanheira,Persik Kediri,Indonesia,Gel. Tengah,0,"Rp1,74Mlyr.",1740000000,2026-01-05
Adi Eko,Persik Kediri,Indonesia,Gel. Tengah,0,"Rp1,30Mlyr.",1300000000,2026-01-05
Rifqi Ray,Persik Kediri,Indonesia,Gel. Tengah,0,"Rp1,30Mlyr.",1300000000,2026-01-05
Williams Lugo,Persik Kediri,Indonesia,Gel. Serang,16,"Rp5,21Mlyr.",5210000000,2026-01-05
Syahrian Abimanyu,Persik Kediri,Indonesia,Gel. Serang,17,"Rp2,61Mlyr.",2610000000,2026-01-05
Haikal Riza,Persik Kediri,Indonesia,Gel. Serang,0,"Rp434,54Jt.",434540000,2026-01-05
Ezra Walian,Persik Kediri,Indonesia,Sayap Kiri,0,"Rp6,08Mlyr.",6080000000,2026-01-05
Pedro Matos,Persik Kediri,Indonesia,Sayap Kiri,20,"Rp1,30Mlyr.",1300000000,2026-01-05
Rendy Sanjaya,Persik Kediri,Indonesia,Sayap Kiri,19,"Rp869,08Jt.",869080000,2026-01-05
Wigi Pratama,Persik Kediri,Indonesia,Sayap Kiri,37,"Rp869,08Jt.",869080000,2026-01-05
Faris Aditama,Persik Kediri,Indonesia,Sayap Kiri,0,"Rp173,82Jt.",173820000,2026-01-05
Irkham Mila,Persik Kediri,Indonesia,Sayap Kanan,29,"Rp1,74Mlyr.",1740000000,2026-01-05
Supriadi,Persik Kediri,Indonesia,Sayap Kanan,23,"Rp1,30Mlyr.",1300000000,2026-01-05
Hugo Samir,Persik Kediri,Indonesia,Sayap Kanan,28,"Rp869,08Jt.",869080000,2026-01-05
José Enrique,Persik Kediri,Indonesia,Depan-Tengah,21,"Rp4,35Mlyr.",4350000000,2026-01-05
Sylvain Atieda,Persik Kediri,Indonesia,Depan-Tengah,0,"Rp2,17Mlyr.",2170000000,2026-01-05
Mohammad Khanafi,Persik Kediri,Indonesia,Depan-Tengah,0,"Rp1,74Mlyr.",1740000000,2026-01-05
Yandi Sofyan,Persik Kediri,Indonesia,Depan-Tengah,0,"Rp1,30Mlyr.",1300000000,2026-01-05
Apirak Worawong,Singha Chiangrai United,Thailand,Kiper,0,"Rp2,61Mlyr.",2610000000,2026-01-05
Sirassawut Wongruankhum,Singha Chiangrai United,Thailand,Kiper,34,"Rp1,30Mlyr.",1300000000,2026-01-05
Farus Patee,Singha Chiangrai United,Thailand,Kiper,19,"Rp434,54Jt.",434540000,2026-01-05
Marco Ballini,Singha Chiangrai United,Thailand,Bek-Tengah,0,"Rp3,48Mlyr.",3480000000,2026-01-05
Jordan Emaviwe,Singha Chiangrai United,Thailand,Bek-Tengah,0,"Rp2,61Mlyr.",2610000000,2026-01-05
Victor Cardozo,Singha Chiangrai United,Thailand,Bek-Tengah,23,"Rp2,61Mlyr.",2610000000,2026-01-05
Hélio,Singha Chiangrai United,Thailand,Bek-Tengah,28,"Rp1,74Mlyr.",1740000000,2026-01-05
Banphakit Phrmanee,Singha Chiangrai United,Thailand,Bek-Tengah,0,"Rp1,30Mlyr.",1300000000,2026-01-05
Tanasak Srisai,Singha Chiangrai United,Thailand,Bek-Tengah,0,"Rp1,30Mlyr.",1300000000,2026-01-05
Santipap Yaemsaen,Singha Chiangrai United,Thailand,Bek-Tengah,24,"Rp869,08Jt.",869080000,2026-01-05
Thanawat Pimyotha,Singha Chiangrai United,Thailand,Bek-Kiri,0,"Rp1,74Mlyr.",1740000000,2026-01-05
Thawatchai Inprakhon,Singha Chiangrai United,Thailand,Bek-Kiri,0,"Rp1,74Mlyr.",1740000000,2026-01-05
Gionata Verzura,Singha Chiangrai United,Thailand,Bek-Kanan,17,"Rp1,30Mlyr.",1300000000,2026-01-05
Seung-hyeon Sim,Singha Chiangrai United,Thailand,Bek-Kanan,22,"Rp1,30Mlyr.",1300000000,2026-01-05
Piyaphon Phanichakul,Singha Chiangrai United,Thailand,Bek-Kanan,0,"Rp869,08Jt.",869080000,2026-01-05
Gabriel Henrique,Singha Chiangrai United,Thailand,Gel. Bertahan,0,"Rp4,35Mlyr.",4350000000,2026-01-05
Settasit Suvannaseat,Singha Chiangrai United,Thailand,Gel. Tengah,0,"Rp2,61Mlyr.",2610000000,2026-01-05
Sanukran Thinjom,Singha Chiangrai United,Thailand,Gel. Tengah,0,"Rp2,17Mlyr.",2170000000,2026-01-05
Phoptham Pornkod,Singha Chiangrai United,Thailand,Gel. Tengah,37,"Rp434,54Jt.",434540000,2026-01-05
Dudu,Singha Chiangrai United,Thailand,Gel. Serang,0,"Rp2,17Mlyr.",2170000000,2026-01-05
Thakdanai Jaihan,Singha Chiangrai United,Thailand,Gel. Serang,20,"Rp2,17Mlyr.",2170000000,2026-01-05
Carlos Iury,Singha Chiangrai United,Thailand,Sayap Kiri,0,"Rp4,35Mlyr.",4350000000,2026-01-05
Chinngoen Phutonyong,Singha Chiangrai United,Thailand,Sayap Kiri,39,"Rp1,30Mlyr.",1300000000,2026-01-05
Ongsa Singthong,Singha Chiangrai United,Thailand,Sayap Kiri,0,"Rp869,08Jt.",869080000,2026-01-05
Seung-won Lee,Singha Chiangrai United,Thailand,Sayap Kanan,0,"Rp2,17Mlyr.",2170000000,2026-01-05
Montree Promsawat,Singha Chiangrai United,Thailand,Sayap Kanan,32,"Rp1,74Mlyr.",1740000000,2026-01-05
Nanthiphat Chaiman,Singha Chiangrai United,Thailand,Sayap Kanan,0,"Rp434,54Jt.",434540000,2026-01-05
Itsuki Enomoto,Singha Chiangrai United,Thailand,Depan-Tengah,0,"Rp6,95Mlyr.",6950000000,2026-01-05
Sittichok Kannoo,Singha Chiangrai United,Thailand,Depan-Tengah,0,"Rp2,61Mlyr.",2610000000,2026-01-05
Rattanai Songsangchan,PT Prachuap FC,Thailand,Kiper,0,"Rp1,74Mlyr.",1740000000,2026-01-05
Wattanachai Srathongjan,PT Prachuap FC,Thailand,Kiper,39,"Rp1,74Mlyr.",1740000000,2026-01-05
Soponwit Rakyart,PT Prachuap FC,Thailand,Kiper,18,"Rp1,30Mlyr.",1300000000,2026-01-05
Bernardo Vilar,PT Prachuap FC,Thailand,Bek-Tengah,0,"Rp6,08Mlyr.",6080000000,2026-01-05
Jesper Nyholm,PT Prachuap FC,Thailand,Bek-Tengah,0,"Rp2,61Mlyr.",2610000000,2026-01-05
Adrian Ugelvik,PT Prachuap FC,Thailand,Bek-Tengah,0,"Rp2,17Mlyr.",2170000000,2026-01-05
Airton Tirabassi,PT Prachuap FC,Thailand,Bek-Tengah,0,"Rp2,17Mlyr.",2170000000,2026-01-05
Wanchat Choosong,PT Prachuap FC,Thailand,Bek-Tengah,0,"Rp1,30Mlyr.",1300000000,2026-01-05
Apisit Sorada,PT Prachuap FC,Thailand,Bek-Kiri,21,"Rp3,48Mlyr.",3480000000,2026-01-05
Phon-Ek Maneekorn,PT Prachuap FC,Thailand,Bek-Kiri,0,"Rp2,17Mlyr.",2170000000,2026-01-05
Pittawat Jeenthai,PT Prachuap FC,Thailand,Bek-Kiri,0,"Rp1,30Mlyr.",1300000000,2026-01-05
Oussama Thiangkham,PT Prachuap FC,Thailand,Bek-Kiri,0,"Rp434,54Jt.",434540000,2026-01-05
Jirapan Phasukihan,PT Prachuap FC,Thailand,Bek-Kanan,0,"Rp2,61Mlyr.",2610000000,2026-01-05
Kannarin Thawornsak,PT Prachuap FC,Thailand,Gel. Bertahan,23,"Rp3,48Mlyr.",3480000000,2026-01-05
Prommin Pinkeaw,PT Prachuap FC,Thailand,Gel. Bertahan,19,-,0,2026-01-05
Chaowat Veerachart,PT Prachuap FC,Thailand,Gel. Tengah,40,"Rp3,48Mlyr.",3480000000,2026-01-05
Prasid Jantum,PT Prachuap FC,Thailand,Gel. Tengah,0,"Rp1,74Mlyr.",1740000000,2026-01-05
Jittiphat Wasungnoen,PT Prachuap FC,Thailand,Gel. Tengah,30,"Rp1,30Mlyr.",1300000000,2026-01-05
Saharat Kanyaroj,PT Prachuap FC,Thailand,Gel. Serang,0,"Rp2,17Mlyr.",2170000000,2026-01-05
Tauã,PT Prachuap FC,Thailand,Sayap Kiri,0,"Rp5,21Mlyr.",5210000000,2026-01-05
Iklas Sanron,PT Prachuap FC,Thailand,Sayap Kiri,0,"Rp2,61Mlyr.",2610000000,2026-01-05
Chitsanuphong Phimpsang,PT Prachuap FC,Thailand,Sayap Kiri,0,"Rp2,17Mlyr.",2170000000,2026-01-05
Edgar Méndez,PT Prachuap FC,Thailand,Sayap Kanan,17,"Rp4,35Mlyr.",4350000000,2026-01-05
Phanthamit Praphanth,PT Prachuap FC,Thailand,Sayap Kanan,41,"Rp2,61Mlyr.",2610000000,2026-01-05
Nick Taylor,PT Prachuap FC,Thailand,Sayap Kanan,0,"Rp2,61Mlyr.",2610000000,2026-01-05
Michel,PT Prachuap FC,Thailand,Depan-Tengah,20,"Rp5,21Mlyr.",5210000000,2026-01-05
Jeong-hyeop Lee,PT Prachuap FC,Thailand,Depan-Tengah,0,"Rp2,17Mlyr.",2170000000,2026-01-05
Jehhanafee Mamah,PT Prachuap FC,Thailand,Depan-Tengah,0,"Rp869,08Jt.",869080000,2026-01-05
Soffan Sanron,PT Prachuap FC,Thailand,Penyerang,28,-,0,2026-01-05
Nont Muangngam,Lamphun Warriors,Thailand,Kiper,20,"Rp2,17Mlyr.",2170000000,2026-01-05
Kwanchai Suklom,Lamphun Warriors,Thailand,Kiper,26,"Rp1,74Mlyr.",1740000000,2026-01-05
Thirawooth Sruanson,Lamphun Warriors,Thailand,Kiper,0,"Rp1,30Mlyr.",1300000000,2026-01-05
Sahawit Khumpiam,Lamphun Warriors,Thailand,Kiper,37,"Rp869,08Jt.",869080000,2026-01-05
Aly Cissokho,Lamphun Warriors,Thailand,Bek-Tengah,22,"Rp1,74Mlyr.",1740000000,2026-01-05
Charlie Clough,Lamphun Warriors,Thailand,Bek-Tengah,23,"Rp1,74Mlyr.",1740000000,2026-01-05
Noppol Kerdkaew,Lamphun Warriors,Thailand,Bek-Tengah,24,"Rp1,30Mlyr.",1300000000,2026-01-05
Todsapol Lated,Lamphun Warriors,Thailand,Bek-Tengah,0,"Rp869,08Jt.",869080000,2026-01-05
Anuyut Mudlem,Lamphun Warriors,Thailand,Bek-Tengah,0,"Rp434,54Jt.",434540000,2026-01-05
Wittaya Moonwong,Lamphun Warriors,Thailand,Bek-Kiri,0,"Rp1,74Mlyr.",1740000000,2026-01-05
Suriya Singmui,Lamphun Warriors,Thailand,Bek-Kiri,30,"Rp1,74Mlyr.",1740000000,2026-01-05
Dominik Schad,Lamphun Warriors,Thailand,Bek-Kanan,0,"Rp4,78Mlyr.",4780000000,2026-01-05
Nuttee Noiwilai,Lamphun Warriors,Thailand,Bek-Kanan,27,"Rp2,17Mlyr.",2170000000,2026-01-05
Tossaporn Chuchin,Lamphun Warriors,Thailand,Bek-Kanan,21,"Rp1,30Mlyr.",1300000000,2026-01-05
Tanakorn Navanich,Lamphun Warriors,Thailand,Bek-Kanan,0,"Rp869,08Jt.",869080000,2026-01-05
Teerawut Churok,Lamphun Warriors,Thailand,Gel. Bertahan,0,"Rp1,74Mlyr.",1740000000,2026-01-05
Akarapong Pumwisat,Lamphun Warriors,Thailand,Gel. Tengah,0,"Rp4,35Mlyr.",4350000000,2026-01-05
Ralph,Lamphun Warriors,Thailand,Gel. Tengah,17,"Rp4,35Mlyr.",4350000000,2026-01-05
Oskari Kekkonen,Lamphun Warriors,Thailand,Gel. Tengah,0,"Rp2,17Mlyr.",2170000000,2026-01-05
Baworn Tapla,Lamphun Warriors,Thailand,Gel. Tengah,32,"Rp869,08Jt.",869080000,2026-01-05
Mohammed Osman,Lamphun Warriors,Thailand,Gel. Serang,0,"Rp6,08Mlyr.",6080000000,2026-01-05
Anan Yodsangwal,Lamphun Warriors,Thailand,Sayap Kiri,0,"Rp5,21Mlyr.",5210000000,2026-01-05
Tawan Khotrsupho,Lamphun Warriors,Thailand,Sayap Kiri,19,"Rp1,30Mlyr.",1300000000,2026-01-05
Surat Suriyachai,Lamphun Warriors,Thailand,Sayap Kanan,25,"Rp1,30Mlyr.",1300000000,2026-01-05
Peniel Mlapa,Lamphun Warriors,Thailand,Depan-Tengah,18,"Rp3,48Mlyr.",3480000000,2026-01-05
Willen Mota,Lamphun Warriors,Thailand,Depan-Tengah,29,"Rp3,04Mlyr.",3040000000,2026-01-05
Kenshiro Daniels,Lamphun Warriors,Thailand,Depan-Tengah,0,"Rp2,17Mlyr.",2170000000,2026-01-05
Nattawut Munsuwan,Lamphun Warriors,Thailand,Depan-Tengah,0,"Rp869,08Jt.",869080000,2026-01-05
Worawut Srisupha,Rayong FC,Thailand,Kiper,36,"Rp2,17Mlyr.",2170000000,2026-01-05
Wichaya Ganthong,Rayong FC,Thailand,Kiper,30,"Rp1,74Mlyr.",1740000000,2026-01-05
Chainarong Boonkerd,Rayong FC,Thailand,Kiper,0,"Rp869,08Jt.",869080000,2026-01-05
Ketanuson Junrung,Rayong FC,Thailand,Kiper,0,-,0,2026-01-05
Veljko Filipovic,Rayong FC,Thailand,Bek-Tengah,0,"Rp4,35Mlyr.",4350000000,2026-01-05
Stefan Cebara,Rayong FC,Thailand,Bek-Tengah,0,"Rp1,74Mlyr.",1740000000,2026-01-05
Maxx Creevey,Rayong FC,Thailand,Bek-Tengah,23,"Rp1,74Mlyr.",1740000000,2026-01-05
Saharat Pongsuwan,Rayong FC,Thailand,Bek-Kiri,0,"Rp2,17Mlyr.",2170000000,2026-01-05
Parkin Harape,Rayong FC,Thailand,Bek-Kiri,31,"Rp1,30Mlyr.",1300000000,2026-01-05
Kritsada Nontharat,Rayong FC,Thailand,Bek-Kanan,35,"Rp3,48Mlyr.",3480000000,2026-01-05
Wasusiwakit Phusirit,Rayong FC,Thailand,Bek-Kanan,0,"Rp1,74Mlyr.",1740000000,2026-01-05
Saharat Sontisawat,Rayong FC,Thailand,Gel. Bertahan,0,"Rp3,48Mlyr.",3480000000,2026-01-05
João Afonso,Rayong FC,Thailand,Gel. Bertahan,0,"Rp2,61Mlyr.",2610000000,2026-01-05
Hiromichi Katano,Rayong FC,Thailand,Gel. Bertahan,0,"Rp869,08Jt.",869080000,2026-01-05
Wattanapong Withunat,Rayong FC,Thailand,Gel. Bertahan,0,-,0,2026-01-05
Porrameth Ittiprasert,Rayong FC,Thailand,Gelandang,0,-,0,2026-01-05
Seksan Ratree,Rayong FC,Thailand,Gel. Tengah,22,"Rp6,08Mlyr.",6080000000,2026-01-05
Manuel Ott,Rayong FC,Thailand,Gel. Tengah,0,"Rp3,48Mlyr.",3480000000,2026-01-05
Somkaet Kunmee,Rayong FC,Thailand,Gel. Tengah,0,"Rp1,74Mlyr.",1740000000,2026-01-05
Keven Alemán,Rayong FC,Thailand,Gel. Serang,0,"Rp2,61Mlyr.",2610000000,2026-01-05
Anon Amornlerdsak,Rayong FC,Thailand,Gel. Serang,27,"Rp2,17Mlyr.",2170000000,2026-01-05
Peerapat Kaminthong,Rayong FC,Thailand,Gel. Serang,0,"Rp869,08Jt.",869080000,2026-01-05
Ryoma Ito,Rayong FC,Thailand,Sayap Kiri,41,"Rp4,35Mlyr.",4350000000,2026-01-05
Stenio Junior,Rayong FC,Thailand,Sayap Kiri,18,"Rp2,17Mlyr.",2170000000,2026-01-05
Matee Sarakum,Rayong FC,Thailand,Sayap Kiri,0,"Rp1,74Mlyr.",1740000000,2026-01-05
Supawit Romphopak,Rayong FC,Thailand,Sayap Kanan,19,"Rp2,17Mlyr.",2170000000,2026-01-05
Júnior Batista,Rayong FC,Thailand,Depan-Tengah,0,"Rp2,61Mlyr.",2610000000,2026-01-05
Thanphisit Hempandan,Rayong FC,Thailand,Depan-Tengah,0,"Rp869,08Jt.",869080000,2026-01-05
Armin Gremsl,Muangthong United,Thailand,Kiper,0,"Rp3,48Mlyr.",3480000000,2026-01-05
Korrakot Pipatnadda,Muangthong United,Thailand,Kiper,33,"Rp3,48Mlyr.",3480000000,2026-01-05
Khanaphod Kadee,Muangthong United,Thailand,Kiper,26,"Rp434,54Jt.",434540000,2026-01-05
Stefan Tsonkov,Muangthong United,Thailand,Bek-Tengah,0,"Rp4,35Mlyr.",4350000000,2026-01-05
Nelson Orji,Muangthong United,Thailand,Bek-Tengah,0,"Rp3,48Mlyr.",3480000000,2026-01-05
Songwut Kraikruan,Muangthong United,Thailand,Bek-Tengah,29,"Rp2,61Mlyr.",2610000000,2026-01-05
Dong-su Kim,Muangthong United,Thailand,Bek-Tengah,0,"Rp1,74Mlyr.",1740000000,2026-01-05
Theekawin Chansri,Muangthong United,Thailand,Bek-Tengah,35,"Rp1,30Mlyr.",1300000000,2026-01-05
James Falconer,Muangthong United,Thailand,Bek-Tengah,0,"Rp434,54Jt.",434540000,2026-01-05
Michael Kempter,Muangthong United,Thailand,Bek-Kiri,27,"Rp3,48Mlyr.",3480000000,2026-01-05
Jaturapat Sattham,Muangthong United,Thailand,Bek-Kiri,0,"Rp1,74Mlyr.",1740000000,2026-01-05
Kittapak Seangsawat,Muangthong United,Thailand,Bek-Kiri,39,"Rp434,54Jt.",434540000,2026-01-05
Tristan Do,Muangthong United,Thailand,Bek-Kanan,19,"Rp2,61Mlyr.",2610000000,2026-01-05
John-Patrick Strauß,Muangthong United,Thailand,Gel. Bertahan,0,"Rp5,21Mlyr.",5210000000,2026-01-05
Richmond Darko,Muangthong United,Thailand,Gel. Bertahan,31,"Rp1,30Mlyr.",1300000000,2026-01-05
Siradanai Phosri,Muangthong United,Thailand,Gel. Bertahan,23,"Rp869,08Jt.",869080000,2026-01-05
Sorawit Panthong,Muangthong United,Thailand,Gel. Tengah,0,"Rp2,61Mlyr.",2610000000,2026-01-05
Wongsakorn Chaikultewin,Muangthong United,Thailand,Gel. Tengah,16,"Rp1,30Mlyr.",1300000000,2026-01-05
Thiraphat Nuntagowat,Muangthong United,Thailand,Gel. Tengah,22,"Rp1,30Mlyr.",1300000000,2026-01-05
Kakana Khamyok,Muangthong United,Thailand,Gel. Serang,34,"Rp4,35Mlyr.",4350000000,2026-01-05
Anass Ahannach,Muangthong United,Thailand,Gel. Serang,24,"Rp3,04Mlyr.",3040000000,2026-01-05
Piyanat Thodsanid,Muangthong United,Thailand,Gel. Serang,17,"Rp434,54Jt.",434540000,2026-01-05
Willian Popp,Muangthong United,Thailand,Sayap Kiri,0,"Rp6,95Mlyr.",6950000000,2026-01-05
Melvyn Lorenzen,Muangthong United,Thailand,Sayap Kiri,0,"Rp5,21Mlyr.",5210000000,2026-01-05
Emil Roback,Muangthong United,Thailand,Sayap Kiri,0,"Rp4,35Mlyr.",4350000000,2026-01-05
Korawich Tasa,Muangthong United,Thailand,Sayap Kanan,0,"Rp2,61Mlyr.",2610000000,2026-01-05
Purachet Thodsanid,Muangthong United,Thailand,Sayap Kanan,21,"Rp2,61Mlyr.",2610000000,2026-01-05
Sarayut Yoosuebchuea,Muangthong United,Thailand,Depan-Tengah,20,"Rp1,30Mlyr.",1300000000,2026-01-05
Kevin Ray Mendoza,Chonburi FC,Thailand,Kiper,0,"Rp5,21Mlyr.",5210000000,2026-01-05
Noppakun Kadtoon,Chonburi FC,Thailand,Kiper,0,"Rp2,17Mlyr.",2170000000,2026-01-05
Thanawat Panthong,Chonburi FC,Thailand,Kiper,0,"Rp434,54Jt.",434540000,2026-01-05
Tissanu Khuptanawin,Chonburi FC,Thailand,Kiper,0,-,0,2026-01-05
Jefferson Tabinas,Chonburi FC,Thailand,Bek-Tengah,0,"Rp5,21Mlyr.",5210000000,2026-01-05
Kike Linares,Chonburi FC,Thailand,Bek-Tengah,0,"Rp2,61Mlyr.",2610000000,2026-01-05
Jakkrapong Sanmahung,Chonburi FC,Thailand,Bek-Tengah,0,"Rp2,17Mlyr.",2170000000,2026-01-05
Nattapong Sayriya,Chonburi FC,Thailand,Bek-Tengah,37,"Rp2,17Mlyr.",2170000000,2026-01-05
Songchai Thongcham,Chonburi FC,Thailand,Bek-Tengah,0,"Rp1,74Mlyr.",1740000000,2026-01-05
Jorge Fellipe,Chonburi FC,Thailand,Bek-Tengah,0,"Rp1,74Mlyr.",1740000000,2026-01-05
Chatmongkol Rueangthanarot,Chonburi FC,Thailand,Bek-Kiri,0,"Rp2,61Mlyr.",2610000000,2026-01-05
Kittipong Sansanit,Chonburi FC,Thailand,Bek-Kiri,0,"Rp1,74Mlyr.",1740000000,2026-01-05
Santiphap Channgom,Chonburi FC,Thailand,Bek-Kanan,23,"Rp3,48Mlyr.",3480000000,2026-01-05
Thanaset Sujarit,Chonburi FC,Thailand,Bek-Kanan,36,"Rp1,74Mlyr.",1740000000,2026-01-05
Suksan Bunta,Chonburi FC,Thailand,Bek-Kanan,20,"Rp869,08Jt.",869080000,2026-01-05
Nattanan Biesamrit,Chonburi FC,Thailand,Gel. Bertahan,30,"Rp2,61Mlyr.",2610000000,2026-01-05
Pathomchai Seaisakul,Chonburi FC,Thailand,Gel. Bertahan,31,"Rp869,08Jt.",869080000,2026-01-05
Queven,Chonburi FC,Thailand,Gel. Tengah,0,"Rp4,35Mlyr.",4350000000,2026-01-05
Rachata Moraksa,Chonburi FC,Thailand,Gel. Tengah,32,"Rp1,74Mlyr.",1740000000,2026-01-05
Chayathorn Tapsuvanavon,Chonburi FC,Thailand,Gel. Tengah,0,"Rp1,74Mlyr.",1740000000,2026-01-05
Channarong Promsrikaew,Chonburi FC,Thailand,Gel. Serang,0,"Rp4,35Mlyr.",4350000000,2026-01-05
Abo Eisa,Chonburi FC,Thailand,Sayap Kanan,0,"Rp4,35Mlyr.",4350000000,2026-01-05
Greg Houla,Chonburi FC,Thailand,Sayap Kanan,0,"Rp1,74Mlyr.",1740000000,2026-01-05
Siraphop Wandee,Chonburi FC,Thailand,Sayap Kanan,21,"Rp1,30Mlyr.",1300000000,2026-01-05
Oege-Sietse van Lingen,Chonburi FC,Thailand,Depan-Tengah,0,"Rp5,21Mlyr.",5210000000,2026-01-05
Jonathan Bolingi,Chonburi FC,Thailand,Depan-Tengah,17,"Rp4,35Mlyr.",4350000000,2026-01-05
Yotsakon Burapha,Chonburi FC,Thailand,Depan-Tengah,0,"Rp1,74Mlyr.",1740000000,2026-01-05
Adisak Kraisorn,Chonburi FC,Thailand,Depan-Tengah,0,"Rp1,74Mlyr.",1740000000,2026-01-05
Warut Makemusik,Ayutthaya United,Thailand,Kiper,0,"Rp1,74Mlyr.",1740000000,2026-01-05
Narongsak Naengwongsa,Ayutthaya United,Thailand,Kiper,25,"Rp869,08Jt.",869080000,2026-01-05
Suthipong Pisansub,Ayutthaya United,Thailand,Kiper,39,"Rp434,54Jt.",434540000,2026-01-05
Hyun-soo Hwang,Ayutthaya United,Thailand,Bek-Tengah,0,"Rp5,21Mlyr.",5210000000,2026-01-05
Wellington Priori,Ayutthaya United,Thailand,Bek-Tengah,0,"Rp1,74Mlyr.",1740000000,2026-01-05
Worawut Namvech,Ayutthaya United,Thailand,Bek-Tengah,24,"Rp1,30Mlyr.",1300000000,2026-01-05
Worawut Sataporn,Ayutthaya United,Thailand,Bek-Tengah,26,"Rp1,30Mlyr.",1300000000,2026-01-05
Chiraphong Raksongkham,Ayutthaya United,Thailand,Bek-Tengah,0,"Rp434,54Jt.",434540000,2026-01-05
Eduardo Kau,Ayutthaya United,Thailand,Bek-Tengah,0,-,0,2026-01-05
Bhumchanok Kamkla,Ayutthaya United,Thailand,Bek-Kiri,16,"Rp2,17Mlyr.",2170000000,2026-01-05
Wattanakorn Sawatlakhorn,Ayutthaya United,Thailand,Bek-Kiri,0,"Rp1,30Mlyr.",1300000000,2026-01-05
Kitphom Bunsan,Ayutthaya United,Thailand,Bek-Kiri,0,"Rp1,30Mlyr.",1300000000,2026-01-05
Jirawat Janpong,Ayutthaya United,Thailand,Bek-Kanan,0,"Rp1,74Mlyr.",1740000000,2026-01-05
Atsadawut Changthong,Ayutthaya United,Thailand,Bek-Kanan,0,"Rp869,08Jt.",869080000,2026-01-05
Dylan De Bruycker,Ayutthaya United,Thailand,Gel. Bertahan,0,"Rp1,30Mlyr.",1300000000,2026-01-05
Anuwat Noicheunphan,Ayutthaya United,Thailand,Gel. Bertahan,31,"Rp869,08Jt.",869080000,2026-01-05
Passakorn Biaothungoi,Ayutthaya United,Thailand,Gel. Tengah,23,"Rp2,17Mlyr.",2170000000,2026-01-05
Sanrawat Dechmitr,Ayutthaya United,Thailand,Gel. Tengah,29,"Rp434,54Jt.",434540000,2026-01-05
Nattapon Worasut,Ayutthaya United,Thailand,Gel. Serang,0,"Rp2,61Mlyr.",2610000000,2026-01-05
Yashir Islame,Ayutthaya United,Thailand,Gel. Serang,36,"Rp1,74Mlyr.",1740000000,2026-01-05
Diego Carioca,Ayutthaya United,Thailand,Sayap Kiri,0,"Rp4,35Mlyr.",4350000000,2026-01-05
Conrado,Ayutthaya United,Thailand,Sayap Kiri,0,"Rp2,61Mlyr.",2610000000,2026-01-05
Chakkit Laptrakul,Ayutthaya United,Thailand,Sayap Kiri,17,"Rp2,17Mlyr.",2170000000,2026-01-05
Kritsanapol Booncharee,Ayutthaya United,Thailand,Sayap Kiri,44,"Rp434,54Jt.",434540000,2026-01-05
Anucha Sakaekum,Ayutthaya United,Thailand,Sayap Kiri,0,-,0,2026-01-05
Nethithorn Kaewcharoen,Ayutthaya United,Thailand,Sayap Kanan,19,"Rp1,30Mlyr.",1300000000,2026-01-05
Néstor Albiach,Ayutthaya United,Thailand,Depan-Kedua,0,"Rp3,48Mlyr.",3480000000,2026-01-05
Caíque Lemes,Ayutthaya United,Thailand,Depan-Tengah,0,"Rp2,61Mlyr.",2610000000,2026-01-05
Verot Pombuppha,Ayutthaya United,Thailand,Depan-Tengah,22,"Rp1,30Mlyr.",1300000000,2026-01-05
Tanachai Noorach,Nakhonratchasima Mazda FC,Thailand,Kiper,36,"Rp2,17Mlyr.",2170000000,2026-01-05
Nopphon Lakhonphon,Nakhonratchasima Mazda FC,Thailand,Kiper,18,"Rp1,74Mlyr.",1740000000,2026-01-05
Phatcharaphong Prathumma,Nakhonratchasima Mazda FC,Thailand,Kiper,0,"Rp434,54Jt.",434540000,2026-01-05
Sorawis Srifah,Nakhonratchasima Mazda FC,Thailand,Kiper,0,-,0,2026-01-05
Nenad Lalic,Nakhonratchasima Mazda FC,Thailand,Bek-Tengah,43,"Rp3,48Mlyr.",3480000000,2026-01-05
Anusak Jaiphet,Nakhonratchasima Mazda FC,Thailand,Bek-Tengah,0,"Rp2,17Mlyr.",2170000000,2026-01-05
Watcharin Nuengprakaew,Nakhonratchasima Mazda FC,Thailand,Bek-Tengah,39,"Rp1,30Mlyr.",1300000000,2026-01-05
Pongsakron Hanrattana,Nakhonratchasima Mazda FC,Thailand,Bek-Tengah,22,"Rp434,54Jt.",434540000,2026-01-05
Woraphob Thaweesuk,Nakhonratchasima Mazda FC,Thailand,Bek-Tengah,0,-,0,2026-01-05
Narongsak Phetnok,Nakhonratchasima Mazda FC,Thailand,Bek-Tengah,0,-,0,2026-01-05
Thanapat Warong,Nakhonratchasima Mazda FC,Thailand,Bek-Tengah,0,-,0,2026-01-05
Wendel,Nakhonratchasima Mazda FC,Thailand,Bek-Kiri,35,"Rp3,48Mlyr.",3480000000,2026-01-05
Charalampos Charalampous,Nakhonratchasima Mazda FC,Thailand,Bek-Kiri,33,"Rp2,61Mlyr.",2610000000,2026-01-05
Hein Phyo Win,Nakhonratchasima Mazda FC,Thailand,Bek-Kanan,0,"Rp3,04Mlyr.",3040000000,2026-01-05
Bill Mamadou,Nakhonratchasima Mazda FC,Thailand,Bek-Kanan,0,"Rp2,17Mlyr.",2170000000,2026-01-05
Jork Becerra,Nakhonratchasima Mazda FC,Thailand,Gel. Bertahan,0,"Rp4,35Mlyr.",4350000000,2026-01-05
Leon James,Nakhonratchasima Mazda FC,Thailand,Gel. Bertahan,0,"Rp2,17Mlyr.",2170000000,2026-01-05
Nattawut Jaroenboot,Nakhonratchasima Mazda FC,Thailand,Gel. Tengah,21,"Rp869,08Jt.",869080000,2026-01-05
Noppakorn Kanhabang,Nakhonratchasima Mazda FC,Thailand,Gel. Tengah,0,-,0,2026-01-05
Rattasat Bangsungnoen,Nakhonratchasima Mazda FC,Thailand,Gel. Serang,19,"Rp2,17Mlyr.",2170000000,2026-01-05
Hirotaka Mita,Nakhonratchasima Mazda FC,Thailand,Gel. Serang,0,"Rp869,08Jt.",869080000,2026-01-05
Quentin Cornette,Nakhonratchasima Mazda FC,Thailand,Sayap Kanan,20,"Rp5,21Mlyr.",5210000000,2026-01-05
Anurak Mungdee,Nakhonratchasima Mazda FC,Thailand,Sayap Kanan,17,"Rp1,30Mlyr.",1300000000,2026-01-05
Pannatat Prempree,Nakhonratchasima Mazda FC,Thailand,Sayap Kanan,30,-,0,2026-01-05
Dennis Murillo,Nakhonratchasima Mazda FC,Thailand,Depan-Tengah,23,"Rp3,48Mlyr.",3480000000,2026-01-05
Manyluak Aguek,Nakhonratchasima Mazda FC,Thailand,Depan-Tengah,0,-,0,2026-01-05
Prakiattichai Singsook,Nakhonratchasima Mazda FC,Thailand,Depan-Tengah,0,-,0,2026-01-05
Kittipong Phuthawchueak,Kanchanaburi Power FC,Thailand,Kiper,26,"Rp1,74Mlyr.",1740000000,2026-01-05
Sarut Nasri,Kanchanaburi Power FC,Thailand,Kiper,35,"Rp1,74Mlyr.",1740000000,2026-01-05
Sumethee Khokpho,Kanchanaburi Power FC,Thailand,Kiper,0,"Rp1,30Mlyr.",1300000000,2026-01-05
Kritsana Pummarrin,Kanchanaburi Power FC,Thailand,Kiper,0,"Rp869,08Jt.",869080000,2026-01-05
Natthasan Pakkarano,Kanchanaburi Power FC,Thailand,Kiper,0,"Rp434,54Jt.",434540000,2026-01-05
Aaron Gurd,Kanchanaburi Power FC,Thailand,Bek-Tengah,0,"Rp2,61Mlyr.",2610000000,2026-01-05
Prachya Fudsuparp,Kanchanaburi Power FC,Thailand,Bek-Tengah,28,"Rp2,61Mlyr.",2610000000,2026-01-05
Pawee Tanthatemee,Kanchanaburi Power FC,Thailand,Bek-Tengah,25,"Rp2,17Mlyr.",2170000000,2026-01-05
Mehdi Tahrat,Kanchanaburi Power FC,Thailand,Bek-Tengah,0,"Rp2,17Mlyr.",2170000000,2026-01-05
Diego Bardanca,Kanchanaburi Power FC,Thailand,Bek-Tengah,44,"Rp1,74Mlyr.",1740000000,2026-01-05
Peerapat Notchaiya,Kanchanaburi Power FC,Thailand,Bek-Kiri,0,"Rp3,04Mlyr.",3040000000,2026-01-05
Satsanapong Wattayuchutikul,Kanchanaburi Power FC,Thailand,Bek-Kiri,29,"Rp869,08Jt.",869080000,2026-01-05
Kitinun Suttiwiriyakul,Kanchanaburi Power FC,Thailand,Bek-Kiri,32,"Rp434,54Jt.",434540000,2026-01-05
Ryhan Stewart,Kanchanaburi Power FC,Thailand,Bek-Kanan,16,"Rp4,35Mlyr.",4350000000,2026-01-05
Wattana Klomjit,Kanchanaburi Power FC,Thailand,Bek-Kanan,0,"Rp1,30Mlyr.",1300000000,2026-01-05
Chayapipat Supunpasuch,Kanchanaburi Power FC,Thailand,Gel. Bertahan,0,"Rp1,30Mlyr.",1300000000,2026-01-05
Anumanthan Kumar,Kanchanaburi Power FC,Thailand,Gel. Bertahan,0,"Rp1,30Mlyr.",1300000000,2026-01-05
John Lucero,Kanchanaburi Power FC,Thailand,Gel. Tengah,0,"Rp2,17Mlyr.",2170000000,2026-01-05
Ewerton,Kanchanaburi Power FC,Thailand,Gel. Tengah,0,"Rp1,74Mlyr.",1740000000,2026-01-05
Pongpat Liorungrueangkit,Kanchanaburi Power FC,Thailand,Gel. Tengah,18,"Rp1,74Mlyr.",1740000000,2026-01-05
Santipap Ratniyom,Kanchanaburi Power FC,Thailand,Gel. Tengah,42,"Rp1,30Mlyr.",1300000000,2026-01-05
Suchao Nutnum,Kanchanaburi Power FC,Thailand,Gel. Tengah,0,-,0,2026-01-05
Sergio Aguero,Kanchanaburi Power FC,Thailand,Gel. Serang,20,"Rp2,61Mlyr.",2610000000,2026-01-05
Mohamed Mara,Kanchanaburi Power FC,Thailand,Sayap Kiri,21,"Rp5,21Mlyr.",5210000000,2026-01-05
Alain Oyarzun,Kanchanaburi Power FC,Thailand,Sayap Kiri,19,"Rp4,35Mlyr.",4350000000,2026-01-05
Tanasith Siripala,Kanchanaburi Power FC,Thailand,Sayap Kiri,0,"Rp1,74Mlyr.",1740000000,2026-01-05
Andros Townsend,Kanchanaburi Power FC,Thailand,Sayap Kanan,30,"Rp8,69Mlyr.",8690000000,2026-01-05
Gerson Rodrigues,Kanchanaburi Power FC,Thailand,Depan-Tengah,0,"Rp6,08Mlyr.",6080000000,2026-01-05
Aboubakar Kamara,Kanchanaburi Power FC,Thailand,Depan-Tengah,0,"Rp6,08Mlyr.",6080000000,2026-01-05
Chenrop Samphaodi,Kanchanaburi Power FC,Thailand,Depan-Tengah,0,"Rp2,17Mlyr.",2170000000,2026-01-05
Kitsana Kasemkulwirai,Kanchanaburi Power FC,Thailand,Depan-Tengah,0,"Rp1,30Mlyr.",1300000000,2026-01-05
Kampol Pathomakkakul,Ratchaburi FC,Thailand,Kiper,0,"Rp3,48Mlyr.",3480000000,2026-01-05
Ukrit Wongmeema,Ratchaburi FC,Thailand,Kiper,0,"Rp869,08Jt.",869080000,2026-01-05
Peerapong Watjanapayon,Ratchaburi FC,Thailand,Kiper,0,-,0,2026-01-05
Jonathan Khemdee,Ratchaburi FC,Thailand,Bek-Tengah,0,"Rp7,82Mlyr.",7820000000,2026-01-05
Gabriel Mutombo,Ratchaburi FC,Thailand,Bek-Tengah,0,"Rp6,08Mlyr.",6080000000,2026-01-05
Jérémy Corinus,Ratchaburi FC,Thailand,Bek-Tengah,0,"Rp4,35Mlyr.",4350000000,2026-01-05
Adisorn Promrak,Ratchaburi FC,Thailand,Bek-Tengah,0,"Rp2,61Mlyr.",2610000000,2026-01-05
Pethay Promjan,Ratchaburi FC,Thailand,Bek-Tengah,33,"Rp434,54Jt.",434540000,2026-01-05
Kevin Deeromram,Ratchaburi FC,Thailand,Bek-Kiri,23,"Rp7,82Mlyr.",7820000000,2026-01-05
Sidcley,Ratchaburi FC,Thailand,Bek-Kiri,0,"Rp3,04Mlyr.",3040000000,2026-01-05
Daniel Ting,Ratchaburi FC,Thailand,Bek-Kiri,0,"Rp2,61Mlyr.",2610000000,2026-01-05
Kiatisak Chiamudom,Ratchaburi FC,Thailand,Bek-Kiri,29,"Rp2,61Mlyr.",2610000000,2026-01-05
Jesse Curran,Ratchaburi FC,Thailand,Bek-Kanan,27,"Rp5,21Mlyr.",5210000000,2026-01-05
Suporn Peenagatapho,Ratchaburi FC,Thailand,Bek-Kanan,19,"Rp2,61Mlyr.",2610000000,2026-01-05
Kritsananon Srisuwan,Ratchaburi FC,Thailand,Gel. Bertahan,37,"Rp3,48Mlyr.",3480000000,2026-01-05
Thossawat Limwannasthian,Ratchaburi FC,Thailand,Gel. Bertahan,28,"Rp3,04Mlyr.",3040000000,2026-01-05
Thanawat Suengchitthawon,Ratchaburi FC,Thailand,Gel. Tengah,0,"Rp6,08Mlyr.",6080000000,2026-01-05
Jakkaphan Kaewprom,Ratchaburi FC,Thailand,Gel. Tengah,0,"Rp1,74Mlyr.",1740000000,2026-01-05
Siwakorn Jakkuprasat,Ratchaburi FC,Thailand,Gel. Tengah,16,"Rp1,74Mlyr.",1740000000,2026-01-05
Tana,Ratchaburi FC,Thailand,Gel. Serang,0,"Rp1,74Mlyr.",1740000000,2026-01-05
Teeraphol Yoryoei,Ratchaburi FC,Thailand,Gel. Serang,18,"Rp1,74Mlyr.",1740000000,2026-01-05
Njiva Rakotoharimalala,Ratchaburi FC,Thailand,Sayap Kiri,0,"Rp3,91Mlyr.",3910000000,2026-01-05
Faiq Bolkiah,Ratchaburi FC,Thailand,Sayap Kiri,0,"Rp2,61Mlyr.",2610000000,2026-01-05
Jaroensak Wonggorn,Ratchaburi FC,Thailand,Sayap Kanan,24,"Rp5,21Mlyr.",5210000000,2026-01-05
Negueba,Ratchaburi FC,Thailand,Sayap Kanan,0,"Rp3,91Mlyr.",3910000000,2026-01-05
Chotipat Poomkaew,Ratchaburi FC,Thailand,Sayap Kanan,0,"Rp2,17Mlyr.",2170000000,2026-01-05
Denilson Junior,Ratchaburi FC,Thailand,Depan-Tengah,0,"Rp8,69Mlyr.",8690000000,2026-01-05
Chirawat Wangthaphan,Uthai Thani FC,Thailand,Kiper,26,"Rp2,17Mlyr.",2170000000,2026-01-05
Boonyakait Wongsajaem,Uthai Thani FC,Thailand,Kiper,18,"Rp1,74Mlyr.",1740000000,2026-01-05
Worawut Sukhuna,Uthai Thani FC,Thailand,Kiper,24,"Rp1,30Mlyr.",1300000000,2026-01-05
Thanakorn Waiyawut,Uthai Thani FC,Thailand,Kiper,0,"Rp434,54Jt.",434540000,2026-01-05
Martin Angha,Uthai Thani FC,Thailand,Bek-Tengah,0,"Rp6,08Mlyr.",6080000000,2026-01-05
Marcelo Djaló,Uthai Thani FC,Thailand,Bek-Tengah,0,"Rp4,35Mlyr.",4350000000,2026-01-05
Soe Moe Kyaw,Uthai Thani FC,Thailand,Bek-Tengah,0,"Rp1,74Mlyr.",1740000000,2026-01-05
Wattana Playnum,Uthai Thani FC,Thailand,Bek-Tengah,19,"Rp1,30Mlyr.",1300000000,2026-01-05
Alexander Gountounas,Uthai Thani FC,Thailand,Bek-Tengah,0,"Rp434,54Jt.",434540000,2026-01-05
Thitathorn Auksornsri,Uthai Thani FC,Thailand,Bek-Kiri,0,"Rp3,48Mlyr.",3480000000,2026-01-05
Thanison Paibulkijcharoen,Uthai Thani FC,Thailand,Bek-Kiri,0,"Rp2,61Mlyr.",2610000000,2026-01-05
James Beresford,Uthai Thani FC,Thailand,Bek-Kanan,27,"Rp4,35Mlyr.",4350000000,2026-01-05
Jakkit Wachpirom,Uthai Thani FC,Thailand,Bek-Kanan,17,"Rp1,30Mlyr.",1300000000,2026-01-05
Christian Gomis,Uthai Thani FC,Thailand,Gel. Bertahan,0,"Rp6,95Mlyr.",6950000000,2026-01-05
William Weidersjö,Uthai Thani FC,Thailand,Gel. Bertahan,0,"Rp5,21Mlyr.",5210000000,2026-01-05
Atikhun Meethoum,Uthai Thani FC,Thailand,Gel. Bertahan,0,"Rp1,74Mlyr.",1740000000,2026-01-05
Poowarak Kamsing,Uthai Thani FC,Thailand,Gelandang,22,-,0,2026-01-05
Harhys Stewart,Uthai Thani FC,Thailand,Gel. Tengah,30,"Rp5,21Mlyr.",5210000000,2026-01-05
Airfan Doloh,Uthai Thani FC,Thailand,Gel. Tengah,0,"Rp3,48Mlyr.",3480000000,2026-01-05
Sirimongkol Rattanapoom,Uthai Thani FC,Thailand,Gel. Tengah,21,"Rp1,30Mlyr.",1300000000,2026-01-05
Narakorn Noomchansakool,Uthai Thani FC,Thailand,Gel. Tengah,23,"Rp869,08Jt.",869080000,2026-01-05
Pavarit Boonmalert,Uthai Thani FC,Thailand,Gel. Tengah,0,"Rp434,54Jt.",434540000,2026-01-05
Kristoffer Ryberg,Uthai Thani FC,Thailand,Gel. Tengah,0,"Rp434,54Jt.",434540000,2026-01-05
Ben Davis,Uthai Thani FC,Thailand,Gel. Serang,0,"Rp6,08Mlyr.",6080000000,2026-01-05
Sumanya Purisay,Uthai Thani FC,Thailand,Gel. Serang,0,-,0,2026-01-05
Leandro Ribeiro,Uthai Thani FC,Thailand,Sayap Kiri,0,"Rp6,08Mlyr.",6080000000,2026-01-05
Amornthep Maundee,Uthai Thani FC,Thailand,Sayap Kanan,0,"Rp1,30Mlyr.",1300000000,2026-01-05
Nontapat Naksawat,Uthai Thani FC,Thailand,Sayap Kanan,20,"Rp1,30Mlyr.",1300000000,2026-01-05
Bruno Baio,Uthai Thani FC,Thailand,Depan-Tengah,0,"Rp6,95Mlyr.",6950000000,2026-01-05
Mo Eisa,Uthai Thani FC,Thailand,Depan-Tengah,0,"Rp5,21Mlyr.",5210000000,2026-01-05
Danai Smart,Uthai Thani FC,Thailand,Depan-Tengah,0,"Rp434,54Jt.",434540000,2026-01-05
Patiwat Khammai,True Bangkok United,Thailand,Kiper,0,"Rp6,95Mlyr.",6950000000,2026-01-05
Phuwadol Pholsongkram,True Bangkok United,Thailand,Kiper,29,"Rp2,61Mlyr.",2610000000,2026-01-05
Chinnapong Raksri,True Bangkok United,Thailand,Kiper,38,"Rp869,08Jt.",869080000,2026-01-05
Supanut Sudathip,True Bangkok United,Thailand,Kiper,0,-,0,2026-01-05
Philipe Maia,True Bangkok United,Thailand,Bek-Tengah,0,"Rp6,08Mlyr.",6080000000,2026-01-05
Suphan Thongsong,True Bangkok United,Thailand,Bek-Tengah,26,"Rp5,21Mlyr.",5210000000,2026-01-05
Jakkaphan Praisuwan,True Bangkok United,Thailand,Bek-Tengah,36,"Rp3,48Mlyr.",3480000000,2026-01-05
Everton,True Bangkok United,Thailand,Bek-Tengah,0,"Rp3,04Mlyr.",3040000000,2026-01-05
Manuel Bihr,True Bangkok United,Thailand,Bek-Tengah,0,"Rp2,17Mlyr.",2170000000,2026-01-05
Wichan Inaram,True Bangkok United,Thailand,Bek-Tengah,0,-,0,2026-01-05
Pratama Arhan,True Bangkok United,Thailand,Bek-Kiri,21,"Rp3,48Mlyr.",3480000000,2026-01-05
Wanchai Jarunongkran,True Bangkok United,Thailand,Bek-Kiri,24,"Rp3,48Mlyr.",3480000000,2026-01-05
Surachai Booncharee,True Bangkok United,Thailand,Bek-Kiri,43,-,0,2026-01-05
Nitipong Selanon,True Bangkok United,Thailand,Bek-Kanan,0,"Rp3,48Mlyr.",3480000000,2026-01-05
Boontawee Thepwong,True Bangkok United,Thailand,Bek-Kanan,0,"Rp1,74Mlyr.",1740000000,2026-01-05
Weerathep Pomphun,True Bangkok United,Thailand,Gel. Bertahan,27,"Rp6,08Mlyr.",6080000000,2026-01-05
Wisarut Imura,True Bangkok United,Thailand,Gel. Bertahan,0,"Rp2,17Mlyr.",2170000000,2026-01-05
Natcha Promsomboon,True Bangkok United,Thailand,Gel. Bertahan,28,"Rp1,74Mlyr.",1740000000,2026-01-05
Pichaya Kongsri,True Bangkok United,Thailand,Gel. Bertahan,0,-,0,2026-01-05
Nebojsa Kosovic,True Bangkok United,Thailand,Gel. Tengah,33,"Rp8,69Mlyr.",8690000000,2026-01-05
Thitiphan Puangchan,True Bangkok United,Thailand,Gel. Tengah,18,"Rp5,21Mlyr.",5210000000,2026-01-05
Kyoga Nakamura,True Bangkok United,Thailand,Gel. Tengah,0,"Rp4,35Mlyr.",4350000000,2026-01-05
Pokklaw Anan,True Bangkok United,Thailand,Gel. Tengah,39,"Rp2,61Mlyr.",2610000000,2026-01-05
Luka Adzic,True Bangkok United,Thailand,Sayap Kiri,0,"Rp4,35Mlyr.",4350000000,2026-01-05
Chayawat Srinawong,True Bangkok United,Thailand,Sayap Kiri,19,"Rp1,74Mlyr.",1740000000,2026-01-05
Ilias Alhaft,True Bangkok United,Thailand,Sayap Kanan,0,"Rp6,08Mlyr.",6080000000,2026-01-05
Rungrath Poomchantuek,True Bangkok United,Thailand,Sayap Kanan,0,"Rp3,04Mlyr.",3040000000,2026-01-05
Narakorn Kangkratok,True Bangkok United,Thailand,Sayap Kanan,32,"Rp1,74Mlyr.",1740000000,2026-01-05
Seia Kunori,True Bangkok United,Thailand,Depan-Kedua,17,"Rp7,82Mlyr.",7820000000,2026-01-05
Muhsen Al-Ghassani,True Bangkok United,Thailand,Depan-Tengah,16,"Rp15,64Mlyr.",15640000000,2026-01-05
Richairo Zivkovic,True Bangkok United,Thailand,Depan-Tengah,30,"Rp13,91Mlyr.",13910000000,2026-01-05
Guntapon Keereeleang,True Bangkok United,Thailand,Depan-Tengah,20,"Rp2,61Mlyr.",2610000000,2026-01-05
Teerasil Dangda,True Bangkok United,Thailand,Depan-Tengah,0,"Rp1,74Mlyr.",1740000000,2026-01-05
Kittipun Saensuk,Sukhothai FC,Thailand,Kiper,0,"Rp2,61Mlyr.",2610000000,2026-01-05
Supazin Hnupichai,Sukhothai FC,Thailand,Kiper,18,"Rp1,30Mlyr.",1300000000,2026-01-05
Phanuphong Sunon,Sukhothai FC,Thailand,Kiper,16,-,0,2026-01-05
Thitikit Samerjai,Sukhothai FC,Thailand,Kiper,28,-,0,2026-01-05
Saringkan Promsupa,Sukhothai FC,Thailand,Bek-Tengah,0,"Rp4,35Mlyr.",4350000000,2026-01-05
Cláudio,Sukhothai FC,Thailand,Bek-Tengah,0,"Rp3,48Mlyr.",3480000000,2026-01-05
Sarawut Kanlayanabandit,Sukhothai FC,Thailand,Bek-Tengah,22,"Rp1,30Mlyr.",1300000000,2026-01-05
Pattarapon Suksakit,Sukhothai FC,Thailand,Bek-Tengah,0,"Rp869,08Jt.",869080000,2026-01-05
Chaiyaphon Otton,Sukhothai FC,Thailand,Bek-Kiri,25,"Rp2,61Mlyr.",2610000000,2026-01-05
Surawich Logarwit,Sukhothai FC,Thailand,Bek-Kiri,0,"Rp1,30Mlyr.",1300000000,2026-01-05
Pharadon Phatthaphon,Sukhothai FC,Thailand,Bek-Kiri,19,"Rp869,08Jt.",869080000,2026-01-05
Thiti Thumporn,Sukhothai FC,Thailand,Bek-Kanan,27,"Rp2,17Mlyr.",2170000000,2026-01-05
Romeu,Sukhothai FC,Thailand,Gel. Bertahan,0,"Rp4,35Mlyr.",4350000000,2026-01-05
Tassanapong Mhuaddarak,Sukhothai FC,Thailand,Gel. Bertahan,17,"Rp1,74Mlyr.",1740000000,2026-01-05
Lursan Thiamrat,Sukhothai FC,Thailand,Gel. Tengah,0,"Rp1,30Mlyr.",1300000000,2026-01-05
Narongrit Kamnet,Sukhothai FC,Thailand,Gel. Tengah,23,"Rp1,30Mlyr.",1300000000,2026-01-05
Athirat Jantrapho,Sukhothai FC,Thailand,Gel. Tengah,39,"Rp434,54Jt.",434540000,2026-01-05
Nalu Jandke,Sukhothai FC,Thailand,Gel. Tengah,20,-,0,2026-01-05
John Baggio,Sukhothai FC,Thailand,Gel. Serang,0,"Rp4,78Mlyr.",4780000000,2026-01-05
Ratchanat Aranpiroj,Sukhothai FC,Thailand,Gel. Serang,0,"Rp1,30Mlyr.",1300000000,2026-01-05
Siroch Chatthong,Sukhothai FC,Thailand,Sayap Kiri,35,"Rp2,17Mlyr.",2170000000,2026-01-05
Natthapong Promorn,Sukhothai FC,Thailand,Sayap Kiri,37,"Rp434,54Jt.",434540000,2026-01-05
Mateusinho,Sukhothai FC,Thailand,Sayap Kanan,0,"Rp4,35Mlyr.",4350000000,2026-01-05
Apichart Denman,Sukhothai FC,Thailand,Sayap Kanan,21,"Rp2,17Mlyr.",2170000000,2026-01-05
Eito Ishimoto,Sukhothai FC,Thailand,Sayap Kanan,0,"Rp1,30Mlyr.",1300000000,2026-01-05
Gildo,Sukhothai FC,Thailand,Depan-Tengah,0,"Rp2,17Mlyr.",2170000000,2026-01-05
Phiraphat Khamphaeng,Sukhothai FC,Thailand,Depan-Tengah,29,"Rp434,54Jt.",434540000,2026-01-05
Neil Etheridge,Buriram United,Thailand,Kiper,0,"Rp3,91Mlyr.",3910000000,2026-01-05
Korraphat Nareechan,Buriram United,Thailand,Kiper,29,"Rp1,74Mlyr.",1740000000,2026-01-05
Chatchai Bootprom,Buriram United,Thailand,Kiper,34,"Rp1,30Mlyr.",1300000000,2026-01-05
Kittipong Bunmak,Buriram United,Thailand,Kiper,35,-,0,2026-01-05
Anut Samran,Buriram United,Thailand,Kiper,0,-,0,2026-01-05
Robert Bauer,Buriram United,Thailand,Bek-Tengah,0,"Rp7,82Mlyr.",7820000000,2026-01-05
Kenny Dougall,Buriram United,Thailand,Bek-Tengah,16,"Rp6,95Mlyr.",6950000000,2026-01-05
Myeong-seok Ko,Buriram United,Thailand,Bek-Tengah,22,"Rp6,95Mlyr.",6950000000,2026-01-05
Edu Mancha,Buriram United,Thailand,Bek-Tengah,40,"Rp6,95Mlyr.",6950000000,2026-01-05
Juan Ibiza,Buriram United,Thailand,Bek-Tengah,0,"Rp6,08Mlyr.",6080000000,2026-01-05
Curtis Good,Buriram United,Thailand,Bek-Tengah,0,"Rp5,21Mlyr.",5210000000,2026-01-05
Elias Dolah,Buriram United,Thailand,Bek-Tengah,24,"Rp5,21Mlyr.",5210000000,2026-01-05
Shinnaphat Leeaoh,Buriram United,Thailand,Bek-Tengah,0,"Rp4,35Mlyr.",4350000000,2026-01-05
Pansa Hemviboon,Buriram United,Thailand,Bek-Tengah,0,"Rp1,74Mlyr.",1740000000,2026-01-05
Sasalak Haiprakhon,Buriram United,Thailand,Bek-Kiri,0,"Rp6,95Mlyr.",6950000000,2026-01-05
Shayne Pattynama,Buriram United,Thailand,Bek-Kiri,20,"Rp6,08Mlyr.",6080000000,2026-01-05
Sandy Walsh,Buriram United,Thailand,Bek-Kanan,0,"Rp12,17Mlyr.",12170000000,2026-01-05
Filip Stojkovic,Buriram United,Thailand,Bek-Kanan,30,"Rp4,78Mlyr.",4780000000,2026-01-05
Narubadin Weerawatnodom,Buriram United,Thailand,Bek-Kanan,0,"Rp4,35Mlyr.",4350000000,2026-01-05
Phitiwat Sookjitthammakul,Buriram United,Thailand,Gel. Bertahan,27,"Rp6,08Mlyr.",6080000000,2026-01-05
Theerathon Bunmathan,Buriram United,Thailand,Gel. Bertahan,0,"Rp3,48Mlyr.",3480000000,2026-01-05
Ratthanakorn Maikami,Buriram United,Thailand,Gel. Bertahan,0,"Rp3,48Mlyr.",3480000000,2026-01-05
Pontakron Hanrattana,Buriram United,Thailand,Gel. Bertahan,0,"Rp1,30Mlyr.",1300000000,2026-01-05
Goran Causic,Buriram United,Thailand,Gel. Tengah,23,"Rp8,69Mlyr.",8690000000,2026-01-05
Peter Zulj,Buriram United,Thailand,Gel. Tengah,44,"Rp7,82Mlyr.",7820000000,2026-01-05
Robert Zulj,Buriram United,Thailand,Gel. Serang,32,"Rp13,91Mlyr.",13910000000,2026-01-05
Emmanuel Toku,Buriram United,Thailand,Gel. Serang,26,"Rp6,95Mlyr.",6950000000,2026-01-05
Thanakrit Chotmuangpak,Buriram United,Thailand,Gel. Serang,33,"Rp3,48Mlyr.",3480000000,2026-01-05
Kingsley Schindler,Buriram United,Thailand,Sayap Kanan,19,"Rp12,17Mlyr.",12170000000,2026-01-05
Pathompon Charoenrattanapirom,Buriram United,Thailand,Sayap Kanan,0,"Rp3,48Mlyr.",3480000000,2026-01-05
Bissoli,Buriram United,Thailand,Depan-Tengah,0,"Rp34,76Mlyr.",34760000000,2026-01-05
Suphanat Mueanta,Buriram United,Thailand,Depan-Tengah,0,"Rp17,38Mlyr.",17380000000,2026-01-05
Supachai Chaided,Buriram United,Thailand,Depan-Tengah,0,"Rp15,64Mlyr.",15640000000,2026-01-05
Djordje Despotovic,Buriram United,Thailand,Depan-Tengah,21,"Rp6,08Mlyr.",6080000000,2026-01-05
Rubén Sánchez,Buriram United,Thailand,Depan-Tengah,28,"Rp6,08Mlyr.",6080000000,2026-01-05
Ilhan Fandi,Buriram United,Thailand,Depan-Tengah,17,"Rp3,48Mlyr.",3480000000,2026-01-05
Nathakorn Rattanasuwan,Buriram United,Thailand,Depan-Tengah,0,-,0,2026-01-05
Somporn Yos,Port FC,Thailand,Kiper,0,"Rp2,61Mlyr.",2610000000,2026-01-05
Michael Falkesgaard,Port FC,Thailand,Kiper,0,"Rp1,30Mlyr.",1300000000,2026-01-05
Sarawut Konglap,Port FC,Thailand,Kiper,0,-,0,2026-01-05
Rangsiman Kemmueang,Port FC,Thailand,Kiper,40,-,0,2026-01-05
Matheus Lins,Port FC,Thailand,Bek-Tengah,0,"Rp6,08Mlyr.",6080000000,2026-01-05
Irfan Fandi,Port FC,Thailand,Bek-Tengah,17,"Rp4,35Mlyr.",4350000000,2026-01-05
Peerawat Akkratum,Port FC,Thailand,Bek-Tengah,36,"Rp3,48Mlyr.",3480000000,2026-01-05
Chinnawat Wongchai,Port FC,Thailand,Bek-Tengah,16,"Rp1,74Mlyr.",1740000000,2026-01-05
Rebin Sulaka,Port FC,Thailand,Bek-Tengah,22,"Rp1,74Mlyr.",1740000000,2026-01-05
Pichitchai Sienkrthok,Port FC,Thailand,Bek-Tengah,0,"Rp1,30Mlyr.",1300000000,2026-01-05
Chaiyawat Buran,Port FC,Thailand,Bek-Kiri,26,"Rp2,61Mlyr.",2610000000,2026-01-05
Hugo Boutsingkham,Port FC,Thailand,Bek-Kiri,23,"Rp1,30Mlyr.",1300000000,2026-01-05
Asnawi Mangkualam,Port FC,Thailand,Bek-Kanan,0,"Rp7,82Mlyr.",7820000000,2026-01-05
Suphanan Bureerat,Port FC,Thailand,Bek-Kanan,0,"Rp4,35Mlyr.",4350000000,2026-01-05
Noboru Shimura,Port FC,Thailand,Gel. Bertahan,33,"Rp5,21Mlyr.",5210000000,2026-01-05
Tanaboon Kesarat,Port FC,Thailand,Gel. Bertahan,0,"Rp2,61Mlyr.",2610000000,2026-01-05
Sittha Boonlha,Port FC,Thailand,Gel. Bertahan,0,"Rp2,17Mlyr.",2170000000,2026-01-05
Peeradol Chamrasamee,Port FC,Thailand,Gel. Tengah,0,"Rp4,35Mlyr.",4350000000,2026-01-05
Worachit Kanitsribumphen,Port FC,Thailand,Gel. Serang,44,"Rp6,08Mlyr.",6080000000,2026-01-05
Sivakorn Tiatrakul,Port FC,Thailand,Gel. Serang,21,"Rp3,48Mlyr.",3480000000,2026-01-05
Chanukan Karin,Port FC,Thailand,Gel. Serang,0,"Rp2,61Mlyr.",2610000000,2026-01-05
Athit Berg,Port FC,Thailand,Gel. Serang,0,"Rp2,61Mlyr.",2610000000,2026-01-05
Bordin Phala,Port FC,Thailand,Sayap Kiri,0,"Rp6,95Mlyr.",6950000000,2026-01-05
Kaká Mendes,Port FC,Thailand,Sayap Kiri,0,"Rp3,48Mlyr.",3480000000,2026-01-05
Natthakit Phosri,Port FC,Thailand,Sayap Kiri,38,"Rp869,08Jt.",869080000,2026-01-05
Lucas Tocantins,Port FC,Thailand,Sayap Kanan,27,"Rp3,04Mlyr.",3040000000,2026-01-05
Teerasak Poeiphimai,Port FC,Thailand,Depan-Tengah,0,"Rp7,82Mlyr.",7820000000,2026-01-05
Brayan Perea,Port FC,Thailand,Depan-Tengah,18,"Rp6,08Mlyr.",6080000000,2026-01-05
Matheus Pato,Port FC,Thailand,Depan-Tengah,0,"Rp4,35Mlyr.",4350000000,2026-01-05
Leonardo Kalil,Port FC,Thailand,Depan-Tengah,0,"Rp2,17Mlyr.",2170000000,2026-01-05
Caelan Ryan,Port FC,Thailand,Depan-Tengah,29,"Rp434,54Jt.",434540000,2026-01-05
Saranon Anuin,BG Pathum United,Thailand,Kiper,28,"Rp4,35Mlyr.",4350000000,2026-01-05
Nalawich Inthacharoen,BG Pathum United,Thailand,Kiper,0,"Rp869,08Jt.",869080000,2026-01-05
Pisan Dorkmaikaew,BG Pathum United,Thailand,Kiper,0,"Rp869,08Jt.",869080000,2026-01-05
Rattanachat Neamthaisong,BG Pathum United,Thailand,Kiper,26,-,0,2026-01-05
Takaki Ose,BG Pathum United,Thailand,Bek-Tengah,0,"Rp3,48Mlyr.",3480000000,2026-01-05
Nika Sandokhadze,BG Pathum United,Thailand,Bek-Tengah,16,"Rp3,48Mlyr.",3480000000,2026-01-05
Chanapach Buaphan,BG Pathum United,Thailand,Bek-Tengah,0,"Rp2,17Mlyr.",2170000000,2026-01-05
Nattawut Wongsawang,BG Pathum United,Thailand,Bek-Tengah,0,"Rp869,08Jt.",869080000,2026-01-05
Nathan James,BG Pathum United,Thailand,Bek-Tengah,22,"Rp434,54Jt.",434540000,2026-01-05
Sanchai Nonthasila,BG Pathum United,Thailand,Bek-Kiri,0,"Rp2,61Mlyr.",2610000000,2026-01-05
Warinthon Jamnongwat,BG Pathum United,Thailand,Bek-Kiri,29,"Rp2,17Mlyr.",2170000000,2026-01-05
Chanon Tamma,BG Pathum United,Thailand,Bek-Kiri,0,"Rp2,17Mlyr.",2170000000,2026-01-05
Photthavong Sangvilay,BG Pathum United,Thailand,Bek-Kiri,33,"Rp1,74Mlyr.",1740000000,2026-01-05
Waris Choolthong,BG Pathum United,Thailand,Bek-Kanan,0,"Rp3,48Mlyr.",3480000000,2026-01-05
Riku Matsuda,BG Pathum United,Thailand,Bek-Kanan,0,"Rp2,61Mlyr.",2610000000,2026-01-05
Kritsada Kaman,BG Pathum United,Thailand,Gel. Bertahan,0,"Rp6,95Mlyr.",6950000000,2026-01-05
Sarach Yooyen,BG Pathum United,Thailand,Gel. Bertahan,0,"Rp4,35Mlyr.",4350000000,2026-01-05
Gakuto Notsuda,BG Pathum United,Thailand,Gel. Tengah,17,"Rp6,95Mlyr.",6950000000,2026-01-05
Chatmongkol Tongkiri,BG Pathum United,Thailand,Gel. Tengah,0,"Rp2,61Mlyr.",2610000000,2026-01-05
Pongrawit Jantawong,BG Pathum United,Thailand,Gel. Tengah,27,"Rp1,74Mlyr.",1740000000,2026-01-05
Chanathip Songkrasin,BG Pathum United,Thailand,Gel. Serang,18,"Rp13,91Mlyr.",13910000000,2026-01-05
Ekanit Panya,BG Pathum United,Thailand,Gel. Serang,0,"Rp6,08Mlyr.",6080000000,2026-01-05
Yoshiaki Takagi,BG Pathum United,Thailand,Gel. Serang,0,"Rp4,35Mlyr.",4350000000,2026-01-05
Itthimon Tippanet,BG Pathum United,Thailand,Sayap Kiri,30,-,0,2026-01-05
Thiraphat Puethong,BG Pathum United,Thailand,Sayap Kanan,0,"Rp1,74Mlyr.",1740000000,2026-01-05
Surachat Sareepim,BG Pathum United,Thailand,Sayap Kanan,0,"Rp869,08Jt.",869080000,2026-01-05
Thanakrit Laorkai,BG Pathum United,Thailand,Sayap Kanan,0,-,0,2026-01-05
Pichaya Chaiwarangkun,BG Pathum United,Thailand,Sayap Kanan,19,-,0,2026-01-05
Raniel,BG Pathum United,Thailand,Depan-Tengah,0,"Rp13,04Mlyr.",13040000000,2026-01-05
Tomoyuki Doi,BG Pathum United,Thailand,Depan-Tengah,0,"Rp8,69Mlyr.",8690000000,2026-01-05
Patrik Gustavsson,BG Pathum United,Thailand,Depan-Tengah,0,"Rp6,95Mlyr.",6950000000,2026-01-05
Matheus Fornazari,BG Pathum United,Thailand,Depan-Tengah,0,"Rp6,08Mlyr.",6080000000,2026-01-05
Ikhsan Fandi,BG Pathum United,Thailand,Depan-Tengah,0,"Rp4,35Mlyr.",4350000000,2026-01-05
Siwakorn Ponsan,BG Pathum United,Thailand,Depan-Tengah,0,"Rp434,54Jt.",434540000,2026-01-05
Witthawat Phraothaisong,BG Pathum United,Thailand,Depan-Tengah,0,-,0,2026-01-05
Quincy Kammeraad,Kuala Lumpur City FC,Malaysia,Kiper,0,"Rp3,48Mlyr.",3480000000,2026-01-05
Hafizul Hakim,Kuala Lumpur City FC,Malaysia,Kiper,22,"Rp1,30Mlyr.",1300000000,2026-01-05
Asyraaf Omar,Kuala Lumpur City FC,Malaysia,Kiper,30,-,0,2026-01-05
Giancarlo Gallifuoco,Kuala Lumpur City FC,Malaysia,Bek-Tengah,0,"Rp5,21Mlyr.",5210000000,2026-01-05
Dmytro Lytvyn,Kuala Lumpur City FC,Malaysia,Bek-Tengah,0,"Rp4,78Mlyr.",4780000000,2026-01-05
Adam Nor Azlin,Kuala Lumpur City FC,Malaysia,Bek-Tengah,0,"Rp3,04Mlyr.",3040000000,2026-01-05
Declan Lambert,Kuala Lumpur City FC,Malaysia,Bek-Kiri,0,"Rp4,78Mlyr.",4780000000,2026-01-05
Syazwan Andik,Kuala Lumpur City FC,Malaysia,Bek-Kiri,23,"Rp2,17Mlyr.",2170000000,2026-01-05
Kamal Azizi,Kuala Lumpur City FC,Malaysia,Bek-Kanan,0,"Rp3,04Mlyr.",3040000000,2026-01-05
Azrif Nasrulhaq,Kuala Lumpur City FC,Malaysia,Bek-Kanan,20,"Rp1,30Mlyr.",1300000000,2026-01-05
Kenny Pallraj,Kuala Lumpur City FC,Malaysia,Gel. Bertahan,21,"Rp2,61Mlyr.",2610000000,2026-01-05
Ryan Lambert,Kuala Lumpur City FC,Malaysia,Gel. Tengah,0,"Rp4,78Mlyr.",4780000000,2026-01-05
Zhafri Yahya,Kuala Lumpur City FC,Malaysia,Gel. Tengah,0,"Rp4,35Mlyr.",4350000000,2026-01-05
Syamer Kutty,Kuala Lumpur City FC,Malaysia,Gel. Tengah,0,"Rp3,48Mlyr.",3480000000,2026-01-05
Gorka Larrucea,Kuala Lumpur City FC,Malaysia,Gel. Tengah,24,"Rp3,48Mlyr.",3480000000,2026-01-05
Amirul Aiman,Kuala Lumpur City FC,Malaysia,Gel. Tengah,34,"Rp434,54Jt.",434540000,2026-01-05
Madger Gomes,Kuala Lumpur City FC,Malaysia,Gel. Tengah,0,-,0,2026-01-05
Víctor Ruiz,Kuala Lumpur City FC,Malaysia,Gel. Serang,0,"Rp3,04Mlyr.",3040000000,2026-01-05
Fazrul Amir,Kuala Lumpur City FC,Malaysia,Sayap Kiri,17,"Rp2,17Mlyr.",2170000000,2026-01-05
Nicolao Cardoso,Kuala Lumpur City FC,Malaysia,Sayap Kiri,0,"Rp2,17Mlyr.",2170000000,2026-01-05
Enzo Cora,Kuala Lumpur City FC,Malaysia,Sayap Kiri,0,"Rp434,54Jt.",434540000,2026-01-05
Safawi Rasid,Kuala Lumpur City FC,Malaysia,Sayap Kanan,0,"Rp5,21Mlyr.",5210000000,2026-01-05
S. Sharvin,Kuala Lumpur City FC,Malaysia,Sayap Kanan,0,"Rp869,08Jt.",869080000,2026-01-05
Kpah Sherman,Kuala Lumpur City FC,Malaysia,Depan-Tengah,0,"Rp3,91Mlyr.",3910000000,2026-01-05
Haqimi Azim,Kuala Lumpur City FC,Malaysia,Depan-Tengah,37,"Rp3,91Mlyr.",3910000000,2026-01-05
Paulo Josué,Kuala Lumpur City FC,Malaysia,Depan-Tengah,28,"Rp3,48Mlyr.",3480000000,2026-01-05
Ramadhan Hamid,Penang FC,Malaysia,Kiper,22,"Rp1,74Mlyr.",1740000000,2026-01-05
Khairulazhan Khalid,Penang FC,Malaysia,Kiper,0,"Rp1,30Mlyr.",1300000000,2026-01-05
Khatul Anuar,Penang FC,Malaysia,Kiper,0,"Rp434,54Jt.",434540000,2026-01-05
Ashriq Izzat,Penang FC,Malaysia,Kiper,36,-,0,2026-01-05
Aidil Wafiy,Penang FC,Malaysia,Bek,0,-,0,2026-01-05
Stefano Brundo,Penang FC,Malaysia,Bek-Tengah,0,"Rp4,35Mlyr.",4350000000,2026-01-05
Akmal Zahir,Penang FC,Malaysia,Bek-Tengah,0,"Rp2,61Mlyr.",2610000000,2026-01-05
Khairul Akmal Rokisham,Penang FC,Malaysia,Bek-Tengah,0,"Rp2,17Mlyr.",2170000000,2026-01-05
Faith Obilor,Penang FC,Malaysia,Bek-Tengah,0,"Rp1,74Mlyr.",1740000000,2026-01-05
Adib Ra'op,Penang FC,Malaysia,Bek-Kiri,0,"Rp4,35Mlyr.",4350000000,2026-01-05
Ariff Farhan,Penang FC,Malaysia,Bek-Kanan,27,"Rp3,48Mlyr.",3480000000,2026-01-05
Ahmad Irfan,Penang FC,Malaysia,Bek-Kanan,16,"Rp1,30Mlyr.",1300000000,2026-01-05
Hasbullah Abu Bakar,Penang FC,Malaysia,Gel. Bertahan,35,"Rp3,04Mlyr.",3040000000,2026-01-05
Haziq Kutty,Penang FC,Malaysia,Gel. Bertahan,0,"Rp1,74Mlyr.",1740000000,2026-01-05
Syakirin Fadzli,Penang FC,Malaysia,Gelandang,0,-,0,2026-01-05
Amirul Hisyam,Penang FC,Malaysia,Gel. Tengah,0,"Rp3,04Mlyr.",3040000000,2026-01-05
Izzat Zikri Iziruddin,Penang FC,Malaysia,Gel. Tengah,0,"Rp2,61Mlyr.",2610000000,2026-01-05
Firdaus Saiyadi,Penang FC,Malaysia,Gel. Tengah,0,"Rp2,17Mlyr.",2170000000,2026-01-05
Thiago Fernandes,Penang FC,Malaysia,Gel. Serang,0,"Rp869,08Jt.",869080000,2026-01-05
In-gyu Lim,Penang FC,Malaysia,Gel. Serang,0,"Rp434,54Jt.",434540000,2026-01-05
Ruo Han,Penang FC,Malaysia,Gel. Serang,19,"Rp434,54Jt.",434540000,2026-01-05
Danilo Sipovac,Penang FC,Malaysia,Sayap Kiri,20,"Rp3,91Mlyr.",3910000000,2026-01-05
Alif Ikmalrizal,Penang FC,Malaysia,Sayap Kiri,0,"Rp1,74Mlyr.",1740000000,2026-01-05
OJ Porteria,Penang FC,Malaysia,Sayap Kiri,0,"Rp1,30Mlyr.",1300000000,2026-01-05
Akid Zamri,Penang FC,Malaysia,Sayap Kiri,28,"Rp1,30Mlyr.",1300000000,2026-01-05
Dylan Wenzel-Halls,Penang FC,Malaysia,Sayap Kanan,0,"Rp4,78Mlyr.",4780000000,2026-01-05
Wan Zack Haikal,Penang FC,Malaysia,Sayap Kanan,0,"Rp869,08Jt.",869080000,2026-01-05
Kipré Tchetche,Penang FC,Malaysia,Depan-Tengah,23,"Rp1,74Mlyr.",1740000000,2026-01-05
Bruno Suzuki,Penang FC,Malaysia,Depan-Tengah,0,"Rp1,30Mlyr.",1300000000,2026-01-05
Damyan Damyanov,Kelantan The Real Warriors,Malaysia,Kiper,0,"Rp2,61Mlyr.",2610000000,2026-01-05
Azfar Arif,Kelantan The Real Warriors,Malaysia,Kiper,18,"Rp1,74Mlyr.",1740000000,2026-01-05
Fikri Che Soh,Kelantan The Real Warriors,Malaysia,Kiper,33,"Rp869,08Jt.",869080000,2026-01-05
Alexandre Yeoulé,Kelantan The Real Warriors,Malaysia,Bek-Tengah,0,"Rp4,35Mlyr.",4350000000,2026-01-05
Rakesh Munusamy,Kelantan The Real Warriors,Malaysia,Bek-Tengah,0,"Rp434,54Jt.",434540000,2026-01-05
Nik Umar Nik Aziz,Kelantan The Real Warriors,Malaysia,Bek-Tengah,0,-,0,2026-01-05
Yusuf Sesay,Kelantan The Real Warriors,Malaysia,Bek-Tengah,0,-,0,2026-01-05
Azwan Aripin,Kelantan The Real Warriors,Malaysia,Bek-Kiri,23,"Rp3,04Mlyr.",3040000000,2026-01-05
Simen Lyngbø,Kelantan The Real Warriors,Malaysia,Bek-Kanan,0,"Rp3,04Mlyr.",3040000000,2026-01-05
Wan Amirul Afiq,Kelantan The Real Warriors,Malaysia,Bek-Kanan,0,"Rp1,74Mlyr.",1740000000,2026-01-05
Faris Shah Rosli,Kelantan The Real Warriors,Malaysia,Bek-Kanan,0,"Rp1,30Mlyr.",1300000000,2026-01-05
Sebastian Avanzini,Kelantan The Real Warriors,Malaysia,Gel. Bertahan,0,"Rp3,04Mlyr.",3040000000,2026-01-05
Saifu Izamander,Kelantan The Real Warriors,Malaysia,Gelandang,27,-,0,2026-01-05
Azam Azih,Kelantan The Real Warriors,Malaysia,Gel. Tengah,0,"Rp4,35Mlyr.",4350000000,2026-01-05
Habib Haroon,Kelantan The Real Warriors,Malaysia,Gel. Tengah,0,"Rp3,91Mlyr.",3910000000,2026-01-05
Albert Kang,Kelantan The Real Warriors,Malaysia,Gel. Tengah,0,"Rp3,04Mlyr.",3040000000,2026-01-05
Danial Haqim Deraman,Kelantan The Real Warriors,Malaysia,Gel. Tengah,20,"Rp869,08Jt.",869080000,2026-01-05
Asraff Aliffuddin Yasin,Kelantan The Real Warriors,Malaysia,Gel. Tengah,0,"Rp869,08Jt.",869080000,2026-01-05
Syahir Abdul Rashid,Kelantan The Real Warriors,Malaysia,Gel. Serang,25,"Rp1,30Mlyr.",1300000000,2026-01-05
T. Saravanan,Kelantan The Real Warriors,Malaysia,Sayap Kiri,26,"Rp2,61Mlyr.",2610000000,2026-01-05
Farris Izdiham,Kelantan The Real Warriors,Malaysia,Sayap Kiri,29,"Rp2,17Mlyr.",2170000000,2026-01-05
Syafik Ismail,Kelantan The Real Warriors,Malaysia,Sayap Kiri,17,"Rp1,30Mlyr.",1300000000,2026-01-05
Prince Aggreh,Kelantan The Real Warriors,Malaysia,Sayap Kiri,0,-,0,2026-01-05
Hein Htet Aung,Kelantan The Real Warriors,Malaysia,Sayap Kanan,30,"Rp3,91Mlyr.",3910000000,2026-01-05
Sean Selvaraj,Kelantan The Real Warriors,Malaysia,Sayap Kanan,0,"Rp1,30Mlyr.",1300000000,2026-01-05
Khairul Izuan Rosli,Kelantan The Real Warriors,Malaysia,Depan-Kedua,21,-,0,2026-01-05
Noel Mbo,Kelantan The Real Warriors,Malaysia,Depan-Tengah,36,"Rp4,78Mlyr.",4780000000,2026-01-05
Ifedayo Olusegun,Kelantan The Real Warriors,Malaysia,Depan-Tengah,0,"Rp2,17Mlyr.",2170000000,2026-01-05
Abdul Sesay,Kelantan The Real Warriors,Malaysia,Depan-Tengah,24,"Rp869,08Jt.",869080000,2026-01-05
Syaahir Saiful Nizam,Kelantan The Real Warriors,Malaysia,Depan-Tengah,19,"Rp434,54Jt.",434540000,2026-01-05
Syihan Hazmi,Johor Darul Ta'zim,Malaysia,Kiper,16,"Rp6,52Mlyr.",6520000000,2026-01-05
Andoni Zubiaurre,Johor Darul Ta'zim,Malaysia,Kiper,0,"Rp4,78Mlyr.",4780000000,2026-01-05
Christian Abad,Johor Darul Ta'zim,Malaysia,Kiper,0,"Rp434,54Jt.",434540000,2026-01-05
Antonio Glauder,Johor Darul Ta'zim,Malaysia,Bek-Tengah,0,"Rp11,30Mlyr.",11300000000,2026-01-05
Jun-heong Park,Johor Darul Ta'zim,Malaysia,Bek-Tengah,0,"Rp4,78Mlyr.",4780000000,2026-01-05
Shahrul Saad,Johor Darul Ta'zim,Malaysia,Bek-Tengah,0,"Rp3,48Mlyr.",3480000000,2026-01-05
Feroz Baharudin,Johor Darul Ta'zim,Malaysia,Bek-Tengah,0,"Rp3,48Mlyr.",3480000000,2026-01-05
Eddy Israfilov,Johor Darul Ta'zim,Malaysia,Bek-Tengah,23,"Rp3,48Mlyr.",3480000000,2026-01-05
Shane Lowry,Johor Darul Ta'zim,Malaysia,Bek-Tengah,0,"Rp1,74Mlyr.",1740000000,2026-01-05
Jon Irazábal,Johor Darul Ta'zim,Malaysia,Bek-Tengah,17,-,0,2026-01-05
Miquel Cuesta,Johor Darul Ta'zim,Malaysia,Bek-Tengah,44,-,0,2026-01-05
Jonathan Silva,Johor Darul Ta'zim,Malaysia,Bek-Kiri,33,"Rp9,56Mlyr.",9560000000,2026-01-05
La'Vere Corbin-Ong,Johor Darul Ta'zim,Malaysia,Bek-Kiri,22,"Rp2,61Mlyr.",2610000000,2026-01-05
Matthew Davies,Johor Darul Ta'zim,Malaysia,Bek-Kanan,0,"Rp7,82Mlyr.",7820000000,2026-01-05
Raúl Parra,Johor Darul Ta'zim,Malaysia,Bek-Kanan,36,"Rp3,48Mlyr.",3480000000,2026-01-05
Syahmi Safari,Johor Darul Ta'zim,Malaysia,Bek-Kanan,0,"Rp1,30Mlyr.",1300000000,2026-01-05
Nené,Johor Darul Ta'zim,Malaysia,Gel. Bertahan,18,"Rp17,38Mlyr.",17380000000,2026-01-05
Hong Wan,Johor Darul Ta'zim,Malaysia,Gel. Bertahan,0,"Rp3,04Mlyr.",3040000000,2026-01-05
Ibrahim Manusi,Johor Darul Ta'zim,Malaysia,Gel. Bertahan,27,"Rp1,74Mlyr.",1740000000,2026-01-05
Nacho Méndez,Johor Darul Ta'zim,Malaysia,Gel. Tengah,28,"Rp22,60Mlyr.",22600000000,2026-01-05
Afiq Fazail,Johor Darul Ta'zim,Malaysia,Gel. Tengah,0,"Rp5,21Mlyr.",5210000000,2026-01-05
Nazmi Faiz,Johor Darul Ta'zim,Malaysia,Gel. Tengah,21,"Rp3,04Mlyr.",3040000000,2026-01-05
Natxo Insa,Johor Darul Ta'zim,Malaysia,Gel. Tengah,30,"Rp869,08Jt.",869080000,2026-01-05
Hector Hevel,Johor Darul Ta'zim,Malaysia,Gel. Tengah,0,-,0,2026-01-05
Óscar Arribas,Johor Darul Ta'zim,Malaysia,Sayap Kiri,24,"Rp8,69Mlyr.",8690000000,2026-01-05
Yago César,Johor Darul Ta'zim,Malaysia,Sayap Kiri,0,"Rp5,21Mlyr.",5210000000,2026-01-05
Enzo Lombardo,Johor Darul Ta'zim,Malaysia,Sayap Kiri,0,"Rp4,78Mlyr.",4780000000,2026-01-05
Franco Casquete,Johor Darul Ta'zim,Malaysia,Sayap Kiri,0,-,0,2026-01-05
Marcos Guilherme,Johor Darul Ta'zim,Malaysia,Sayap Kanan,0,"Rp13,04Mlyr.",13040000000,2026-01-05
Ager Aketxe,Johor Darul Ta'zim,Malaysia,Sayap Kanan,0,"Rp13,04Mlyr.",13040000000,2026-01-05
Arif Aiman,Johor Darul Ta'zim,Malaysia,Sayap Kanan,42,"Rp12,17Mlyr.",12170000000,2026-01-05
Teto Martín,Johor Darul Ta'zim,Malaysia,Sayap Kanan,20,"Rp7,82Mlyr.",7820000000,2026-01-05
Samu Castillejo,Johor Darul Ta'zim,Malaysia,Sayap Kanan,0,"Rp6,52Mlyr.",6520000000,2026-01-05
Manuel Hidalgo,Johor Darul Ta'zim,Malaysia,Sayap Kanan,0,"Rp5,65Mlyr.",5650000000,2026-01-05
Moussa Sidibé,Johor Darul Ta'zim,Malaysia,Sayap Kanan,0,"Rp4,78Mlyr.",4780000000,2026-01-05
Heberty,Johor Darul Ta'zim,Malaysia,Depan-Kedua,37,"Rp3,91Mlyr.",3910000000,2026-01-05
Jairo,Johor Darul Ta'zim,Malaysia,Depan-Tengah,0,"Rp13,91Mlyr.",13910000000,2026-01-05
Bérgson,Johor Darul Ta'zim,Malaysia,Depan-Tengah,0,"Rp6,08Mlyr.",6080000000,2026-01-05
Romel Morales,Johor Darul Ta'zim,Malaysia,Depan-Tengah,19,"Rp5,65Mlyr.",5650000000,2026-01-05
João Figueiredo,Johor Darul Ta'zim,Malaysia,Depan-Tengah,25,-,0,2026-01-05
Celso Bermejo,Johor Darul Ta'zim,Malaysia,Depan-Tengah,0,-,0,2026-01-05
Haziq Nadzli,Kuching City,Malaysia,Kiper,20,"Rp4,78Mlyr.",4780000000,2026-01-05
Wan Azraie,Kuching City,Malaysia,Kiper,39,"Rp434,54Jt.",434540000,2026-01-05
Shahril Sa'ari,Kuching City,Malaysia,Kiper,0,"Rp434,54Jt.",434540000,2026-01-05
Syafie Mursalim,Kuching City,Malaysia,Kiper,0,-,0,2026-01-05
Yuki Tanigawa,Kuching City,Malaysia,Bek-Tengah,0,"Rp5,21Mlyr.",5210000000,2026-01-05
Rodney Celvin,Kuching City,Malaysia,Bek-Tengah,0,"Rp3,48Mlyr.",3480000000,2026-01-05
James Okwuosa,Kuching City,Malaysia,Bek-Tengah,35,"Rp1,30Mlyr.",1300000000,2026-01-05
Yohanis Daniel,Kuching City,Malaysia,Bek-Tengah,0,-,0,2026-01-05
Scott Woods,Kuching City,Malaysia,Bek-Kiri,0,"Rp3,04Mlyr.",3040000000,2026-01-05
Arif Fadzilah,Kuching City,Malaysia,Bek-Kiri,0,"Rp3,04Mlyr.",3040000000,2026-01-05
Filemon Anyie,Kuching City,Malaysia,Bek-Kiri,27,"Rp1,74Mlyr.",1740000000,2026-01-05
Jimmy Raymond,Kuching City,Malaysia,Bek-Kanan,0,"Rp3,91Mlyr.",3910000000,2026-01-05
Moses Atede,Kuching City,Malaysia,Gel. Bertahan,25,"Rp6,08Mlyr.",6080000000,2026-01-05
Danial Amier,Kuching City,Malaysia,Gel. Tengah,21,"Rp3,04Mlyr.",3040000000,2026-01-05
Alif Hassan,Kuching City,Malaysia,Gel. Tengah,44,"Rp2,17Mlyr.",2170000000,2026-01-05
Diego Baggio,Kuching City,Malaysia,Gel. Tengah,0,"Rp1,74Mlyr.",1740000000,2026-01-05
Petrus Shitembi,Kuching City,Malaysia,Gel. Serang,0,"Rp2,17Mlyr.",2170000000,2026-01-05
Wesley Azcang Milkias,Kuching City,Malaysia,Gel. Serang,0,-,0,2026-01-05
Ramadhan Saifullah,Kuching City,Malaysia,Sayap Kiri,0,"Rp3,91Mlyr.",3910000000,2026-01-05
Zharmien Ashraf,Kuching City,Malaysia,Sayap Kiri,29,-,0,2026-01-05
Shamie Iszuan,Kuching City,Malaysia,Sayap Kanan,0,"Rp2,61Mlyr.",2610000000,2026-01-05
Danial Asri,Kuching City,Malaysia,Sayap Kanan,17,"Rp2,61Mlyr.",2610000000,2026-01-05
João Pedro,Kuching City,Malaysia,Sayap Kanan,22,"Rp2,61Mlyr.",2610000000,2026-01-05
Zahrul Zulkeflee,Kuching City,Malaysia,Sayap Kanan,0,"Rp1,74Mlyr.",1740000000,2026-01-05
Amir Amri Salleh,Kuching City,Malaysia,Sayap Kanan,0,"Rp869,08Jt.",869080000,2026-01-05
Aiman Asyraf Napi,Kuching City,Malaysia,Sayap Kanan,0,-,0,2026-01-05
Jordan Mintah,Kuching City,Malaysia,Depan-Tengah,28,"Rp4,78Mlyr.",4780000000,2026-01-05
Ronald Ngah,Kuching City,Malaysia,Depan-Tengah,18,"Rp2,61Mlyr.",2610000000,2026-01-05
Gabriel Nistelrooy,Kuching City,Malaysia,Depan-Tengah,19,"Rp869,08Jt.",869080000,2026-01-05
Hazwan Bakri,Kuching City,Malaysia,Depan-Tengah,0,"Rp434,54Jt.",434540000,2026-01-05
Zarif Irfan,Immigration FC,Malaysia,Kiper,0,"Rp2,61Mlyr.",2610000000,2026-01-05
Shaiful Wazizi,Immigration FC,Malaysia,Kiper,35,"Rp434,54Jt.",434540000,2026-01-05
Farhan Abdul Majid,Immigration FC,Malaysia,Kiper,43,"Rp173,82Jt.",173820000,2026-01-05
Amirali Chegini,Immigration FC,Malaysia,Bek-Tengah,0,"Rp4,35Mlyr.",4350000000,2026-01-05
Milani,Immigration FC,Malaysia,Bek-Tengah,0,"Rp1,30Mlyr.",1300000000,2026-01-05
Loqman Hakim,Immigration FC,Malaysia,Bek-Tengah,0,"Rp1,30Mlyr.",1300000000,2026-01-05
Farid Nezal,Immigration FC,Malaysia,Bek-Tengah,0,"Rp1,30Mlyr.",1300000000,2026-01-05
Hanafie Tokyo,Immigration FC,Malaysia,Bek-Tengah,22,"Rp434,54Jt.",434540000,2026-01-05
Keron Ornchaiyaphum,Immigration FC,Malaysia,Bek-Kiri,0,"Rp2,17Mlyr.",2170000000,2026-01-05
Azmeer Aris,Immigration FC,Malaysia,Bek-Kiri,37,"Rp434,54Jt.",434540000,2026-01-05
Aiman Yusni,Immigration FC,Malaysia,Bek-Kanan,0,"Rp2,17Mlyr.",2170000000,2026-01-05
Rizal Ghazali,Immigration FC,Malaysia,Bek-Kanan,0,"Rp2,17Mlyr.",2170000000,2026-01-05
Heshamudin Ahmad,Immigration FC,Malaysia,Bek-Kanan,30,"Rp173,82Jt.",173820000,2026-01-05
Pedro Santos,Immigration FC,Malaysia,Gel. Bertahan,0,"Rp1,30Mlyr.",1300000000,2026-01-05
Fadzrul Danel,Immigration FC,Malaysia,Gel. Tengah,20,"Rp2,61Mlyr.",2610000000,2026-01-05
Halim Saari,Immigration FC,Malaysia,Gel. Tengah,18,"Rp1,74Mlyr.",1740000000,2026-01-05
Mior Dani,Immigration FC,Malaysia,Gel. Tengah,19,"Rp1,30Mlyr.",1300000000,2026-01-05
Eduardo Sosa,Immigration FC,Malaysia,Gel. Serang,0,"Rp4,78Mlyr.",4780000000,2026-01-05
Nik Akif,Immigration FC,Malaysia,Gel. Serang,33,"Rp3,04Mlyr.",3040000000,2026-01-05
Rafael Holstein,Immigration FC,Malaysia,Gel. Serang,25,"Rp1,30Mlyr.",1300000000,2026-01-05
Thiha Zaw,Immigration FC,Malaysia,Sayap Kiri,17,"Rp2,61Mlyr.",2610000000,2026-01-05
Fayadh Zulkifi,Immigration FC,Malaysia,Sayap Kiri,21,"Rp2,61Mlyr.",2610000000,2026-01-05
Syahmi Shamsudin,Immigration FC,Malaysia,Sayap Kiri,27,"Rp434,54Jt.",434540000,2026-01-05
Elvis Kamsoba,Immigration FC,Malaysia,Sayap Kanan,0,"Rp3,48Mlyr.",3480000000,2026-01-05
Nur Azfar Fikri,Immigration FC,Malaysia,Sayap Kanan,0,"Rp3,04Mlyr.",3040000000,2026-01-05
Nik Sharif Haseefy,Immigration FC,Malaysia,Sayap Kanan,0,"Rp1,30Mlyr.",1300000000,2026-01-05
Al-Hafiz Harun,Immigration FC,Malaysia,Sayap Kanan,0,"Rp1,30Mlyr.",1300000000,2026-01-05
João Pedro,Immigration FC,Malaysia,Depan-Tengah,0,"Rp3,91Mlyr.",3910000000,2026-01-05
Wilmar Jordán Gil,Immigration FC,Malaysia,Depan-Tengah,0,"Rp3,04Mlyr.",3040000000,2026-01-05
Ifwat Akmal,PDRM FC,Malaysia,Kiper,30,"Rp1,74Mlyr.",1740000000,2026-01-05
Nor Hakeem Hamidun,PDRM FC,Malaysia,Kiper,0,"Rp1,74Mlyr.",1740000000,2026-01-05
Fahmi Ikhwan,PDRM FC,Malaysia,Kiper,28,"Rp173,82Jt.",173820000,2026-01-05
Asri Muhamad,PDRM FC,Malaysia,Kiper,20,-,0,2026-01-05
Noel Agbre,PDRM FC,Malaysia,Bek-Tengah,23,"Rp3,91Mlyr.",3910000000,2026-01-05
Tae-su Park,PDRM FC,Malaysia,Bek-Tengah,0,"Rp2,17Mlyr.",2170000000,2026-01-05
Badrul Affendy,PDRM FC,Malaysia,Bek-Tengah,0,"Rp1,74Mlyr.",1740000000,2026-01-05
Amir Saiful,PDRM FC,Malaysia,Bek-Kiri,19,"Rp3,04Mlyr.",3040000000,2026-01-05
Alif Naquiddin,PDRM FC,Malaysia,Bek-Kiri,26,"Rp2,61Mlyr.",2610000000,2026-01-05
Safiee Ahmad,PDRM FC,Malaysia,Bek-Kanan,32,"Rp3,04Mlyr.",3040000000,2026-01-05
Zazrir Naim,PDRM FC,Malaysia,Bek-Kanan,21,"Rp434,54Jt.",434540000,2026-01-05
Fakhrullah Yusoff,PDRM FC,Malaysia,Bek-Kanan,0,"Rp434,54Jt.",434540000,2026-01-05
Fadi Awad,PDRM FC,Malaysia,Gel. Bertahan,0,"Rp3,48Mlyr.",3480000000,2026-01-05
Irfan Fazail,PDRM FC,Malaysia,Gel. Tengah,0,"Rp869,08Jt.",869080000,2026-01-05
Syafiq Azmi,PDRM FC,Malaysia,Gel. Tengah,16,"Rp434,54Jt.",434540000,2026-01-05
Adam Farhan Mustaffa,PDRM FC,Malaysia,Gel. Tengah,18,-,0,2026-01-05
Ahmed Israiwah,PDRM FC,Malaysia,Gel. Serang,0,"Rp3,91Mlyr.",3910000000,2026-01-05
Eizrul Ashraf,PDRM FC,Malaysia,Gel. Serang,34,"Rp2,17Mlyr.",2170000000,2026-01-05
Fakhrul Azim,PDRM FC,Malaysia,Sayap Kiri,0,"Rp2,61Mlyr.",2610000000,2026-01-05
Amirul Waie Yaacob,PDRM FC,Malaysia,Sayap Kiri,17,"Rp1,30Mlyr.",1300000000,2026-01-05
Hafiz A. Aziz,PDRM FC,Malaysia,Sayap Kiri,24,-,0,2026-01-05
Imran Samso,PDRM FC,Malaysia,Sayap Kanan,27,"Rp1,30Mlyr.",1300000000,2026-01-05
Afiq Saluddin,PDRM FC,Malaysia,Sayap Kanan,22,"Rp434,54Jt.",434540000,2026-01-05
Aiman Sufi Radzai,PDRM FC,Malaysia,Sayap Kanan,29,"Rp434,54Jt.",434540000,2026-01-05
Dick Cheny Waili,PDRM FC,Malaysia,Sayap Kanan,0,-,0,2026-01-05
Hadi Fayyadh,PDRM FC,Malaysia,Depan-Tengah,0,"Rp1,74Mlyr.",1740000000,2026-01-05
Henri Doumbia,PDRM FC,Malaysia,Depan-Tengah,0,"Rp1,74Mlyr.",1740000000,2026-01-05
Elisha Kashim,PDRM FC,Malaysia,Depan-Tengah,0,"Rp434,54Jt.",434540000,2026-01-05
Damien Lim,Sabah FC,Malaysia,Kiper,31,"Rp3,04Mlyr.",3040000000,2026-01-05
Khairul Fahmi,Sabah FC,Malaysia,Kiper,19,"Rp1,30Mlyr.",1300000000,2026-01-05
Ramzi Mustakim,Sabah FC,Malaysia,Kiper,0,"Rp434,54Jt.",434540000,2026-01-05
Azlizan Azlan,Sabah FC,Malaysia,Kiper,25,-,0,2026-01-05
Amir Jef,Sabah FC,Malaysia,Kiper,36,-,0,2026-01-05
Dominic Tan,Sabah FC,Malaysia,Bek-Tengah,33,"Rp5,65Mlyr.",5650000000,2026-01-05
Gabriel Peres,Sabah FC,Malaysia,Bek-Tengah,0,"Rp4,35Mlyr.",4350000000,2026-01-05
Rawilson Batuil,Sabah FC,Malaysia,Bek-Tengah,0,"Rp3,04Mlyr.",3040000000,2026-01-05
Ritchie Svenson,Sabah FC,Malaysia,Bek-Tengah,34,-,0,2026-01-05
R. Dinesh,Sabah FC,Malaysia,Bek-Kiri,0,"Rp1,30Mlyr.",1300000000,2026-01-05
Rozacklye Yanam,Sabah FC,Malaysia,Bek-Kiri,0,-,0,2026-01-05
Dane Ingham,Sabah FC,Malaysia,Bek-Kanan,23,"Rp6,52Mlyr.",6520000000,2026-01-05
Harith Naem Jaineh,Sabah FC,Malaysia,Bek-Kanan,0,"Rp869,08Jt.",869080000,2026-01-05
Gary Steven,Sabah FC,Malaysia,Gel. Bertahan,20,"Rp1,30Mlyr.",1300000000,2026-01-05
Stuart Wilkin,Sabah FC,Malaysia,Gel. Tengah,22,"Rp6,08Mlyr.",6080000000,2026-01-05
Miguel Cifuentes,Sabah FC,Malaysia,Gel. Tengah,0,"Rp3,04Mlyr.",3040000000,2026-01-05
Dean Pelekanos,Sabah FC,Malaysia,Gel. Tengah,0,"Rp3,04Mlyr.",3040000000,2026-01-05
Fakrul Iman,Sabah FC,Malaysia,Gel. Tengah,0,"Rp434,54Jt.",434540000,2026-01-05
Rusdi Roslan,Sabah FC,Malaysia,Gel. Tengah,0,-,0,2026-01-05
Farhan Roslan,Sabah FC,Malaysia,Sayap Kiri,0,"Rp2,17Mlyr.",2170000000,2026-01-05
Shahrol Nizam,Sabah FC,Malaysia,Sayap Kiri,30,-,0,2026-01-05
S. Kumaahran,Sabah FC,Malaysia,Sayap Kanan,0,"Rp2,61Mlyr.",2610000000,2026-01-05
Maxsius Musa,Sabah FC,Malaysia,Sayap Kanan,27,-,0,2026-01-05
Faheed Naqqeu,Sabah FC,Malaysia,Sayap Kanan,35,-,0,2026-01-05
Ajdin Mujagic,Sabah FC,Malaysia,Depan-Tengah,21,"Rp6,95Mlyr.",6950000000,2026-01-05
Fergus Tierney,Sabah FC,Malaysia,Depan-Tengah,0,"Rp3,48Mlyr.",3480000000,2026-01-05
Jafri Firdaus Chew,Sabah FC,Malaysia,Depan-Tengah,0,"Rp3,04Mlyr.",3040000000,2026-01-05
Darren Lok,Sabah FC,Malaysia,Depan-Tengah,28,"Rp2,17Mlyr.",2170000000,2026-01-05
Azhad Harraz,Sabah FC,Malaysia,Depan-Tengah,0,"Rp1,30Mlyr.",1300000000,2026-01-05
Kalamullah Al-Hafiz,Selangor FC,Malaysia,Kiper,33,"Rp4,78Mlyr.",4780000000,2026-01-05
Sikh Izhan Nazrel,Selangor FC,Malaysia,Kiper,31,"Rp3,48Mlyr.",3480000000,2026-01-05
Samuel Somerville,Selangor FC,Malaysia,Kiper,23,"Rp1,74Mlyr.",1740000000,2026-01-05
Mamadou Diarra,Selangor FC,Malaysia,Bek-Tengah,0,"Rp10,43Mlyr.",10430000000,2026-01-05
Harith Haiqal,Selangor FC,Malaysia,Bek-Tengah,0,"Rp4,78Mlyr.",4780000000,2026-01-05
Richmond Tetteh Ankrah,Selangor FC,Malaysia,Bek-Tengah,0,"Rp4,35Mlyr.",4350000000,2026-01-05
Mohammad Abualnadi,Selangor FC,Malaysia,Bek-Tengah,0,"Rp3,91Mlyr.",3910000000,2026-01-05
Sharul Nazeem,Selangor FC,Malaysia,Bek-Tengah,44,"Rp3,91Mlyr.",3910000000,2026-01-05
Safuwan Baharudin,Selangor FC,Malaysia,Bek-Tengah,0,"Rp2,17Mlyr.",2170000000,2026-01-05
Moses Raj,Selangor FC,Malaysia,Bek-Tengah,22,-,0,2026-01-05
Fazly Mazlan,Selangor FC,Malaysia,Bek-Kiri,0,"Rp2,17Mlyr.",2170000000,2026-01-05
Quentin Cheng,Selangor FC,Malaysia,Bek-Kanan,0,"Rp5,65Mlyr.",5650000000,2026-01-05
Zikri Khalili,Selangor FC,Malaysia,Bek-Kanan,0,"Rp3,04Mlyr.",3040000000,2026-01-05
Raimi Shamsul,Selangor FC,Malaysia,Bek-Kanan,32,-,0,2026-01-05
Muhammad Abu Khalil,Selangor FC,Malaysia,Gel. Bertahan,28,"Rp1,30Mlyr.",1300000000,2026-01-05
Noor Al-Rawabdeh,Selangor FC,Malaysia,Gel. Tengah,0,"Rp7,82Mlyr.",7820000000,2026-01-05
Nooa Laine,Selangor FC,Malaysia,Gel. Tengah,0,"Rp6,08Mlyr.",6080000000,2026-01-05
Picha Autra,Selangor FC,Malaysia,Gel. Tengah,37,"Rp4,35Mlyr.",4350000000,2026-01-05
Mukhairi Ajmal,Selangor FC,Malaysia,Gel. Tengah,0,"Rp3,04Mlyr.",3040000000,2026-01-05
Alex Agyarkwa,Selangor FC,Malaysia,Gel. Tengah,24,"Rp3,04Mlyr.",3040000000,2026-01-05
Aliff Haiqal,Selangor FC,Malaysia,Gel. Tengah,0,"Rp3,04Mlyr.",3040000000,2026-01-05
Danish Iskandar,Selangor FC,Malaysia,Gel. Tengah,39,-,0,2026-01-05
Aliff Izwan,Selangor FC,Malaysia,Gel. Serang,0,"Rp2,61Mlyr.",2610000000,2026-01-05
Syahir Bashah,Selangor FC,Malaysia,Gel. Serang,43,"Rp2,17Mlyr.",2170000000,2026-01-05
Faisal Halim,Selangor FC,Malaysia,Sayap Kiri,0,"Rp6,08Mlyr.",6080000000,2026-01-05
Omid Musawi,Selangor FC,Malaysia,Sayap Kiri,0,"Rp434,54Jt.",434540000,2026-01-05
Alvin Fortes,Selangor FC,Malaysia,Sayap Kanan,0,"Rp6,95Mlyr.",6950000000,2026-01-05
Harry Danish,Selangor FC,Malaysia,Sayap Kanan,42,"Rp869,08Jt.",869080000,2026-01-05
Chrigor Moraes,Selangor FC,Malaysia,Depan-Tengah,0,"Rp13,91Mlyr.",13910000000,2026-01-05
Azri Ghani,Negeri Sembilan FC,Malaysia,Kiper,30,"Rp3,91Mlyr.",3910000000,2026-01-05
Aqil Razak,Negeri Sembilan FC,Malaysia,Kiper,22,"Rp1,74Mlyr.",1740000000,2026-01-05
Syahmi Adib,Negeri Sembilan FC,Malaysia,Kiper,0,"Rp434,54Jt.",434540000,2026-01-05
Luis Enrique Nsue,Negeri Sembilan FC,Malaysia,Bek-Tengah,0,"Rp3,48Mlyr.",3480000000,2026-01-05
Zainal Abidin Jamil,Negeri Sembilan FC,Malaysia,Bek-Tengah,0,"Rp2,61Mlyr.",2610000000,2026-01-05
Khuzaimi Piee,Negeri Sembilan FC,Malaysia,Bek-Tengah,18,"Rp1,74Mlyr.",1740000000,2026-01-05
Filip Andersen,Negeri Sembilan FC,Malaysia,Bek-Tengah,23,"Rp1,74Mlyr.",1740000000,2026-01-05
Hariz Kamarudin,Negeri Sembilan FC,Malaysia,Bek-Tengah,0,"Rp434,54Jt.",434540000,2026-01-05
Aidil Zailani,Negeri Sembilan FC,Malaysia,Bek-Tengah,39,"Rp434,54Jt.",434540000,2026-01-05
Kei Oshiro,Negeri Sembilan FC,Malaysia,Bek-Tengah,0,-,0,2026-01-05
Harith Samsuri,Negeri Sembilan FC,Malaysia,Bek-Kiri,0,"Rp2,17Mlyr.",2170000000,2026-01-05
Azrin Afiq,Negeri Sembilan FC,Malaysia,Bek-Kiri,0,"Rp1,30Mlyr.",1300000000,2026-01-05
Ariff Ar-Rasyid,Negeri Sembilan FC,Malaysia,Bek-Kanan,28,"Rp2,61Mlyr.",2610000000,2026-01-05
Anwar Ibrahim,Negeri Sembilan FC,Malaysia,Bek-Kanan,25,"Rp1,30Mlyr.",1300000000,2026-01-05
Syed Zaris Irfan,Negeri Sembilan FC,Malaysia,Bek-Kanan,29,-,0,2026-01-05
Wai Linn Aung,Negeri Sembilan FC,Malaysia,Gel. Bertahan,0,"Rp2,61Mlyr.",2610000000,2026-01-05
Zahril Azri,Negeri Sembilan FC,Malaysia,Gel. Bertahan,0,"Rp869,08Jt.",869080000,2026-01-05
Haiqal Danish,Negeri Sembilan FC,Malaysia,Gel. Bertahan,35,"Rp434,54Jt.",434540000,2026-01-05
Sang-su An,Negeri Sembilan FC,Malaysia,Gel. Tengah,0,"Rp1,30Mlyr.",1300000000,2026-01-05
Afiq Fitri,Negeri Sembilan FC,Malaysia,Gel. Tengah,0,-,0,2026-01-05
Haiqal Haqeemi,Negeri Sembilan FC,Malaysia,Gel. Tengah,21,-,0,2026-01-05
Anuar Ceesay,Negeri Sembilan FC,Malaysia,Gelandang Kiri,0,-,0,2026-01-05
Takumi Sasaki,Negeri Sembilan FC,Malaysia,Gel. Serang,0,"Rp3,91Mlyr.",3910000000,2026-01-05
Jovan Motika,Negeri Sembilan FC,Malaysia,Sayap Kiri,0,"Rp3,91Mlyr.",3910000000,2026-01-05
Hakimi Abdullah,Negeri Sembilan FC,Malaysia,Sayap Kiri,17,"Rp2,17Mlyr.",2170000000,2026-01-05
Hadin Azman,Negeri Sembilan FC,Malaysia,Sayap Kiri,27,"Rp1,30Mlyr.",1300000000,2026-01-05
A. Selvan,Negeri Sembilan FC,Malaysia,Sayap Kanan,16,"Rp2,17Mlyr.",2170000000,2026-01-05
Mio Tsuneyasu,Negeri Sembilan FC,Malaysia,Sayap Kanan,20,"Rp1,30Mlyr.",1300000000,2026-01-05
Joseph Esso,Negeri Sembilan FC,Malaysia,Depan-Tengah,0,"Rp2,61Mlyr.",2610000000,2026-01-05
Luqman Hakim,Negeri Sembilan FC,Malaysia,Depan-Tengah,0,"Rp2,17Mlyr.",2170000000,2026-01-05
N. Javabilaarivin,Negeri Sembilan FC,Malaysia,Depan-Tengah,19,"Rp434,54Jt.",434540000,2026-01-05
Zaim Iqbal,Negeri Sembilan FC,Malaysia,Depan-Tengah,33,-,0,2026-01-05
Haimie Nyaring,Brunei DPMM FC,Malaysia,Kiper,0,"Rp1,30Mlyr.",1300000000,2026-01-05
Ishyra Asmin,Brunei DPMM FC,Malaysia,Kiper,25,"Rp434,54Jt.",434540000,2026-01-05
Michel,Brunei DPMM FC,Malaysia,Kiper,24,"Rp173,82Jt.",173820000,2026-01-05
Amani Aguinaldo,Brunei DPMM FC,Malaysia,Bek-Tengah,0,"Rp3,04Mlyr.",3040000000,2026-01-05
Yura Indera Putera,Brunei DPMM FC,Malaysia,Bek-Tengah,23,"Rp1,74Mlyr.",1740000000,2026-01-05
Nur Ikhwan Othman,Brunei DPMM FC,Malaysia,Bek-Tengah,19,"Rp1,30Mlyr.",1300000000,2026-01-05
Jordan,Brunei DPMM FC,Malaysia,Bek-Tengah,0,"Rp869,08Jt.",869080000,2026-01-05
Hanif Hamir,Brunei DPMM FC,Malaysia,Bek-Tengah,0,"Rp434,54Jt.",434540000,2026-01-05
Tommy Mawat,Brunei DPMM FC,Malaysia,Bek-Kiri,0,"Rp3,04Mlyr.",3040000000,2026-01-05
Najib Tarif,Brunei DPMM FC,Malaysia,Bek-Kiri,0,"Rp434,54Jt.",434540000,2026-01-05
Fairuz Zakaria,Brunei DPMM FC,Malaysia,Bek-Kanan,18,"Rp3,04Mlyr.",3040000000,2026-01-05
Nazry Azaman,Brunei DPMM FC,Malaysia,Bek-Kanan,21,"Rp1,30Mlyr.",1300000000,2026-01-05
Syafiq Safiuddin Shariff,Brunei DPMM FC,Malaysia,Bek-Kanan,0,"Rp869,08Jt.",869080000,2026-01-05
Martin Haddy,Brunei DPMM FC,Malaysia,Bek-Kanan,0,-,0,2026-01-05
Prosper Boakye Owusu,Brunei DPMM FC,Malaysia,Gel. Bertahan,20,"Rp2,61Mlyr.",2610000000,2026-01-05
Azwan Ali Rahman,Brunei DPMM FC,Malaysia,Gel. Tengah,0,"Rp869,08Jt.",869080000,2026-01-05
Abdul Hariz,Brunei DPMM FC,Malaysia,Gel. Tengah,16,"Rp869,08Jt.",869080000,2026-01-05
Hanif Farhan Azman,Brunei DPMM FC,Malaysia,Gel. Tengah,0,"Rp434,54Jt.",434540000,2026-01-05
Ibrahim Sulley,Brunei DPMM FC,Malaysia,Gel. Serang,0,-,0,2026-01-05
Hakeme Yazid Said,Brunei DPMM FC,Malaysia,Sayap Kiri,17,"Rp2,17Mlyr.",2170000000,2026-01-05
Nazirrudin Ismail,Brunei DPMM FC,Malaysia,Sayap Kiri,22,"Rp869,08Jt.",869080000,2026-01-05
Miguel Oliveira,Brunei DPMM FC,Malaysia,Sayap Kanan,0,"Rp3,48Mlyr.",3480000000,2026-01-05
Faturrahman Embran,Brunei DPMM FC,Malaysia,Sayap Kanan,0,"Rp434,54Jt.",434540000,2026-01-05
Jordan Murray,Brunei DPMM FC,Malaysia,Depan-Tengah,27,"Rp5,65Mlyr.",5650000000,2026-01-05
Ramadhan Sananta,Brunei DPMM FC,Malaysia,Depan-Tengah,0,"Rp4,78Mlyr.",4780000000,2026-01-05
Christian Irobiso,Brunei DPMM FC,Malaysia,Depan-Tengah,0,"Rp2,61Mlyr.",2610000000,2026-01-05
Syafiq Ahmad,Brunei DPMM FC,Malaysia,Depan-Tengah,28,"Rp2,61Mlyr.",2610000000,2026-01-05
Hariz Danial,Brunei DPMM FC,Malaysia,Depan-Tengah,0,"Rp434,54Jt.",434540000,2026-01-05
Suhaimi Husin,Terengganu FC,Malaysia,Kiper,38,"Rp2,61Mlyr.",2610000000,2026-01-05
Rahadiazli Rahalim,Terengganu FC,Malaysia,Kiper,0,"Rp1,74Mlyr.",1740000000,2026-01-05
Syed Nasrulhaq,Terengganu FC,Malaysia,Kiper,29,"Rp1,30Mlyr.",1300000000,2026-01-05
Nazul Izamil,Terengganu FC,Malaysia,Kiper,28,-,0,2026-01-05
Shahrul Nizam Ros Hasni,Terengganu FC,Malaysia,Bek-Tengah,0,"Rp4,78Mlyr.",4780000000,2026-01-05
Kyaw Min Oo,Terengganu FC,Malaysia,Bek-Tengah,23,"Rp4,78Mlyr.",4780000000,2026-01-05
Diego Landis,Terengganu FC,Malaysia,Bek-Tengah,0,"Rp4,35Mlyr.",4350000000,2026-01-05
Safwan Mazlan,Terengganu FC,Malaysia,Bek-Tengah,24,"Rp4,35Mlyr.",4350000000,2026-01-05
Ubaidullah Shamsul,Terengganu FC,Malaysia,Bek-Tengah,0,"Rp3,91Mlyr.",3910000000,2026-01-05
Alif Zakaria,Terengganu FC,Malaysia,Bek-Kiri,25,"Rp3,48Mlyr.",3480000000,2026-01-05
Faris Rifqi,Terengganu FC,Malaysia,Bek-Kiri,0,"Rp869,08Jt.",869080000,2026-01-05
Hairiey Hakim Mamat,Terengganu FC,Malaysia,Bek-Kiri,22,"Rp434,54Jt.",434540000,2026-01-05
Azam Azmi,Terengganu FC,Malaysia,Bek-Kanan,0,"Rp5,21Mlyr.",5210000000,2026-01-05
Saiful Jamaluddin,Terengganu FC,Malaysia,Gel. Bertahan,33,"Rp2,17Mlyr.",2170000000,2026-01-05
Syafiq Danial Romzi,Terengganu FC,Malaysia,Gel. Bertahan,21,-,0,2026-01-05
Akram Mahinan,Terengganu FC,Malaysia,Gel. Tengah,0,"Rp2,17Mlyr.",2170000000,2026-01-05
Careca,Terengganu FC,Malaysia,Gel. Serang,26,"Rp3,48Mlyr.",3480000000,2026-01-05
Engku Shakir,Terengganu FC,Malaysia,Gel. Serang,17,"Rp2,17Mlyr.",2170000000,2026-01-05
Ikhwan Hafizo,Terengganu FC,Malaysia,Gel. Serang,44,-,0,2026-01-05
Akhyar Rashid,Terengganu FC,Malaysia,Sayap Kiri,0,"Rp4,78Mlyr.",4780000000,2026-01-05
Baqiuddin Shamsudin,Terengganu FC,Malaysia,Sayap Kanan,0,"Rp3,04Mlyr.",3040000000,2026-01-05
Khala'if Naskam,Terengganu FC,Malaysia,Sayap Kanan,0,"Rp869,08Jt.",869080000,2026-01-05
Azziq Zahazani,Terengganu FC,Malaysia,Sayap Kanan,0,-,0,2026-01-05
Yann Mabella,Terengganu FC,Malaysia,Depan-Tengah,0,"Rp5,21Mlyr.",5210000000,2026-01-05
Junior Ngong Sam,Terengganu FC,Malaysia,Depan-Tengah,19,"Rp1,74Mlyr.",1740000000,2026-01-05
Syahmi Zamri,Terengganu FC,Malaysia,Depan-Tengah,0,"Rp1,74Mlyr.",1740000000,2026-01-05
Jun Badelic,Melaka FC,Malaysia,Kiper,0,"Rp1,30Mlyr.",1300000000,2026-01-05
Haziq Aiman,Melaka FC,Malaysia,Kiper,23,"Rp1,30Mlyr.",1300000000,2026-01-05
Firdaus Irman,Melaka FC,Malaysia,Kiper,31,"Rp434,54Jt.",434540000,2026-01-05
Irfan Zakaria,Melaka FC,Malaysia,Bek-Tengah,17,"Rp3,04Mlyr.",3040000000,2026-01-05
Dae-yeob Gu,Melaka FC,Malaysia,Bek-Tengah,37,"Rp1,30Mlyr.",1300000000,2026-01-05
Vítor Carvalho,Melaka FC,Malaysia,Bek-Tengah,0,"Rp869,08Jt.",869080000,2026-01-05
Zulkhairi Zulkeply,Melaka FC,Malaysia,Bek-Tengah,42,"Rp434,54Jt.",434540000,2026-01-05
Haziq Puad,Melaka FC,Malaysia,Bek-Tengah,30,-,0,2026-01-05
G. Durrkeswaran,Melaka FC,Malaysia,Bek-Kiri,19,"Rp869,08Jt.",869080000,2026-01-05
Khairul Anwar,Melaka FC,Malaysia,Bek-Kiri,25,"Rp869,08Jt.",869080000,2026-01-05
Che Rashid Che Halim,Melaka FC,Malaysia,Bek-Kanan,0,"Rp1,74Mlyr.",1740000000,2026-01-05
Aroon Kumar,Melaka FC,Malaysia,Bek-Kanan,18,"Rp1,30Mlyr.",1300000000,2026-01-05
Muhamad Hafiz Johar,Melaka FC,Malaysia,Bek-Kanan,27,"Rp434,54Jt.",434540000,2026-01-05
Michael Ozor,Melaka FC,Malaysia,Gel. Bertahan,16,"Rp1,30Mlyr.",1300000000,2026-01-05
Patrick,Melaka FC,Malaysia,Gel. Tengah,0,"Rp1,30Mlyr.",1300000000,2026-01-05
Nasir Basharudin,Melaka FC,Malaysia,Gel. Tengah,0,"Rp869,08Jt.",869080000,2026-01-05
Faiz Mazlan,Melaka FC,Malaysia,Gel. Tengah,0,"Rp434,54Jt.",434540000,2026-01-05
Aiman Danish,Melaka FC,Malaysia,Gel. Tengah,0,"Rp434,54Jt.",434540000,2026-01-05
Umar Hakeem,Melaka FC,Malaysia,Gel. Tengah,26,"Rp434,54Jt.",434540000,2026-01-05
Nizarruddin Jazi,Melaka FC,Malaysia,Gel. Tengah,0,"Rp434,54Jt.",434540000,2026-01-05
Fahmi Faizal,Melaka FC,Malaysia,Gel. Tengah,28,-,0,2026-01-05
Juan Douglas,Melaka FC,Malaysia,Depan-Tengah,0,"Rp2,61Mlyr.",2610000000,2026-01-05
Shahrel Fikri,Melaka FC,Malaysia,Depan-Tengah,0,"Rp2,17Mlyr.",2170000000,2026-01-05
Azim Rahim,Melaka FC,Malaysia,Depan-Tengah,0,"Rp1,30Mlyr.",1300000000,2026-01-05
Bernard Arthur,Melaka FC,Malaysia,Depan-Tengah,0,"Rp869,08Jt.",869080000,2026-01-05
Danilo Magalhães,Melaka FC,Malaysia,Depan-Tengah,22,"Rp869,08Jt.",869080000,2026-01-05
Van Viet Nguyen,The Cong - Viettel FC,Vietnam,Kiper,28,"Rp3,48Mlyr.",3480000000,2026-01-05
Van Phong Pham,The Cong - Viettel FC,Vietnam,Kiper,36,"Rp869,08Jt.",869080000,2026-01-05
Huy Hoang Doan,The Cong - Viettel FC,Vietnam,Kiper,0,"Rp434,54Jt.",434540000,2026-01-05
Xuan Son Ngo,The Cong - Viettel FC,Vietnam,Kiper,0,"Rp434,54Jt.",434540000,2026-01-05
Hoang An Pham,The Cong - Viettel FC,Vietnam,Kiper,0,-,0,2026-01-05
Tien Dung Bui,The Cong - Viettel FC,Vietnam,Bek-Tengah,0,"Rp4,78Mlyr.",4780000000,2026-01-05
Thanh Binh Nguyen,The Cong - Viettel FC,Vietnam,Bek-Tengah,0,"Rp4,35Mlyr.",4350000000,2026-01-05
Kyle Colonna,The Cong - Viettel FC,Vietnam,Bek-Tengah,0,"Rp3,48Mlyr.",3480000000,2026-01-05
Minh Tung Nguyen,The Cong - Viettel FC,Vietnam,Bek-Tengah,0,"Rp1,74Mlyr.",1740000000,2026-01-05
Tuan Phong Dang,The Cong - Viettel FC,Vietnam,Bek-Tengah,0,"Rp869,08Jt.",869080000,2026-01-05
Tuan Tai Phan,The Cong - Viettel FC,Vietnam,Bek-Kiri,0,"Rp4,35Mlyr.",4350000000,2026-01-05
Van Duc Bui,The Cong - Viettel FC,Vietnam,Bek-Kiri,26,"Rp2,17Mlyr.",2170000000,2026-01-05
Viet Tu Dinh,The Cong - Viettel FC,Vietnam,Bek-Kiri,18,"Rp1,30Mlyr.",1300000000,2026-01-05
Van Quyet Vu,The Cong - Viettel FC,Vietnam,Bek-Kanan,21,-,0,2026-01-05
Paulinho Curuá,The Cong - Viettel FC,Vietnam,Gel. Bertahan,0,"Rp1,74Mlyr.",1740000000,2026-01-05
Van Tram Dang,The Cong - Viettel FC,Vietnam,Gel. Bertahan,29,"Rp1,30Mlyr.",1300000000,2026-01-05
Damian Vu Thanh,The Cong - Viettel FC,Vietnam,Gel. Bertahan,0,"Rp869,08Jt.",869080000,2026-01-05
Wesley Natã,The Cong - Viettel FC,Vietnam,Gel. Tengah,25,"Rp5,65Mlyr.",5650000000,2026-01-05
Van Tu Nguyen,The Cong - Viettel FC,Vietnam,Gel. Tengah,0,"Rp1,74Mlyr.",1740000000,2026-01-05
Quoc Nhat Nam Le,The Cong - Viettel FC,Vietnam,Gel. Tengah,16,"Rp1,30Mlyr.",1300000000,2026-01-05
Tien Anh Truong,The Cong - Viettel FC,Vietnam,Gelandang Kanan,0,"Rp4,35Mlyr.",4350000000,2026-01-05
Duc Hoang Minh Nguyen,The Cong - Viettel FC,Vietnam,Gelandang Kanan,17,"Rp1,30Mlyr.",1300000000,2026-01-05
Ngoc Tu Nguyen,The Cong - Viettel FC,Vietnam,Gelandang Kanan,0,"Rp869,08Jt.",869080000,2026-01-05
Van Khang Khuat,The Cong - Viettel FC,Vietnam,Gelandang Kiri,0,"Rp5,21Mlyr.",5210000000,2026-01-05
Thanh Tung Duong,The Cong - Viettel FC,Vietnam,Gelandang Kiri,22,"Rp434,54Jt.",434540000,2026-01-05
Xuan Tien Dinh,The Cong - Viettel FC,Vietnam,Gel. Serang,19,"Rp2,61Mlyr.",2610000000,2026-01-05
Huu Thang Nguyen,The Cong - Viettel FC,Vietnam,Gel. Serang,0,"Rp2,17Mlyr.",2170000000,2026-01-05
Cong Phuong Nguyen,The Cong - Viettel FC,Vietnam,Gel. Serang,0,"Rp1,30Mlyr.",1300000000,2026-01-05
Pedro Henrique,The Cong - Viettel FC,Vietnam,Sayap Kanan,0,"Rp3,48Mlyr.",3480000000,2026-01-05
Lucão,The Cong - Viettel FC,Vietnam,Depan-Tengah,0,"Rp3,91Mlyr.",3910000000,2026-01-05
Manh Dung Nham,The Cong - Viettel FC,Vietnam,Depan-Tengah,23,"Rp3,04Mlyr.",3040000000,2026-01-05
Danh Trung Tran,The Cong - Viettel FC,Vietnam,Depan-Tengah,0,"Rp2,17Mlyr.",2170000000,2026-01-05
Si Chien Nguyen,The Cong - Viettel FC,Vietnam,Penyerang,0,-,0,2026-01-05
Dang Duong Nguyen,The Cong - Viettel FC,Vietnam,Depan-Tengah,0,-,0,2026-01-05
Van Hoang Nguyen,Ha Noi FC,Vietnam,Kiper,0,"Rp2,61Mlyr.",2610000000,2026-01-05
Van Chuan Quan,Ha Noi FC,Vietnam,Kiper,0,"Rp2,17Mlyr.",2170000000,2026-01-05
Duy Dung Nguyen,Ha Noi FC,Vietnam,Kiper,29,-,0,2026-01-05
Duy Manh Do,Ha Noi FC,Vietnam,Bek-Tengah,0,"Rp5,65Mlyr.",5650000000,2026-01-05
Thanh Chung Nguyen,Ha Noi FC,Vietnam,Bek-Tengah,16,"Rp5,21Mlyr.",5210000000,2026-01-05
Adriel,Ha Noi FC,Vietnam,Bek-Tengah,35,"Rp4,35Mlyr.",4350000000,2026-01-05
Van Nam Dao,Ha Noi FC,Vietnam,Bek-Tengah,17,"Rp2,61Mlyr.",2610000000,2026-01-05
Tien Long Vu,Ha Noi FC,Vietnam,Bek-Tengah,27,"Rp869,08Jt.",869080000,2026-01-05
Van Ha Le,Ha Noi FC,Vietnam,Bek-Tengah,28,"Rp434,54Jt.",434540000,2026-01-05
Van Xuan Le,Ha Noi FC,Vietnam,Bek-Kiri,0,"Rp2,61Mlyr.",2610000000,2026-01-05
Dinh Hai Vu,Ha Noi FC,Vietnam,Bek-Kiri,21,"Rp1,30Mlyr.",1300000000,2026-01-05
Cong Nhat Nguyen,Ha Noi FC,Vietnam,Bek-Kiri,22,"Rp869,08Jt.",869080000,2026-01-05
Xuan Kien Nguyen,Ha Noi FC,Vietnam,Bek-Kiri,35,"Rp869,08Jt.",869080000,2026-01-05
Xuan Manh Pham,Ha Noi FC,Vietnam,Bek-Kanan,0,"Rp4,35Mlyr.",4350000000,2026-01-05
Van Thang Tran,Ha Noi FC,Vietnam,Bek-Kanan,0,"Rp434,54Jt.",434540000,2026-01-05
Sy Duc Nguyen,Ha Noi FC,Vietnam,Bek-Kanan,0,-,0,2026-01-05
Van Toan Dau,Ha Noi FC,Vietnam,Gel. Bertahan,0,"Rp3,04Mlyr.",3040000000,2026-01-05
Pierre Lamothe,Ha Noi FC,Vietnam,Gel. Bertahan,0,"Rp1,74Mlyr.",1740000000,2026-01-05
Trung Thanh Nguyen,Ha Noi FC,Vietnam,Gelandang,0,-,0,2026-01-05
Van Truong Nguyen,Ha Noi FC,Vietnam,Gel. Tengah,19,"Rp3,04Mlyr.",3040000000,2026-01-05
Hung Dung Do,Ha Noi FC,Vietnam,Gel. Tengah,0,"Rp3,04Mlyr.",3040000000,2026-01-05
Duc Hoang Ngo,Ha Noi FC,Vietnam,Gel. Tengah,0,"Rp434,54Jt.",434540000,2026-01-05
Hai Long Nguyen,Ha Noi FC,Vietnam,Gelandang Kanan,0,"Rp4,35Mlyr.",4350000000,2026-01-05
Hêndrio,Ha Noi FC,Vietnam,Gel. Serang,0,"Rp5,65Mlyr.",5650000000,2026-01-05
Tuan Hai Pham,Ha Noi FC,Vietnam,Sayap Kiri,0,"Rp6,52Mlyr.",6520000000,2026-01-05
Fernando,Ha Noi FC,Vietnam,Sayap Kiri,0,"Rp4,35Mlyr.",4350000000,2026-01-05
Xuan Tu Le,Ha Noi FC,Vietnam,Sayap Kiri,25,"Rp3,04Mlyr.",3040000000,2026-01-05
Van Quyet Nguyen,Ha Noi FC,Vietnam,Depan-Kedua,0,"Rp3,04Mlyr.",3040000000,2026-01-05
Daniel Passira,Ha Noi FC,Vietnam,Depan-Tengah,0,"Rp7,82Mlyr.",7820000000,2026-01-05
Van Tung Nguyen,Ha Noi FC,Vietnam,Depan-Tengah,23,"Rp2,17Mlyr.",2170000000,2026-01-05
Dinh Trieu Nguyen,Hai Phong FC,Vietnam,Kiper,0,"Rp2,17Mlyr.",2170000000,2026-01-05
Van Toan Nguyen,Hai Phong FC,Vietnam,Kiper,26,"Rp869,08Jt.",869080000,2026-01-05
Van Luan Pham,Hai Phong FC,Vietnam,Kiper,36,"Rp434,54Jt.",434540000,2026-01-05
Dinh Tung Nguyen,Hai Phong FC,Vietnam,Kiper,35,-,0,2026-01-05
Thai Hoc Nguyen,Hai Phong FC,Vietnam,Bek,0,-,0,2026-01-05
Tien Dung Bui,Hai Phong FC,Vietnam,Bek-Tengah,16,"Rp3,91Mlyr.",3910000000,2026-01-05
Nhat Minh Nguyen,Hai Phong FC,Vietnam,Bek-Tengah,27,"Rp2,61Mlyr.",2610000000,2026-01-05
Huu Thai Bao Nguyen,Hai Phong FC,Vietnam,Bek-Tengah,31,"Rp869,08Jt.",869080000,2026-01-05
Hoai Duong Pham,Hai Phong FC,Vietnam,Bek-Tengah,0,"Rp434,54Jt.",434540000,2026-01-05
Quoc Anh Vu,Hai Phong FC,Vietnam,Bek-Tengah,34,-,0,2026-01-05
Viet Hung Trieu,Hai Phong FC,Vietnam,Bek-Kiri,0,"Rp4,78Mlyr.",4780000000,2026-01-05
Tien Dung Dam,Hai Phong FC,Vietnam,Bek-Kiri,0,"Rp1,74Mlyr.",1740000000,2026-01-05
Van Bac Ngo,Hai Phong FC,Vietnam,Bek-Kiri,21,"Rp434,54Jt.",434540000,2026-01-05
Trung Hieu Pham,Hai Phong FC,Vietnam,Bek-Kanan,17,"Rp3,48Mlyr.",3480000000,2026-01-05
Van Minh Nguyen,Hai Phong FC,Vietnam,Bek-Kanan,29,"Rp869,08Jt.",869080000,2026-01-05
Bicou Bissainthe,Hai Phong FC,Vietnam,Gel. Bertahan,25,"Rp4,35Mlyr.",4350000000,2026-01-05
Luiz Antônio,Hai Phong FC,Vietnam,Gel. Bertahan,0,"Rp3,91Mlyr.",3910000000,2026-01-05
Tuan Anh Nguyen,Hai Phong FC,Vietnam,Gel. Tengah,0,"Rp2,17Mlyr.",2170000000,2026-01-05
Hoang Nam Luong,Hai Phong FC,Vietnam,Gel. Tengah,30,"Rp1,74Mlyr.",1740000000,2026-01-05
Manh Dung Le,Hai Phong FC,Vietnam,Gel. Tengah,19,"Rp1,30Mlyr.",1300000000,2026-01-05
Huu Son Nguyen,Hai Phong FC,Vietnam,Gelandang Kanan,0,"Rp2,61Mlyr.",2610000000,2026-01-05
Huu Nam Nguyen,Hai Phong FC,Vietnam,Gelandang Kanan,0,"Rp1,30Mlyr.",1300000000,2026-01-05
Thanh Dong Nguyen,Hai Phong FC,Vietnam,Gelandang Kanan,0,"Rp434,54Jt.",434540000,2026-01-05
Minh Di Ho,Hai Phong FC,Vietnam,Gelandang Kiri,0,"Rp1,74Mlyr.",1740000000,2026-01-05
Vu Ngoc Tai Tran,Hai Phong FC,Vietnam,Gelandang Kiri,0,"Rp1,30Mlyr.",1300000000,2026-01-05
The Tai Hoang,Hai Phong FC,Vietnam,Gelandang Kiri,0,"Rp869,08Jt.",869080000,2026-01-05
Joel Tagueu,Hai Phong FC,Vietnam,Depan-Tengah,0,"Rp5,21Mlyr.",5210000000,2026-01-05
Fred Friday,Hai Phong FC,Vietnam,Depan-Tengah,0,"Rp3,91Mlyr.",3910000000,2026-01-05
Xuan Nam Nguyen,Hai Phong FC,Vietnam,Depan-Tengah,0,"Rp1,30Mlyr.",1300000000,2026-01-05
Van Binh Cao,Song Lam Nghe An FC,Vietnam,Kiper,0,"Rp1,74Mlyr.",1740000000,2026-01-05
Bao Ngoc Nguyen,Song Lam Nghe An FC,Vietnam,Kiper,25,-,0,2026-01-05
Huu Hau Nguyen,Song Lam Nghe An FC,Vietnam,Kiper,26,-,0,2026-01-05
Van Khanh Hoang,Song Lam Nghe An FC,Vietnam,Bek-Tengah,0,"Rp2,61Mlyr.",2610000000,2026-01-05
Nam Hai Tran,Song Lam Nghe An FC,Vietnam,Bek-Tengah,17,"Rp2,17Mlyr.",2170000000,2026-01-05
Nguyen Hoang Le,Song Lam Nghe An FC,Vietnam,Bek-Tengah,0,"Rp1,74Mlyr.",1740000000,2026-01-05
Justin Garcia,Song Lam Nghe An FC,Vietnam,Bek-Tengah,0,"Rp1,74Mlyr.",1740000000,2026-01-05
Van Thanh Le,Song Lam Nghe An FC,Vietnam,Bek-Tengah,0,"Rp1,30Mlyr.",1300000000,2026-01-05
Khac Luong Ho,Song Lam Nghe An FC,Vietnam,Bek-Tengah,0,"Rp434,54Jt.",434540000,2026-01-05
Van Thanh Phan,Song Lam Nghe An FC,Vietnam,Bek-Tengah,33,"Rp434,54Jt.",434540000,2026-01-05
Thanh Duc Bui,Song Lam Nghe An FC,Vietnam,Bek-Kiri,0,"Rp434,54Jt.",434540000,2026-01-05
Mai Hoang Nguyen,Song Lam Nghe An FC,Vietnam,Bek-Kiri,35,"Rp434,54Jt.",434540000,2026-01-05
Van Huy Vuong,Song Lam Nghe An FC,Vietnam,Bek-Kanan,0,"Rp2,61Mlyr.",2610000000,2026-01-05
Van Cuong Ho,Song Lam Nghe An FC,Vietnam,Bek-Kanan,30,"Rp2,61Mlyr.",2610000000,2026-01-05
Neneco,Song Lam Nghe An FC,Vietnam,Gel. Bertahan,0,"Rp4,78Mlyr.",4780000000,2026-01-05
Ba Quyen Phan,Song Lam Nghe An FC,Vietnam,Gel. Bertahan,19,"Rp1,74Mlyr.",1740000000,2026-01-05
Khac Ngoc Ho,Song Lam Nghe An FC,Vietnam,Gel. Bertahan,32,"Rp869,08Jt.",869080000,2026-01-05
Quoc Trung Pham Nguyen,Song Lam Nghe An FC,Vietnam,Gel. Bertahan,27,-,0,2026-01-05
Quang Vinh Nguyen,Song Lam Nghe An FC,Vietnam,Gel. Tengah,16,"Rp2,61Mlyr.",2610000000,2026-01-05
Xuan Binh Nguyen,Song Lam Nghe An FC,Vietnam,Gel. Tengah,0,"Rp869,08Jt.",869080000,2026-01-05
Van Bach Nguyen,Song Lam Nghe An FC,Vietnam,Gel. Tengah,0,"Rp869,08Jt.",869080000,2026-01-05
Quang Tu Dang,Song Lam Nghe An FC,Vietnam,Gel. Tengah,29,"Rp869,08Jt.",869080000,2026-01-05
Trong Tuan Nguyen,Song Lam Nghe An FC,Vietnam,Gel. Tengah,0,"Rp434,54Jt.",434540000,2026-01-05
Van Quy Le,Song Lam Nghe An FC,Vietnam,Gelandang Kiri,24,"Rp434,54Jt.",434540000,2026-01-05
Van Luong Ngo,Song Lam Nghe An FC,Vietnam,Sayap Kiri,20,"Rp1,74Mlyr.",1740000000,2026-01-05
Van Nam Phung,Song Lam Nghe An FC,Vietnam,Sayap Kiri,0,-,0,2026-01-05
Manh Quynh Tran,Song Lam Nghe An FC,Vietnam,Sayap Kanan,0,"Rp3,04Mlyr.",3040000000,2026-01-05
Long Vu Le Dinh,Song Lam Nghe An FC,Vietnam,Sayap Kanan,18,"Rp2,17Mlyr.",2170000000,2026-01-05
Xuan Dai Phan,Song Lam Nghe An FC,Vietnam,Sayap Kanan,21,"Rp869,08Jt.",869080000,2026-01-05
Michael Olaha,Song Lam Nghe An FC,Vietnam,Depan-Tengah,0,"Rp5,65Mlyr.",5650000000,2026-01-05
Reon Moore,Song Lam Nghe An FC,Vietnam,Depan-Tengah,0,"Rp2,61Mlyr.",2610000000,2026-01-05
Filip Nguyen,Cong An Ha Noi FC,Vietnam,Kiper,0,"Rp6,95Mlyr.",6950000000,2026-01-05
Tuyen Quang Vu,Cong An Ha Noi FC,Vietnam,Kiper,32,"Rp869,08Jt.",869080000,2026-01-05
Thanh Vinh Vu,Cong An Ha Noi FC,Vietnam,Kiper,23,"Rp434,54Jt.",434540000,2026-01-05
Dinh Minh Hoang Tran,Cong An Ha Noi FC,Vietnam,Kiper,25,"Rp434,54Jt.",434540000,2026-01-05
Manh Truong Ha,Cong An Ha Noi FC,Vietnam,Kiper,0,-,0,2026-01-05
Hugo Gomes,Cong An Ha Noi FC,Vietnam,Bek-Tengah,0,"Rp6,95Mlyr.",6950000000,2026-01-05
Hoang Viet Anh Bui,Cong An Ha Noi FC,Vietnam,Bek-Tengah,0,"Rp5,21Mlyr.",5210000000,2026-01-05
Dinh Trong Tran,Cong An Ha Noi FC,Vietnam,Bek-Tengah,21,"Rp3,48Mlyr.",3480000000,2026-01-05
Leygley Adou,Cong An Ha Noi FC,Vietnam,Bek-Tengah,38,"Rp3,48Mlyr.",3480000000,2026-01-05
Tuan Duong Giap,Cong An Ha Noi FC,Vietnam,Bek-Tengah,0,"Rp2,61Mlyr.",2610000000,2026-01-05
Ly Duc Pham,Cong An Ha Noi FC,Vietnam,Bek-Tengah,0,"Rp2,17Mlyr.",2170000000,2026-01-05
Anh Thong Bui,Cong An Ha Noi FC,Vietnam,Bek-Tengah,0,-,0,2026-01-05
Jason Pendant,Cong An Ha Noi FC,Vietnam,Bek-Kiri,0,"Rp8,69Mlyr.",8690000000,2026-01-05
Van Hau Doan,Cong An Ha Noi FC,Vietnam,Bek-Kiri,0,"Rp2,61Mlyr.",2610000000,2026-01-05
Van Phuong Ha,Cong An Ha Noi FC,Vietnam,Bek-Kiri,26,"Rp869,08Jt.",869080000,2026-01-05
Van Thanh Vu,Cong An Ha Noi FC,Vietnam,Bek-Kanan,17,"Rp4,35Mlyr.",4350000000,2026-01-05
Van Duc Nguyen,Cong An Ha Noi FC,Vietnam,Bek-Kanan,28,"Rp2,61Mlyr.",2610000000,2026-01-05
Minh Phuc Pham,Cong An Ha Noi FC,Vietnam,Bek-Kanan,22,"Rp1,74Mlyr.",1740000000,2026-01-05
Pham Thanh Long Le,Cong An Ha Noi FC,Vietnam,Gel. Bertahan,0,"Rp4,35Mlyr.",4350000000,2026-01-05
Van Toan Hoang,Cong An Ha Noi FC,Vietnam,Gel. Bertahan,0,"Rp2,61Mlyr.",2610000000,2026-01-05
Brandon Ly,Cong An Ha Noi FC,Vietnam,Gel. Bertahan,27,-,0,2026-01-05
Vitão,Cong An Ha Noi FC,Vietnam,Gel. Tengah,0,"Rp2,61Mlyr.",2610000000,2026-01-05
Xuan Thinh Bui,Cong An Ha Noi FC,Vietnam,Gel. Tengah,0,"Rp869,08Jt.",869080000,2026-01-05
Dinh Tien Tran,Cong An Ha Noi FC,Vietnam,Gelandang Kanan,18,"Rp2,61Mlyr.",2610000000,2026-01-05
Van Do Le,Cong An Ha Noi FC,Vietnam,Gelandang Kiri,0,"Rp3,91Mlyr.",3910000000,2026-01-05
Stefan Mauk,Cong An Ha Noi FC,Vietnam,Gel. Serang,0,"Rp10,43Mlyr.",10430000000,2026-01-05
Léo Artur,Cong An Ha Noi FC,Vietnam,Gel. Serang,0,"Rp6,95Mlyr.",6950000000,2026-01-05
Quang Hai Nguyen,Cong An Ha Noi FC,Vietnam,Gel. Serang,19,"Rp6,95Mlyr.",6950000000,2026-01-05
Dinh Bac Nguyen,Cong An Ha Noi FC,Vietnam,Sayap Kiri,0,"Rp5,21Mlyr.",5210000000,2026-01-05
Van Duc Phan,Cong An Ha Noi FC,Vietnam,Sayap Kiri,20,"Rp3,48Mlyr.",3480000000,2026-01-05
China,Cong An Ha Noi FC,Vietnam,Sayap Kanan,30,"Rp6,08Mlyr.",6080000000,2026-01-05
Alan Grafite,Cong An Ha Noi FC,Vietnam,Depan-Tengah,0,"Rp6,52Mlyr.",6520000000,2026-01-05
Duc Nam Tran,Cong An Ha Noi FC,Vietnam,Depan-Tengah,0,"Rp869,08Jt.",869080000,2026-01-05
Trung Kien Tran,Hoang Anh Gia Lai FC,Vietnam,Kiper,25,"Rp3,48Mlyr.",3480000000,2026-01-05
Bao Duy Huynh Tran,Hoang Anh Gia Lai FC,Vietnam,Kiper,0,-,0,2026-01-05
Vu Khang Nguyen,Hoang Anh Gia Lai FC,Vietnam,Kiper,0,-,0,2026-01-05
Trung Thang Ngo,Hoang Anh Gia Lai FC,Vietnam,Bek,0,-,0,2026-01-05
Tuan Vu Huynh,Hoang Anh Gia Lai FC,Vietnam,Bek,27,-,0,2026-01-05
Jairo Rodrigues,Hoang Anh Gia Lai FC,Vietnam,Bek-Tengah,33,"Rp2,17Mlyr.",2170000000,2026-01-05
Quang Kiet Dinh,Hoang Anh Gia Lai FC,Vietnam,Bek-Tengah,0,"Rp1,74Mlyr.",1740000000,2026-01-05
Van Trieu Nguyen,Hoang Anh Gia Lai FC,Vietnam,Bek-Tengah,0,"Rp869,08Jt.",869080000,2026-01-05
Thanh Nhan Nguyen,Hoang Anh Gia Lai FC,Vietnam,Bek-Kiri,0,"Rp2,17Mlyr.",2170000000,2026-01-05
Du Hoc Phan,Hoang Anh Gia Lai FC,Vietnam,Bek-Kiri,0,"Rp1,74Mlyr.",1740000000,2026-01-05
Anh Tai Nguyen Huu,Hoang Anh Gia Lai FC,Vietnam,Bek-Kiri,28,"Rp434,54Jt.",434540000,2026-01-05
Phuoc Bao Vo,Hoang Anh Gia Lai FC,Vietnam,Bek-Kanan,38,"Rp869,08Jt.",869080000,2026-01-05
Khevin Fraga,Hoang Anh Gia Lai FC,Vietnam,Gel. Bertahan,0,"Rp4,35Mlyr.",4350000000,2026-01-05
Gia Huy Tran,Hoang Anh Gia Lai FC,Vietnam,Gelandang,0,"Rp434,54Jt.",434540000,2026-01-05
Huy Kiet Le,Hoang Anh Gia Lai FC,Vietnam,Gelandang,0,-,0,2026-01-05
Minh Quyen Ho,Hoang Anh Gia Lai FC,Vietnam,Gelandang,0,-,0,2026-01-05
Marciel,Hoang Anh Gia Lai FC,Vietnam,Gel. Tengah,0,"Rp4,78Mlyr.",4780000000,2026-01-05
Vinh Nguyen Hoang,Hoang Anh Gia Lai FC,Vietnam,Gel. Tengah,23,"Rp2,61Mlyr.",2610000000,2026-01-05
Thanh Son Tran,Hoang Anh Gia Lai FC,Vietnam,Gel. Tengah,0,"Rp1,74Mlyr.",1740000000,2026-01-05
Hoang Minh Cao,Hoang Anh Gia Lai FC,Vietnam,Gel. Tengah,20,"Rp1,30Mlyr.",1300000000,2026-01-05
Se Moi,Hoang Anh Gia Lai FC,Vietnam,Gel. Tengah,26,-,0,2026-01-05
Dinh Lam Vo,Hoang Anh Gia Lai FC,Vietnam,Gelandang Kiri,0,"Rp1,30Mlyr.",1300000000,2026-01-05
Gia Bao Tran,Hoang Anh Gia Lai FC,Vietnam,Sayap Kanan,16,"Rp1,30Mlyr.",1300000000,2026-01-05
Ryan Ha,Hoang Anh Gia Lai FC,Vietnam,Sayap Kanan,0,"Rp1,30Mlyr.",1300000000,2026-01-05
Huu Phuoc Le,Hoang Anh Gia Lai FC,Vietnam,Sayap Kanan,18,"Rp434,54Jt.",434540000,2026-01-05
Duy Tam Nguyen,Hoang Anh Gia Lai FC,Vietnam,Sayap Kanan,19,"Rp434,54Jt.",434540000,2026-01-05
Gabriel Conceição,Hoang Anh Gia Lai FC,Vietnam,Depan-Tengah,0,"Rp1,74Mlyr.",1740000000,2026-01-05
Minh Tam Nguyen,Hoang Anh Gia Lai FC,Vietnam,Depan-Tengah,0,"Rp869,08Jt.",869080000,2026-01-05
Thanh Tung Nguyen,Hong Linh Ha Tinh FC,Vietnam,Kiper,0,"Rp2,17Mlyr.",2170000000,2026-01-05
Tung Lam Duong,Hong Linh Ha Tinh FC,Vietnam,Kiper,29,"Rp434,54Jt.",434540000,2026-01-05
Ngoc Cuong Vo,Hong Linh Ha Tinh FC,Vietnam,Kiper,0,-,0,2026-01-05
Helerson,Hong Linh Ha Tinh FC,Vietnam,Bek-Tengah,0,"Rp4,35Mlyr.",4350000000,2026-01-05
Van Hanh Nguyen,Hong Linh Ha Tinh FC,Vietnam,Bek-Tengah,0,"Rp1,30Mlyr.",1300000000,2026-01-05
Cong Thanh Doan,Hong Linh Ha Tinh FC,Vietnam,Bek-Tengah,19,"Rp869,08Jt.",869080000,2026-01-05
Manh Hung Nguyen,Hong Linh Ha Tinh FC,Vietnam,Bek-Tengah,0,"Rp434,54Jt.",434540000,2026-01-05
Anh Tuan Nguyen,Hong Linh Ha Tinh FC,Vietnam,Bek-Tengah,0,-,0,2026-01-05
Sy Hoang Mai,Hong Linh Ha Tinh FC,Vietnam,Bek-Kiri,0,"Rp3,04Mlyr.",3040000000,2026-01-05
Viet Trieu Vu,Hong Linh Ha Tinh FC,Vietnam,Bek-Kiri,30,"Rp1,74Mlyr.",1740000000,2026-01-05
Duy Thuong Bui,Hong Linh Ha Tinh FC,Vietnam,Bek-Kanan,0,"Rp2,17Mlyr.",2170000000,2026-01-05
Van Nhuan Nguyen,Hong Linh Ha Tinh FC,Vietnam,Bek-Kanan,0,"Rp434,54Jt.",434540000,2026-01-05
Joseph Onoja,Hong Linh Ha Tinh FC,Vietnam,Gel. Bertahan,0,"Rp3,48Mlyr.",3480000000,2026-01-05
Quoc Dan Vo,Hong Linh Ha Tinh FC,Vietnam,Gelandang,38,"Rp434,54Jt.",434540000,2026-01-05
The Hung Nguyen,Hong Linh Ha Tinh FC,Vietnam,Gelandang,27,-,0,2026-01-05
Hoang Trung Nguyen Nguyen,Hong Linh Ha Tinh FC,Vietnam,Gel. Tengah,24,"Rp869,08Jt.",869080000,2026-01-05
Van Buu Tran,Hong Linh Ha Tinh FC,Vietnam,Gel. Tengah,17,"Rp434,54Jt.",434540000,2026-01-05
Van Huy Nguyen,Hong Linh Ha Tinh FC,Vietnam,Gel. Tengah,21,"Rp434,54Jt.",434540000,2026-01-05
Tuan Tai Dinh,Hong Linh Ha Tinh FC,Vietnam,Gel. Tengah,25,"Rp434,54Jt.",434540000,2026-01-05
Van Khanh Nguyen,Hong Linh Ha Tinh FC,Vietnam,Gel. Tengah,37,"Rp434,54Jt.",434540000,2026-01-05
Tan Tai Huynh,Hong Linh Ha Tinh FC,Vietnam,Gelandang Kanan,39,"Rp1,74Mlyr.",1740000000,2026-01-05
Van Long Pham,Hong Linh Ha Tinh FC,Vietnam,Gelandang Kanan,16,"Rp1,30Mlyr.",1300000000,2026-01-05
Van Hiep Nguyen,Hong Linh Ha Tinh FC,Vietnam,Gelandang Kanan,0,"Rp869,08Jt.",869080000,2026-01-05
Trong Hoang Nguyen,Hong Linh Ha Tinh FC,Vietnam,Gelandang Kanan,0,"Rp434,54Jt.",434540000,2026-01-05
Viktor Le,Hong Linh Ha Tinh FC,Vietnam,Gelandang Kiri,0,"Rp3,48Mlyr.",3480000000,2026-01-05
Tien Dat Huynh,Hong Linh Ha Tinh FC,Vietnam,Gelandang Kiri,20,"Rp869,08Jt.",869080000,2026-01-05
Yevgeniy Serdyuk,Hong Linh Ha Tinh FC,Vietnam,Depan-Tengah,0,"Rp10,43Mlyr.",10430000000,2026-01-05
Charles Atshimene,Hong Linh Ha Tinh FC,Vietnam,Depan-Tengah,0,"Rp4,78Mlyr.",4780000000,2026-01-05
Quang Nam Vu,Hong Linh Ha Tinh FC,Vietnam,Depan-Tengah,18,"Rp869,08Jt.",869080000,2026-01-05
Van Lam Dang,Ninh Binh FC,Vietnam,Kiper,0,"Rp3,48Mlyr.",3480000000,2026-01-05
The Tai Quang,Ninh Binh FC,Vietnam,Kiper,25,"Rp434,54Jt.",434540000,2026-01-05
Minh Duc Nguyen,Ninh Binh FC,Vietnam,Kiper,0,-,0,2026-01-05
Phong Chaloongphum,Ninh Binh FC,Vietnam,Kiper,0,-,0,2026-01-05
Patrick Marcelino,Ninh Binh FC,Vietnam,Bek-Tengah,0,"Rp3,91Mlyr.",3910000000,2026-01-05
Ngoc Bao Le,Ninh Binh FC,Vietnam,Bek-Tengah,17,"Rp2,17Mlyr.",2170000000,2026-01-05
Janclesio,Ninh Binh FC,Vietnam,Bek-Tengah,0,"Rp1,74Mlyr.",1740000000,2026-01-05
Hai Duc Le,Ninh Binh FC,Vietnam,Bek-Tengah,26,"Rp869,08Jt.",869080000,2026-01-05
Quang Vinh Dung,Ninh Binh FC,Vietnam,Bek-Tengah,23,-,0,2026-01-05
Thanh Thinh Do,Ninh Binh FC,Vietnam,Bek-Kiri,0,"Rp3,04Mlyr.",3040000000,2026-01-05
Evan Abran,Ninh Binh FC,Vietnam,Bek-Kiri,0,-,0,2026-01-05
Duc Chien Nguyen,Ninh Binh FC,Vietnam,Gel. Bertahan,0,"Rp4,78Mlyr.",4780000000,2026-01-05
Quang Nho Dung,Ninh Binh FC,Vietnam,Gel. Bertahan,0,"Rp3,91Mlyr.",3910000000,2026-01-05
Chung Nguyen Do,Ninh Binh FC,Vietnam,Gel. Tengah,0,"Rp6,08Mlyr.",6080000000,2026-01-05
Hoang Duc Nguyen,Ninh Binh FC,Vietnam,Gel. Tengah,28,"Rp5,65Mlyr.",5650000000,2026-01-05
Duc Viet Nguyen,Ninh Binh FC,Vietnam,Gel. Tengah,0,"Rp1,30Mlyr.",1300000000,2026-01-05
Trong Long Nguyen,Ninh Binh FC,Vietnam,Gel. Tengah,29,"Rp1,30Mlyr.",1300000000,2026-01-05
Ngoc Quang Chau,Ninh Binh FC,Vietnam,Gelandang Kanan,0,"Rp3,91Mlyr.",3910000000,2026-01-05
Ngoc Ha Mach,Ninh Binh FC,Vietnam,Gelandang Kanan,19,"Rp1,74Mlyr.",1740000000,2026-01-05
Bao Trung La Nguyen,Ninh Binh FC,Vietnam,Gelandang Kanan,27,"Rp434,54Jt.",434540000,2026-01-05
Bao Toan Tran,Ninh Binh FC,Vietnam,Gelandang Kiri,0,"Rp3,48Mlyr.",3480000000,2026-01-05
Thanh Ngoc Lam Luong,Ninh Binh FC,Vietnam,Gelandang Kiri,0,"Rp434,54Jt.",434540000,2026-01-05
Geovane Magno,Ninh Binh FC,Vietnam,Gel. Serang,0,"Rp5,21Mlyr.",5210000000,2026-01-05
Di Dan Nay,Ninh Binh FC,Vietnam,Gel. Serang,20,-,0,2026-01-05
Quoc Viet Nguyen,Ninh Binh FC,Vietnam,Sayap Kanan,0,"Rp1,30Mlyr.",1300000000,2026-01-05
Gustavo Henrique,Ninh Binh FC,Vietnam,Depan-Tengah,0,"Rp6,95Mlyr.",6950000000,2026-01-05
Daniel dos Anjos,Ninh Binh FC,Vietnam,Depan-Tengah,0,"Rp6,08Mlyr.",6080000000,2026-01-05
Thanh Binh Dinh,Ninh Binh FC,Vietnam,Depan-Tengah,0,"Rp1,74Mlyr.",1740000000,2026-01-05
Gia Hung Pham,Ninh Binh FC,Vietnam,Depan-Tengah,18,"Rp1,30Mlyr.",1300000000,2026-01-05
Le Phat Nguyen,Ninh Binh FC,Vietnam,Depan-Tengah,16,"Rp869,08Jt.",869080000,2026-01-05
Patrik Le Giang,Cong An Ho Chi Minh City FC,Vietnam,Kiper,0,"Rp2,61Mlyr.",2610000000,2026-01-05
Van Tien Tran,Cong An Ho Chi Minh City FC,Vietnam,Kiper,25,"Rp434,54Jt.",434540000,2026-01-05
Manh Cuong Nguyen,Cong An Ho Chi Minh City FC,Vietnam,Kiper,0,"Rp434,54Jt.",434540000,2026-01-05
Tan Nguyen,Cong An Ho Chi Minh City FC,Vietnam,Kiper,0,-,0,2026-01-05
Matheus Felipe,Cong An Ho Chi Minh City FC,Vietnam,Bek-Tengah,0,"Rp14,77Mlyr.",14770000000,2026-01-05
Minh Gia Bao Khong,Cong An Ho Chi Minh City FC,Vietnam,Bek-Tengah,0,"Rp2,17Mlyr.",2170000000,2026-01-05
Hoang Phuc Tran,Cong An Ho Chi Minh City FC,Vietnam,Bek-Tengah,28,"Rp2,17Mlyr.",2170000000,2026-01-05
Minh Trong Vo,Cong An Ho Chi Minh City FC,Vietnam,Bek-Kiri,17,"Rp4,35Mlyr.",4350000000,2026-01-05
Kha Duc Le,Cong An Ho Chi Minh City FC,Vietnam,Bek-Kiri,0,"Rp1,30Mlyr.",1300000000,2026-01-05
Viet Hoang Vo Huu,Cong An Ho Chi Minh City FC,Vietnam,Bek-Kanan,20,"Rp1,74Mlyr.",1740000000,2026-01-05
Quang Hung Le,Cong An Ho Chi Minh City FC,Vietnam,Bek-Kanan,34,"Rp869,08Jt.",869080000,2026-01-05
Manh Cuong Tran,Cong An Ho Chi Minh City FC,Vietnam,Bek-Kanan,0,"Rp869,08Jt.",869080000,2026-01-05
Duc Huy Pham,Cong An Ho Chi Minh City FC,Vietnam,Gel. Bertahan,0,"Rp2,17Mlyr.",2170000000,2026-01-05
Van Luan Pham,Cong An Ho Chi Minh City FC,Vietnam,Gel. Bertahan,0,"Rp1,74Mlyr.",1740000000,2026-01-05
Peter Makrillos,Cong An Ho Chi Minh City FC,Vietnam,Gel. Tengah,0,"Rp4,35Mlyr.",4350000000,2026-01-05
Quoc Cuong Nguyen Thai,Cong An Ho Chi Minh City FC,Vietnam,Gel. Tengah,19,"Rp2,17Mlyr.",2170000000,2026-01-05
Duc Phu Nguyen,Cong An Ho Chi Minh City FC,Vietnam,Gel. Tengah,39,"Rp2,17Mlyr.",2170000000,2026-01-05
Quoc Gia Dao,Cong An Ho Chi Minh City FC,Vietnam,Gel. Tengah,21,"Rp1,74Mlyr.",1740000000,2026-01-05
Van Lam Dang,Cong An Ho Chi Minh City FC,Vietnam,Gel. Tengah,23,"Rp1,30Mlyr.",1300000000,2026-01-05
Ngoc Long Bui,Cong An Ho Chi Minh City FC,Vietnam,Gelandang Kanan,18,"Rp2,17Mlyr.",2170000000,2026-01-05
Vu Tin Nguyen,Cong An Ho Chi Minh City FC,Vietnam,Gelandang Kiri,0,"Rp1,30Mlyr.",1300000000,2026-01-05
Van Hao Duong,Cong An Ho Chi Minh City FC,Vietnam,Gelandang Kiri,36,"Rp1,30Mlyr.",1300000000,2026-01-05
Huy Toan Vo,Cong An Ho Chi Minh City FC,Vietnam,Gelandang Kiri,0,"Rp869,08Jt.",869080000,2026-01-05
Endrick,Cong An Ho Chi Minh City FC,Vietnam,Gel. Serang,0,"Rp3,48Mlyr.",3480000000,2026-01-05
Raphael Utzig,Cong An Ho Chi Minh City FC,Vietnam,Sayap Kiri,0,"Rp13,04Mlyr.",13040000000,2026-01-05
Khoa Ngo,Cong An Ho Chi Minh City FC,Vietnam,Sayap Kiri,26,"Rp2,61Mlyr.",2610000000,2026-01-05
Van Toan Tay,Cong An Ho Chi Minh City FC,Vietnam,Sayap Kanan,0,"Rp1,30Mlyr.",1300000000,2026-01-05
Van Binh Bui,Cong An Ho Chi Minh City FC,Vietnam,Sayap Kanan,27,"Rp1,30Mlyr.",1300000000,2026-01-05
Tien Linh Nguyen,Cong An Ho Chi Minh City FC,Vietnam,Depan-Tengah,22,"Rp5,65Mlyr.",5650000000,2026-01-05
Erik Sorga,Cong An Ho Chi Minh City FC,Vietnam,Depan-Tengah,0,"Rp3,91Mlyr.",3910000000,2026-01-05
Lee Williams,Cong An Ho Chi Minh City FC,Vietnam,Depan-Tengah,0,"Rp869,08Jt.",869080000,2026-01-05
Minh Toan Tran,Becamex Ho Chi Minh City FC,Vietnam,Kiper,25,"Rp2,61Mlyr.",2610000000,2026-01-05
Van Cong Nguyen,Becamex Ho Chi Minh City FC,Vietnam,Kiper,30,"Rp869,08Jt.",869080000,2026-01-05
Huynh Van Bin Nguyen,Becamex Ho Chi Minh City FC,Vietnam,Kiper,0,-,0,2026-01-05
Huu Loi Nguyen,Becamex Ho Chi Minh City FC,Vietnam,Kiper,0,-,0,2026-01-05
Nhat Ha Tran,Becamex Ho Chi Minh City FC,Vietnam,Kiper,0,-,0,2026-01-05
Milos Zlatkovic,Becamex Ho Chi Minh City FC,Vietnam,Bek-Tengah,24,"Rp3,91Mlyr.",3910000000,2026-01-05
Adriano Schmidt,Becamex Ho Chi Minh City FC,Vietnam,Bek-Tengah,0,"Rp2,17Mlyr.",2170000000,2026-01-05
Dinh Khuong Tran,Becamex Ho Chi Minh City FC,Vietnam,Bek-Tengah,21,"Rp1,74Mlyr.",1740000000,2026-01-05
Hoang Bao Tran,Becamex Ho Chi Minh City FC,Vietnam,Bek-Kiri,0,"Rp434,54Jt.",434540000,2026-01-05
Tan Tai Ho,Becamex Ho Chi Minh City FC,Vietnam,Bek-Kanan,0,"Rp4,35Mlyr.",4350000000,2026-01-05
Tung Quoc Ngo,Becamex Ho Chi Minh City FC,Vietnam,Bek-Kanan,0,"Rp3,91Mlyr.",3910000000,2026-01-05
Hoang Hung Tran,Becamex Ho Chi Minh City FC,Vietnam,Bek-Kanan,0,"Rp869,08Jt.",869080000,2026-01-05
Tuan Canh Doan,Becamex Ho Chi Minh City FC,Vietnam,Bek-Kanan,19,"Rp434,54Jt.",434540000,2026-01-05
Khac Vu Nguyen,Becamex Ho Chi Minh City FC,Vietnam,Bek-Kanan,27,"Rp434,54Jt.",434540000,2026-01-05
Thanh Kien Nguyen,Becamex Ho Chi Minh City FC,Vietnam,Bek-Kanan,33,"Rp434,54Jt.",434540000,2026-01-05
Geoffrey Kizito,Becamex Ho Chi Minh City FC,Vietnam,Gel. Bertahan,39,"Rp2,17Mlyr.",2170000000,2026-01-05
Huu Dung Nguyen,Becamex Ho Chi Minh City FC,Vietnam,Gel. Bertahan,22,"Rp434,54Jt.",434540000,2026-01-05
Ngoc Chien Nguyen,Becamex Ho Chi Minh City FC,Vietnam,Gel. Bertahan,35,-,0,2026-01-05
Hoang Anh Ngo,Becamex Ho Chi Minh City FC,Vietnam,Gelandang,0,-,0,2026-01-05
Hoang Minh Khoa Vo,Becamex Ho Chi Minh City FC,Vietnam,Gel. Tengah,0,"Rp4,78Mlyr.",4780000000,2026-01-05
Hugo Alves,Becamex Ho Chi Minh City FC,Vietnam,Gel. Tengah,0,"Rp3,48Mlyr.",3480000000,2026-01-05
Thanh Hau Phan,Becamex Ho Chi Minh City FC,Vietnam,Gel. Tengah,0,"Rp1,74Mlyr.",1740000000,2026-01-05
Trong Phu Nguyen,Becamex Ho Chi Minh City FC,Vietnam,Gel. Tengah,0,"Rp434,54Jt.",434540000,2026-01-05
Thanh Long Phan Nhat,Becamex Ho Chi Minh City FC,Vietnam,Gelandang Kanan,38,"Rp1,30Mlyr.",1300000000,2026-01-05
Trong Hung Nguyen,Becamex Ho Chi Minh City FC,Vietnam,Gelandang Kiri,20,"Rp1,30Mlyr.",1300000000,2026-01-05
Quoc Khanh Cao,Becamex Ho Chi Minh City FC,Vietnam,Gel. Serang,0,"Rp434,54Jt.",434540000,2026-01-05
Trung Hau Ha,Becamex Ho Chi Minh City FC,Vietnam,Gel. Serang,23,-,0,2026-01-05
Vi Hao Bui,Becamex Ho Chi Minh City FC,Vietnam,Sayap Kiri,0,"Rp5,21Mlyr.",5210000000,2026-01-05
Tran Viet Cuong Nguyen,Becamex Ho Chi Minh City FC,Vietnam,Sayap Kiri,0,"Rp3,48Mlyr.",3480000000,2026-01-05
Van Anh Nguyen,Becamex Ho Chi Minh City FC,Vietnam,Sayap Kiri,28,"Rp869,08Jt.",869080000,2026-01-05
Ugochukwu Oduenyi,Becamex Ho Chi Minh City FC,Vietnam,Sayap Kanan,0,"Rp2,61Mlyr.",2610000000,2026-01-05
Thanh Nhan Nguyen,Becamex Ho Chi Minh City FC,Vietnam,Sayap Kanan,16,"Rp1,30Mlyr.",1300000000,2026-01-05
Ismaila Origbaajo,Becamex Ho Chi Minh City FC,Vietnam,Depan-Tengah,0,"Rp2,61Mlyr.",2610000000,2026-01-05
Minh Binh Le,Becamex Ho Chi Minh City FC,Vietnam,Depan-Tengah,0,"Rp1,30Mlyr.",1300000000,2026-01-05
Tuan Tai Ho,Becamex Ho Chi Minh City FC,Vietnam,Depan-Tengah,18,"Rp869,08Jt.",869080000,2026-01-05
Tony Pham,Becamex Ho Chi Minh City FC,Vietnam,Depan-Tengah,0,-,0,2026-01-05
Nhu Y Nguyen,Becamex Ho Chi Minh City FC,Vietnam,Penyerang,0,-,0,2026-01-05
Sy Huy Do,PVF-CAND FC,Vietnam,Kiper,0,"Rp869,08Jt.",869080000,2026-01-05
Minh Long Phi,PVF-CAND FC,Vietnam,Kiper,33,"Rp869,08Jt.",869080000,2026-01-05
Thai Hieu Truong,PVF-CAND FC,Vietnam,Kiper,0,-,0,2026-01-05
Phuong Nam Nguyen,PVF-CAND FC,Vietnam,Bek,0,-,0,2026-01-05
Van Viet Ha,PVF-CAND FC,Vietnam,Bek,0,-,0,2026-01-05
Alain Eyenga,PVF-CAND FC,Vietnam,Bek-Tengah,24,"Rp3,04Mlyr.",3040000000,2026-01-05
Hieu Minh Nguyen,PVF-CAND FC,Vietnam,Bek-Tengah,0,"Rp1,74Mlyr.",1740000000,2026-01-05
Anh Viet Doan,PVF-CAND FC,Vietnam,Bek-Tengah,0,"Rp434,54Jt.",434540000,2026-01-05
Van Chuong Dao,PVF-CAND FC,Vietnam,Bek-Tengah,31,"Rp434,54Jt.",434540000,2026-01-05
Duc Anh Nguyen Nhu,PVF-CAND FC,Vietnam,Bek-Tengah,0,-,0,2026-01-05
Bao Long Nguyen,PVF-CAND FC,Vietnam,Bek-Kiri,0,"Rp1,30Mlyr.",1300000000,2026-01-05
Van Dung Nguyen,PVF-CAND FC,Vietnam,Bek-Kiri,0,"Rp434,54Jt.",434540000,2026-01-05
Anh Quan Vo,PVF-CAND FC,Vietnam,Bek-Kanan,20,"Rp2,17Mlyr.",2170000000,2026-01-05
Van Thai Quy Truong,PVF-CAND FC,Vietnam,Bek-Kanan,0,"Rp1,74Mlyr.",1740000000,2026-01-05
Viet Truong Phung,PVF-CAND FC,Vietnam,Bek-Kanan,37,"Rp869,08Jt.",869080000,2026-01-05
Joseph Mpande,PVF-CAND FC,Vietnam,Gel. Tengah,0,"Rp4,78Mlyr.",4780000000,2026-01-05
Marco Antônio,PVF-CAND FC,Vietnam,Gel. Tengah,0,"Rp3,04Mlyr.",3040000000,2026-01-05
Xuan Bac Nguyen,PVF-CAND FC,Vietnam,Gel. Tengah,0,"Rp2,61Mlyr.",2610000000,2026-01-05
Cong Den Huynh,PVF-CAND FC,Vietnam,Gel. Tengah,0,"Rp1,30Mlyr.",1300000000,2026-01-05
Van Thuan Do,PVF-CAND FC,Vietnam,Gel. Tengah,0,"Rp869,08Jt.",869080000,2026-01-05
Huy Hung Nguyen,PVF-CAND FC,Vietnam,Gel. Tengah,29,"Rp434,54Jt.",434540000,2026-01-05
Trung Phong Phu,PVF-CAND FC,Vietnam,Gelandang Kiri,30,"Rp434,54Jt.",434540000,2026-01-05
Van Trang Nguyen,PVF-CAND FC,Vietnam,Gel. Serang,0,"Rp869,08Jt.",869080000,2026-01-05
Ba Dat Thai,PVF-CAND FC,Vietnam,Gel. Serang,17,"Rp869,08Jt.",869080000,2026-01-05
Thanh Nhan Nguyen,PVF-CAND FC,Vietnam,Sayap Kanan,0,"Rp2,17Mlyr.",2170000000,2026-01-05
Amarildo,PVF-CAND FC,Vietnam,Depan-Tengah,0,"Rp3,04Mlyr.",3040000000,2026-01-05
Samson Olaleye,PVF-CAND FC,Vietnam,Depan-Tengah,39,"Rp434,54Jt.",434540000,2026-01-05
Van Vinh Nguyen,PVF-CAND FC,Vietnam,Depan-Tengah,0,"Rp434,54Jt.",434540000,2026-01-05
Anh Tuan Nguyen,PVF-CAND FC,Vietnam,Depan-Tengah,36,-,0,2026-01-05
Tien Dung Bui,SHB Da Nang FC,Vietnam,Kiper,0,"Rp2,17Mlyr.",2170000000,2026-01-05
Van Bieu Phan,SHB Da Nang FC,Vietnam,Kiper,0,"Rp1,30Mlyr.",1300000000,2026-01-05
Tung Han Ho,SHB Da Nang FC,Vietnam,Kiper,0,"Rp434,54Jt.",434540000,2026-01-05
Tuan Hung Dang,SHB Da Nang FC,Vietnam,Kiper,30,"Rp434,54Jt.",434540000,2026-01-05
Van Hoa Tran,SHB Da Nang FC,Vietnam,Bek,0,"Rp434,54Jt.",434540000,2026-01-05
Gustavo Sant'Ana,SHB Da Nang FC,Vietnam,Bek-Tengah,0,"Rp2,61Mlyr.",2610000000,2026-01-05
Duy Cuong Luong,SHB Da Nang FC,Vietnam,Bek-Tengah,20,"Rp2,17Mlyr.",2170000000,2026-01-05
Duc Anh Nguyen,SHB Da Nang FC,Vietnam,Bek-Tengah,0,"Rp1,30Mlyr.",1300000000,2026-01-05
Ngoc Hiep Tran,SHB Da Nang FC,Vietnam,Bek-Tengah,0,"Rp869,08Jt.",869080000,2026-01-05
Van Hung Le,SHB Da Nang FC,Vietnam,Bek-Tengah,43,"Rp869,08Jt.",869080000,2026-01-05
Ngoc Son Tran,SHB Da Nang FC,Vietnam,Bek-Tengah,27,"Rp434,54Jt.",434540000,2026-01-05
Van Son Vu,SHB Da Nang FC,Vietnam,Bek-Tengah,0,"Rp434,54Jt.",434540000,2026-01-05
Thanh Khai Nguyen,SHB Da Nang FC,Vietnam,Bek-Tengah,0,-,0,2026-01-05
Duy Duong Nguyen,SHB Da Nang FC,Vietnam,Bek-Kiri,35,"Rp869,08Jt.",869080000,2026-01-05
Duy Thang Nguyen,SHB Da Nang FC,Vietnam,Bek-Kiri,0,"Rp434,54Jt.",434540000,2026-01-05
Hong Phuc Nguyen,SHB Da Nang FC,Vietnam,Bek-Kanan,23,"Rp869,08Jt.",869080000,2026-01-05
The Hung Phan,SHB Da Nang FC,Vietnam,Gelandang,17,-,0,2026-01-05
Anh Tuan Dang,SHB Da Nang FC,Vietnam,Gel. Tengah,0,"Rp1,30Mlyr.",1300000000,2026-01-05
Vu Quoc Nhat Le,SHB Da Nang FC,Vietnam,Gel. Tengah,22,"Rp869,08Jt.",869080000,2026-01-05
Van Toan Vo,SHB Da Nang FC,Vietnam,Gel. Tengah,0,"Rp869,08Jt.",869080000,2026-01-05
Van Long Phan,SHB Da Nang FC,Vietnam,Gelandang Kanan,0,"Rp2,61Mlyr.",2610000000,2026-01-05
Phi Hoang Nguyen,SHB Da Nang FC,Vietnam,Gelandang Kiri,21,"Rp3,48Mlyr.",3480000000,2026-01-05
Vadim Nguyen,SHB Da Nang FC,Vietnam,Gelandang Kiri,0,"Rp869,08Jt.",869080000,2026-01-05
David Henen,SHB Da Nang FC,Vietnam,Sayap Kiri,0,"Rp4,78Mlyr.",4780000000,2026-01-05
Dinh Duy Pham,SHB Da Nang FC,Vietnam,Sayap Kanan,18,"Rp2,61Mlyr.",2610000000,2026-01-05
Minh Quang Nguyen,SHB Da Nang FC,Vietnam,Sayap Kanan,38,"Rp1,74Mlyr.",1740000000,2026-01-05
Van Huu Pham,SHB Da Nang FC,Vietnam,Sayap Kanan,16,"Rp869,08Jt.",869080000,2026-01-05
Hong Phuoc Ngo,SHB Da Nang FC,Vietnam,Sayap Kanan,0,"Rp869,08Jt.",869080000,2026-01-05
Milan Makaric,SHB Da Nang FC,Vietnam,Depan-Tengah,0,"Rp4,35Mlyr.",4350000000,2026-01-05
Xuan Hoang Trinh,Dong A Thanh Hoa FC,Vietnam,Kiper,0,"Rp2,17Mlyr.",2170000000,2026-01-05
Y Eli Nie,Dong A Thanh Hoa FC,Vietnam,Kiper,30,"Rp869,08Jt.",869080000,2026-01-05
Anh Tuan Le,Dong A Thanh Hoa FC,Vietnam,Kiper,0,-,0,2026-01-05
Mamadou Mbodj,Dong A Thanh Hoa FC,Vietnam,Bek-Tengah,0,"Rp3,91Mlyr.",3910000000,2026-01-05
Ngoc Hai Que,Dong A Thanh Hoa FC,Vietnam,Bek-Tengah,0,"Rp3,48Mlyr.",3480000000,2026-01-05
Van Loi Trinh,Dong A Thanh Hoa FC,Vietnam,Bek-Tengah,0,"Rp1,74Mlyr.",1740000000,2026-01-05
Dinh Huyen Nguyen,Dong A Thanh Hoa FC,Vietnam,Bek-Tengah,16,"Rp869,08Jt.",869080000,2026-01-05
Xuan Hung Luc,Dong A Thanh Hoa FC,Vietnam,Bek-Tengah,0,"Rp434,54Jt.",434540000,2026-01-05
Thai Binh Hoang,Dong A Thanh Hoa FC,Vietnam,Bek-Kiri,28,"Rp2,61Mlyr.",2610000000,2026-01-05
Minh Doan Huynh,Dong A Thanh Hoa FC,Vietnam,Bek-Kanan,0,"Rp869,08Jt.",869080000,2026-01-05
Ba Tien Nguyen,Dong A Thanh Hoa FC,Vietnam,Bek-Kanan,0,"Rp869,08Jt.",869080000,2026-01-05
Thanh Nam Truong,Dong A Thanh Hoa FC,Vietnam,Bek-Kanan,0,"Rp434,54Jt.",434540000,2026-01-05
Duc Tung Nguyen,Dong A Thanh Hoa FC,Vietnam,Bek-Kanan,0,-,0,2026-01-05
Thai Son Nguyen,Dong A Thanh Hoa FC,Vietnam,Gel. Bertahan,0,"Rp4,35Mlyr.",4350000000,2026-01-05
Ngoc Ha Doan,Dong A Thanh Hoa FC,Vietnam,Gel. Bertahan,29,"Rp1,30Mlyr.",1300000000,2026-01-05
Odilzhon Abdurakhmanov,Dong A Thanh Hoa FC,Vietnam,Gel. Tengah,0,"Rp4,35Mlyr.",4350000000,2026-01-05
Damoth Thongkhamsavath,Dong A Thanh Hoa FC,Vietnam,Gel. Tengah,22,"Rp2,61Mlyr.",2610000000,2026-01-05
Ngoc Tan Doan,Dong A Thanh Hoa FC,Vietnam,Gel. Tengah,34,"Rp2,17Mlyr.",2170000000,2026-01-05
Quoc Phuong Le,Dong A Thanh Hoa FC,Vietnam,Gelandang Kiri,19,"Rp434,54Jt.",434540000,2026-01-05
Trum Tinh Pham,Dong A Thanh Hoa FC,Vietnam,Gel. Serang,23,"Rp869,08Jt.",869080000,2026-01-05
Ngoc Quy Tran,Dong A Thanh Hoa FC,Vietnam,Gel. Serang,21,-,0,2026-01-05
Ngoc My Nguyen,Dong A Thanh Hoa FC,Vietnam,Sayap Kiri,24,"Rp2,17Mlyr.",2170000000,2026-01-05
Van Thuan Le,Dong A Thanh Hoa FC,Vietnam,Sayap Kanan,0,"Rp2,61Mlyr.",2610000000,2026-01-05
Van Thang Le,Dong A Thanh Hoa FC,Vietnam,Sayap Kanan,0,"Rp434,54Jt.",434540000,2026-01-05
Rimario Gordon,Dong A Thanh Hoa FC,Vietnam,Depan-Tengah,0,"Rp3,91Mlyr.",3910000000,2026-01-05
Ribamar,Dong A Thanh Hoa FC,Vietnam,Depan-Tengah,20,"Rp3,48Mlyr.",3480000000,2026-01-05
Nguyen Hoang Vo,Dong A Thanh Hoa FC,Vietnam,Depan-Tengah,0,"Rp2,17Mlyr.",2170000000,2026-01-05
Van Tung Nguyen,Dong A Thanh Hoa FC,Vietnam,Penyerang,17,"Rp434,54Jt.",434540000,2026-01-05
Van Cuong Le,Dong A Thanh Hoa FC,Vietnam,Depan-Tengah,0,-,0,2026-01-05
Caíque,Thep Xanh Nam Dinh FC,Vietnam,Kiper,0,"Rp10,43Mlyr.",10430000000,2026-01-05
Nguyen Manh Tran,Thep Xanh Nam Dinh FC,Vietnam,Kiper,26,"Rp2,61Mlyr.",2610000000,2026-01-05
Vu Phong Le,Thep Xanh Nam Dinh FC,Vietnam,Kiper,23,"Rp434,54Jt.",434540000,2026-01-05
Duc Dung Tran,Thep Xanh Nam Dinh FC,Vietnam,Kiper,29,"Rp434,54Jt.",434540000,2026-01-05
Liem Dieu Tran,Thep Xanh Nam Dinh FC,Vietnam,Kiper,0,"Rp434,54Jt.",434540000,2026-01-05
Van Toi Dang,Thep Xanh Nam Dinh FC,Vietnam,Bek-Tengah,0,"Rp3,91Mlyr.",3910000000,2026-01-05
Lucas,Thep Xanh Nam Dinh FC,Vietnam,Bek-Tengah,0,"Rp3,48Mlyr.",3480000000,2026-01-05
Wálber,Thep Xanh Nam Dinh FC,Vietnam,Bek-Tengah,34,"Rp1,74Mlyr.",1740000000,2026-01-05
Thanh Hao Duong,Thep Xanh Nam Dinh FC,Vietnam,Bek-Tengah,0,"Rp1,30Mlyr.",1300000000,2026-01-05
Duc Huy Ngo,Thep Xanh Nam Dinh FC,Vietnam,Bek-Tengah,32,"Rp1,30Mlyr.",1300000000,2026-01-05
Xuan Khai Dinh,Thep Xanh Nam Dinh FC,Vietnam,Bek-Tengah,0,-,0,2026-01-05
Mitchell Dijks,Thep Xanh Nam Dinh FC,Vietnam,Bek-Kiri,24,"Rp8,69Mlyr.",8690000000,2026-01-05
Van Vi Nguyen,Thep Xanh Nam Dinh FC,Vietnam,Bek-Kiri,17,"Rp3,91Mlyr.",3910000000,2026-01-05
Phong Hong Duy Nguyen,Thep Xanh Nam Dinh FC,Vietnam,Bek-Kiri,0,"Rp3,04Mlyr.",3040000000,2026-01-05
Van Kien Tran,Thep Xanh Nam Dinh FC,Vietnam,Bek-Kanan,0,"Rp3,04Mlyr.",3040000000,2026-01-05
Kévin Pham Ba,Thep Xanh Nam Dinh FC,Vietnam,Bek-Kanan,0,"Rp2,61Mlyr.",2610000000,2026-01-05
Dang Duc Anh Tran,Thep Xanh Nam Dinh FC,Vietnam,Bek-Kanan,0,"Rp434,54Jt.",434540000,2026-01-05
Njabulo Blom,Thep Xanh Nam Dinh FC,Vietnam,Gel. Bertahan,0,"Rp13,04Mlyr.",13040000000,2026-01-05
Rômulo,Thep Xanh Nam Dinh FC,Vietnam,Gel. Bertahan,0,"Rp7,82Mlyr.",7820000000,2026-01-05
Van Cong Tran,Thep Xanh Nam Dinh FC,Vietnam,Gel. Bertahan,16,"Rp3,48Mlyr.",3480000000,2026-01-05
Arnaud Lusamba,Thep Xanh Nam Dinh FC,Vietnam,Gel. Tengah,0,"Rp13,91Mlyr.",13910000000,2026-01-05
Caio César,Thep Xanh Nam Dinh FC,Vietnam,Gel. Tengah,0,"Rp9,56Mlyr.",9560000000,2026-01-05
Tuan Anh Nguyen,Thep Xanh Nam Dinh FC,Vietnam,Gel. Tengah,0,"Rp3,48Mlyr.",3480000000,2026-01-05
Cong Hoang Anh Ly,Thep Xanh Nam Dinh FC,Vietnam,Gelandang Kanan,0,"Rp4,35Mlyr.",4350000000,2026-01-05
Mit A,Thep Xanh Nam Dinh FC,Vietnam,Gelandang Kanan,0,"Rp2,61Mlyr.",2610000000,2026-01-05
Van Vu To,Thep Xanh Nam Dinh FC,Vietnam,Gelandang Kanan,28,"Rp2,61Mlyr.",2610000000,2026-01-05
Dinh Son Nguyen,Thep Xanh Nam Dinh FC,Vietnam,Gelandang Kanan,0,"Rp869,08Jt.",869080000,2026-01-05
Kristoffer Hansen,Thep Xanh Nam Dinh FC,Vietnam,Sayap Kiri,21,"Rp10,43Mlyr.",10430000000,2026-01-05
Van Dat Tran,Thep Xanh Nam Dinh FC,Vietnam,Sayap Kiri,19,"Rp2,61Mlyr.",2610000000,2026-01-05
Ngoc Son Tran,Thep Xanh Nam Dinh FC,Vietnam,Sayap Kiri,27,"Rp1,30Mlyr.",1300000000,2026-01-05
Percy Tau,Thep Xanh Nam Dinh FC,Vietnam,Sayap Kanan,22,"Rp14,77Mlyr.",14770000000,2026-01-05
Mahmoud Eid,Thep Xanh Nam Dinh FC,Vietnam,Sayap Kanan,0,"Rp6,95Mlyr.",6950000000,2026-01-05
Van Toan Nguyen,Thep Xanh Nam Dinh FC,Vietnam,Sayap Kanan,0,"Rp4,78Mlyr.",4780000000,2026-01-05
Ti Phong Lam,Thep Xanh Nam Dinh FC,Vietnam,Sayap Kanan,39,"Rp3,48Mlyr.",3480000000,2026-01-05
Chadrac Akolo,Thep Xanh Nam Dinh FC,Vietnam,Depan-Tengah,0,"Rp13,91Mlyr.",13910000000,2026-01-05
Rafaelson,Thep Xanh Nam Dinh FC,Vietnam,Depan-Tengah,0,"Rp10,43Mlyr.",10430000000,2026-01-05
Brenner,Thep Xanh Nam Dinh FC,Vietnam,Depan-Tengah,35,"Rp6,52Mlyr.",6520000000,2026-01-05
Kyle Hudlin,Thep Xanh Nam Dinh FC,Vietnam,Depan-Tengah,37,"Rp3,91Mlyr.",3910000000,2026-01-05
