player_name,team,league_country,position,age,market_value_raw,market_value_est,scraped_date
Mike Hauptmeijer,Bali United FC,Indonesia,Kiper,0,"Rp3,48Mlyr.",3480000000,2026-04-13
Fitrul Rustapa,Bali United FC,Indonesia,Kiper,0,"Rp2,17Mlyr.",2170000000,2026-04-13
Dikri Yusron,Bali United FC,Indonesia,Kiper,31,"Rp1,30Mlyr.",1300000000,2026-04-13
Wayan Arta,Bali United FC,Indonesia,Kiper,21,"Rp173,82Jt.",173820000,2026-04-13
Kadek Arel,Bali United FC,Indonesia,Bek-Tengah,0,"Rp4,35Mlyr.",4350000000,2026-04-13
João Ferrari,Bali United FC,Indonesia,Bek-Tengah,0,"Rp2,61Mlyr.",2610000000,2026-04-13
Bagas Adi,Bali United FC,Indonesia,Bek-Tengah,0,"Rp1,74Mlyr.",1740000000,2026-04-13
Putu Panji,Bali United FC,Indonesia,Bek-Tengah,44,-,0,2026-04-13
Komang Dedi,Bali United FC,Indonesia,Bek-Tengah,0,-,0,2026-04-13
Ricky Fajrin,Bali United FC,Indonesia,Bek-Kiri,24,"Rp5,65Mlyr.",5650000000,2026-04-13
Yusuf Meilana,Bali United FC,Indonesia,Bek-Kiri,0,"Rp3,48Mlyr.",3480000000,2026-04-13
Agus Mahendra,Bali United FC,Indonesia,Bek-Kiri,0,"Rp434,54Jt.",434540000,2026-04-13
Made Andhika,Bali United FC,Indonesia,Bek-Kanan,33,"Rp4,35Mlyr.",4350000000,2026-04-13
Rizky Dwi,Bali United FC,Indonesia,Bek-Kanan,16,"Rp3,04Mlyr.",3040000000,2026-04-13
Brandon Wilson,Bali United FC,Indonesia,Gel. Bertahan,0,"Rp4,78Mlyr.",4780000000,2026-04-13
Made Tito,Bali United FC,Indonesia,Gel. Bertahan,0,"Rp2,17Mlyr.",2170000000,2026-04-13
Tim Receveur,Bali United FC,Indonesia,Gel. Bertahan,0,"Rp1,74Mlyr.",1740000000,2026-04-13
Aris Sanjaya,Bali United FC,Indonesia,Gel. Bertahan,0,-,0,2026-04-13
Reyner Barusu,Bali United FC,Indonesia,Gel. Bertahan,0,-,0,2026-04-13
Kadek Agung,Bali United FC,Indonesia,Gel. Tengah,18,"Rp3,91Mlyr.",3910000000,2026-04-13
Teppei Yachida,Bali United FC,Indonesia,Gel. Serang,17,"Rp10,43Mlyr.",10430000000,2026-04-13
Jordy Bruijn,Bali United FC,Indonesia,Gel. Serang,0,"Rp5,21Mlyr.",5210000000,2026-04-13
Mirza Mustafic,Bali United FC,Indonesia,Gel. Serang,0,"Rp5,21Mlyr.",5210000000,2026-04-13
Maouri Simon,Bali United FC,Indonesia,Gel. Serang,42,"Rp869,08Jt.",869080000,2026-04-13
Diego Campos,Bali United FC,Indonesia,Sayap Kiri,0,"Rp10,43Mlyr.",10430000000,2026-04-13
Rahmat,Bali United FC,Indonesia,Sayap Kiri,0,"Rp173,82Jt.",173820000,2026-04-13
Thijmen Goppel,Bali United FC,Indonesia,Sayap Kanan,0,"Rp10,43Mlyr.",10430000000,2026-04-13
Irfan Jaya,Bali United FC,Indonesia,Sayap Kanan,41,"Rp3,91Mlyr.",3910000000,2026-04-13
Rahmat Arjuna,Bali United FC,Indonesia,Sayap Kanan,0,"Rp2,61Mlyr.",2610000000,2026-04-13
Boris Kopitovic,Bali United FC,Indonesia,Depan-Tengah,0,"Rp4,78Mlyr.",4780000000,2026-04-13
Jens Raven,Bali United FC,Indonesia,Depan-Tengah,19,"Rp1,30Mlyr.",1300000000,2026-04-13
Husna Al Malik,Persik Kediri,Indonesia,Kiper,33,"Rp2,17Mlyr.",2170000000,2026-04-13
Rizqi Abhirama,Persik Kediri,Indonesia,Kiper,27,"Rp869,08Jt.",869080000,2026-04-13
Léo Navacchio,Persik Kediri,Indonesia,Kiper,0,-,0,2026-04-13
Zidane Afreza,Persik Kediri,Indonesia,Kiper,0,-,0,2026-04-13
Kiko,Persik Kediri,Indonesia,Bek-Tengah,0,"Rp3,91Mlyr.",3910000000,2026-04-13
Hamra Hehanussa,Persik Kediri,Indonesia,Bek-Tengah,16,"Rp3,48Mlyr.",3480000000,2026-04-13
Chechu Meneses,Persik Kediri,Indonesia,Bek-Tengah,0,"Rp3,48Mlyr.",3480000000,2026-04-13
Mario Yagalo,Persik Kediri,Indonesia,Bek-Tengah,42,"Rp1,30Mlyr.",1300000000,2026-04-13
Muhamad Firly,Persik Kediri,Indonesia,Bek-Tengah,0,"Rp1,30Mlyr.",1300000000,2026-04-13
Rezaldi Hehanussa,Persik Kediri,Indonesia,Bek-Kiri,0,"Rp2,61Mlyr.",2610000000,2026-04-13
Yoga Adiatama,Persik Kediri,Indonesia,Bek-Kiri,24,"Rp1,74Mlyr.",1740000000,2026-04-13
Henhen Herdiana,Persik Kediri,Indonesia,Bek-Kanan,22,"Rp2,61Mlyr.",2610000000,2026-04-13
Novri Setiawan,Persik Kediri,Indonesia,Bek-Kanan,25,"Rp2,17Mlyr.",2170000000,2026-04-13
Gavin Kwan,Persik Kediri,Indonesia,Bek-Kanan,18,"Rp1,30Mlyr.",1300000000,2026-04-13
Imanol García,Persik Kediri,Indonesia,Gel. Tengah,0,"Rp5,21Mlyr.",5210000000,2026-04-13
Bayu Otto,Persik Kediri,Indonesia,Gel. Tengah,0,"Rp3,48Mlyr.",3480000000,2026-04-13
Syahrian Abimanyu,Persik Kediri,Indonesia,Gel. Tengah,17,"Rp2,61Mlyr.",2610000000,2026-04-13
Telmo Castanheira,Persik Kediri,Indonesia,Gel. Tengah,0,"Rp1,74Mlyr.",1740000000,2026-04-13
Adi Eko,Persik Kediri,Indonesia,Gel. Tengah,0,"Rp1,30Mlyr.",1300000000,2026-04-13
Adrián Luna,Persik Kediri,Indonesia,Gel. Serang,0,"Rp10,43Mlyr.",10430000000,2026-04-13
Jon Toral,Persik Kediri,Indonesia,Gel. Serang,0,"Rp8,69Mlyr.",8690000000,2026-04-13
Rifqi Ray,Persik Kediri,Indonesia,Gel. Serang,0,"Rp1,30Mlyr.",1300000000,2026-04-13
Ezra Walian,Persik Kediri,Indonesia,Sayap Kiri,0,"Rp6,08Mlyr.",6080000000,2026-04-13
Rendy Sanjaya,Persik Kediri,Indonesia,Sayap Kiri,19,"Rp869,08Jt.",869080000,2026-04-13
Wigi Pratama,Persik Kediri,Indonesia,Sayap Kiri,37,"Rp869,08Jt.",869080000,2026-04-13
Faris Aditama,Persik Kediri,Indonesia,Sayap Kiri,0,"Rp173,82Jt.",173820000,2026-04-13
Ernesto Gómez,Persik Kediri,Indonesia,Sayap Kanan,0,"Rp3,48Mlyr.",3480000000,2026-04-13
Irkham Mila,Persik Kediri,Indonesia,Sayap Kanan,29,"Rp1,74Mlyr.",1740000000,2026-04-13
Supriadi,Persik Kediri,Indonesia,Sayap Kanan,23,"Rp1,30Mlyr.",1300000000,2026-04-13
José Enrique,Persik Kediri,Indonesia,Depan-Tengah,21,"Rp4,35Mlyr.",4350000000,2026-04-13
Rodrigo Dias,Persik Kediri,Indonesia,Depan-Tengah,0,"Rp3,48Mlyr.",3480000000,2026-04-13
Yandi Sofyan,Persik Kediri,Indonesia,Depan-Tengah,0,"Rp1,30Mlyr.",1300000000,2026-04-13
Teja Paku Alam,PERSIB Bandung,Indonesia,Kiper,0,"Rp4,35Mlyr.",4350000000,2026-04-13
Adam Przybek,PERSIB Bandung,Indonesia,Kiper,0,"Rp1,74Mlyr.",1740000000,2026-04-13
Fitrah Maulana,PERSIB Bandung,Indonesia,Kiper,0,"Rp434,54Jt.",434540000,2026-04-13
Made Wirawan,PERSIB Bandung,Indonesia,Kiper,0,-,0,2026-04-13
Rhaka Syafaka,PERSIB Bandung,Indonesia,Kiper,0,-,0,2026-04-13
Federico Barba,PERSIB Bandung,Indonesia,Bek-Tengah,0,"Rp8,69Mlyr.",8690000000,2026-04-13
Patricio Matricardi,PERSIB Bandung,Indonesia,Bek-Tengah,0,"Rp6,95Mlyr.",6950000000,2026-04-13
Frans Dhia Putros,PERSIB Bandung,Indonesia,Bek-Tengah,0,"Rp6,08Mlyr.",6080000000,2026-04-13
Júlio César,PERSIB Bandung,Indonesia,Bek-Tengah,0,"Rp5,21Mlyr.",5210000000,2026-04-13
Kakang Rudianto,PERSIB Bandung,Indonesia,Bek-Tengah,0,"Rp3,91Mlyr.",3910000000,2026-04-13
Achmad Jufriyanto,PERSIB Bandung,Indonesia,Bek-Tengah,16,"Rp173,82Jt.",173820000,2026-04-13
Dion Markx,PERSIB Bandung,Indonesia,Bek-Tengah,44,-,0,2026-04-13
Layvin Kurzawa,PERSIB Bandung,Indonesia,Bek-Kiri,0,"Rp13,04Mlyr.",13040000000,2026-04-13
Kevin Pasha,PERSIB Bandung,Indonesia,Bek-Kanan,0,-,0,2026-04-13
Zulkifli Lukmansyah,PERSIB Bandung,Indonesia,Bek-Kanan,0,-,0,2026-04-13
Thom Haye,PERSIB Bandung,Indonesia,Gel. Bertahan,33,"Rp17,38Mlyr.",17380000000,2026-04-13
Alfeandra Dewangga,PERSIB Bandung,Indonesia,Gel. Bertahan,19,"Rp3,91Mlyr.",3910000000,2026-04-13
Robi Darwis,PERSIB Bandung,Indonesia,Gel. Bertahan,0,"Rp2,61Mlyr.",2610000000,2026-04-13
Dedi Kusnandar,PERSIB Bandung,Indonesia,Gel. Bertahan,0,"Rp1,74Mlyr.",1740000000,2026-04-13
Marc Klok,PERSIB Bandung,Indonesia,Gel. Tengah,23,"Rp6,95Mlyr.",6950000000,2026-04-13
Adam Alis,PERSIB Bandung,Indonesia,Gel. Tengah,18,"Rp4,78Mlyr.",4780000000,2026-04-13
Abdul Aziz,PERSIB Bandung,Indonesia,Gel. Tengah,0,"Rp869,08Jt.",869080000,2026-04-13
Nazriel Alfaro,PERSIB Bandung,Indonesia,Gel. Tengah,0,"Rp434,54Jt.",434540000,2026-04-13
Berguinho,PERSIB Bandung,Indonesia,Gel. Serang,0,"Rp4,35Mlyr.",4350000000,2026-04-13
Luciano Guaycochea,PERSIB Bandung,Indonesia,Gel. Serang,0,"Rp3,91Mlyr.",3910000000,2026-04-13
Saddil Ramdani,PERSIB Bandung,Indonesia,Sayap Kiri,0,"Rp5,65Mlyr.",5650000000,2026-04-13
Eliano Reijnders,PERSIB Bandung,Indonesia,Sayap Kanan,0,"Rp10,43Mlyr.",10430000000,2026-04-13
Beckham Putra,PERSIB Bandung,Indonesia,Sayap Kanan,0,"Rp6,08Mlyr.",6080000000,2026-04-13
Athaya Zahran,PERSIB Bandung,Indonesia,Sayap Kanan,36,-,0,2026-04-13
Andrew Jung,PERSIB Bandung,Indonesia,Depan-Tengah,0,"Rp8,69Mlyr.",8690000000,2026-04-13
Sergio Castel,PERSIB Bandung,Indonesia,Depan-Tengah,17,"Rp7,82Mlyr.",7820000000,2026-04-13
Uilliam,PERSIB Bandung,Indonesia,Depan-Tengah,0,"Rp4,35Mlyr.",4350000000,2026-04-13
Ramon Tanque,PERSIB Bandung,Indonesia,Depan-Tengah,0,"Rp3,91Mlyr.",3910000000,2026-04-13
Igor Rodrigues,Persita Tangerang,Indonesia,Kiper,29,"Rp6,08Mlyr.",6080000000,2026-04-13
Kartika Ajie,Persita Tangerang,Indonesia,Kiper,0,"Rp1,74Mlyr.",1740000000,2026-04-13
Rizwan Haikal,Persita Tangerang,Indonesia,Kiper,21,-,0,2026-04-13
Rafi Pamungkas,Persita Tangerang,Indonesia,Kiper,0,-,0,2026-04-13
Tamirlan Kozubaev,Persita Tangerang,Indonesia,Bek-Tengah,0,"Rp7,82Mlyr.",7820000000,2026-04-13
Javlon Guseynov,Persita Tangerang,Indonesia,Bek-Tengah,19,"Rp3,04Mlyr.",3040000000,2026-04-13
Ryuji Utomo,Persita Tangerang,Indonesia,Bek-Tengah,0,"Rp2,61Mlyr.",2610000000,2026-04-13
Charisma Fathoni,Persita Tangerang,Indonesia,Bek-Tengah,0,"Rp1,30Mlyr.",1300000000,2026-04-13
Mario Jardel,Persita Tangerang,Indonesia,Bek-Kiri,0,"Rp3,04Mlyr.",3040000000,2026-04-13
Zalnando,Persita Tangerang,Indonesia,Bek-Kiri,27,"Rp1,74Mlyr.",1740000000,2026-04-13
Muhammad Toha,Persita Tangerang,Indonesia,Bek-Kanan,0,"Rp5,21Mlyr.",5210000000,2026-04-13
Fairuz Ohorella,Persita Tangerang,Indonesia,Bek-Kanan,0,-,0,2026-04-13
Aep Nursofyan,Persita Tangerang,Indonesia,Bek-Kanan,0,-,0,2026-04-13
Sin-young Bae,Persita Tangerang,Indonesia,Gel. Bertahan,33,"Rp3,04Mlyr.",3040000000,2026-04-13
Badrian Ilham,Persita Tangerang,Indonesia,Gel. Bertahan,23,"Rp1,30Mlyr.",1300000000,2026-04-13
Ahmad Fahd,Persita Tangerang,Indonesia,Gel. Bertahan,22,"Rp869,08Jt.",869080000,2026-04-13
Andrean Rindorindo,Persita Tangerang,Indonesia,Gel. Bertahan,0,"Rp869,08Jt.",869080000,2026-04-13
Zulfan Djiaulhaq,Persita Tangerang,Indonesia,Gel. Bertahan,36,-,0,2026-04-13
Pablo Ganet,Persita Tangerang,Indonesia,Gel. Tengah,0,"Rp5,21Mlyr.",5210000000,2026-04-13
Ramón Bueno,Persita Tangerang,Indonesia,Gel. Tengah,20,"Rp2,61Mlyr.",2610000000,2026-04-13
Éber Bessa,Persita Tangerang,Indonesia,Gel. Serang,0,"Rp1,74Mlyr.",1740000000,2026-04-13
Jack Brown,Persita Tangerang,Indonesia,Gel. Serang,0,"Rp869,08Jt.",869080000,2026-04-13
Aleksa Andrejic,Persita Tangerang,Indonesia,Sayap Kiri,0,"Rp2,61Mlyr.",2610000000,2026-04-13
Esal Sahrul,Persita Tangerang,Indonesia,Sayap Kiri,0,"Rp1,74Mlyr.",1740000000,2026-04-13
Yardan Yafi,Persita Tangerang,Indonesia,Sayap Kiri,25,"Rp1,30Mlyr.",1300000000,2026-04-13
Evan Tuhuteru,Persita Tangerang,Indonesia,Sayap Kiri,0,-,0,2026-04-13
Cois Artomoro,Persita Tangerang,Indonesia,Sayap Kiri,0,-,0,2026-04-13
Andriano Saputra,Persita Tangerang,Indonesia,Sayap Kiri,30,-,0,2026-04-13
Rayco Rodríguez,Persita Tangerang,Indonesia,Sayap Kanan,0,"Rp6,08Mlyr.",6080000000,2026-04-13
Dafiq Firdaus,Persita Tangerang,Indonesia,Sayap Kanan,17,-,0,2026-04-13
Hokky Caraka,Persita Tangerang,Indonesia,Depan-Tengah,0,"Rp3,48Mlyr.",3480000000,2026-04-13
Ahmad Nur Hardianto,Persita Tangerang,Indonesia,Depan-Tengah,0,"Rp2,61Mlyr.",2610000000,2026-04-13
Dejan Racic,Persita Tangerang,Indonesia,Depan-Tengah,44,"Rp2,61Mlyr.",2610000000,2026-04-13
Matheus Alves,Persita Tangerang,Indonesia,Depan-Tengah,0,"Rp2,17Mlyr.",2170000000,2026-04-13
Kadú,PSBS Biak,Indonesia,Kiper,41,"Rp2,17Mlyr.",2170000000,2026-04-13
Andika Wisnu,PSBS Biak,Indonesia,Kiper,35,"Rp434,54Jt.",434540000,2026-04-13
Dimas Galih,PSBS Biak,Indonesia,Kiper,0,"Rp434,54Jt.",434540000,2026-04-13
Juan Madjar,PSBS Biak,Indonesia,Kiper,0,-,0,2026-04-13
Sandro Embaló,PSBS Biak,Indonesia,Bek-Tengah,0,"Rp3,48Mlyr.",3480000000,2026-04-13
Myung-hyun Hwang,PSBS Biak,Indonesia,Bek-Tengah,0,"Rp1,74Mlyr.",1740000000,2026-04-13
Nurhidayat,PSBS Biak,Indonesia,Bek-Tengah,0,"Rp1,74Mlyr.",1740000000,2026-04-13
Arif Budiyono,PSBS Biak,Indonesia,Bek-Tengah,0,"Rp869,08Jt.",869080000,2026-04-13
Hadi Ardiansyah,PSBS Biak,Indonesia,Bek-Tengah,0,"Rp434,54Jt.",434540000,2026-04-13
Iqbal Hadi,PSBS Biak,Indonesia,Bek-Tengah,0,"Rp434,54Jt.",434540000,2026-04-13
Pablo Andrade,PSBS Biak,Indonesia,Bek-Kiri,33,"Rp2,61Mlyr.",2610000000,2026-04-13
Urbanus Lasol,PSBS Biak,Indonesia,Bek-Kiri,0,"Rp869,08Jt.",869080000,2026-04-13
Moses Madjar,PSBS Biak,Indonesia,Bek-Kiri,44,"Rp434,54Jt.",434540000,2026-04-13
Patrias Rumere,PSBS Biak,Indonesia,Bek-Kiri,32,-,0,2026-04-13
Ians Rumbewas,PSBS Biak,Indonesia,Bek-Kiri,0,-,0,2026-04-13
Lucky Oktavianto,PSBS Biak,Indonesia,Bek-Kanan,23,"Rp1,30Mlyr.",1300000000,2026-04-13
George Brown,PSBS Biak,Indonesia,Bek-Kanan,26,"Rp1,30Mlyr.",1300000000,2026-04-13
Claudio Olivera,PSBS Biak,Indonesia,Bek-Kanan,28,-,0,2026-04-13
Kevin Lopez,PSBS Biak,Indonesia,Gel. Bertahan,16,"Rp1,74Mlyr.",1740000000,2026-04-13
Arjuna Agung,PSBS Biak,Indonesia,Gel. Bertahan,0,"Rp1,30Mlyr.",1300000000,2026-04-13
Nelson Alom,PSBS Biak,Indonesia,Gel. Bertahan,0,"Rp434,54Jt.",434540000,2026-04-13
Eduardo Barbosa,PSBS Biak,Indonesia,Gel. Tengah,20,"Rp2,61Mlyr.",2610000000,2026-04-13
Yano Putra,PSBS Biak,Indonesia,Gel. Tengah,27,"Rp1,74Mlyr.",1740000000,2026-04-13
Luquinhas,PSBS Biak,Indonesia,Sayap Kiri,0,"Rp3,48Mlyr.",3480000000,2026-04-13
Heri Susanto,PSBS Biak,Indonesia,Sayap Kiri,0,"Rp1,30Mlyr.",1300000000,2026-04-13
Muhammad Isa,PSBS Biak,Indonesia,Sayap Kiri,25,"Rp869,08Jt.",869080000,2026-04-13
Ilham Armaiyn,PSBS Biak,Indonesia,Sayap Kiri,30,"Rp869,08Jt.",869080000,2026-04-13
Alfan Tri,PSBS Biak,Indonesia,Sayap Kiri,0,-,0,2026-04-13
Raja Siregar,PSBS Biak,Indonesia,Sayap Kanan,0,"Rp869,08Jt.",869080000,2026-04-13
Ruyery Blanco,PSBS Biak,Indonesia,Depan-Tengah,0,"Rp4,35Mlyr.",4350000000,2026-04-13
Mohcine Hassan,PSBS Biak,Indonesia,Depan-Tengah,0,"Rp1,74Mlyr.",1740000000,2026-04-13
Tobias Solossa,PSBS Biak,Indonesia,Depan-Tengah,0,"Rp434,54Jt.",434540000,2026-04-13
Samuel Gwijangge,PSBS Biak,Indonesia,Depan-Tengah,0,"Rp434,54Jt.",434540000,2026-04-13
Adi Satryo,Arema FC,Indonesia,Kiper,30,"Rp3,91Mlyr.",3910000000,2026-04-13
Gianluca Pandeynuwu,Arema FC,Indonesia,Kiper,18,"Rp2,61Mlyr.",2610000000,2026-04-13
Lucas Frigeri,Arema FC,Indonesia,Kiper,31,"Rp869,08Jt.",869080000,2026-04-13
Andrian Casvari,Arema FC,Indonesia,Kiper,0,"Rp173,82Jt.",173820000,2026-04-13
Hansamu Yama,Arema FC,Indonesia,Bek-Tengah,0,"Rp2,61Mlyr.",2610000000,2026-04-13
Luiz Gustavo,Arema FC,Indonesia,Bek-Tengah,26,"Rp2,17Mlyr.",2170000000,2026-04-13
Anwar Rifai,Arema FC,Indonesia,Bek-Tengah,23,"Rp1,30Mlyr.",1300000000,2026-04-13
Walisson Maia,Arema FC,Indonesia,Bek-Tengah,0,"Rp434,54Jt.",434540000,2026-04-13
Leo Guntara,Arema FC,Indonesia,Bek-Kiri,0,"Rp3,48Mlyr.",3480000000,2026-04-13
Iksan Lestaluhu,Arema FC,Indonesia,Bek-Kiri,0,"Rp1,30Mlyr.",1300000000,2026-04-13
Johan Alfarizi,Arema FC,Indonesia,Bek-Kiri,0,"Rp173,82Jt.",173820000,2026-04-13
Rio Fahmi,Arema FC,Indonesia,Bek-Kanan,0,"Rp5,21Mlyr.",5210000000,2026-04-13
Achmad Maulana,Arema FC,Indonesia,Bek-Kanan,19,"Rp3,04Mlyr.",3040000000,2026-04-13
Rifad Marasabessy,Arema FC,Indonesia,Bek-Kanan,0,"Rp1,74Mlyr.",1740000000,2026-04-13
Bayu Setiawan,Arema FC,Indonesia,Bek-Kanan,0,"Rp1,30Mlyr.",1300000000,2026-04-13
Matheus Blade,Arema FC,Indonesia,Gel. Bertahan,25,"Rp3,04Mlyr.",3040000000,2026-04-13
Betinho,Arema FC,Indonesia,Gel. Bertahan,28,"Rp1,74Mlyr.",1740000000,2026-04-13
Pablo Oliveira,Arema FC,Indonesia,Gel. Bertahan,32,"Rp1,74Mlyr.",1740000000,2026-04-13
Jayus Hariono,Arema FC,Indonesia,Gel. Bertahan,0,"Rp1,30Mlyr.",1300000000,2026-04-13
Aswin,Arema FC,Indonesia,Gel. Bertahan,22,-,0,2026-04-13
Arkhan Fikri,Arema FC,Indonesia,Gel. Tengah,0,"Rp4,78Mlyr.",4780000000,2026-04-13
Julián Guevara,Arema FC,Indonesia,Gel. Tengah,0,"Rp2,17Mlyr.",2170000000,2026-04-13
Samuel Balinsa,Arema FC,Indonesia,Gel. Tengah,0,"Rp1,30Mlyr.",1300000000,2026-04-13
Gustavo França,Arema FC,Indonesia,Gel. Serang,0,"Rp4,78Mlyr.",4780000000,2026-04-13
Valdeci,Arema FC,Indonesia,Gel. Serang,0,"Rp4,35Mlyr.",4350000000,2026-04-13
Gabriel Silva,Arema FC,Indonesia,Sayap Kiri,0,"Rp3,91Mlyr.",3910000000,2026-04-13
Salim Tuharea,Arema FC,Indonesia,Sayap Kanan,0,"Rp2,17Mlyr.",2170000000,2026-04-13
Dwiki Mardiyanto,Arema FC,Indonesia,Sayap Kanan,17,"Rp1,30Mlyr.",1300000000,2026-04-13
Dendi Santoso,Arema FC,Indonesia,Sayap Kanan,41,"Rp434,54Jt.",434540000,2026-04-13
Dalberto,Arema FC,Indonesia,Depan-Tengah,0,"Rp5,21Mlyr.",5210000000,2026-04-13
Joel Vinícius,Arema FC,Indonesia,Depan-Tengah,0,"Rp2,61Mlyr.",2610000000,2026-04-13
Dedik Setiawan,Arema FC,Indonesia,Depan-Tengah,27,"Rp2,17Mlyr.",2170000000,2026-04-13
Razzaa Fachrezi,Arema FC,Indonesia,Depan-Tengah,20,-,0,2026-04-13
Agusti Ardiansyah,Arema FC,Indonesia,Depan-Tengah,16,-,0,2026-04-13
Dimas Aryaguna,Arema FC,Indonesia,Depan-Tengah,0,-,0,2026-04-13
Nadeo Argawinata,Borneo FC Samarinda,Indonesia,Kiper,0,"Rp6,95Mlyr.",6950000000,2026-04-13
Syahrul Trisna,Borneo FC Samarinda,Indonesia,Kiper,30,"Rp2,61Mlyr.",2610000000,2026-04-13
Daffa Fasya,Borneo FC Samarinda,Indonesia,Kiper,0,"Rp1,74Mlyr.",1740000000,2026-04-13
Andhika Setiawan,Borneo FC Samarinda,Indonesia,Kiper,27,-,0,2026-04-13
Risnanda Rafa,Borneo FC Samarinda,Indonesia,Kiper,0,-,0,2026-04-13
Cleylton,Borneo FC Samarinda,Indonesia,Bek-Tengah,0,"Rp3,91Mlyr.",3910000000,2026-04-13
Komang Teguh,Borneo FC Samarinda,Indonesia,Bek-Tengah,16,"Rp3,48Mlyr.",3480000000,2026-04-13
Mohammad Al-Husseini,Borneo FC Samarinda,Indonesia,Bek-Tengah,0,"Rp3,04Mlyr.",3040000000,2026-04-13
Caxambu,Borneo FC Samarinda,Indonesia,Bek-Kiri,23,"Rp4,35Mlyr.",4350000000,2026-04-13
Ardi Idrus,Borneo FC Samarinda,Indonesia,Bek-Kiri,0,"Rp2,61Mlyr.",2610000000,2026-04-13
Rayhan Utina,Borneo FC Samarinda,Indonesia,Bek-Kiri,0,"Rp869,08Jt.",869080000,2026-04-13
Alfharezzi Buffon,Borneo FC Samarinda,Indonesia,Bek-Kanan,0,"Rp1,30Mlyr.",1300000000,2026-04-13
Diego Michiels,Borneo FC Samarinda,Indonesia,Bek-Kanan,24,"Rp869,08Jt.",869080000,2026-04-13
Dika Kuswardani,Borneo FC Samarinda,Indonesia,Bek-Kanan,0,"Rp434,54Jt.",434540000,2026-04-13
Christophe Nduwarugira,Borneo FC Samarinda,Indonesia,Gel. Bertahan,22,"Rp6,08Mlyr.",6080000000,2026-04-13
Rivaldo Pakpahan,Borneo FC Samarinda,Indonesia,Gel. Bertahan,0,"Rp3,04Mlyr.",3040000000,2026-04-13
Ahmad Agung,Borneo FC Samarinda,Indonesia,Gel. Bertahan,0,"Rp1,30Mlyr.",1300000000,2026-04-13
Kei Hirose,Borneo FC Samarinda,Indonesia,Gel. Tengah,0,"Rp6,95Mlyr.",6950000000,2026-04-13
Mohammad Anez,Borneo FC Samarinda,Indonesia,Gel. Tengah,0,"Rp6,08Mlyr.",6080000000,2026-04-13
Juan Felipe Villa,Borneo FC Samarinda,Indonesia,Gel. Serang,20,"Rp8,69Mlyr.",8690000000,2026-04-13
Marcos Astina,Borneo FC Samarinda,Indonesia,Gel. Serang,0,"Rp4,35Mlyr.",4350000000,2026-04-13
Ikhsanul Zikrak,Borneo FC Samarinda,Indonesia,Gel. Serang,0,"Rp1,30Mlyr.",1300000000,2026-04-13
Dwiky Hardiansyah,Borneo FC Samarinda,Indonesia,Gel. Serang,0,"Rp1,30Mlyr.",1300000000,2026-04-13
Tegar Islami,Borneo FC Samarinda,Indonesia,Gel. Serang,0,-,0,2026-04-13
Muhammad Sihran,Borneo FC Samarinda,Indonesia,Sayap Kiri,0,"Rp3,91Mlyr.",3910000000,2026-04-13
Redzuan Fachgi,Borneo FC Samarinda,Indonesia,Sayap Kiri,0,"Rp173,82Jt.",173820000,2026-04-13
Kaio Nunes,Borneo FC Samarinda,Indonesia,Sayap Kiri,0,-,0,2026-04-13
Mariano Peralta,Borneo FC Samarinda,Indonesia,Sayap Kanan,0,"Rp10,43Mlyr.",10430000000,2026-04-13
Reyki Fariz,Borneo FC Samarinda,Indonesia,Sayap Kanan,25,"Rp1,30Mlyr.",1300000000,2026-04-13
Koldo Obieta,Borneo FC Samarinda,Indonesia,Depan-Tengah,0,"Rp2,61Mlyr.",2610000000,2026-04-13
Mohammad Khanafi,Borneo FC Samarinda,Indonesia,Depan-Tengah,0,"Rp1,74Mlyr.",1740000000,2026-04-13
Habibi Jusuf,Borneo FC Samarinda,Indonesia,Depan-Tengah,0,"Rp1,30Mlyr.",1300000000,2026-04-13
Ousmane Camara,Borneo FC Samarinda,Indonesia,Depan-Tengah,19,-,0,2026-04-13
Dika Nurdiansyah,Borneo FC Samarinda,Indonesia,Depan-Tengah,0,-,0,2026-04-13
Arthur Augusto,Semen Padang FC,Indonesia,Kiper,0,"Rp3,91Mlyr.",3910000000,2026-04-13
Rendy Oscario,Semen Padang FC,Indonesia,Kiper,27,"Rp1,30Mlyr.",1300000000,2026-04-13
Teguh Amiruddin,Semen Padang FC,Indonesia,Kiper,0,"Rp869,08Jt.",869080000,2026-04-13
Farel Putra,Semen Padang FC,Indonesia,Kiper,0,"Rp173,82Jt.",173820000,2026-04-13
Iqbal Bachtiar,Semen Padang FC,Indonesia,Kiper,0,-,0,2026-04-13
Ângelo Meneses,Semen Padang FC,Indonesia,Bek-Tengah,24,"Rp4,35Mlyr.",4350000000,2026-04-13
Jaime Giraldo,Semen Padang FC,Indonesia,Bek-Tengah,0,"Rp3,48Mlyr.",3480000000,2026-04-13
Tin Martic,Semen Padang FC,Indonesia,Bek-Tengah,0,"Rp2,61Mlyr.",2610000000,2026-04-13
Rui Rampa,Semen Padang FC,Indonesia,Bek-Tengah,23,"Rp1,30Mlyr.",1300000000,2026-04-13
Ade Kristiano,Semen Padang FC,Indonesia,Bek-Tengah,0,-,0,2026-04-13
Asyraq Gufron,Semen Padang FC,Indonesia,Bek-Tengah,0,-,0,2026-04-13
Samuel Simanjuntak,Semen Padang FC,Indonesia,Bek-Kiri,0,"Rp1,30Mlyr.",1300000000,2026-04-13
Ravy Tsouka,Semen Padang FC,Indonesia,Bek-Kanan,0,"Rp5,21Mlyr.",5210000000,2026-04-13
Zidane Afandi,Semen Padang FC,Indonesia,Bek-Kanan,25,"Rp869,08Jt.",869080000,2026-04-13
Ghifari Azhhari,Semen Padang FC,Indonesia,Bek-Kanan,0,-,0,2026-04-13
Boubakary Diarra,Semen Padang FC,Indonesia,Gel. Bertahan,21,"Rp4,35Mlyr.",4350000000,2026-04-13
Rosad Setiawan,Semen Padang FC,Indonesia,Gel. Bertahan,31,"Rp3,04Mlyr.",3040000000,2026-04-13
Ripal Wahyudi,Semen Padang FC,Indonesia,Gel. Bertahan,0,"Rp2,17Mlyr.",2170000000,2026-04-13
Ricki Ariansyah,Semen Padang FC,Indonesia,Gel. Bertahan,0,"Rp1,74Mlyr.",1740000000,2026-04-13
Alhassan Wakaso,Semen Padang FC,Indonesia,Gel. Bertahan,30,"Rp869,08Jt.",869080000,2026-04-13
Dimas Saputra,Semen Padang FC,Indonesia,Gel. Bertahan,0,"Rp434,54Jt.",434540000,2026-04-13
Kazaki Nakagawa,Semen Padang FC,Indonesia,Gel. Serang,0,"Rp3,48Mlyr.",3480000000,2026-04-13
Kianz Froese,Semen Padang FC,Indonesia,Gel. Serang,0,"Rp2,61Mlyr.",2610000000,2026-04-13
Maicon,Semen Padang FC,Indonesia,Sayap Kiri,17,"Rp4,78Mlyr.",4780000000,2026-04-13
Firman Juliansyah,Semen Padang FC,Indonesia,Sayap Kiri,0,"Rp2,17Mlyr.",2170000000,2026-04-13
Armando Oropa,Semen Padang FC,Indonesia,Sayap Kiri,0,"Rp1,74Mlyr.",1740000000,2026-04-13
Irsyad Maulana,Semen Padang FC,Indonesia,Sayap Kiri,0,"Rp1,30Mlyr.",1300000000,2026-04-13
Kasim Botan,Semen Padang FC,Indonesia,Sayap Kanan,22,"Rp1,74Mlyr.",1740000000,2026-04-13
Ferdiansyah,Semen Padang FC,Indonesia,Sayap Kanan,0,"Rp869,08Jt.",869080000,2026-04-13
Guillermo Fernández,Semen Padang FC,Indonesia,Depan-Tengah,0,"Rp5,21Mlyr.",5210000000,2026-04-13
Diego Maurício,Semen Padang FC,Indonesia,Depan-Tengah,0,"Rp3,91Mlyr.",3910000000,2026-04-13
Wahyu Agong,Semen Padang FC,Indonesia,Depan-Tengah,26,-,0,2026-04-13
Syaiful Asri,Semen Padang FC,Indonesia,Depan-Tengah,0,-,0,2026-04-13
Aditya Sentosa,Semen Padang FC,Indonesia,Penyerang,0,-,0,2026-04-13
Sonny Stevens,Dewa United Banten FC,Indonesia,Kiper,0,"Rp5,21Mlyr.",5210000000,2026-04-13
Muhammad Natshir,Dewa United Banten FC,Indonesia,Kiper,0,"Rp1,30Mlyr.",1300000000,2026-04-13
Yofandani Pranata,Dewa United Banten FC,Indonesia,Kiper,0,"Rp434,54Jt.",434540000,2026-04-13
Dafa Al Gasemi,Dewa United Banten FC,Indonesia,Kiper,31,-,0,2026-04-13
Tores Khadafi,Dewa United Banten FC,Indonesia,Bek,40,-,0,2026-04-13
Damion Lowe,Dewa United Banten FC,Indonesia,Bek-Tengah,17,"Rp5,21Mlyr.",5210000000,2026-04-13
Nick Kuipers,Dewa United Banten FC,Indonesia,Bek-Tengah,0,"Rp4,35Mlyr.",4350000000,2026-04-13
Wahyu Prasetyo,Dewa United Banten FC,Indonesia,Bek-Tengah,0,"Rp4,35Mlyr.",4350000000,2026-04-13
Brian Fatari,Dewa United Banten FC,Indonesia,Bek-Tengah,0,"Rp2,17Mlyr.",2170000000,2026-04-13
Edo Febriansyah,Dewa United Banten FC,Indonesia,Bek-Kiri,0,"Rp4,78Mlyr.",4780000000,2026-04-13
Alta Ballah,Dewa United Banten FC,Indonesia,Bek-Kiri,37,"Rp3,91Mlyr.",3910000000,2026-04-13
Johnathan,Dewa United Banten FC,Indonesia,Bek-Kanan,0,"Rp6,08Mlyr.",6080000000,2026-04-13
Ady Setiawan,Dewa United Banten FC,Indonesia,Bek-Kanan,23,"Rp1,74Mlyr.",1740000000,2026-04-13
Rizdjar Nurviat,Dewa United Banten FC,Indonesia,Bek-Kanan,0,"Rp1,30Mlyr.",1300000000,2026-04-13
Theo Numberi,Dewa United Banten FC,Indonesia,Gel. Bertahan,0,"Rp1,30Mlyr.",1300000000,2026-04-13
Tristan Ibrahim,Dewa United Banten FC,Indonesia,Gel. Bertahan,33,-,0,2026-04-13
Alexis Messidoro,Dewa United Banten FC,Indonesia,Gel. Tengah,28,"Rp6,95Mlyr.",6950000000,2026-04-13
Jajá,Dewa United Banten FC,Indonesia,Gel. Tengah,0,"Rp6,52Mlyr.",6520000000,2026-04-13
Ivar Jenner,Dewa United Banten FC,Indonesia,Gel. Tengah,18,"Rp5,21Mlyr.",5210000000,2026-04-13
Kafiatur Rizky,Dewa United Banten FC,Indonesia,Gel. Tengah,16,"Rp434,54Jt.",434540000,2026-04-13
Ricky Kambuaya,Dewa United Banten FC,Indonesia,Gel. Serang,19,"Rp5,65Mlyr.",5650000000,2026-04-13
Rangga Muslim,Dewa United Banten FC,Indonesia,Gel. Serang,0,"Rp869,08Jt.",869080000,2026-04-13
Noah Sadaoui,Dewa United Banten FC,Indonesia,Sayap Kiri,0,"Rp10,43Mlyr.",10430000000,2026-04-13
Taisei Marukawa,Dewa United Banten FC,Indonesia,Sayap Kiri,0,"Rp5,21Mlyr.",5210000000,2026-04-13
Stefano Lilipaly,Dewa United Banten FC,Indonesia,Sayap Kiri,0,"Rp3,48Mlyr.",3480000000,2026-04-13
Rafael Struick,Dewa United Banten FC,Indonesia,Sayap Kiri,27,"Rp2,61Mlyr.",2610000000,2026-04-13
Egy Maulana Vikri,Dewa United Banten FC,Indonesia,Sayap Kanan,0,"Rp5,65Mlyr.",5650000000,2026-04-13
Vico Duarte,Dewa United Banten FC,Indonesia,Sayap Kanan,0,"Rp1,74Mlyr.",1740000000,2026-04-13
Alex Martins,Dewa United Banten FC,Indonesia,Depan-Tengah,39,"Rp5,65Mlyr.",5650000000,2026-04-13
Kodai Tanaka,Dewa United Banten FC,Indonesia,Depan-Tengah,0,"Rp3,91Mlyr.",3910000000,2026-04-13
Miswar Saputra,Madura United FC,Indonesia,Kiper,30,"Rp1,74Mlyr.",1740000000,2026-04-13
Mochammad Diky,Madura United FC,Indonesia,Kiper,21,"Rp1,30Mlyr.",1300000000,2026-04-13
Satrio Azhar,Madura United FC,Indonesia,Kiper,27,"Rp434,54Jt.",434540000,2026-04-13
Adhitya Harlan,Madura United FC,Indonesia,Kiper,26,"Rp173,82Jt.",173820000,2026-04-13
Rendy Razzaqu,Madura United FC,Indonesia,Kiper,0,-,0,2026-04-13
Ruxi,Madura United FC,Indonesia,Bek-Tengah,0,"Rp5,21Mlyr.",5210000000,2026-04-13
Pedro Monteiro,Madura United FC,Indonesia,Bek-Tengah,0,"Rp4,35Mlyr.",4350000000,2026-04-13
Ahmad Rusadi,Madura United FC,Indonesia,Bek-Tengah,0,"Rp1,74Mlyr.",1740000000,2026-04-13
Mendonça,Madura United FC,Indonesia,Bek-Tengah,0,"Rp1,74Mlyr.",1740000000,2026-04-13
Nurdiansyah,Madura United FC,Indonesia,Bek-Tengah,44,"Rp1,30Mlyr.",1300000000,2026-04-13
Taufik Hidayat,Madura United FC,Indonesia,Bek-Kiri,0,"Rp1,74Mlyr.",1740000000,2026-04-13
Novan Sasongko,Madura United FC,Indonesia,Bek-Kiri,0,"Rp173,82Jt.",173820000,2026-04-13
Giovani Numberi,Madura United FC,Indonesia,Bek-Kanan,0,"Rp2,17Mlyr.",2170000000,2026-04-13
Ferian Rizki,Madura United FC,Indonesia,Bek-Kanan,0,"Rp1,74Mlyr.",1740000000,2026-04-13
Kartika Vedhayanto,Madura United FC,Indonesia,Bek-Kanan,28,"Rp869,08Jt.",869080000,2026-04-13
Kerim Palic,Madura United FC,Indonesia,Gel. Bertahan,0,"Rp3,04Mlyr.",3040000000,2026-04-13
Ilhamsyah,Madura United FC,Indonesia,Gel. Bertahan,36,"Rp1,30Mlyr.",1300000000,2026-04-13
Jordy Wehrmann,Madura United FC,Indonesia,Gel. Tengah,0,"Rp5,65Mlyr.",5650000000,2026-04-13
Paulo Sitanggang,Madura United FC,Indonesia,Gel. Tengah,17,"Rp2,17Mlyr.",2170000000,2026-04-13
Emerson Souza,Madura United FC,Indonesia,Gel. Tengah,23,"Rp1,74Mlyr.",1740000000,2026-04-13
Iran Júnior,Madura United FC,Indonesia,Gel. Serang,0,"Rp3,91Mlyr.",3910000000,2026-04-13
Taufany Muslihuddin,Madura United FC,Indonesia,Gel. Serang,24,"Rp2,17Mlyr.",2170000000,2026-04-13
Lulinha,Madura United FC,Indonesia,Sayap Kiri,0,"Rp2,17Mlyr.",2170000000,2026-04-13
Riski Afrisal,Madura United FC,Indonesia,Sayap Kiri,25,"Rp1,30Mlyr.",1300000000,2026-04-13
Fransiskus Alesandro,Madura United FC,Indonesia,Sayap Kiri,0,"Rp1,30Mlyr.",1300000000,2026-04-13
Jasey Wehrmann,Madura United FC,Indonesia,Sayap Kiri,37,-,0,2026-04-13
Ahmad Nufiandani,Madura United FC,Indonesia,Sayap Kanan,0,"Rp2,61Mlyr.",2610000000,2026-04-13
Arsan Makarin,Madura United FC,Indonesia,Sayap Kanan,0,"Rp869,08Jt.",869080000,2026-04-13
Riquelme,Madura United FC,Indonesia,Depan-Tengah,19,"Rp6,08Mlyr.",6080000000,2026-04-13
Aji Kusuma,Madura United FC,Indonesia,Depan-Tengah,0,"Rp1,74Mlyr.",1740000000,2026-04-13
Yuda Editya Pratama,Madura United FC,Indonesia,Depan-Tengah,31,"Rp434,54Jt.",434540000,2026-04-13
Aldo Maulidino,Madura United FC,Indonesia,Depan-Tengah,0,"Rp434,54Jt.",434540000,2026-04-13
Junior Brandão,Madura United FC,Indonesia,Depan-Tengah,0,-,0,2026-04-13
Aqil Savik,Bhayangkara Presisi Lampung FC,Indonesia,Kiper,0,"Rp2,61Mlyr.",2610000000,2026-04-13
Awan Setho,Bhayangkara Presisi Lampung FC,Indonesia,Kiper,0,"Rp2,61Mlyr.",2610000000,2026-04-13
Rakasurya Handika,Bhayangkara Presisi Lampung FC,Indonesia,Kiper,29,"Rp869,08Jt.",869080000,2026-04-13
Sultan Jabbar,Bhayangkara Presisi Lampung FC,Indonesia,Kiper,0,-,0,2026-04-13
Muhammad Ferarri,Bhayangkara Presisi Lampung FC,Indonesia,Bek-Tengah,41,"Rp4,78Mlyr.",4780000000,2026-04-13
Slavko Damjanovic,Bhayangkara Presisi Lampung FC,Indonesia,Bek-Tengah,0,"Rp3,91Mlyr.",3910000000,2026-04-13
Nehar Sadiki,Bhayangkara Presisi Lampung FC,Indonesia,Bek-Tengah,0,"Rp3,48Mlyr.",3480000000,2026-04-13
Léo,Bhayangkara Presisi Lampung FC,Indonesia,Bek-Tengah,0,"Rp2,61Mlyr.",2610000000,2026-04-13
Rahmat Syawal,Bhayangkara Presisi Lampung FC,Indonesia,Bek-Tengah,0,"Rp869,08Jt.",869080000,2026-04-13
Ferre Murari,Bhayangkara Presisi Lampung FC,Indonesia,Bek-Tengah,26,"Rp173,82Jt.",173820000,2026-04-13
Firza Andika,Bhayangkara Presisi Lampung FC,Indonesia,Bek-Kiri,0,"Rp4,35Mlyr.",4350000000,2026-04-13
Alan Cardoso,Bhayangkara Presisi Lampung FC,Indonesia,Bek-Kiri,0,"Rp3,91Mlyr.",3910000000,2026-04-13
Frengky Missa,Bhayangkara Presisi Lampung FC,Indonesia,Bek-Kiri,0,"Rp2,17Mlyr.",2170000000,2026-04-13
Putu Gede,Bhayangkara Presisi Lampung FC,Indonesia,Bek-Kanan,0,"Rp3,48Mlyr.",3480000000,2026-04-13
Moisés Gaúcho,Bhayangkara Presisi Lampung FC,Indonesia,Gel. Bertahan,0,"Rp3,48Mlyr.",3480000000,2026-04-13
Evandra Florasta,Bhayangkara Presisi Lampung FC,Indonesia,Gel. Bertahan,25,-,0,2026-04-13
Christian Ilic,Bhayangkara Presisi Lampung FC,Indonesia,Gel. Tengah,0,"Rp6,08Mlyr.",6080000000,2026-04-13
TM Ichsan,Bhayangkara Presisi Lampung FC,Indonesia,Gel. Tengah,19,"Rp1,30Mlyr.",1300000000,2026-04-13
Ryo Matsumura,Bhayangkara Presisi Lampung FC,Indonesia,Gel. Serang,0,"Rp5,21Mlyr.",5210000000,2026-04-13
Wahyu Subo Seto,Bhayangkara Presisi Lampung FC,Indonesia,Gel. Serang,23,"Rp1,74Mlyr.",1740000000,2026-04-13
Da-bin Ji,Bhayangkara Presisi Lampung FC,Indonesia,Gel. Serang,0,-,0,2026-04-13
Sho Yamamoto,Bhayangkara Presisi Lampung FC,Indonesia,Sayap Kiri,0,"Rp4,35Mlyr.",4350000000,2026-04-13
Sani Rizki,Bhayangkara Presisi Lampung FC,Indonesia,Sayap Kiri,20,"Rp2,61Mlyr.",2610000000,2026-04-13
Ginanjar Wahyu,Bhayangkara Presisi Lampung FC,Indonesia,Sayap Kiri,0,"Rp869,08Jt.",869080000,2026-04-13
Fadly Alberto,Bhayangkara Presisi Lampung FC,Indonesia,Sayap Kiri,24,-,0,2026-04-13
Moussa Sidibé,Bhayangkara Presisi Lampung FC,Indonesia,Sayap Kanan,17,"Rp4,78Mlyr.",4780000000,2026-04-13
Privat Mbarga,Bhayangkara Presisi Lampung FC,Indonesia,Sayap Kanan,37,"Rp4,35Mlyr.",4350000000,2026-04-13
Ryan Kurnia,Bhayangkara Presisi Lampung FC,Indonesia,Sayap Kanan,0,"Rp3,04Mlyr.",3040000000,2026-04-13
Fareed Sadat,Bhayangkara Presisi Lampung FC,Indonesia,Depan-Tengah,16,"Rp3,48Mlyr.",3480000000,2026-04-13
Dendy Sulistyawan,Bhayangkara Presisi Lampung FC,Indonesia,Depan-Tengah,22,"Rp3,04Mlyr.",3040000000,2026-04-13
Henri Doumbia,Bhayangkara Presisi Lampung FC,Indonesia,Depan-Tengah,0,"Rp1,74Mlyr.",1740000000,2026-04-13
Ilija Spasojević,Bhayangkara Presisi Lampung FC,Indonesia,Depan-Tengah,0,"Rp1,30Mlyr.",1300000000,2026-04-13
Ernando Ari,Persebaya Surabaya,Indonesia,Kiper,21,"Rp5,21Mlyr.",5210000000,2026-04-13
Andhika Ramadhani,Persebaya Surabaya,Indonesia,Kiper,0,"Rp3,04Mlyr.",3040000000,2026-04-13
Adre Arido,Persebaya Surabaya,Indonesia,Kiper,0,-,0,2026-04-13
Muhammad Ilham,Persebaya Surabaya,Indonesia,Kiper,39,-,0,2026-04-13
Gustavo Fernandes,Persebaya Surabaya,Indonesia,Bek-Tengah,44,"Rp4,35Mlyr.",4350000000,2026-04-13
Léo Lelis,Persebaya Surabaya,Indonesia,Bek-Tengah,24,"Rp3,04Mlyr.",3040000000,2026-04-13
Risto Mitrevski,Persebaya Surabaya,Indonesia,Bek-Tengah,0,"Rp2,17Mlyr.",2170000000,2026-04-13
Randy May,Persebaya Surabaya,Indonesia,Bek-Tengah,18,"Rp434,54Jt.",434540000,2026-04-13
Sheva Kardanu,Persebaya Surabaya,Indonesia,Bek-Tengah,0,-,0,2026-04-13
Jefferson,Persebaya Surabaya,Indonesia,Bek-Kiri,17,"Rp4,35Mlyr.",4350000000,2026-04-13
Mikael Tata,Persebaya Surabaya,Indonesia,Bek-Kiri,0,"Rp2,61Mlyr.",2610000000,2026-04-13
Ahmad Mujtaba,Persebaya Surabaya,Indonesia,Bek-Kiri,0,-,0,2026-04-13
Arief Catur,Persebaya Surabaya,Indonesia,Bek-Kanan,0,"Rp3,48Mlyr.",3480000000,2026-04-13
Koko Ari,Persebaya Surabaya,Indonesia,Bek-Kanan,33,"Rp2,61Mlyr.",2610000000,2026-04-13
Rachmat Irianto,Persebaya Surabaya,Indonesia,Gel. Bertahan,0,"Rp4,35Mlyr.",4350000000,2026-04-13
Sadida Putra,Persebaya Surabaya,Indonesia,Gel. Bertahan,0,"Rp434,54Jt.",434540000,2026-04-13
Milos Raickovic,Persebaya Surabaya,Indonesia,Gel. Tengah,0,"Rp3,48Mlyr.",3480000000,2026-04-13
Bruno Paraíba,Persebaya Surabaya,Indonesia,Gel. Tengah,0,"Rp3,04Mlyr.",3040000000,2026-04-13
Toni Firmansyah,Persebaya Surabaya,Indonesia,Gel. Tengah,0,"Rp2,17Mlyr.",2170000000,2026-04-13
Ichsas Baihaqi,Persebaya Surabaya,Indonesia,Gel. Tengah,0,"Rp869,08Jt.",869080000,2026-04-13
Francisco Rivera,Persebaya Surabaya,Indonesia,Gel. Serang,0,"Rp6,95Mlyr.",6950000000,2026-04-13
Pedro Matos,Persebaya Surabaya,Indonesia,Gel. Serang,16,"Rp2,17Mlyr.",2170000000,2026-04-13
Bruno,Persebaya Surabaya,Indonesia,Sayap Kiri,0,"Rp6,95Mlyr.",6950000000,2026-04-13
Gali Freitas,Persebaya Surabaya,Indonesia,Sayap Kiri,22,"Rp3,48Mlyr.",3480000000,2026-04-13
Malik Risaldi,Persebaya Surabaya,Indonesia,Sayap Kanan,0,"Rp4,78Mlyr.",4780000000,2026-04-13
Riyan Ardiansyah,Persebaya Surabaya,Indonesia,Sayap Kanan,0,"Rp1,74Mlyr.",1740000000,2026-04-13
Oktafianus Fernando,Persebaya Surabaya,Indonesia,Sayap Kanan,0,"Rp869,08Jt.",869080000,2026-04-13
Alfan Suaib,Persebaya Surabaya,Indonesia,Sayap Kanan,0,"Rp869,08Jt.",869080000,2026-04-13
Dimas Wicaksono,Persebaya Surabaya,Indonesia,Sayap Kanan,26,"Rp434,54Jt.",434540000,2026-04-13
Mihailo Perovic,Persebaya Surabaya,Indonesia,Depan-Tengah,0,"Rp4,35Mlyr.",4350000000,2026-04-13
Angga Saputro,Malut United FC,Indonesia,Kiper,0,"Rp2,61Mlyr.",2610000000,2026-04-13
Alan,Malut United FC,Indonesia,Kiper,0,"Rp2,61Mlyr.",2610000000,2026-04-13
Muhammad Ridwan,Malut United FC,Indonesia,Kiper,22,"Rp869,08Jt.",869080000,2026-04-13
Zahir Fazya,Malut United FC,Indonesia,Kiper,28,-,0,2026-04-13
Gustavo França,Malut United FC,Indonesia,Bek-Tengah,0,"Rp6,08Mlyr.",6080000000,2026-04-13
Safrudin Tahar,Malut United FC,Indonesia,Bek-Tengah,27,"Rp3,91Mlyr.",3910000000,2026-04-13
Nilson Júnior,Malut United FC,Indonesia,Bek-Tengah,0,"Rp1,74Mlyr.",1740000000,2026-04-13
Riswan Lauhin,Malut United FC,Indonesia,Bek-Tengah,32,"Rp1,30Mlyr.",1300000000,2026-04-13
Kanavaro Burere,Malut United FC,Indonesia,Bek-Tengah,0,-,0,2026-04-13
Rangga Bolang,Malut United FC,Indonesia,Bek-Tengah,0,-,0,2026-04-13
Ali Syafiq,Malut United FC,Indonesia,Bek-Tengah,0,-,0,2026-04-13
Yance Sayuri,Malut United FC,Indonesia,Bek-Kiri,23,"Rp5,65Mlyr.",5650000000,2026-04-13
Abduh Lestaluhu,Malut United FC,Indonesia,Bek-Kiri,0,"Rp2,17Mlyr.",2170000000,2026-04-13
Igor Inocêncio,Malut United FC,Indonesia,Bek-Kanan,0,"Rp4,35Mlyr.",4350000000,2026-04-13
Fredyan Wahyu,Malut United FC,Indonesia,Bek-Kanan,0,"Rp1,74Mlyr.",1740000000,2026-04-13
Mardani Majid,Malut United FC,Indonesia,Bek-Kanan,0,-,0,2026-04-13
Manahati Lestusen,Malut United FC,Indonesia,Gel. Bertahan,0,"Rp3,04Mlyr.",3040000000,2026-04-13
Wbeymar Angulo,Malut United FC,Indonesia,Gel. Bertahan,16,"Rp2,61Mlyr.",2610000000,2026-04-13
Alwi Slamat,Malut United FC,Indonesia,Gel. Bertahan,0,"Rp2,61Mlyr.",2610000000,2026-04-13
Tri Setiawan,Malut United FC,Indonesia,Gel. Bertahan,0,"Rp1,74Mlyr.",1740000000,2026-04-13
Ridho Syuhada,Malut United FC,Indonesia,Gel. Bertahan,0,"Rp1,30Mlyr.",1300000000,2026-04-13
Lucas Cardoso,Malut United FC,Indonesia,Gel. Tengah,0,"Rp6,08Mlyr.",6080000000,2026-04-13
Rizky Pellu,Malut United FC,Indonesia,Gel. Tengah,0,-,0,2026-04-13
Septian David,Malut United FC,Indonesia,Gel. Serang,29,"Rp3,04Mlyr.",3040000000,2026-04-13
Tyronne,Malut United FC,Indonesia,Gel. Serang,0,"Rp1,74Mlyr.",1740000000,2026-04-13
Frets Butuan,Malut United FC,Indonesia,Sayap Kiri,21,"Rp2,61Mlyr.",2610000000,2026-04-13
Yakob Sayuri,Malut United FC,Indonesia,Sayap Kanan,0,"Rp6,95Mlyr.",6950000000,2026-04-13
Ciro Alves,Malut United FC,Indonesia,Sayap Kanan,0,"Rp3,48Mlyr.",3480000000,2026-04-13
Taufik Rustam,Malut United FC,Indonesia,Sayap Kanan,19,"Rp434,54Jt.",434540000,2026-04-13
Fahran Darwan,Malut United FC,Indonesia,Sayap Kanan,0,-,0,2026-04-13
Dimas Drajad,Malut United FC,Indonesia,Depan-Tengah,0,"Rp3,04Mlyr.",3040000000,2026-04-13
David da Silva,Malut United FC,Indonesia,Depan-Tengah,17,"Rp2,17Mlyr.",2170000000,2026-04-13
Risky Safri,Malut United FC,Indonesia,Depan-Tengah,0,-,0,2026-04-13
Sendri Johansah,Persijap Jepara,Indonesia,Kiper,20,"Rp1,30Mlyr.",1300000000,2026-04-13
Ardiansyah,Persijap Jepara,Indonesia,Kiper,0,"Rp869,08Jt.",869080000,2026-04-13
Sheva Sanggasi,Persijap Jepara,Indonesia,Kiper,0,"Rp434,54Jt.",434540000,2026-04-13
Raufa Aghastya,Persijap Jepara,Indonesia,Kiper,22,-,0,2026-04-13
Tiri,Persijap Jepara,Indonesia,Bek-Tengah,0,"Rp3,48Mlyr.",3480000000,2026-04-13
Diogo Brito,Persijap Jepara,Indonesia,Bek-Tengah,26,"Rp3,04Mlyr.",3040000000,2026-04-13
Akbar Arjunsyah,Persijap Jepara,Indonesia,Bek-Tengah,16,"Rp869,08Jt.",869080000,2026-04-13
Firman Ramadhan,Persijap Jepara,Indonesia,Bek-Kiri,17,"Rp869,08Jt.",869080000,2026-04-13
Buyung Ismu,Persijap Jepara,Indonesia,Bek-Kiri,0,"Rp869,08Jt.",869080000,2026-04-13
Rahmat Hidayat,Persijap Jepara,Indonesia,Bek-Kanan,0,"Rp1,74Mlyr.",1740000000,2026-04-13
Aly Ndom,Persijap Jepara,Indonesia,Gel. Bertahan,0,"Rp3,04Mlyr.",3040000000,2026-04-13
Wahyudi Hamisi,Persijap Jepara,Indonesia,Gel. Bertahan,33,"Rp2,17Mlyr.",2170000000,2026-04-13
Restu Akbar,Persijap Jepara,Indonesia,Gel. Bertahan,23,"Rp869,08Jt.",869080000,2026-04-13
Zahran Alamsah,Persijap Jepara,Indonesia,Gel. Bertahan,37,"Rp434,54Jt.",434540000,2026-04-13
Heriansyah Yan,Persijap Jepara,Indonesia,Gel. Bertahan,0,-,0,2026-04-13
Borja Martínez,Persijap Jepara,Indonesia,Gel. Tengah,0,"Rp4,78Mlyr.",4780000000,2026-04-13
Felix Marcelino,Persijap Jepara,Indonesia,Gel. Tengah,27,-,0,2026-04-13
Borja Herrera,Persijap Jepara,Indonesia,Gel. Serang,0,"Rp4,78Mlyr.",4780000000,2026-04-13
Alexis Gómez,Persijap Jepara,Indonesia,Gel. Serang,32,"Rp4,35Mlyr.",4350000000,2026-04-13
Adzikry Fadlillah,Persijap Jepara,Indonesia,Gel. Serang,0,"Rp1,30Mlyr.",1300000000,2026-04-13
Morelatto,Persijap Jepara,Indonesia,Gel. Serang,0,-,0,2026-04-13
Iker Guarrotxena,Persijap Jepara,Indonesia,Sayap Kiri,34,"Rp5,65Mlyr.",5650000000,2026-04-13
Indra Arya,Persijap Jepara,Indonesia,Sayap Kiri,0,"Rp2,17Mlyr.",2170000000,2026-04-13
Ardi Ardiana,Persijap Jepara,Indonesia,Sayap Kiri,19,"Rp869,08Jt.",869080000,2026-04-13
Najeeb Yakubu,Persijap Jepara,Indonesia,Sayap Kanan,0,"Rp6,08Mlyr.",6080000000,2026-04-13
Dicky Kurniawan,Persijap Jepara,Indonesia,Sayap Kanan,0,"Rp1,74Mlyr.",1740000000,2026-04-13
Ambrizal Umanailo,Persijap Jepara,Indonesia,Sayap Kanan,0,"Rp1,30Mlyr.",1300000000,2026-04-13
Rendi Saepul,Persijap Jepara,Indonesia,Sayap Kanan,21,"Rp869,08Jt.",869080000,2026-04-13
Prince Kallon,Persijap Jepara,Indonesia,Sayap Kanan,0,"Rp869,08Jt.",869080000,2026-04-13
Seva Setiadi,Persijap Jepara,Indonesia,Sayap Kanan,0,-,0,2026-04-13
Carlos França,Persijap Jepara,Indonesia,Depan-Tengah,0,"Rp6,95Mlyr.",6950000000,2026-04-13
Abdallah Sudi,Persijap Jepara,Indonesia,Depan-Tengah,0,"Rp2,17Mlyr.",2170000000,2026-04-13
Raia Irvanza,Persijap Jepara,Indonesia,Depan-Tengah,29,-,0,2026-04-13
Cyrus Margono,Persija Jakarta,Indonesia,Kiper,0,"Rp3,48Mlyr.",3480000000,2026-04-13
Andritany,Persija Jakarta,Indonesia,Kiper,26,"Rp2,61Mlyr.",2610000000,2026-04-13
Carlos Eduardo,Persija Jakarta,Indonesia,Kiper,0,"Rp1,30Mlyr.",1300000000,2026-04-13
Hafizh Rizkianur,Persija Jakarta,Indonesia,Kiper,22,-,0,2026-04-13
Irham Nadzhofa,Persija Jakarta,Indonesia,Kiper,27,-,0,2026-04-13
Rizky Ridho,Persija Jakarta,Indonesia,Bek-Tengah,0,"Rp11,30Mlyr.",11300000000,2026-04-13
Jordi Amat,Persija Jakarta,Indonesia,Bek-Tengah,21,"Rp10,43Mlyr.",10430000000,2026-04-13
Paulo Ricardo,Persija Jakarta,Indonesia,Bek-Tengah,0,"Rp5,21Mlyr.",5210000000,2026-04-13
Thales Lira,Persija Jakarta,Indonesia,Bek-Tengah,0,"Rp4,78Mlyr.",4780000000,2026-04-13
Dia Syayid,Persija Jakarta,Indonesia,Bek-Tengah,32,"Rp869,08Jt.",869080000,2026-04-13
Baihaqi Rifai,Persija Jakarta,Indonesia,Bek-Tengah,29,-,0,2026-04-13
Shayne Pattynama,Persija Jakarta,Indonesia,Bek-Kiri,25,"Rp6,08Mlyr.",6080000000,2026-04-13
Dony Tri Pamungkas,Persija Jakarta,Indonesia,Bek-Kiri,0,"Rp3,48Mlyr.",3480000000,2026-04-13
Fajar Fathurrahman,Persija Jakarta,Indonesia,Bek-Kanan,0,"Rp6,08Mlyr.",6080000000,2026-04-13
Sousa,Persija Jakarta,Indonesia,Gel. Bertahan,0,"Rp4,35Mlyr.",4350000000,2026-04-13
Hanif Sjahbandi,Persija Jakarta,Indonesia,Gel. Bertahan,19,"Rp4,35Mlyr.",4350000000,2026-04-13
Fábio Silva,Persija Jakarta,Indonesia,Gel. Bertahan,0,"Rp4,35Mlyr.",4350000000,2026-04-13
Aditya Warman,Persija Jakarta,Indonesia,Gel. Bertahan,36,"Rp434,54Jt.",434540000,2026-04-13
Jean Mota,Persija Jakarta,Indonesia,Gel. Tengah,0,"Rp8,69Mlyr.",8690000000,2026-04-13
Rayhan Hannan,Persija Jakarta,Indonesia,Gel. Serang,0,"Rp2,61Mlyr.",2610000000,2026-04-13
Maxwell,Persija Jakarta,Indonesia,Sayap Kiri,0,"Rp8,69Mlyr.",8690000000,2026-04-13
Witan,Persija Jakarta,Indonesia,Sayap Kiri,0,"Rp5,21Mlyr.",5210000000,2026-04-13
Arlyansyah Abdulmanan,Persija Jakarta,Indonesia,Sayap Kiri,0,"Rp1,30Mlyr.",1300000000,2026-04-13
Allano,Persija Jakarta,Indonesia,Sayap Kanan,17,"Rp6,95Mlyr.",6950000000,2026-04-13
Bruno Tubarão,Persija Jakarta,Indonesia,Sayap Kanan,0,"Rp6,95Mlyr.",6950000000,2026-04-13
Zahaby Gholy,Persija Jakarta,Indonesia,Sayap Kanan,0,-,0,2026-04-13
Alaeddine Ajaraie,Persija Jakarta,Indonesia,Depan-Tengah,41,"Rp6,08Mlyr.",6080000000,2026-04-13
Gustavo Almeida,Persija Jakarta,Indonesia,Depan-Tengah,0,"Rp5,21Mlyr.",5210000000,2026-04-13
Eksel Runtukahu,Persija Jakarta,Indonesia,Depan-Tengah,0,"Rp3,48Mlyr.",3480000000,2026-04-13
Mauro Zijlstra,Persija Jakarta,Indonesia,Depan-Tengah,0,"Rp1,30Mlyr.",1300000000,2026-04-13
Muhamad Riyandi,PERSIS Solo,Indonesia,Kiper,0,"Rp3,04Mlyr.",3040000000,2026-04-13
Vukasin Vranes,PERSIS Solo,Indonesia,Kiper,0,"Rp1,74Mlyr.",1740000000,2026-04-13
Gede Aditya,PERSIS Solo,Indonesia,Kiper,23,"Rp173,82Jt.",173820000,2026-04-13
Faza Al Firdaus,PERSIS Solo,Indonesia,Kiper,20,-,0,2026-04-13
Luka Dumancic,PERSIS Solo,Indonesia,Bek-Tengah,0,"Rp3,48Mlyr.",3480000000,2026-04-13
Kadek Raditya,PERSIS Solo,Indonesia,Bek-Tengah,32,"Rp2,61Mlyr.",2610000000,2026-04-13
Agung Mannan,PERSIS Solo,Indonesia,Bek-Tengah,0,"Rp1,30Mlyr.",1300000000,2026-04-13
Rian Miziar,PERSIS Solo,Indonesia,Bek-Tengah,26,"Rp434,54Jt.",434540000,2026-04-13
Faqih Maulana,PERSIS Solo,Indonesia,Bek-Kiri,29,"Rp1,74Mlyr.",1740000000,2026-04-13
Dusan Mijic,PERSIS Solo,Indonesia,Bek-Kanan,44,"Rp3,48Mlyr.",3480000000,2026-04-13
Alfriyanto Nico,PERSIS Solo,Indonesia,Bek-Kanan,0,"Rp2,61Mlyr.",2610000000,2026-04-13
Alexvan Djin,PERSIS Solo,Indonesia,Bek-Kanan,0,"Rp2,17Mlyr.",2170000000,2026-04-13
Eky Taufik,PERSIS Solo,Indonesia,Bek-Kanan,30,"Rp869,08Jt.",869080000,2026-04-13
Rizky Syahputra,PERSIS Solo,Indonesia,Bek-Kanan,0,-,0,2026-04-13
Andrei Alba,PERSIS Solo,Indonesia,Gel. Bertahan,0,"Rp3,91Mlyr.",3910000000,2026-04-13
Sutanto Tan,PERSIS Solo,Indonesia,Gel. Bertahan,22,"Rp3,04Mlyr.",3040000000,2026-04-13
Miroslav Maricic,PERSIS Solo,Indonesia,Gel. Tengah,0,"Rp3,48Mlyr.",3480000000,2026-04-13
Zanadin Fariz,PERSIS Solo,Indonesia,Gel. Tengah,0,"Rp2,17Mlyr.",2170000000,2026-04-13
Dimitri,PERSIS Solo,Indonesia,Gel. Serang,0,"Rp1,74Mlyr.",1740000000,2026-04-13
Rexo Dolby,PERSIS Solo,Indonesia,Gel. Serang,0,-,0,2026-04-13
Irfan Jauhari,PERSIS Solo,Indonesia,Sayap Kiri,0,"Rp2,61Mlyr.",2610000000,2026-04-13
Jefferson Carioca,PERSIS Solo,Indonesia,Sayap Kiri,0,"Rp2,17Mlyr.",2170000000,2026-04-13
Yabes Roni,PERSIS Solo,Indonesia,Sayap Kiri,0,"Rp1,74Mlyr.",1740000000,2026-04-13
Althaf Alrizky,PERSIS Solo,Indonesia,Sayap Kanan,36,"Rp2,61Mlyr.",2610000000,2026-04-13
Febri Hariyadi,PERSIS Solo,Indonesia,Sayap Kanan,18,"Rp1,74Mlyr.",1740000000,2026-04-13
Ikhwan Tanamal,PERSIS Solo,Indonesia,Sayap Kanan,40,"Rp1,30Mlyr.",1300000000,2026-04-13
Abu Razard Kamara,PERSIS Solo,Indonesia,Depan-Tengah,0,"Rp4,35Mlyr.",4350000000,2026-04-13
Roman Paparyga,PERSIS Solo,Indonesia,Depan-Tengah,0,"Rp4,35Mlyr.",4350000000,2026-04-13
Dejan Tumbas,PERSIS Solo,Indonesia,Depan-Tengah,19,"Rp3,48Mlyr.",3480000000,2026-04-13
Septian Bagaskara,PERSIS Solo,Indonesia,Depan-Tengah,0,"Rp3,48Mlyr.",3480000000,2026-04-13
Bruno Gomes,PERSIS Solo,Indonesia,Depan-Tengah,0,"Rp2,17Mlyr.",2170000000,2026-04-13
Arkhan Kaka,PERSIS Solo,Indonesia,Depan-Tengah,0,"Rp1,30Mlyr.",1300000000,2026-04-13
Hilmansyah,PSM Makassar,Indonesia,Kiper,0,"Rp3,48Mlyr.",3480000000,2026-04-13
Reza Arya,PSM Makassar,Indonesia,Kiper,30,"Rp2,61Mlyr.",2610000000,2026-04-13
Poetro Negoro,PSM Makassar,Indonesia,Kiper,20,-,0,2026-04-13
Agus Al Faris,PSM Makassar,Indonesia,Kiper,0,-,0,2026-04-13
Dusan Lagator,PSM Makassar,Indonesia,Bek-Tengah,0,"Rp7,82Mlyr.",7820000000,2026-04-13
Yuran Fernandes,PSM Makassar,Indonesia,Bek-Tengah,0,"Rp6,95Mlyr.",6950000000,2026-04-13
Aloísio Neto,PSM Makassar,Indonesia,Bek-Tengah,0,"Rp5,21Mlyr.",5210000000,2026-04-13
Syahrul Lasinari,PSM Makassar,Indonesia,Bek-Tengah,0,"Rp3,48Mlyr.",3480000000,2026-04-13
Daffa Salman,PSM Makassar,Indonesia,Bek-Tengah,0,"Rp1,74Mlyr.",1740000000,2026-04-13
Victor Luiz,PSM Makassar,Indonesia,Bek-Kiri,22,"Rp6,08Mlyr.",6080000000,2026-04-13
Mufli Hidayat,PSM Makassar,Indonesia,Bek-Kanan,0,"Rp869,08Jt.",869080000,2026-04-13
Akbar Tanjung,PSM Makassar,Indonesia,Gel. Bertahan,0,"Rp3,91Mlyr.",3910000000,2026-04-13
Ananda Raehan,PSM Makassar,Indonesia,Gel. Bertahan,0,"Rp3,04Mlyr.",3040000000,2026-04-13
Muhammad Arfan,PSM Makassar,Indonesia,Gel. Bertahan,0,"Rp2,61Mlyr.",2610000000,2026-04-13
Rifky Dwi Septiawan,PSM Makassar,Indonesia,Gel. Bertahan,32,"Rp1,74Mlyr.",1740000000,2026-04-13
Gledson,PSM Makassar,Indonesia,Gel. Bertahan,40,"Rp1,74Mlyr.",1740000000,2026-04-13
Resky Fandi,PSM Makassar,Indonesia,Gel. Bertahan,0,"Rp1,30Mlyr.",1300000000,2026-04-13
Rasyid Bakri,PSM Makassar,Indonesia,Gel. Tengah,17,"Rp869,08Jt.",869080000,2026-04-13
Kaka Amrullah,PSM Makassar,Indonesia,Gel. Tengah,19,-,0,2026-04-13
Sávio Roberto,PSM Makassar,Indonesia,Gel. Serang,0,"Rp6,08Mlyr.",6080000000,2026-04-13
Daisuke Sakai,PSM Makassar,Indonesia,Gel. Serang,0,"Rp4,35Mlyr.",4350000000,2026-04-13
Fahrul Aditia,PSM Makassar,Indonesia,Gel. Serang,29,"Rp1,30Mlyr.",1300000000,2026-04-13
Rizky Eka Pratama,PSM Makassar,Indonesia,Sayap Kiri,24,"Rp3,48Mlyr.",3480000000,2026-04-13
Victor Dethan,PSM Makassar,Indonesia,Sayap Kanan,0,"Rp3,91Mlyr.",3910000000,2026-04-13
Abdul Rahman,PSM Makassar,Indonesia,Sayap Kanan,0,"Rp2,17Mlyr.",2170000000,2026-04-13
Dzaky Asraf,PSM Makassar,Indonesia,Sayap Kanan,27,"Rp1,74Mlyr.",1740000000,2026-04-13
Gala Pagamo,PSM Makassar,Indonesia,Sayap Kanan,18,"Rp869,08Jt.",869080000,2026-04-13
Muh Fahrul,PSM Makassar,Indonesia,Sayap Kanan,0,-,0,2026-04-13
Luka Cumic,PSM Makassar,Indonesia,Depan-Tengah,0,"Rp6,08Mlyr.",6080000000,2026-04-13
Alex Tanque,PSM Makassar,Indonesia,Depan-Tengah,0,"Rp5,65Mlyr.",5650000000,2026-04-13
Sheriddin Boboev,PSM Makassar,Indonesia,Depan-Tengah,21,"Rp4,35Mlyr.",4350000000,2026-04-13
Ricky Pratama,PSM Makassar,Indonesia,Depan-Tengah,0,"Rp2,61Mlyr.",2610000000,2026-04-13
Jacques Thémopelé,PSM Makassar,Indonesia,Depan-Tengah,0,"Rp2,17Mlyr.",2170000000,2026-04-13
Cahya Supriadi,PSIM Yogyakarta,Indonesia,Kiper,19,"Rp3,91Mlyr.",3910000000,2026-04-13
Harlan Suardi,PSIM Yogyakarta,Indonesia,Kiper,26,"Rp2,61Mlyr.",2610000000,2026-04-13
Khairul Fikri,PSIM Yogyakarta,Indonesia,Kiper,0,"Rp869,08Jt.",869080000,2026-04-13
Gilang Ardha,PSIM Yogyakarta,Indonesia,Kiper,0,-,0,2026-04-13
Franco Ramos Mingo,PSIM Yogyakarta,Indonesia,Bek-Tengah,0,"Rp6,08Mlyr.",6080000000,2026-04-13
Yusaku Yamadera,PSIM Yogyakarta,Indonesia,Bek-Tengah,0,"Rp4,78Mlyr.",4780000000,2026-04-13
Jop van der Avert,PSIM Yogyakarta,Indonesia,Bek-Tengah,0,"Rp3,91Mlyr.",3910000000,2026-04-13
Andy Setyo,PSIM Yogyakarta,Indonesia,Bek-Tengah,0,"Rp2,17Mlyr.",2170000000,2026-04-13
Rendra Teddy,PSIM Yogyakarta,Indonesia,Bek-Tengah,0,"Rp2,17Mlyr.",2170000000,2026-04-13
Reva Adi,PSIM Yogyakarta,Indonesia,Bek-Kiri,35,"Rp4,35Mlyr.",4350000000,2026-04-13
Dede Sapari,PSIM Yogyakarta,Indonesia,Bek-Kiri,0,"Rp1,74Mlyr.",1740000000,2026-04-13
Raka Cahyana,PSIM Yogyakarta,Indonesia,Bek-Kanan,0,"Rp2,61Mlyr.",2610000000,2026-04-13
Donny Warmerdam,PSIM Yogyakarta,Indonesia,Gel. Bertahan,0,"Rp6,95Mlyr.",6950000000,2026-04-13
Rakhmatsho Rakhmatzoda,PSIM Yogyakarta,Indonesia,Gel. Bertahan,0,"Rp3,48Mlyr.",3480000000,2026-04-13
Rio Hardiawan,PSIM Yogyakarta,Indonesia,Gel. Tengah,29,"Rp2,17Mlyr.",2170000000,2026-04-13
Ghulam Fatkur,PSIM Yogyakarta,Indonesia,Gel. Tengah,23,"Rp1,74Mlyr.",1740000000,2026-04-13
Ezequiel Vidal,PSIM Yogyakarta,Indonesia,Gel. Serang,0,"Rp7,82Mlyr.",7820000000,2026-04-13
Zé Valente,PSIM Yogyakarta,Indonesia,Gel. Serang,0,"Rp6,52Mlyr.",6520000000,2026-04-13
Fahreza Sudin,PSIM Yogyakarta,Indonesia,Gel. Serang,0,"Rp2,61Mlyr.",2610000000,2026-04-13
Savio Sheva,PSIM Yogyakarta,Indonesia,Gel. Serang,0,"Rp2,17Mlyr.",2170000000,2026-04-13
Muhammad Iqbal,PSIM Yogyakarta,Indonesia,Gel. Serang,0,"Rp869,08Jt.",869080000,2026-04-13
Anton Fase,PSIM Yogyakarta,Indonesia,Sayap Kiri,0,"Rp3,04Mlyr.",3040000000,2026-04-13
Riyatno Abiyoso,PSIM Yogyakarta,Indonesia,Sayap Kiri,27,"Rp2,17Mlyr.",2170000000,2026-04-13
Andi Irfan,PSIM Yogyakarta,Indonesia,Sayap Kanan,17,"Rp2,61Mlyr.",2610000000,2026-04-13
Nermin Haljeta,PSIM Yogyakarta,Indonesia,Depan-Tengah,0,"Rp6,52Mlyr.",6520000000,2026-04-13
Deri Corfe,PSIM Yogyakarta,Indonesia,Depan-Tengah,0,"Rp3,48Mlyr.",3480000000,2026-04-13
Warut Makemusik,Ayutthaya United,Thailand,Kiper,0,"Rp1,74Mlyr.",1740000000,2026-04-13
Narongsak Naengwongsa,Ayutthaya United,Thailand,Kiper,25,"Rp869,08Jt.",869080000,2026-04-13
Suthipong Pisansub,Ayutthaya United,Thailand,Kiper,39,"Rp434,54Jt.",434540000,2026-04-13
Teerat Nakchamnan,Ayutthaya United,Thailand,Kiper,27,-,0,2026-04-13
Hyun-soo Hwang,Ayutthaya United,Thailand,Bek-Tengah,0,"Rp5,21Mlyr.",5210000000,2026-04-13
Noah Leddel,Ayutthaya United,Thailand,Bek-Tengah,0,"Rp2,17Mlyr.",2170000000,2026-04-13
Wellington Priori,Ayutthaya United,Thailand,Bek-Tengah,0,"Rp1,74Mlyr.",1740000000,2026-04-13
Worawut Namvech,Ayutthaya United,Thailand,Bek-Tengah,24,"Rp1,30Mlyr.",1300000000,2026-04-13
Worawut Sataporn,Ayutthaya United,Thailand,Bek-Tengah,26,"Rp1,30Mlyr.",1300000000,2026-04-13
Chiraphong Raksongkham,Ayutthaya United,Thailand,Bek-Tengah,0,"Rp434,54Jt.",434540000,2026-04-13
Bhumchanok Kamkla,Ayutthaya United,Thailand,Bek-Kiri,16,"Rp2,17Mlyr.",2170000000,2026-04-13
Chanon Tamma,Ayutthaya United,Thailand,Bek-Kiri,0,"Rp2,17Mlyr.",2170000000,2026-04-13
Kitphom Bunsan,Ayutthaya United,Thailand,Bek-Kiri,0,"Rp1,30Mlyr.",1300000000,2026-04-13
Jirawat Janpong,Ayutthaya United,Thailand,Bek-Kanan,0,"Rp1,74Mlyr.",1740000000,2026-04-13
Atsadawut Changthong,Ayutthaya United,Thailand,Bek-Kanan,0,"Rp869,08Jt.",869080000,2026-04-13
Thanet Suknate,Ayutthaya United,Thailand,Bek-Kanan,0,"Rp434,54Jt.",434540000,2026-04-13
Natcha Promsomboon,Ayutthaya United,Thailand,Gel. Bertahan,28,"Rp1,74Mlyr.",1740000000,2026-04-13
Anuwat Noicheunphan,Ayutthaya United,Thailand,Gel. Bertahan,31,"Rp869,08Jt.",869080000,2026-04-13
Nattapon Worasut,Ayutthaya United,Thailand,Gel. Tengah,0,"Rp2,61Mlyr.",2610000000,2026-04-13
Passakorn Biaothungoi,Ayutthaya United,Thailand,Gel. Tengah,23,"Rp2,17Mlyr.",2170000000,2026-04-13
Sanrawat Dechmitr,Ayutthaya United,Thailand,Gel. Tengah,29,"Rp434,54Jt.",434540000,2026-04-13
Yashir Islame,Ayutthaya United,Thailand,Gel. Serang,36,"Rp1,74Mlyr.",1740000000,2026-04-13
Sung-dong Paik,Ayutthaya United,Thailand,Sayap Kiri,0,"Rp4,78Mlyr.",4780000000,2026-04-13
Chakkit Laptrakul,Ayutthaya United,Thailand,Sayap Kiri,17,"Rp2,17Mlyr.",2170000000,2026-04-13
Verot Pombuppha,Ayutthaya United,Thailand,Sayap Kiri,22,"Rp1,30Mlyr.",1300000000,2026-04-13
Anucha Sakaekum,Ayutthaya United,Thailand,Sayap Kiri,0,-,0,2026-04-13
Diego Carioca,Ayutthaya United,Thailand,Sayap Kanan,0,"Rp4,35Mlyr.",4350000000,2026-04-13
Veeraphong Aon-pean,Ayutthaya United,Thailand,Sayap Kanan,34,"Rp2,61Mlyr.",2610000000,2026-04-13
Yotsak Chaowana,Ayutthaya United,Thailand,Sayap Kanan,18,"Rp434,54Jt.",434540000,2026-04-13
Conrado,Ayutthaya United,Thailand,Depan-Tengah,0,"Rp2,61Mlyr.",2610000000,2026-04-13
Caíque Lemes,Ayutthaya United,Thailand,Depan-Tengah,0,"Rp2,61Mlyr.",2610000000,2026-04-13
Kitsana Kasemkulwirai,Ayutthaya United,Thailand,Depan-Tengah,0,"Rp1,30Mlyr.",1300000000,2026-04-13
Neil Etheridge,Buriram United,Thailand,Kiper,0,"Rp3,91Mlyr.",3910000000,2026-04-13
Korraphat Nareechan,Buriram United,Thailand,Kiper,29,"Rp1,74Mlyr.",1740000000,2026-04-13
Chatchai Bootprom,Buriram United,Thailand,Kiper,34,"Rp1,30Mlyr.",1300000000,2026-04-13
Prapot Chongcharoen,Buriram United,Thailand,Kiper,0,-,0,2026-04-13
Myeong-seok Ko,Buriram United,Thailand,Bek-Tengah,22,"Rp6,95Mlyr.",6950000000,2026-04-13
Edu Mancha,Buriram United,Thailand,Bek-Tengah,40,"Rp6,95Mlyr.",6950000000,2026-04-13
Curtis Good,Buriram United,Thailand,Bek-Tengah,0,"Rp5,21Mlyr.",5210000000,2026-04-13
Shinnaphat Leeaoh,Buriram United,Thailand,Bek-Tengah,0,"Rp4,35Mlyr.",4350000000,2026-04-13
Pansa Hemviboon,Buriram United,Thailand,Bek-Tengah,0,"Rp1,74Mlyr.",1740000000,2026-04-13
Sasalak Haiprakhon,Buriram United,Thailand,Bek-Kiri,0,"Rp6,95Mlyr.",6950000000,2026-04-13
Sandy Walsh,Buriram United,Thailand,Bek-Kanan,0,"Rp12,17Mlyr.",12170000000,2026-04-13
Filip Stojkovic,Buriram United,Thailand,Bek-Kanan,30,"Rp4,78Mlyr.",4780000000,2026-04-13
Narubadin Weerawatnodom,Buriram United,Thailand,Bek-Kanan,0,"Rp4,35Mlyr.",4350000000,2026-04-13
Kenny Dougall,Buriram United,Thailand,Gel. Bertahan,16,"Rp6,95Mlyr.",6950000000,2026-04-13
Phitiwat Sookjitthammakul,Buriram United,Thailand,Gel. Bertahan,27,"Rp6,08Mlyr.",6080000000,2026-04-13
Theerathon Bunmathan,Buriram United,Thailand,Gel. Bertahan,0,"Rp3,48Mlyr.",3480000000,2026-04-13
Ratthanakorn Maikami,Buriram United,Thailand,Gel. Bertahan,0,"Rp3,48Mlyr.",3480000000,2026-04-13
Goran Causic,Buriram United,Thailand,Gel. Tengah,23,"Rp8,69Mlyr.",8690000000,2026-04-13
Peter Zulj,Buriram United,Thailand,Gel. Tengah,44,"Rp7,82Mlyr.",7820000000,2026-04-13
Emmanuel Toku,Buriram United,Thailand,Gel. Serang,26,"Rp6,95Mlyr.",6950000000,2026-04-13
Thanakrit Chotmuangpak,Buriram United,Thailand,Gel. Serang,33,"Rp3,48Mlyr.",3480000000,2026-04-13
Kingsley Schindler,Buriram United,Thailand,Sayap Kanan,19,"Rp12,17Mlyr.",12170000000,2026-04-13
Robert Zulj,Buriram United,Thailand,Depan-Kedua,32,"Rp13,91Mlyr.",13910000000,2026-04-13
Bissoli,Buriram United,Thailand,Depan-Tengah,0,"Rp34,76Mlyr.",34760000000,2026-04-13
Suphanat Mueanta,Buriram United,Thailand,Depan-Tengah,0,"Rp17,38Mlyr.",17380000000,2026-04-13
Supachai Chaided,Buriram United,Thailand,Depan-Tengah,0,"Rp15,64Mlyr.",15640000000,2026-04-13
Kasper Junker,Buriram United,Thailand,Depan-Tengah,0,"Rp12,17Mlyr.",12170000000,2026-04-13
Rubén Sánchez,Buriram United,Thailand,Depan-Tengah,28,"Rp6,08Mlyr.",6080000000,2026-04-13
Ilhan Fandi,Buriram United,Thailand,Depan-Tengah,17,"Rp3,48Mlyr.",3480000000,2026-04-13
Nathakorn Rattanasuwan,Buriram United,Thailand,Depan-Tengah,0,-,0,2026-04-13
Kittipong Phuthawchueak,Kanchanaburi Power FC,Thailand,Kiper,26,"Rp1,74Mlyr.",1740000000,2026-04-13
Sarut Nasri,Kanchanaburi Power FC,Thailand,Kiper,35,"Rp1,74Mlyr.",1740000000,2026-04-13
Sumethee Khokpho,Kanchanaburi Power FC,Thailand,Kiper,31,"Rp1,30Mlyr.",1300000000,2026-04-13
Kritsana Pummarrin,Kanchanaburi Power FC,Thailand,Kiper,0,"Rp869,08Jt.",869080000,2026-04-13
Nalubate Boonyarat,Kanchanaburi Power FC,Thailand,Kiper,22,-,0,2026-04-13
Aaron Gurd,Kanchanaburi Power FC,Thailand,Bek-Tengah,0,"Rp2,61Mlyr.",2610000000,2026-04-13
Prachya Fudsuparp,Kanchanaburi Power FC,Thailand,Bek-Tengah,28,"Rp2,61Mlyr.",2610000000,2026-04-13
Pawee Tanthatemee,Kanchanaburi Power FC,Thailand,Bek-Tengah,25,"Rp2,17Mlyr.",2170000000,2026-04-13
Mehdi Tahrat,Kanchanaburi Power FC,Thailand,Bek-Tengah,0,"Rp2,17Mlyr.",2170000000,2026-04-13
Diego Bardanca,Kanchanaburi Power FC,Thailand,Bek-Tengah,44,"Rp1,74Mlyr.",1740000000,2026-04-13
Peerapat Notchaiya,Kanchanaburi Power FC,Thailand,Bek-Kiri,0,"Rp3,04Mlyr.",3040000000,2026-04-13
Satsanapong Wattayuchutikul,Kanchanaburi Power FC,Thailand,Bek-Kiri,29,"Rp869,08Jt.",869080000,2026-04-13
Kitinun Suttiwiriyakul,Kanchanaburi Power FC,Thailand,Bek-Kiri,32,"Rp434,54Jt.",434540000,2026-04-13
Ryhan Stewart,Kanchanaburi Power FC,Thailand,Bek-Kanan,16,"Rp4,35Mlyr.",4350000000,2026-04-13
Wattana Klomjit,Kanchanaburi Power FC,Thailand,Bek-Kanan,0,"Rp1,30Mlyr.",1300000000,2026-04-13
Tony Laurent-Gonnet,Kanchanaburi Power FC,Thailand,Bek-Kanan,27,-,0,2026-04-13
Anumanthan Kumar,Kanchanaburi Power FC,Thailand,Gel. Bertahan,0,"Rp1,30Mlyr.",1300000000,2026-04-13
Chayapipat Supunpasuch,Kanchanaburi Power FC,Thailand,Gel. Bertahan,0,"Rp1,30Mlyr.",1300000000,2026-04-13
John Lucero,Kanchanaburi Power FC,Thailand,Gel. Tengah,0,"Rp2,17Mlyr.",2170000000,2026-04-13
Ewerton,Kanchanaburi Power FC,Thailand,Gel. Tengah,0,"Rp1,74Mlyr.",1740000000,2026-04-13
Pongpat Liorungrueangkit,Kanchanaburi Power FC,Thailand,Gel. Tengah,18,"Rp1,74Mlyr.",1740000000,2026-04-13
Santipap Ratniyom,Kanchanaburi Power FC,Thailand,Gel. Tengah,42,"Rp1,30Mlyr.",1300000000,2026-04-13
Suchao Nutnum,Kanchanaburi Power FC,Thailand,Gel. Tengah,0,-,0,2026-04-13
Alain Oyarzun,Kanchanaburi Power FC,Thailand,Gel. Serang,19,"Rp4,35Mlyr.",4350000000,2026-04-13
Sergio Aguero,Kanchanaburi Power FC,Thailand,Gel. Serang,20,"Rp2,61Mlyr.",2610000000,2026-04-13
Mohamed Mara,Kanchanaburi Power FC,Thailand,Sayap Kiri,21,"Rp5,21Mlyr.",5210000000,2026-04-13
Tanasith Siripala,Kanchanaburi Power FC,Thailand,Sayap Kiri,0,"Rp1,74Mlyr.",1740000000,2026-04-13
Andros Townsend,Kanchanaburi Power FC,Thailand,Sayap Kanan,30,"Rp8,69Mlyr.",8690000000,2026-04-13
Aboubakar Kamara,Kanchanaburi Power FC,Thailand,Depan-Tengah,0,"Rp6,08Mlyr.",6080000000,2026-04-13
Chenrop Samphaodi,Kanchanaburi Power FC,Thailand,Depan-Tengah,0,"Rp2,17Mlyr.",2170000000,2026-04-13
Kittiphod Sathiphanuwat,Kanchanaburi Power FC,Thailand,Penyerang,0,-,0,2026-04-13
Kevin Ray Mendoza,Chonburi FC,Thailand,Kiper,0,"Rp5,21Mlyr.",5210000000,2026-04-13
Noppakun Kadtoon,Chonburi FC,Thailand,Kiper,0,"Rp2,17Mlyr.",2170000000,2026-04-13
Thanawat Panthong,Chonburi FC,Thailand,Kiper,0,"Rp434,54Jt.",434540000,2026-04-13
Siwat Chomphooviset,Chonburi FC,Thailand,Kiper,0,-,0,2026-04-13
Ratchanon Phoonpatanasab,Chonburi FC,Thailand,Bek,0,-,0,2026-04-13
Jefferson Tabinas,Chonburi FC,Thailand,Bek-Tengah,0,"Rp5,21Mlyr.",5210000000,2026-04-13
Kike Linares,Chonburi FC,Thailand,Bek-Tengah,0,"Rp2,61Mlyr.",2610000000,2026-04-13
Nattapong Sayriya,Chonburi FC,Thailand,Bek-Tengah,37,"Rp2,17Mlyr.",2170000000,2026-04-13
Jorge Fellipe,Chonburi FC,Thailand,Bek-Tengah,0,"Rp1,74Mlyr.",1740000000,2026-04-13
Chatmongkol Rueangthanarot,Chonburi FC,Thailand,Bek-Kiri,0,"Rp2,61Mlyr.",2610000000,2026-04-13
Kittipong Sansanit,Chonburi FC,Thailand,Bek-Kiri,0,"Rp1,74Mlyr.",1740000000,2026-04-13
Thanphisit Peanksikum,Chonburi FC,Thailand,Bek-Kiri,0,-,0,2026-04-13
Wathanyu Nairatsami,Chonburi FC,Thailand,Bek-Kiri,0,-,0,2026-04-13
Santiphap Channgom,Chonburi FC,Thailand,Bek-Kanan,23,"Rp3,48Mlyr.",3480000000,2026-04-13
Thanaset Sujarit,Chonburi FC,Thailand,Bek-Kanan,36,"Rp1,74Mlyr.",1740000000,2026-04-13
Suksan Bunta,Chonburi FC,Thailand,Bek-Kanan,20,"Rp869,08Jt.",869080000,2026-04-13
Nattanan Biesamrit,Chonburi FC,Thailand,Gel. Bertahan,30,"Rp2,61Mlyr.",2610000000,2026-04-13
Richmond Darko,Chonburi FC,Thailand,Gel. Bertahan,28,"Rp1,30Mlyr.",1300000000,2026-04-13
Pathomchai Seaisakul,Chonburi FC,Thailand,Gel. Bertahan,31,"Rp869,08Jt.",869080000,2026-04-13
Tanakon Pinkaew,Chonburi FC,Thailand,Gelandang,0,-,0,2026-04-13
Queven,Chonburi FC,Thailand,Gel. Tengah,0,"Rp4,35Mlyr.",4350000000,2026-04-13
Rachata Moraksa,Chonburi FC,Thailand,Gel. Tengah,32,"Rp1,74Mlyr.",1740000000,2026-04-13
Chayathorn Tapsuvanavon,Chonburi FC,Thailand,Gel. Tengah,0,"Rp1,74Mlyr.",1740000000,2026-04-13
Channarong Promsrikaew,Chonburi FC,Thailand,Gel. Serang,0,"Rp4,35Mlyr.",4350000000,2026-04-13
Estefano Arango,Chonburi FC,Thailand,Sayap Kiri,19,"Rp2,61Mlyr.",2610000000,2026-04-13
Abo Eisa,Chonburi FC,Thailand,Sayap Kanan,0,"Rp4,35Mlyr.",4350000000,2026-04-13
Siraphop Wandee,Chonburi FC,Thailand,Sayap Kanan,21,"Rp1,30Mlyr.",1300000000,2026-04-13
Oege-Sietse van Lingen,Chonburi FC,Thailand,Depan-Tengah,0,"Rp5,21Mlyr.",5210000000,2026-04-13
Jonathan Bolingi,Chonburi FC,Thailand,Depan-Tengah,17,"Rp4,35Mlyr.",4350000000,2026-04-13
Yotsakon Burapha,Chonburi FC,Thailand,Depan-Tengah,0,"Rp1,74Mlyr.",1740000000,2026-04-13
Adisak Kraisorn,Chonburi FC,Thailand,Depan-Tengah,0,"Rp1,74Mlyr.",1740000000,2026-04-13
Saranon Anuin,BG Pathum United,Thailand,Kiper,28,"Rp4,35Mlyr.",4350000000,2026-04-13
Nalawich Inthacharoen,BG Pathum United,Thailand,Kiper,0,"Rp869,08Jt.",869080000,2026-04-13
Pisan Dorkmaikaew,BG Pathum United,Thailand,Kiper,0,"Rp869,08Jt.",869080000,2026-04-13
Chanasorn Kaewyos,BG Pathum United,Thailand,Kiper,0,-,0,2026-04-13
Elias Dolah,BG Pathum United,Thailand,Bek-Tengah,44,"Rp5,21Mlyr.",5210000000,2026-04-13
Takaki Ose,BG Pathum United,Thailand,Bek-Tengah,0,"Rp3,48Mlyr.",3480000000,2026-04-13
Nika Sandokhadze,BG Pathum United,Thailand,Bek-Tengah,16,"Rp3,48Mlyr.",3480000000,2026-04-13
Chanapach Buaphan,BG Pathum United,Thailand,Bek-Tengah,0,"Rp2,17Mlyr.",2170000000,2026-04-13
Nattawut Wongsawang,BG Pathum United,Thailand,Bek-Tengah,0,"Rp869,08Jt.",869080000,2026-04-13
Nathan James,BG Pathum United,Thailand,Bek-Tengah,22,"Rp434,54Jt.",434540000,2026-04-13
Sanchai Nonthasila,BG Pathum United,Thailand,Bek-Kiri,0,"Rp2,61Mlyr.",2610000000,2026-04-13
Warinthon Jamnongwat,BG Pathum United,Thailand,Bek-Kiri,29,"Rp2,17Mlyr.",2170000000,2026-04-13
Thanawat Pimyotha,BG Pathum United,Thailand,Bek-Kiri,24,"Rp1,74Mlyr.",1740000000,2026-04-13
Photthavong Sangvilay,BG Pathum United,Thailand,Bek-Kiri,33,"Rp1,74Mlyr.",1740000000,2026-04-13
Waris Choolthong,BG Pathum United,Thailand,Bek-Kanan,0,"Rp3,48Mlyr.",3480000000,2026-04-13
Riku Matsuda,BG Pathum United,Thailand,Bek-Kanan,0,"Rp2,61Mlyr.",2610000000,2026-04-13
Kritsada Kaman,BG Pathum United,Thailand,Gel. Bertahan,0,"Rp6,95Mlyr.",6950000000,2026-04-13
Sarach Yooyen,BG Pathum United,Thailand,Gel. Bertahan,0,"Rp4,35Mlyr.",4350000000,2026-04-13
Gakuto Notsuda,BG Pathum United,Thailand,Gel. Tengah,17,"Rp6,95Mlyr.",6950000000,2026-04-13
Chatmongkol Tongkiri,BG Pathum United,Thailand,Gel. Tengah,0,"Rp2,61Mlyr.",2610000000,2026-04-13
Pongrawit Jantawong,BG Pathum United,Thailand,Gel. Tengah,27,"Rp1,74Mlyr.",1740000000,2026-04-13
Chanathip Songkrasin,BG Pathum United,Thailand,Gel. Serang,18,"Rp13,91Mlyr.",13910000000,2026-04-13
Lucas Andersen,BG Pathum United,Thailand,Gel. Serang,0,"Rp5,21Mlyr.",5210000000,2026-04-13
Yoshiaki Takagi,BG Pathum United,Thailand,Gel. Serang,31,"Rp4,35Mlyr.",4350000000,2026-04-13
Ekanit Panya,BG Pathum United,Thailand,Sayap Kiri,0,"Rp6,08Mlyr.",6080000000,2026-04-13
Itthimon Tippanet,BG Pathum United,Thailand,Sayap Kiri,30,-,0,2026-04-13
Surachat Sareepim,BG Pathum United,Thailand,Sayap Kanan,0,"Rp869,08Jt.",869080000,2026-04-13
Pichaya Chaiwarangkun,BG Pathum United,Thailand,Sayap Kanan,19,-,0,2026-04-13
Witthawat Phraothaisong,BG Pathum United,Thailand,Sayap Kanan,0,-,0,2026-04-13
Raniel,BG Pathum United,Thailand,Depan-Tengah,0,"Rp13,04Mlyr.",13040000000,2026-04-13
Tomoyuki Doi,BG Pathum United,Thailand,Depan-Tengah,0,"Rp8,69Mlyr.",8690000000,2026-04-13
Patrik Gustavsson,BG Pathum United,Thailand,Depan-Tengah,0,"Rp6,95Mlyr.",6950000000,2026-04-13
Matheus Fornazari,BG Pathum United,Thailand,Depan-Tengah,0,"Rp6,08Mlyr.",6080000000,2026-04-13
Ikhsan Fandi,BG Pathum United,Thailand,Depan-Tengah,0,"Rp4,35Mlyr.",4350000000,2026-04-13
Siwakorn Ponsan,BG Pathum United,Thailand,Depan-Tengah,0,"Rp434,54Jt.",434540000,2026-04-13
Kampol Pathomakkakul,Ratchaburi FC,Thailand,Kiper,0,"Rp3,48Mlyr.",3480000000,2026-04-13
Ukrit Wongmeema,Ratchaburi FC,Thailand,Kiper,0,"Rp869,08Jt.",869080000,2026-04-13
Peerapong Watjanapayon,Ratchaburi FC,Thailand,Kiper,0,-,0,2026-04-13
Atituch Chankar,Ratchaburi FC,Thailand,Kiper,39,-,0,2026-04-13
Jonathan Khemdee,Ratchaburi FC,Thailand,Bek-Tengah,0,"Rp7,82Mlyr.",7820000000,2026-04-13
Gabriel Mutombo,Ratchaburi FC,Thailand,Bek-Tengah,0,"Rp6,08Mlyr.",6080000000,2026-04-13
Adisorn Promrak,Ratchaburi FC,Thailand,Bek-Tengah,0,"Rp2,61Mlyr.",2610000000,2026-04-13
Pethay Promjan,Ratchaburi FC,Thailand,Bek-Tengah,33,"Rp434,54Jt.",434540000,2026-04-13
Kevin Deeromram,Ratchaburi FC,Thailand,Bek-Kiri,23,"Rp7,82Mlyr.",7820000000,2026-04-13
Sidcley,Ratchaburi FC,Thailand,Bek-Kiri,0,"Rp3,04Mlyr.",3040000000,2026-04-13
Daniel Ting,Ratchaburi FC,Thailand,Bek-Kiri,0,"Rp2,61Mlyr.",2610000000,2026-04-13
Kiatisak Chiamudom,Ratchaburi FC,Thailand,Bek-Kiri,29,"Rp2,61Mlyr.",2610000000,2026-04-13
Jesse Curran,Ratchaburi FC,Thailand,Bek-Kanan,27,"Rp5,21Mlyr.",5210000000,2026-04-13
Suporn Peenagatapho,Ratchaburi FC,Thailand,Bek-Kanan,19,"Rp2,61Mlyr.",2610000000,2026-04-13
Kritsananon Srisuwan,Ratchaburi FC,Thailand,Gel. Bertahan,37,"Rp3,48Mlyr.",3480000000,2026-04-13
Thossawat Limwannasthian,Ratchaburi FC,Thailand,Gel. Bertahan,28,"Rp3,04Mlyr.",3040000000,2026-04-13
Thanawat Suengchitthawon,Ratchaburi FC,Thailand,Gel. Tengah,0,"Rp6,08Mlyr.",6080000000,2026-04-13
Roque Mesa,Ratchaburi FC,Thailand,Gel. Tengah,0,"Rp5,21Mlyr.",5210000000,2026-04-13
Jakkaphan Kaewprom,Ratchaburi FC,Thailand,Gel. Tengah,0,"Rp1,74Mlyr.",1740000000,2026-04-13
Siwakorn Jakkuprasat,Ratchaburi FC,Thailand,Gel. Tengah,16,"Rp1,74Mlyr.",1740000000,2026-04-13
Tana,Ratchaburi FC,Thailand,Gel. Serang,0,"Rp1,74Mlyr.",1740000000,2026-04-13
Teeraphol Yoryoei,Ratchaburi FC,Thailand,Gel. Serang,18,"Rp1,74Mlyr.",1740000000,2026-04-13
Njiva Rakotoharimalala,Ratchaburi FC,Thailand,Sayap Kiri,0,"Rp3,91Mlyr.",3910000000,2026-04-13
Faiq Bolkiah,Ratchaburi FC,Thailand,Sayap Kiri,0,"Rp2,61Mlyr.",2610000000,2026-04-13
Jaroensak Wonggorn,Ratchaburi FC,Thailand,Sayap Kanan,24,"Rp5,21Mlyr.",5210000000,2026-04-13
Negueba,Ratchaburi FC,Thailand,Sayap Kanan,0,"Rp3,91Mlyr.",3910000000,2026-04-13
Chotipat Poomkaew,Ratchaburi FC,Thailand,Sayap Kanan,0,"Rp2,17Mlyr.",2170000000,2026-04-13
Denilson Junior,Ratchaburi FC,Thailand,Depan-Tengah,0,"Rp8,69Mlyr.",8690000000,2026-04-13
Gleyson,Ratchaburi FC,Thailand,Depan-Tengah,0,"Rp3,48Mlyr.",3480000000,2026-04-13
Kittipun Saensuk,Sukhothai FC,Thailand,Kiper,0,"Rp2,61Mlyr.",2610000000,2026-04-13
Supazin Hnupichai,Sukhothai FC,Thailand,Kiper,18,"Rp1,30Mlyr.",1300000000,2026-04-13
Phanuphong Sunon,Sukhothai FC,Thailand,Kiper,16,-,0,2026-04-13
Thitikit Samerjai,Sukhothai FC,Thailand,Kiper,28,-,0,2026-04-13
Saringkan Promsupa,Sukhothai FC,Thailand,Bek-Tengah,0,"Rp4,35Mlyr.",4350000000,2026-04-13
Cláudio,Sukhothai FC,Thailand,Bek-Tengah,0,"Rp3,48Mlyr.",3480000000,2026-04-13
Sarawut Kanlayanabandit,Sukhothai FC,Thailand,Bek-Tengah,22,"Rp1,30Mlyr.",1300000000,2026-04-13
Pattarapon Suksakit,Sukhothai FC,Thailand,Bek-Tengah,0,"Rp869,08Jt.",869080000,2026-04-13
Chaiyaphon Otton,Sukhothai FC,Thailand,Bek-Kiri,25,"Rp2,61Mlyr.",2610000000,2026-04-13
Pharadon Phatthaphon,Sukhothai FC,Thailand,Bek-Kiri,19,"Rp869,08Jt.",869080000,2026-04-13
Thiti Thumporn,Sukhothai FC,Thailand,Bek-Kanan,27,"Rp2,17Mlyr.",2170000000,2026-04-13
Surawich Logarwit,Sukhothai FC,Thailand,Bek-Kanan,0,"Rp1,30Mlyr.",1300000000,2026-04-13
Romeu,Sukhothai FC,Thailand,Gel. Bertahan,0,"Rp4,35Mlyr.",4350000000,2026-04-13
Tassanapong Mhuaddarak,Sukhothai FC,Thailand,Gel. Bertahan,17,"Rp1,74Mlyr.",1740000000,2026-04-13
Lursan Thiamrat,Sukhothai FC,Thailand,Gel. Tengah,0,"Rp1,30Mlyr.",1300000000,2026-04-13
Athirat Jantrapho,Sukhothai FC,Thailand,Gel. Tengah,39,"Rp434,54Jt.",434540000,2026-04-13
Nalu Jandke,Sukhothai FC,Thailand,Gel. Tengah,20,-,0,2026-04-13
John Baggio,Sukhothai FC,Thailand,Gel. Serang,0,"Rp4,78Mlyr.",4780000000,2026-04-13
Lucas Barreto,Sukhothai FC,Thailand,Gel. Serang,0,"Rp4,35Mlyr.",4350000000,2026-04-13
Ratchanat Aranpiroj,Sukhothai FC,Thailand,Gel. Serang,0,"Rp1,30Mlyr.",1300000000,2026-04-13
Siroch Chatthong,Sukhothai FC,Thailand,Sayap Kiri,35,"Rp2,17Mlyr.",2170000000,2026-04-13
Mateusinho,Sukhothai FC,Thailand,Sayap Kanan,0,"Rp4,35Mlyr.",4350000000,2026-04-13
Apichart Denman,Sukhothai FC,Thailand,Sayap Kanan,21,"Rp2,17Mlyr.",2170000000,2026-04-13
Eito Ishimoto,Sukhothai FC,Thailand,Sayap Kanan,0,"Rp1,30Mlyr.",1300000000,2026-04-13
Phattharaphon Jansuwan,Sukhothai FC,Thailand,Sayap Kanan,24,"Rp869,08Jt.",869080000,2026-04-13
Gildo,Sukhothai FC,Thailand,Depan-Tengah,0,"Rp2,17Mlyr.",2170000000,2026-04-13
João Paredes,Sukhothai FC,Thailand,Depan-Tengah,0,"Rp1,74Mlyr.",1740000000,2026-04-13
Phiraphat Khamphaeng,Sukhothai FC,Thailand,Depan-Tengah,29,"Rp434,54Jt.",434540000,2026-04-13
Worawut Srisupha,Rayong FC,Thailand,Kiper,36,"Rp2,17Mlyr.",2170000000,2026-04-13
Wichaya Ganthong,Rayong FC,Thailand,Kiper,30,"Rp1,74Mlyr.",1740000000,2026-04-13
Chainarong Boonkerd,Rayong FC,Thailand,Kiper,0,"Rp869,08Jt.",869080000,2026-04-13
Ketanuson Junrung,Rayong FC,Thailand,Kiper,0,-,0,2026-04-13
Leonardo Justiniano,Rayong FC,Thailand,Bek-Tengah,20,"Rp7,82Mlyr.",7820000000,2026-04-13
Kritsada Nontharat,Rayong FC,Thailand,Bek-Tengah,35,"Rp3,48Mlyr.",3480000000,2026-04-13
Stefan Cebara,Rayong FC,Thailand,Bek-Tengah,0,"Rp1,74Mlyr.",1740000000,2026-04-13
Maxx Creevey,Rayong FC,Thailand,Bek-Tengah,23,"Rp1,74Mlyr.",1740000000,2026-04-13
Saharat Pongsuwan,Rayong FC,Thailand,Bek-Kiri,0,"Rp2,17Mlyr.",2170000000,2026-04-13
Jaturapat Sattham,Rayong FC,Thailand,Bek-Kiri,24,"Rp1,74Mlyr.",1740000000,2026-04-13
Parkin Harape,Rayong FC,Thailand,Bek-Kiri,31,"Rp1,30Mlyr.",1300000000,2026-04-13
Supawit Romphopak,Rayong FC,Thailand,Bek-Kanan,19,"Rp2,17Mlyr.",2170000000,2026-04-13
Wasusiwakit Phusirit,Rayong FC,Thailand,Bek-Kanan,0,"Rp1,74Mlyr.",1740000000,2026-04-13
Saharat Sontisawat,Rayong FC,Thailand,Gel. Bertahan,0,"Rp3,48Mlyr.",3480000000,2026-04-13
João Afonso,Rayong FC,Thailand,Gel. Bertahan,0,"Rp2,61Mlyr.",2610000000,2026-04-13
Hiromichi Katano,Rayong FC,Thailand,Gel. Bertahan,0,"Rp869,08Jt.",869080000,2026-04-13
Nonthawat Bathong,Rayong FC,Thailand,Gel. Bertahan,0,-,0,2026-04-13
Wattanapong Withunat,Rayong FC,Thailand,Gel. Bertahan,0,-,0,2026-04-13
Porrameth Ittiprasert,Rayong FC,Thailand,Gel. Bertahan,0,-,0,2026-04-13
Manuel Ott,Rayong FC,Thailand,Gel. Tengah,0,"Rp3,48Mlyr.",3480000000,2026-04-13
Seksan Ratree,Rayong FC,Thailand,Gel. Serang,22,"Rp6,08Mlyr.",6080000000,2026-04-13
Somkaet Kunmee,Rayong FC,Thailand,Gel. Serang,0,"Rp1,74Mlyr.",1740000000,2026-04-13
Peerapat Kaminthong,Rayong FC,Thailand,Gel. Serang,0,"Rp869,08Jt.",869080000,2026-04-13
Ryoma Ito,Rayong FC,Thailand,Sayap Kiri,41,"Rp4,35Mlyr.",4350000000,2026-04-13
Matee Sarakum,Rayong FC,Thailand,Sayap Kiri,0,"Rp1,74Mlyr.",1740000000,2026-04-13
Keven Alemán,Rayong FC,Thailand,Sayap Kanan,0,"Rp2,61Mlyr.",2610000000,2026-04-13
Anon Amornlerdsak,Rayong FC,Thailand,Sayap Kanan,27,"Rp2,17Mlyr.",2170000000,2026-04-13
Weslen Junior,Rayong FC,Thailand,Depan-Tengah,0,"Rp5,21Mlyr.",5210000000,2026-04-13
Stenio Junior,Rayong FC,Thailand,Depan-Tengah,18,"Rp2,17Mlyr.",2170000000,2026-04-13
Thanphisit Hempandan,Rayong FC,Thailand,Depan-Tengah,0,"Rp869,08Jt.",869080000,2026-04-13
Apirak Worawong,Singha Chiangrai United,Thailand,Kiper,0,"Rp2,61Mlyr.",2610000000,2026-04-13
Sirassawut Wongruankhum,Singha Chiangrai United,Thailand,Kiper,34,"Rp1,30Mlyr.",1300000000,2026-04-13
Farus Patee,Singha Chiangrai United,Thailand,Kiper,19,"Rp434,54Jt.",434540000,2026-04-13
Jetnipat Khomsom,Singha Chiangrai United,Thailand,Kiper,40,-,0,2026-04-13
Marco Ballini,Singha Chiangrai United,Thailand,Bek-Tengah,0,"Rp3,48Mlyr.",3480000000,2026-04-13
Victor Cardozo,Singha Chiangrai United,Thailand,Bek-Tengah,23,"Rp2,61Mlyr.",2610000000,2026-04-13
Hélio,Singha Chiangrai United,Thailand,Bek-Tengah,28,"Rp1,74Mlyr.",1740000000,2026-04-13
Banphakit Phrmanee,Singha Chiangrai United,Thailand,Bek-Tengah,0,"Rp1,30Mlyr.",1300000000,2026-04-13
Tanasak Srisai,Singha Chiangrai United,Thailand,Bek-Tengah,0,"Rp1,30Mlyr.",1300000000,2026-04-13
Santipap Yaemsaen,Singha Chiangrai United,Thailand,Bek-Tengah,24,"Rp869,08Jt.",869080000,2026-04-13
Thawatchai Inprakhon,Singha Chiangrai United,Thailand,Bek-Kiri,0,"Rp1,74Mlyr.",1740000000,2026-04-13
Gionata Verzura,Singha Chiangrai United,Thailand,Bek-Kanan,17,"Rp1,30Mlyr.",1300000000,2026-04-13
Piyaphon Phanichakul,Singha Chiangrai United,Thailand,Bek-Kanan,0,"Rp869,08Jt.",869080000,2026-04-13
Gabriel Henrique,Singha Chiangrai United,Thailand,Gel. Bertahan,0,"Rp4,35Mlyr.",4350000000,2026-04-13
Settasit Suvannaseat,Singha Chiangrai United,Thailand,Gel. Tengah,0,"Rp2,61Mlyr.",2610000000,2026-04-13
Sanukran Thinjom,Singha Chiangrai United,Thailand,Gel. Tengah,0,"Rp2,17Mlyr.",2170000000,2026-04-13
Phoptham Pornkod,Singha Chiangrai United,Thailand,Gel. Tengah,37,"Rp434,54Jt.",434540000,2026-04-13
Dudu,Singha Chiangrai United,Thailand,Gel. Serang,0,"Rp2,17Mlyr.",2170000000,2026-04-13
Thakdanai Jaihan,Singha Chiangrai United,Thailand,Gel. Serang,20,"Rp2,17Mlyr.",2170000000,2026-04-13
Carlos Iury,Singha Chiangrai United,Thailand,Sayap Kiri,0,"Rp4,35Mlyr.",4350000000,2026-04-13
Chinngoen Phutonyong,Singha Chiangrai United,Thailand,Sayap Kiri,39,"Rp1,30Mlyr.",1300000000,2026-04-13
Ongsa Singthong,Singha Chiangrai United,Thailand,Sayap Kiri,0,"Rp869,08Jt.",869080000,2026-04-13
Seung-won Lee,Singha Chiangrai United,Thailand,Sayap Kanan,0,"Rp2,17Mlyr.",2170000000,2026-04-13
Montree Promsawat,Singha Chiangrai United,Thailand,Sayap Kanan,32,"Rp1,74Mlyr.",1740000000,2026-04-13
Nanthiphat Chaiman,Singha Chiangrai United,Thailand,Sayap Kanan,0,"Rp434,54Jt.",434540000,2026-04-13
Itsuki Enomoto,Singha Chiangrai United,Thailand,Depan-Tengah,0,"Rp6,95Mlyr.",6950000000,2026-04-13
Jordan Emaviwe,Singha Chiangrai United,Thailand,Depan-Tengah,0,"Rp2,61Mlyr.",2610000000,2026-04-13
Sittichok Kannoo,Singha Chiangrai United,Thailand,Depan-Tengah,0,"Rp2,61Mlyr.",2610000000,2026-04-13
Armin Gremsl,Muangthong United,Thailand,Kiper,0,"Rp3,48Mlyr.",3480000000,2026-04-13
Korrakot Pipatnadda,Muangthong United,Thailand,Kiper,33,"Rp3,48Mlyr.",3480000000,2026-04-13
Rithisak Kalaya,Muangthong United,Thailand,Kiper,38,-,0,2026-04-13
Khomsan Sanphiphan,Muangthong United,Thailand,Kiper,31,-,0,2026-04-13
Stefan Tsonkov,Muangthong United,Thailand,Bek-Tengah,0,"Rp4,35Mlyr.",4350000000,2026-04-13
Nelson Orji,Muangthong United,Thailand,Bek-Tengah,0,"Rp3,48Mlyr.",3480000000,2026-04-13
Songwut Kraikruan,Muangthong United,Thailand,Bek-Tengah,29,"Rp2,61Mlyr.",2610000000,2026-04-13
Dong-su Kim,Muangthong United,Thailand,Bek-Tengah,28,"Rp1,74Mlyr.",1740000000,2026-04-13
Theekawin Chansri,Muangthong United,Thailand,Bek-Tengah,35,"Rp1,30Mlyr.",1300000000,2026-04-13
James Falconer,Muangthong United,Thailand,Bek-Tengah,0,"Rp434,54Jt.",434540000,2026-04-13
Michael Kempter,Muangthong United,Thailand,Bek-Kiri,27,"Rp3,48Mlyr.",3480000000,2026-04-13
Wattanakorn Sawatlakhorn,Muangthong United,Thailand,Bek-Kiri,0,"Rp1,30Mlyr.",1300000000,2026-04-13
Tristan Do,Muangthong United,Thailand,Bek-Kanan,19,"Rp2,61Mlyr.",2610000000,2026-04-13
John-Patrick Strauß,Muangthong United,Thailand,Gel. Bertahan,0,"Rp5,21Mlyr.",5210000000,2026-04-13
Siradanai Phosri,Muangthong United,Thailand,Gel. Bertahan,23,"Rp869,08Jt.",869080000,2026-04-13
Nitisak Anulun,Muangthong United,Thailand,Gel. Bertahan,30,-,0,2026-04-13
Sorawit Panthong,Muangthong United,Thailand,Gel. Tengah,0,"Rp2,61Mlyr.",2610000000,2026-04-13
Wongsakorn Chaikultewin,Muangthong United,Thailand,Gel. Tengah,16,"Rp1,30Mlyr.",1300000000,2026-04-13
Thiraphat Nuntagowat,Muangthong United,Thailand,Gel. Tengah,22,"Rp1,30Mlyr.",1300000000,2026-04-13
Danuphon Buppha,Muangthong United,Thailand,Gel. Tengah,18,"Rp434,54Jt.",434540000,2026-04-13
Kittapak Seangsawat,Muangthong United,Thailand,Gel. Tengah,39,"Rp434,54Jt.",434540000,2026-04-13
Kakana Khamyok,Muangthong United,Thailand,Gel. Serang,34,"Rp4,35Mlyr.",4350000000,2026-04-13
Anass Ahannach,Muangthong United,Thailand,Gel. Serang,24,"Rp3,04Mlyr.",3040000000,2026-04-13
Piyanat Thodsanid,Muangthong United,Thailand,Gel. Serang,17,"Rp434,54Jt.",434540000,2026-04-13
Willian Popp,Muangthong United,Thailand,Sayap Kiri,0,"Rp6,95Mlyr.",6950000000,2026-04-13
Melvyn Lorenzen,Muangthong United,Thailand,Sayap Kiri,0,"Rp5,21Mlyr.",5210000000,2026-04-13
Emil Roback,Muangthong United,Thailand,Sayap Kiri,0,"Rp4,35Mlyr.",4350000000,2026-04-13
Korawich Tasa,Muangthong United,Thailand,Sayap Kanan,0,"Rp2,61Mlyr.",2610000000,2026-04-13
Purachet Thodsanid,Muangthong United,Thailand,Sayap Kanan,21,"Rp2,61Mlyr.",2610000000,2026-04-13
Marko Saric,Muangthong United,Thailand,Depan-Tengah,0,"Rp6,08Mlyr.",6080000000,2026-04-13
Sarayut Yoosuebchuea,Muangthong United,Thailand,Depan-Tengah,20,"Rp1,30Mlyr.",1300000000,2026-04-13
Nont Muangngam,Lamphun Warriors,Thailand,Kiper,20,"Rp2,17Mlyr.",2170000000,2026-04-13
Kwanchai Suklom,Lamphun Warriors,Thailand,Kiper,26,"Rp1,74Mlyr.",1740000000,2026-04-13
Thirawooth Sruanson,Lamphun Warriors,Thailand,Kiper,31,"Rp1,30Mlyr.",1300000000,2026-04-13
Aly Cissokho,Lamphun Warriors,Thailand,Bek-Tengah,22,"Rp1,74Mlyr.",1740000000,2026-04-13
Charlie Clough,Lamphun Warriors,Thailand,Bek-Tengah,23,"Rp1,74Mlyr.",1740000000,2026-04-13
Jonas Schwabe,Lamphun Warriors,Thailand,Bek-Tengah,0,"Rp1,30Mlyr.",1300000000,2026-04-13
Noppol Kerdkaew,Lamphun Warriors,Thailand,Bek-Tengah,24,"Rp1,30Mlyr.",1300000000,2026-04-13
Todsapol Lated,Lamphun Warriors,Thailand,Bek-Tengah,0,"Rp869,08Jt.",869080000,2026-04-13
Wittaya Moonwong,Lamphun Warriors,Thailand,Bek-Kiri,0,"Rp1,74Mlyr.",1740000000,2026-04-13
Suriya Singmui,Lamphun Warriors,Thailand,Bek-Kiri,30,"Rp1,74Mlyr.",1740000000,2026-04-13
Dominik Schad,Lamphun Warriors,Thailand,Bek-Kanan,0,"Rp4,78Mlyr.",4780000000,2026-04-13
Nuttee Noiwilai,Lamphun Warriors,Thailand,Bek-Kanan,27,"Rp2,17Mlyr.",2170000000,2026-04-13
Tossaporn Chuchin,Lamphun Warriors,Thailand,Bek-Kanan,21,"Rp1,30Mlyr.",1300000000,2026-04-13
Tanakorn Navanich,Lamphun Warriors,Thailand,Bek-Kanan,0,"Rp869,08Jt.",869080000,2026-04-13
Teerawut Churok,Lamphun Warriors,Thailand,Gel. Bertahan,0,"Rp1,74Mlyr.",1740000000,2026-04-13
Akarapong Pumwisat,Lamphun Warriors,Thailand,Gel. Tengah,0,"Rp4,35Mlyr.",4350000000,2026-04-13
Ralph,Lamphun Warriors,Thailand,Gel. Tengah,17,"Rp4,35Mlyr.",4350000000,2026-04-13
Oskari Kekkonen,Lamphun Warriors,Thailand,Gel. Tengah,0,"Rp2,17Mlyr.",2170000000,2026-04-13
Baworn Tapla,Lamphun Warriors,Thailand,Gel. Tengah,32,"Rp869,08Jt.",869080000,2026-04-13
Mohammed Osman,Lamphun Warriors,Thailand,Gel. Serang,0,"Rp6,08Mlyr.",6080000000,2026-04-13
Anan Yodsangwal,Lamphun Warriors,Thailand,Sayap Kiri,0,"Rp5,21Mlyr.",5210000000,2026-04-13
Tawan Khotrsupho,Lamphun Warriors,Thailand,Sayap Kiri,19,"Rp1,30Mlyr.",1300000000,2026-04-13
Surat Suriyachai,Lamphun Warriors,Thailand,Sayap Kanan,25,"Rp1,30Mlyr.",1300000000,2026-04-13
Peniel Mlapa,Lamphun Warriors,Thailand,Depan-Tengah,18,"Rp3,48Mlyr.",3480000000,2026-04-13
Willen Mota,Lamphun Warriors,Thailand,Depan-Tengah,29,"Rp3,04Mlyr.",3040000000,2026-04-13
Kenshiro Daniels,Lamphun Warriors,Thailand,Depan-Tengah,0,"Rp2,17Mlyr.",2170000000,2026-04-13
Tanachai Noorach,Nakhonratchasima Mazda FC,Thailand,Kiper,36,"Rp2,17Mlyr.",2170000000,2026-04-13
Nopphon Lakhonphon,Nakhonratchasima Mazda FC,Thailand,Kiper,18,"Rp1,74Mlyr.",1740000000,2026-04-13
Phatcharaphong Prathumma,Nakhonratchasima Mazda FC,Thailand,Kiper,0,"Rp434,54Jt.",434540000,2026-04-13
Achirawit Natsanthia,Nakhonratchasima Mazda FC,Thailand,Kiper,34,-,0,2026-04-13
Sorawis Srifah,Nakhonratchasima Mazda FC,Thailand,Kiper,0,-,0,2026-04-13
Nenad Lalic,Nakhonratchasima Mazda FC,Thailand,Bek-Tengah,43,"Rp3,48Mlyr.",3480000000,2026-04-13
Bill Mamadou,Nakhonratchasima Mazda FC,Thailand,Bek-Tengah,0,"Rp2,17Mlyr.",2170000000,2026-04-13
Anusak Jaiphet,Nakhonratchasima Mazda FC,Thailand,Bek-Tengah,0,"Rp2,17Mlyr.",2170000000,2026-04-13
Sarawut Inpaen,Nakhonratchasima Mazda FC,Thailand,Bek-Tengah,0,"Rp1,30Mlyr.",1300000000,2026-04-13
Pichitchai Sienkrathok,Nakhonratchasima Mazda FC,Thailand,Bek-Tengah,16,"Rp1,30Mlyr.",1300000000,2026-04-13
Watcharin Nuengprakaew,Nakhonratchasima Mazda FC,Thailand,Bek-Tengah,39,"Rp1,30Mlyr.",1300000000,2026-04-13
Woraphob Thaweesuk,Nakhonratchasima Mazda FC,Thailand,Bek-Tengah,0,-,0,2026-04-13
Narongsak Phetnok,Nakhonratchasima Mazda FC,Thailand,Bek-Tengah,0,-,0,2026-04-13
Wendel,Nakhonratchasima Mazda FC,Thailand,Bek-Kiri,35,"Rp3,48Mlyr.",3480000000,2026-04-13
Charalampos Charalampous,Nakhonratchasima Mazda FC,Thailand,Bek-Kiri,33,"Rp2,61Mlyr.",2610000000,2026-04-13
Hein Phyo Win,Nakhonratchasima Mazda FC,Thailand,Bek-Kanan,0,"Rp3,04Mlyr.",3040000000,2026-04-13
Jork Becerra,Nakhonratchasima Mazda FC,Thailand,Gel. Bertahan,0,"Rp4,35Mlyr.",4350000000,2026-04-13
Leon James,Nakhonratchasima Mazda FC,Thailand,Gel. Bertahan,0,"Rp2,17Mlyr.",2170000000,2026-04-13
Jared Gallagher,Nakhonratchasima Mazda FC,Thailand,Gel. Bertahan,0,"Rp1,30Mlyr.",1300000000,2026-04-13
Nattawut Jaroenboot,Nakhonratchasima Mazda FC,Thailand,Gel. Tengah,21,"Rp869,08Jt.",869080000,2026-04-13
Pongsakron Hanrattana,Nakhonratchasima Mazda FC,Thailand,Gel. Tengah,22,"Rp434,54Jt.",434540000,2026-04-13
Noppakorn Kanhabang,Nakhonratchasima Mazda FC,Thailand,Gel. Tengah,0,-,0,2026-04-13
Rattasat Bangsungnoen,Nakhonratchasima Mazda FC,Thailand,Gel. Serang,19,"Rp2,17Mlyr.",2170000000,2026-04-13
Hirotaka Mita,Nakhonratchasima Mazda FC,Thailand,Gel. Serang,0,"Rp869,08Jt.",869080000,2026-04-13
Anurak Mungdee,Nakhonratchasima Mazda FC,Thailand,Sayap Kanan,17,"Rp1,30Mlyr.",1300000000,2026-04-13
Pannatat Prempree,Nakhonratchasima Mazda FC,Thailand,Sayap Kanan,30,-,0,2026-04-13
Dennis Murillo,Nakhonratchasima Mazda FC,Thailand,Depan-Tengah,23,"Rp3,48Mlyr.",3480000000,2026-04-13
Yuki Kusano,Nakhonratchasima Mazda FC,Thailand,Depan-Tengah,25,"Rp3,48Mlyr.",3480000000,2026-04-13
Mateus,Nakhonratchasima Mazda FC,Thailand,Depan-Tengah,0,"Rp1,74Mlyr.",1740000000,2026-04-13
Prakiattichai Singsook,Nakhonratchasima Mazda FC,Thailand,Depan-Tengah,0,-,0,2026-04-13
Somporn Yos,Port FC,Thailand,Kiper,0,"Rp2,61Mlyr.",2610000000,2026-04-13
Michael Falkesgaard,Port FC,Thailand,Kiper,0,"Rp1,30Mlyr.",1300000000,2026-04-13
Sarawut Konglap,Port FC,Thailand,Kiper,35,-,0,2026-04-13
Rangsiman Kemmueang,Port FC,Thailand,Kiper,40,-,0,2026-04-13
Matheus Lins,Port FC,Thailand,Bek-Tengah,0,"Rp6,08Mlyr.",6080000000,2026-04-13
Irfan Fandi,Port FC,Thailand,Bek-Tengah,17,"Rp4,35Mlyr.",4350000000,2026-04-13
Peerawat Akkratum,Port FC,Thailand,Bek-Tengah,36,"Rp3,48Mlyr.",3480000000,2026-04-13
Chinnawat Wongchai,Port FC,Thailand,Bek-Tengah,16,"Rp1,74Mlyr.",1740000000,2026-04-13
Rebin Sulaka,Port FC,Thailand,Bek-Tengah,22,"Rp1,74Mlyr.",1740000000,2026-04-13
Chaiyawat Buran,Port FC,Thailand,Bek-Kiri,26,"Rp2,61Mlyr.",2610000000,2026-04-13
Hugo Boutsingkham,Port FC,Thailand,Bek-Kiri,23,"Rp1,30Mlyr.",1300000000,2026-04-13
Asnawi Mangkualam,Port FC,Thailand,Bek-Kanan,0,"Rp7,82Mlyr.",7820000000,2026-04-13
Suphanan Bureerat,Port FC,Thailand,Bek-Kanan,0,"Rp4,35Mlyr.",4350000000,2026-04-13
Noboru Shimura,Port FC,Thailand,Gel. Bertahan,33,"Rp5,21Mlyr.",5210000000,2026-04-13
Tanaboon Kesarat,Port FC,Thailand,Gel. Bertahan,0,"Rp2,61Mlyr.",2610000000,2026-04-13
Sittha Boonlha,Port FC,Thailand,Gel. Bertahan,0,"Rp2,17Mlyr.",2170000000,2026-04-13
Peeradol Chamrasamee,Port FC,Thailand,Gel. Tengah,0,"Rp4,35Mlyr.",4350000000,2026-04-13
Worachit Kanitsribumphen,Port FC,Thailand,Gel. Serang,44,"Rp6,08Mlyr.",6080000000,2026-04-13
Sivakorn Tiatrakul,Port FC,Thailand,Gel. Serang,21,"Rp3,48Mlyr.",3480000000,2026-04-13
Chanukan Karin,Port FC,Thailand,Gel. Serang,0,"Rp2,61Mlyr.",2610000000,2026-04-13
Athit Berg,Port FC,Thailand,Gel. Serang,0,"Rp2,61Mlyr.",2610000000,2026-04-13
Tanapat Hongkhiao,Port FC,Thailand,Gel. Serang,30,-,0,2026-04-13
Bordin Phala,Port FC,Thailand,Sayap Kiri,0,"Rp6,95Mlyr.",6950000000,2026-04-13
Kaká Mendes,Port FC,Thailand,Sayap Kiri,0,"Rp3,48Mlyr.",3480000000,2026-04-13
Natthakit Phosri,Port FC,Thailand,Sayap Kiri,38,"Rp869,08Jt.",869080000,2026-04-13
Lucas Tocantins,Port FC,Thailand,Sayap Kanan,27,"Rp3,04Mlyr.",3040000000,2026-04-13
Teerasak Poeiphimai,Port FC,Thailand,Depan-Tengah,0,"Rp7,82Mlyr.",7820000000,2026-04-13
Brayan Perea,Port FC,Thailand,Depan-Tengah,18,"Rp6,08Mlyr.",6080000000,2026-04-13
Leo Kalil,Port FC,Thailand,Depan-Tengah,0,"Rp2,17Mlyr.",2170000000,2026-04-13
Chirawat Wangthaphan,Uthai Thani FC,Thailand,Kiper,26,"Rp2,17Mlyr.",2170000000,2026-04-13
Boonyakait Wongsajaem,Uthai Thani FC,Thailand,Kiper,18,"Rp1,74Mlyr.",1740000000,2026-04-13
Worawut Sukhuna,Uthai Thani FC,Thailand,Kiper,24,"Rp1,30Mlyr.",1300000000,2026-04-13
Thanakorn Waiyawut,Uthai Thani FC,Thailand,Kiper,0,"Rp434,54Jt.",434540000,2026-04-13
Martin Angha,Uthai Thani FC,Thailand,Bek-Tengah,0,"Rp6,08Mlyr.",6080000000,2026-04-13
Marcelo Djaló,Uthai Thani FC,Thailand,Bek-Tengah,0,"Rp4,35Mlyr.",4350000000,2026-04-13
Soe Moe Kyaw,Uthai Thani FC,Thailand,Bek-Tengah,0,"Rp1,74Mlyr.",1740000000,2026-04-13
Wattana Playnum,Uthai Thani FC,Thailand,Bek-Tengah,19,"Rp1,30Mlyr.",1300000000,2026-04-13
Thitathorn Auksornsri,Uthai Thani FC,Thailand,Bek-Kiri,0,"Rp3,48Mlyr.",3480000000,2026-04-13
Thanison Paibulkijcharoen,Uthai Thani FC,Thailand,Bek-Kiri,0,"Rp2,61Mlyr.",2610000000,2026-04-13
James Beresford,Uthai Thani FC,Thailand,Bek-Kanan,27,"Rp4,35Mlyr.",4350000000,2026-04-13
Jakkit Wachpirom,Uthai Thani FC,Thailand,Bek-Kanan,17,"Rp1,30Mlyr.",1300000000,2026-04-13
Possawee Muanmart,Uthai Thani FC,Thailand,Bek-Kanan,0,-,0,2026-04-13
Christian Gomis,Uthai Thani FC,Thailand,Gel. Bertahan,0,"Rp6,95Mlyr.",6950000000,2026-04-13
William Weidersjö,Uthai Thani FC,Thailand,Gel. Bertahan,0,"Rp5,21Mlyr.",5210000000,2026-04-13
Atikhun Meethoum,Uthai Thani FC,Thailand,Gel. Bertahan,0,"Rp1,74Mlyr.",1740000000,2026-04-13
Harhys Stewart,Uthai Thani FC,Thailand,Gel. Tengah,30,"Rp5,21Mlyr.",5210000000,2026-04-13
Airfan Doloh,Uthai Thani FC,Thailand,Gel. Tengah,0,"Rp3,48Mlyr.",3480000000,2026-04-13
Sirimongkol Rattanapoom,Uthai Thani FC,Thailand,Gel. Tengah,21,"Rp1,30Mlyr.",1300000000,2026-04-13
Narakorn Noomchansakool,Uthai Thani FC,Thailand,Gel. Tengah,23,"Rp869,08Jt.",869080000,2026-04-13
Kristoffer Ryberg,Uthai Thani FC,Thailand,Gel. Tengah,0,"Rp434,54Jt.",434540000,2026-04-13
Ben Davis,Uthai Thani FC,Thailand,Gel. Serang,0,"Rp6,08Mlyr.",6080000000,2026-04-13
Pavarit Boonmalert,Uthai Thani FC,Thailand,Gel. Serang,0,"Rp434,54Jt.",434540000,2026-04-13
Sumanya Purisay,Uthai Thani FC,Thailand,Gel. Serang,0,-,0,2026-04-13
Leandro Ribeiro,Uthai Thani FC,Thailand,Sayap Kiri,0,"Rp6,08Mlyr.",6080000000,2026-04-13
Kelvin Oliveira,Uthai Thani FC,Thailand,Sayap Kanan,22,"Rp1,74Mlyr.",1740000000,2026-04-13
Amornthep Maundee,Uthai Thani FC,Thailand,Sayap Kanan,0,"Rp1,30Mlyr.",1300000000,2026-04-13
Nontapat Naksawat,Uthai Thani FC,Thailand,Sayap Kanan,20,"Rp1,30Mlyr.",1300000000,2026-04-13
Bruno Baio,Uthai Thani FC,Thailand,Depan-Tengah,0,"Rp6,95Mlyr.",6950000000,2026-04-13
Mo Eisa,Uthai Thani FC,Thailand,Depan-Tengah,0,"Rp5,21Mlyr.",5210000000,2026-04-13
Danai Smart,Uthai Thani FC,Thailand,Depan-Tengah,0,"Rp434,54Jt.",434540000,2026-04-13
Patiwat Khammai,True Bangkok United,Thailand,Kiper,0,"Rp6,95Mlyr.",6950000000,2026-04-13
Phuwadol Pholsongkram,True Bangkok United,Thailand,Kiper,29,"Rp2,61Mlyr.",2610000000,2026-04-13
Chinnapong Raksri,True Bangkok United,Thailand,Kiper,38,"Rp869,08Jt.",869080000,2026-04-13
Supanut Sudathip,True Bangkok United,Thailand,Kiper,0,-,0,2026-04-13
Philipe Maia,True Bangkok United,Thailand,Bek-Tengah,0,"Rp6,08Mlyr.",6080000000,2026-04-13
Suphan Thongsong,True Bangkok United,Thailand,Bek-Tengah,26,"Rp5,21Mlyr.",5210000000,2026-04-13
Jakkaphan Praisuwan,True Bangkok United,Thailand,Bek-Tengah,36,"Rp3,48Mlyr.",3480000000,2026-04-13
Everton,True Bangkok United,Thailand,Bek-Tengah,0,"Rp3,04Mlyr.",3040000000,2026-04-13
Manuel Bihr,True Bangkok United,Thailand,Bek-Tengah,0,"Rp2,17Mlyr.",2170000000,2026-04-13
Wichan Inaram,True Bangkok United,Thailand,Bek-Tengah,0,"Rp434,54Jt.",434540000,2026-04-13
Pratama Arhan,True Bangkok United,Thailand,Bek-Kiri,21,"Rp3,48Mlyr.",3480000000,2026-04-13
Wanchai Jarunongkran,True Bangkok United,Thailand,Bek-Kiri,24,"Rp3,48Mlyr.",3480000000,2026-04-13
Surachai Booncharee,True Bangkok United,Thailand,Bek-Kiri,43,-,0,2026-04-13
Nitipong Selanon,True Bangkok United,Thailand,Bek-Kanan,0,"Rp3,48Mlyr.",3480000000,2026-04-13
Boontawee Thepwong,True Bangkok United,Thailand,Bek-Kanan,0,"Rp1,74Mlyr.",1740000000,2026-04-13
Nontapat Ploymee,True Bangkok United,Thailand,Bek-Kanan,0,-,0,2026-04-13
Weerathep Pomphun,True Bangkok United,Thailand,Gel. Bertahan,27,"Rp6,08Mlyr.",6080000000,2026-04-13
Wisarut Imura,True Bangkok United,Thailand,Gel. Bertahan,0,"Rp2,17Mlyr.",2170000000,2026-04-13
Pichaya Kongsri,True Bangkok United,Thailand,Gel. Bertahan,0,-,0,2026-04-13
Nebojsa Kosovic,True Bangkok United,Thailand,Gel. Tengah,33,"Rp8,69Mlyr.",8690000000,2026-04-13
Thitiphan Puangchan,True Bangkok United,Thailand,Gel. Tengah,18,"Rp5,21Mlyr.",5210000000,2026-04-13
Picha Autra,True Bangkok United,Thailand,Gel. Tengah,37,"Rp4,35Mlyr.",4350000000,2026-04-13
Pokklaw Anan,True Bangkok United,Thailand,Gel. Tengah,39,"Rp2,61Mlyr.",2610000000,2026-04-13
Aekkarat Sansuwan,True Bangkok United,Thailand,Gel. Tengah,0,-,0,2026-04-13
Pachara Wangsawat,True Bangkok United,Thailand,Gel. Tengah,0,-,0,2026-04-13
Arthur,True Bangkok United,Thailand,Sayap Kiri,0,"Rp3,91Mlyr.",3910000000,2026-04-13
Chayawat Srinawong,True Bangkok United,Thailand,Sayap Kiri,19,"Rp1,74Mlyr.",1740000000,2026-04-13
Achita Nawathit,True Bangkok United,Thailand,Sayap Kiri,0,-,0,2026-04-13
Ilias Alhaft,True Bangkok United,Thailand,Sayap Kanan,0,"Rp6,08Mlyr.",6080000000,2026-04-13
Rungrath Poomchantuek,True Bangkok United,Thailand,Sayap Kanan,0,"Rp3,04Mlyr.",3040000000,2026-04-13
Narakorn Kangkratok,True Bangkok United,Thailand,Sayap Kanan,32,"Rp1,74Mlyr.",1740000000,2026-04-13
Krit Klangpan,True Bangkok United,Thailand,Sayap Kanan,0,-,0,2026-04-13
Seia Kunori,True Bangkok United,Thailand,Depan-Kedua,17,"Rp7,82Mlyr.",7820000000,2026-04-13
Muhsen Al-Ghassani,True Bangkok United,Thailand,Depan-Tengah,16,"Rp15,64Mlyr.",15640000000,2026-04-13
Richairo Zivkovic,True Bangkok United,Thailand,Depan-Tengah,30,"Rp13,91Mlyr.",13910000000,2026-04-13
Rivaldinho,True Bangkok United,Thailand,Depan-Tengah,0,"Rp6,95Mlyr.",6950000000,2026-04-13
Guntapon Keereeleang,True Bangkok United,Thailand,Depan-Tengah,20,"Rp2,61Mlyr.",2610000000,2026-04-13
Teerasil Dangda,True Bangkok United,Thailand,Depan-Tengah,0,"Rp1,74Mlyr.",1740000000,2026-04-13
Thanawat Deelert,True Bangkok United,Thailand,Depan-Tengah,0,-,0,2026-04-13
Rattanai Songsangchan,PT Prachuap FC,Thailand,Kiper,0,"Rp1,74Mlyr.",1740000000,2026-04-13
Wattanachai Srathongjan,PT Prachuap FC,Thailand,Kiper,39,"Rp1,74Mlyr.",1740000000,2026-04-13
Soponwit Rakyart,PT Prachuap FC,Thailand,Kiper,18,"Rp1,30Mlyr.",1300000000,2026-04-13
Bernardo Vilar,PT Prachuap FC,Thailand,Bek-Tengah,0,"Rp6,08Mlyr.",6080000000,2026-04-13
Jesper Nyholm,PT Prachuap FC,Thailand,Bek-Tengah,0,"Rp2,61Mlyr.",2610000000,2026-04-13
Adrian Ugelvik,PT Prachuap FC,Thailand,Bek-Tengah,0,"Rp2,17Mlyr.",2170000000,2026-04-13
Airton Tirabassi,PT Prachuap FC,Thailand,Bek-Tengah,0,"Rp2,17Mlyr.",2170000000,2026-04-13
Wanchat Choosong,PT Prachuap FC,Thailand,Bek-Tengah,0,"Rp1,30Mlyr.",1300000000,2026-04-13
Apisit Sorada,PT Prachuap FC,Thailand,Bek-Kiri,21,"Rp3,48Mlyr.",3480000000,2026-04-13
Nick Taylor,PT Prachuap FC,Thailand,Bek-Kiri,0,"Rp2,61Mlyr.",2610000000,2026-04-13
Phon-Ek Maneekorn,PT Prachuap FC,Thailand,Bek-Kiri,0,"Rp2,17Mlyr.",2170000000,2026-04-13
Oussama Thiangkham,PT Prachuap FC,Thailand,Bek-Kiri,0,"Rp434,54Jt.",434540000,2026-04-13
Jirapan Phasukihan,PT Prachuap FC,Thailand,Bek-Kanan,0,"Rp2,61Mlyr.",2610000000,2026-04-13
Kannarin Thawornsak,PT Prachuap FC,Thailand,Gel. Bertahan,23,"Rp3,48Mlyr.",3480000000,2026-04-13
Wuttikai Sritong,PT Prachuap FC,Thailand,Gelandang,44,-,0,2026-04-13
Koki Tsukagawa,PT Prachuap FC,Thailand,Gel. Tengah,0,"Rp3,48Mlyr.",3480000000,2026-04-13
Chaowat Veerachart,PT Prachuap FC,Thailand,Gel. Tengah,40,"Rp3,48Mlyr.",3480000000,2026-04-13
Prasid Jantum,PT Prachuap FC,Thailand,Gel. Tengah,0,"Rp1,74Mlyr.",1740000000,2026-04-13
Jittiphat Wasungnoen,PT Prachuap FC,Thailand,Gel. Tengah,30,"Rp1,30Mlyr.",1300000000,2026-04-13
Saharat Kanyaroj,PT Prachuap FC,Thailand,Gel. Serang,0,"Rp2,17Mlyr.",2170000000,2026-04-13
Tauã,PT Prachuap FC,Thailand,Sayap Kiri,0,"Rp5,21Mlyr.",5210000000,2026-04-13
Iklas Sanron,PT Prachuap FC,Thailand,Sayap Kiri,0,"Rp2,61Mlyr.",2610000000,2026-04-13
Chitsanuphong Phimpsang,PT Prachuap FC,Thailand,Sayap Kiri,0,"Rp2,17Mlyr.",2170000000,2026-04-13
Phanthamit Praphanth,PT Prachuap FC,Thailand,Sayap Kanan,41,"Rp2,61Mlyr.",2610000000,2026-04-13
Michel,PT Prachuap FC,Thailand,Depan-Tengah,20,"Rp5,21Mlyr.",5210000000,2026-04-13
Edgar Méndez,PT Prachuap FC,Thailand,Depan-Tengah,17,"Rp4,35Mlyr.",4350000000,2026-04-13
Jeong-hyeop Lee,PT Prachuap FC,Thailand,Depan-Tengah,0,"Rp2,17Mlyr.",2170000000,2026-04-13
Jehhanafee Mamah,PT Prachuap FC,Thailand,Depan-Tengah,0,"Rp869,08Jt.",869080000,2026-04-13
Soffan Sanron,PT Prachuap FC,Thailand,Penyerang,28,-,0,2026-04-13
Quincy Kammeraad,Kuala Lumpur City FC,Malaysia,Kiper,0,"Rp3,48Mlyr.",3480000000,2026-04-13
Hafizul Hakim,Kuala Lumpur City FC,Malaysia,Kiper,22,"Rp1,30Mlyr.",1300000000,2026-04-13
Asyraaf Omar,Kuala Lumpur City FC,Malaysia,Kiper,30,-,0,2026-04-13
Giancarlo Gallifuoco,Kuala Lumpur City FC,Malaysia,Bek-Tengah,0,"Rp5,21Mlyr.",5210000000,2026-04-13
Dmytro Lytvyn,Kuala Lumpur City FC,Malaysia,Bek-Tengah,0,"Rp4,78Mlyr.",4780000000,2026-04-13
Adam Nor Azlin,Kuala Lumpur City FC,Malaysia,Bek-Tengah,0,"Rp3,04Mlyr.",3040000000,2026-04-13
Declan Lambert,Kuala Lumpur City FC,Malaysia,Bek-Kiri,0,"Rp4,78Mlyr.",4780000000,2026-04-13
Syazwan Andik,Kuala Lumpur City FC,Malaysia,Bek-Kiri,23,"Rp2,17Mlyr.",2170000000,2026-04-13
Kamal Azizi,Kuala Lumpur City FC,Malaysia,Bek-Kanan,0,"Rp3,04Mlyr.",3040000000,2026-04-13
Azrif Nasrulhaq,Kuala Lumpur City FC,Malaysia,Bek-Kanan,20,"Rp1,30Mlyr.",1300000000,2026-04-13
Kenny Pallraj,Kuala Lumpur City FC,Malaysia,Gel. Bertahan,21,"Rp2,61Mlyr.",2610000000,2026-04-13
Ryan Lambert,Kuala Lumpur City FC,Malaysia,Gel. Tengah,0,"Rp4,78Mlyr.",4780000000,2026-04-13
Zhafri Yahya,Kuala Lumpur City FC,Malaysia,Gel. Tengah,0,"Rp4,35Mlyr.",4350000000,2026-04-13
Gorka Larrucea,Kuala Lumpur City FC,Malaysia,Gel. Tengah,24,"Rp3,48Mlyr.",3480000000,2026-04-13
Amirul Aiman,Kuala Lumpur City FC,Malaysia,Gel. Tengah,34,"Rp434,54Jt.",434540000,2026-04-13
Madger Gomes,Kuala Lumpur City FC,Malaysia,Gel. Tengah,0,-,0,2026-04-13
Víctor Ruiz,Kuala Lumpur City FC,Malaysia,Gel. Serang,0,"Rp3,04Mlyr.",3040000000,2026-04-13
Fazrul Amir,Kuala Lumpur City FC,Malaysia,Sayap Kiri,17,"Rp2,17Mlyr.",2170000000,2026-04-13
Nicolao Cardoso,Kuala Lumpur City FC,Malaysia,Sayap Kiri,0,"Rp2,17Mlyr.",2170000000,2026-04-13
Enzo Cora,Kuala Lumpur City FC,Malaysia,Sayap Kiri,0,"Rp434,54Jt.",434540000,2026-04-13
Safawi Rasid,Kuala Lumpur City FC,Malaysia,Sayap Kanan,0,"Rp5,21Mlyr.",5210000000,2026-04-13
S. Sharvin,Kuala Lumpur City FC,Malaysia,Sayap Kanan,0,"Rp869,08Jt.",869080000,2026-04-13
Kpah Sherman,Kuala Lumpur City FC,Malaysia,Depan-Tengah,0,"Rp3,91Mlyr.",3910000000,2026-04-13
Paulo Josué,Kuala Lumpur City FC,Malaysia,Depan-Tengah,28,"Rp3,48Mlyr.",3480000000,2026-04-13
Ramadhan Hamid,Penang FC,Malaysia,Kiper,22,"Rp1,74Mlyr.",1740000000,2026-04-13
Khairulazhan Khalid,Penang FC,Malaysia,Kiper,0,"Rp1,30Mlyr.",1300000000,2026-04-13
Khatul Anuar,Penang FC,Malaysia,Kiper,0,"Rp434,54Jt.",434540000,2026-04-13
Ashriq Izzat,Penang FC,Malaysia,Kiper,36,-,0,2026-04-13
Stefano Brundo,Penang FC,Malaysia,Bek-Tengah,0,"Rp4,35Mlyr.",4350000000,2026-04-13
Akmal Zahir,Penang FC,Malaysia,Bek-Tengah,0,"Rp2,61Mlyr.",2610000000,2026-04-13
Khairul Akmal Rokisham,Penang FC,Malaysia,Bek-Tengah,0,"Rp2,17Mlyr.",2170000000,2026-04-13
Faith Obilor,Penang FC,Malaysia,Bek-Tengah,0,"Rp1,74Mlyr.",1740000000,2026-04-13
Aidil Wafiy,Penang FC,Malaysia,Bek-Tengah,0,-,0,2026-04-13
Adib Ra'op,Penang FC,Malaysia,Bek-Kiri,0,"Rp4,35Mlyr.",4350000000,2026-04-13
Kamil Amirul,Penang FC,Malaysia,Bek-Kanan,0,"Rp1,74Mlyr.",1740000000,2026-04-13
Ahmad Irfan,Penang FC,Malaysia,Bek-Kanan,16,"Rp1,30Mlyr.",1300000000,2026-04-13
Hasbullah Abu Bakar,Penang FC,Malaysia,Gel. Bertahan,35,"Rp3,04Mlyr.",3040000000,2026-04-13
Haziq Kutty,Penang FC,Malaysia,Gel. Bertahan,0,"Rp1,74Mlyr.",1740000000,2026-04-13
Erick Brendon,Penang FC,Malaysia,Gel. Tengah,0,"Rp4,78Mlyr.",4780000000,2026-04-13
Amirul Hisyam,Penang FC,Malaysia,Gel. Tengah,0,"Rp3,04Mlyr.",3040000000,2026-04-13
Izzat Zikri Iziruddin,Penang FC,Malaysia,Gel. Tengah,0,"Rp2,61Mlyr.",2610000000,2026-04-13
Firdaus Saiyadi,Penang FC,Malaysia,Gel. Tengah,0,"Rp2,17Mlyr.",2170000000,2026-04-13
Ruo Han,Penang FC,Malaysia,Gel. Serang,19,"Rp434,54Jt.",434540000,2026-04-13
Alif Ikmalrizal,Penang FC,Malaysia,Sayap Kiri,0,"Rp1,74Mlyr.",1740000000,2026-04-13
OJ Porteria,Penang FC,Malaysia,Sayap Kiri,0,"Rp1,30Mlyr.",1300000000,2026-04-13
Akid Zamri,Penang FC,Malaysia,Sayap Kiri,28,"Rp1,30Mlyr.",1300000000,2026-04-13
Omid Musawi,Penang FC,Malaysia,Sayap Kiri,17,"Rp434,54Jt.",434540000,2026-04-13
Syakirin Fadzli,Penang FC,Malaysia,Sayap Kiri,0,-,0,2026-04-13
Dylan Wenzel-Halls,Penang FC,Malaysia,Sayap Kanan,0,"Rp4,78Mlyr.",4780000000,2026-04-13
Shamie Iszuan,Penang FC,Malaysia,Sayap Kanan,0,"Rp2,61Mlyr.",2610000000,2026-04-13
Arif Shaqirin,Penang FC,Malaysia,Sayap Kanan,29,"Rp1,30Mlyr.",1300000000,2026-04-13
Douglas Coutinho,Penang FC,Malaysia,Depan-Tengah,32,"Rp3,48Mlyr.",3480000000,2026-04-13
Kipré Tchetche,Penang FC,Malaysia,Depan-Tengah,23,"Rp1,74Mlyr.",1740000000,2026-04-13
Bruno Suzuki,Penang FC,Malaysia,Depan-Tengah,0,"Rp1,30Mlyr.",1300000000,2026-04-13
Ifwat Akmal,PDRM FC,Malaysia,Kiper,30,"Rp1,74Mlyr.",1740000000,2026-04-13
Nor Hakeem Hamidun,PDRM FC,Malaysia,Kiper,0,"Rp1,74Mlyr.",1740000000,2026-04-13
Fahmi Ikhwan,PDRM FC,Malaysia,Kiper,28,"Rp173,82Jt.",173820000,2026-04-13
Asri Muhamad,PDRM FC,Malaysia,Kiper,20,-,0,2026-04-13
Tae-su Park,PDRM FC,Malaysia,Bek-Tengah,0,"Rp2,17Mlyr.",2170000000,2026-04-13
Badrul Affendy,PDRM FC,Malaysia,Bek-Tengah,0,"Rp1,74Mlyr.",1740000000,2026-04-13
Amir Saiful,PDRM FC,Malaysia,Bek-Kiri,19,"Rp3,04Mlyr.",3040000000,2026-04-13
Alif Naquiddin,PDRM FC,Malaysia,Bek-Kiri,26,"Rp2,61Mlyr.",2610000000,2026-04-13
Safiee Ahmad,PDRM FC,Malaysia,Bek-Kanan,32,"Rp3,04Mlyr.",3040000000,2026-04-13
Zazrir Naim,PDRM FC,Malaysia,Bek-Kanan,21,"Rp434,54Jt.",434540000,2026-04-13
Fakhrullah Yusoff,PDRM FC,Malaysia,Bek-Kanan,0,"Rp434,54Jt.",434540000,2026-04-13
Fadi Awad,PDRM FC,Malaysia,Gel. Bertahan,0,"Rp3,48Mlyr.",3480000000,2026-04-13
Eizrul Ashraf,PDRM FC,Malaysia,Gel. Tengah,34,"Rp2,17Mlyr.",2170000000,2026-04-13
Irfan Fazail,PDRM FC,Malaysia,Gel. Tengah,0,"Rp869,08Jt.",869080000,2026-04-13
Syafiq Azmi,PDRM FC,Malaysia,Gel. Tengah,16,"Rp434,54Jt.",434540000,2026-04-13
Adam Farhan Mustaffa,PDRM FC,Malaysia,Gel. Tengah,18,-,0,2026-04-13
Fakhrul Azim,PDRM FC,Malaysia,Sayap Kiri,0,"Rp2,61Mlyr.",2610000000,2026-04-13
Amirul Waie Yaacob,PDRM FC,Malaysia,Sayap Kiri,17,"Rp1,30Mlyr.",1300000000,2026-04-13
Hafiz A. Aziz,PDRM FC,Malaysia,Sayap Kiri,24,-,0,2026-04-13
Imran Samso,PDRM FC,Malaysia,Sayap Kanan,27,"Rp1,30Mlyr.",1300000000,2026-04-13
Afiq Saluddin,PDRM FC,Malaysia,Sayap Kanan,22,"Rp434,54Jt.",434540000,2026-04-13
Aiman Sufi Radzai,PDRM FC,Malaysia,Sayap Kanan,29,"Rp434,54Jt.",434540000,2026-04-13
Dick Cheny Waili,PDRM FC,Malaysia,Sayap Kanan,0,-,0,2026-04-13
Hadi Fayyadh,PDRM FC,Malaysia,Depan-Tengah,0,"Rp1,74Mlyr.",1740000000,2026-04-13
Elisha Kashim,PDRM FC,Malaysia,Depan-Tengah,0,"Rp434,54Jt.",434540000,2026-04-13
Azri Ghani,Negeri Sembilan FC,Malaysia,Kiper,30,"Rp3,91Mlyr.",3910000000,2026-04-13
Aqil Razak,Negeri Sembilan FC,Malaysia,Kiper,22,"Rp1,74Mlyr.",1740000000,2026-04-13
Syahmi Adib,Negeri Sembilan FC,Malaysia,Kiper,0,"Rp434,54Jt.",434540000,2026-04-13
Fareez Safwan,Negeri Sembilan FC,Malaysia,Kiper,31,-,0,2026-04-13
Luis Enrique Nsue,Negeri Sembilan FC,Malaysia,Bek-Tengah,0,"Rp3,48Mlyr.",3480000000,2026-04-13
Zainal Abidin Jamil,Negeri Sembilan FC,Malaysia,Bek-Tengah,0,"Rp2,61Mlyr.",2610000000,2026-04-13
Khuzaimi Piee,Negeri Sembilan FC,Malaysia,Bek-Tengah,18,"Rp1,74Mlyr.",1740000000,2026-04-13
Filip Andersen,Negeri Sembilan FC,Malaysia,Bek-Tengah,23,"Rp1,74Mlyr.",1740000000,2026-04-13
Kei Oshiro,Negeri Sembilan FC,Malaysia,Bek-Tengah,0,-,0,2026-04-13
Harith Samsuri,Negeri Sembilan FC,Malaysia,Bek-Kiri,0,"Rp2,17Mlyr.",2170000000,2026-04-13
Azrin Afiq,Negeri Sembilan FC,Malaysia,Bek-Kiri,0,"Rp1,30Mlyr.",1300000000,2026-04-13
Ariff Ar-Rasyid,Negeri Sembilan FC,Malaysia,Bek-Kanan,28,"Rp2,61Mlyr.",2610000000,2026-04-13
Amirul Adli Azmi,Negeri Sembilan FC,Malaysia,Bek-Kanan,0,"Rp2,17Mlyr.",2170000000,2026-04-13
Anwar Ibrahim,Negeri Sembilan FC,Malaysia,Bek-Kanan,25,"Rp1,30Mlyr.",1300000000,2026-04-13
Syed Zaris Irfan,Negeri Sembilan FC,Malaysia,Bek-Kanan,0,-,0,2026-04-13
Oday Kharoub,Negeri Sembilan FC,Malaysia,Gel. Bertahan,21,"Rp3,48Mlyr.",3480000000,2026-04-13
Wai Lin Aung,Negeri Sembilan FC,Malaysia,Gel. Bertahan,0,"Rp2,61Mlyr.",2610000000,2026-04-13
Zahril Azri,Negeri Sembilan FC,Malaysia,Gel. Bertahan,0,"Rp869,08Jt.",869080000,2026-04-13
Haiqal Danish,Negeri Sembilan FC,Malaysia,Gel. Bertahan,35,"Rp434,54Jt.",434540000,2026-04-13
Yuichi Hirano,Negeri Sembilan FC,Malaysia,Gel. Tengah,24,"Rp1,74Mlyr.",1740000000,2026-04-13
Sang-su An,Negeri Sembilan FC,Malaysia,Gel. Tengah,0,"Rp1,30Mlyr.",1300000000,2026-04-13
Haiqal Haqeemi,Negeri Sembilan FC,Malaysia,Gel. Tengah,0,-,0,2026-04-13
Afiq Fitri,Negeri Sembilan FC,Malaysia,Gel. Tengah,0,-,0,2026-04-13
Takumi Sasaki,Negeri Sembilan FC,Malaysia,Gel. Serang,0,"Rp3,91Mlyr.",3910000000,2026-04-13
Jovan Motika,Negeri Sembilan FC,Malaysia,Sayap Kiri,0,"Rp3,91Mlyr.",3910000000,2026-04-13
Hakimi Abdullah,Negeri Sembilan FC,Malaysia,Sayap Kiri,17,"Rp2,17Mlyr.",2170000000,2026-04-13
Hadin Azman,Negeri Sembilan FC,Malaysia,Sayap Kiri,27,"Rp1,30Mlyr.",1300000000,2026-04-13
Anuar Ceesay,Negeri Sembilan FC,Malaysia,Sayap Kiri,29,-,0,2026-04-13
A. Selvan,Negeri Sembilan FC,Malaysia,Sayap Kanan,16,"Rp2,17Mlyr.",2170000000,2026-04-13
Mio Tsuneyasu,Negeri Sembilan FC,Malaysia,Sayap Kanan,20,"Rp1,30Mlyr.",1300000000,2026-04-13
Joseph Esso,Negeri Sembilan FC,Malaysia,Depan-Tengah,0,"Rp2,61Mlyr.",2610000000,2026-04-13
Luqman Hakim,Negeri Sembilan FC,Malaysia,Depan-Tengah,0,"Rp2,17Mlyr.",2170000000,2026-04-13
N. Javabilaarivin,Negeri Sembilan FC,Malaysia,Depan-Tengah,19,"Rp434,54Jt.",434540000,2026-04-13
Haziq Nadzli,Kuching City,Malaysia,Kiper,20,"Rp4,78Mlyr.",4780000000,2026-04-13
Wan Azraie,Kuching City,Malaysia,Kiper,39,"Rp434,54Jt.",434540000,2026-04-13
Shahril Sa'ari,Kuching City,Malaysia,Kiper,0,"Rp434,54Jt.",434540000,2026-04-13
Syafie Mursalim,Kuching City,Malaysia,Kiper,0,-,0,2026-04-13
Yuki Tanigawa,Kuching City,Malaysia,Bek-Tengah,0,"Rp5,21Mlyr.",5210000000,2026-04-13
Rodney Celvin,Kuching City,Malaysia,Bek-Tengah,0,"Rp3,48Mlyr.",3480000000,2026-04-13
James Okwuosa,Kuching City,Malaysia,Bek-Tengah,35,"Rp1,30Mlyr.",1300000000,2026-04-13
Yohanis Daniel,Kuching City,Malaysia,Bek-Tengah,0,-,0,2026-04-13
Scott Woods,Kuching City,Malaysia,Bek-Kiri,0,"Rp3,04Mlyr.",3040000000,2026-04-13
Arif Fadzilah,Kuching City,Malaysia,Bek-Kiri,0,"Rp3,04Mlyr.",3040000000,2026-04-13
Filemon Anyie,Kuching City,Malaysia,Bek-Kiri,27,"Rp1,74Mlyr.",1740000000,2026-04-13
Jimmy Raymond,Kuching City,Malaysia,Bek-Kanan,0,"Rp3,91Mlyr.",3910000000,2026-04-13
Ariff Farhan,Kuching City,Malaysia,Bek-Kanan,23,"Rp3,48Mlyr.",3480000000,2026-04-13
Moses Atede,Kuching City,Malaysia,Gel. Bertahan,25,"Rp6,08Mlyr.",6080000000,2026-04-13
Danial Amier,Kuching City,Malaysia,Gel. Tengah,21,"Rp3,04Mlyr.",3040000000,2026-04-13
Petrus Shitembi,Kuching City,Malaysia,Gel. Tengah,0,"Rp2,17Mlyr.",2170000000,2026-04-13
Alif Hassan,Kuching City,Malaysia,Gel. Tengah,44,"Rp2,17Mlyr.",2170000000,2026-04-13
Diego Baggio,Kuching City,Malaysia,Gel. Tengah,0,"Rp1,74Mlyr.",1740000000,2026-04-13
Ahmed Israiwah,Kuching City,Malaysia,Gel. Serang,0,"Rp3,91Mlyr.",3910000000,2026-04-13
Wesley Azcang Milkias,Kuching City,Malaysia,Gel. Serang,0,-,0,2026-04-13
Ramadhan Saifullah,Kuching City,Malaysia,Sayap Kiri,0,"Rp3,91Mlyr.",3910000000,2026-04-13
Zharmien Ashraf,Kuching City,Malaysia,Sayap Kiri,29,-,0,2026-04-13
Danial Asri,Kuching City,Malaysia,Sayap Kanan,17,"Rp2,61Mlyr.",2610000000,2026-04-13
João Pedro,Kuching City,Malaysia,Sayap Kanan,22,"Rp2,61Mlyr.",2610000000,2026-04-13
Zahrul Zulkeflee,Kuching City,Malaysia,Sayap Kanan,0,"Rp1,74Mlyr.",1740000000,2026-04-13
Amir Amri Salleh,Kuching City,Malaysia,Sayap Kanan,0,"Rp869,08Jt.",869080000,2026-04-13
Jordan Mintah,Kuching City,Malaysia,Depan-Tengah,28,"Rp4,78Mlyr.",4780000000,2026-04-13
Jerome Mpacko Etame,Kuching City,Malaysia,Depan-Tengah,0,"Rp2,61Mlyr.",2610000000,2026-04-13
Ronald Ngah,Kuching City,Malaysia,Depan-Tengah,18,"Rp2,61Mlyr.",2610000000,2026-04-13
Gabriel Nistelrooy,Kuching City,Malaysia,Depan-Tengah,19,"Rp869,08Jt.",869080000,2026-04-13
Hazwan Bakri,Kuching City,Malaysia,Depan-Tengah,0,"Rp434,54Jt.",434540000,2026-04-13
Damyan Damyanov,Kelantan The Real Warriors,Malaysia,Kiper,0,"Rp2,61Mlyr.",2610000000,2026-04-13
Azfar Arif,Kelantan The Real Warriors,Malaysia,Kiper,18,"Rp1,74Mlyr.",1740000000,2026-04-13
Fikri Che Soh,Kelantan The Real Warriors,Malaysia,Kiper,33,"Rp869,08Jt.",869080000,2026-04-13
Alexandre Yeoulé,Kelantan The Real Warriors,Malaysia,Bek-Tengah,0,"Rp4,35Mlyr.",4350000000,2026-04-13
Yohanes Kandaimu,Kelantan The Real Warriors,Malaysia,Bek-Tengah,0,"Rp1,30Mlyr.",1300000000,2026-04-13
Rakesh Munusamy,Kelantan The Real Warriors,Malaysia,Bek-Tengah,0,"Rp434,54Jt.",434540000,2026-04-13
Nik Umar Nik Aziz,Kelantan The Real Warriors,Malaysia,Bek-Tengah,0,-,0,2026-04-13
Yusuf Sesay,Kelantan The Real Warriors,Malaysia,Bek-Tengah,0,-,0,2026-04-13
Azwan Aripin,Kelantan The Real Warriors,Malaysia,Bek-Kiri,23,"Rp3,04Mlyr.",3040000000,2026-04-13
Wan Amirul Afiq,Kelantan The Real Warriors,Malaysia,Bek-Kanan,0,"Rp1,74Mlyr.",1740000000,2026-04-13
Faris Shah Rosli,Kelantan The Real Warriors,Malaysia,Bek-Kanan,0,"Rp1,30Mlyr.",1300000000,2026-04-13
Sebastian Avanzini,Kelantan The Real Warriors,Malaysia,Gel. Bertahan,0,"Rp3,04Mlyr.",3040000000,2026-04-13
Azam Azih,Kelantan The Real Warriors,Malaysia,Gel. Tengah,0,"Rp4,35Mlyr.",4350000000,2026-04-13
Habib Haroon,Kelantan The Real Warriors,Malaysia,Gel. Tengah,0,"Rp3,91Mlyr.",3910000000,2026-04-13
Albert Kang,Kelantan The Real Warriors,Malaysia,Gel. Tengah,0,"Rp3,04Mlyr.",3040000000,2026-04-13
Danial Haqim Deraman,Kelantan The Real Warriors,Malaysia,Gel. Tengah,20,"Rp869,08Jt.",869080000,2026-04-13
Asraff Aliffuddin Yasin,Kelantan The Real Warriors,Malaysia,Gel. Tengah,0,"Rp869,08Jt.",869080000,2026-04-13
Kosuke Yoshida,Kelantan The Real Warriors,Malaysia,Gel. Tengah,0,-,0,2026-04-13
Syahir Abdul Rashid,Kelantan The Real Warriors,Malaysia,Gel. Serang,25,"Rp1,30Mlyr.",1300000000,2026-04-13
T. Saravanan,Kelantan The Real Warriors,Malaysia,Sayap Kiri,26,"Rp2,61Mlyr.",2610000000,2026-04-13
Farris Izdiham,Kelantan The Real Warriors,Malaysia,Sayap Kiri,29,"Rp2,17Mlyr.",2170000000,2026-04-13
Syafik Ismail,Kelantan The Real Warriors,Malaysia,Sayap Kiri,17,"Rp1,30Mlyr.",1300000000,2026-04-13
Hein Htet Aung,Kelantan The Real Warriors,Malaysia,Sayap Kanan,30,"Rp3,91Mlyr.",3910000000,2026-04-13
Sean Selvaraj,Kelantan The Real Warriors,Malaysia,Sayap Kanan,0,"Rp1,30Mlyr.",1300000000,2026-04-13
Saifu Izamander,Kelantan The Real Warriors,Malaysia,Sayap Kanan,27,-,0,2026-04-13
Khairul Izuan Rosli,Kelantan The Real Warriors,Malaysia,Depan-Kedua,21,-,0,2026-04-13
Enzo Célestine,Kelantan The Real Warriors,Malaysia,Depan-Tengah,0,"Rp2,61Mlyr.",2610000000,2026-04-13
Ifedayo Olusegun,Kelantan The Real Warriors,Malaysia,Depan-Tengah,0,"Rp2,17Mlyr.",2170000000,2026-04-13
Abdul Sesay,Kelantan The Real Warriors,Malaysia,Depan-Tengah,24,"Rp869,08Jt.",869080000,2026-04-13
Syaahir Saiful Nizam,Kelantan The Real Warriors,Malaysia,Depan-Tengah,19,"Rp434,54Jt.",434540000,2026-04-13
Suhaimi Husin,Terengganu FC,Malaysia,Kiper,38,"Rp2,61Mlyr.",2610000000,2026-04-13
Rahadiazli Rahalim,Terengganu FC,Malaysia,Kiper,0,"Rp1,74Mlyr.",1740000000,2026-04-13
Syed Nasrulhaq,Terengganu FC,Malaysia,Kiper,29,"Rp1,30Mlyr.",1300000000,2026-04-13
Nazul Izamil,Terengganu FC,Malaysia,Kiper,28,-,0,2026-04-13
Shahrul Nizam Ros Hasni,Terengganu FC,Malaysia,Bek-Tengah,0,"Rp4,78Mlyr.",4780000000,2026-04-13
Kyaw Min Oo,Terengganu FC,Malaysia,Bek-Tengah,23,"Rp4,78Mlyr.",4780000000,2026-04-13
Diego Landis,Terengganu FC,Malaysia,Bek-Tengah,0,"Rp4,35Mlyr.",4350000000,2026-04-13
Safwan Mazlan,Terengganu FC,Malaysia,Bek-Tengah,24,"Rp4,35Mlyr.",4350000000,2026-04-13
Ubaidullah Shamsul,Terengganu FC,Malaysia,Bek-Tengah,0,"Rp3,91Mlyr.",3910000000,2026-04-13
Alif Zakaria,Terengganu FC,Malaysia,Bek-Kiri,25,"Rp3,48Mlyr.",3480000000,2026-04-13
Faris Rifqi,Terengganu FC,Malaysia,Bek-Kiri,0,"Rp869,08Jt.",869080000,2026-04-13
Hairiey Hakim Mamat,Terengganu FC,Malaysia,Bek-Kiri,22,"Rp434,54Jt.",434540000,2026-04-13
Azam Azmi,Terengganu FC,Malaysia,Bek-Kanan,0,"Rp5,21Mlyr.",5210000000,2026-04-13
Saiful Jamaluddin,Terengganu FC,Malaysia,Gel. Bertahan,33,"Rp2,17Mlyr.",2170000000,2026-04-13
Syafiq Danial Romzi,Terengganu FC,Malaysia,Gel. Bertahan,21,-,0,2026-04-13
Danial Mohd Nor,Terengganu FC,Malaysia,Gel. Bertahan,0,-,0,2026-04-13
Ekhson Pandzhshanbe,Terengganu FC,Malaysia,Gel. Tengah,0,"Rp10,43Mlyr.",10430000000,2026-04-13
Akram Mahinan,Terengganu FC,Malaysia,Gel. Tengah,0,"Rp2,17Mlyr.",2170000000,2026-04-13
Careca,Terengganu FC,Malaysia,Gel. Serang,26,"Rp3,48Mlyr.",3480000000,2026-04-13
Engku Shakir,Terengganu FC,Malaysia,Gel. Serang,17,"Rp2,17Mlyr.",2170000000,2026-04-13
Shervoni Mabatshoev,Terengganu FC,Malaysia,Sayap Kiri,0,"Rp6,08Mlyr.",6080000000,2026-04-13
Akhyar Rashid,Terengganu FC,Malaysia,Sayap Kiri,0,"Rp4,78Mlyr.",4780000000,2026-04-13
Baqiuddin Shamsudin,Terengganu FC,Malaysia,Sayap Kanan,0,"Rp3,04Mlyr.",3040000000,2026-04-13
Khala'if Naskam,Terengganu FC,Malaysia,Sayap Kanan,0,"Rp869,08Jt.",869080000,2026-04-13
Azziq Zahazani,Terengganu FC,Malaysia,Sayap Kanan,0,-,0,2026-04-13
Yann Mabella,Terengganu FC,Malaysia,Depan-Tengah,0,"Rp5,21Mlyr.",5210000000,2026-04-13
Haqimi Azim,Terengganu FC,Malaysia,Depan-Tengah,37,"Rp3,91Mlyr.",3910000000,2026-04-13
Gervane Kastaneer,Terengganu FC,Malaysia,Depan-Tengah,0,"Rp3,04Mlyr.",3040000000,2026-04-13
Junior Ngong Sam,Terengganu FC,Malaysia,Depan-Tengah,19,"Rp1,74Mlyr.",1740000000,2026-04-13
Syahmi Zamri,Terengganu FC,Malaysia,Depan-Tengah,0,"Rp1,74Mlyr.",1740000000,2026-04-13
Zarif Irfan,Immigration FC,Malaysia,Kiper,0,"Rp2,61Mlyr.",2610000000,2026-04-13
Shaiful Wazizi,Immigration FC,Malaysia,Kiper,35,"Rp434,54Jt.",434540000,2026-04-13
Farhan Abdul Majid,Immigration FC,Malaysia,Kiper,43,"Rp173,82Jt.",173820000,2026-04-13
Amirali Chegini,Immigration FC,Malaysia,Bek-Tengah,0,"Rp4,35Mlyr.",4350000000,2026-04-13
Milani,Immigration FC,Malaysia,Bek-Tengah,0,"Rp1,30Mlyr.",1300000000,2026-04-13
Loqman Hakim,Immigration FC,Malaysia,Bek-Tengah,0,"Rp1,30Mlyr.",1300000000,2026-04-13
Nicholas Swirad,Immigration FC,Malaysia,Bek-Tengah,16,"Rp1,30Mlyr.",1300000000,2026-04-13
Farid Nezal,Immigration FC,Malaysia,Bek-Tengah,0,"Rp1,30Mlyr.",1300000000,2026-04-13
Hanafie Tokyo,Immigration FC,Malaysia,Bek-Tengah,22,"Rp434,54Jt.",434540000,2026-04-13
Keron Ornchaiyaphum,Immigration FC,Malaysia,Bek-Kiri,0,"Rp2,17Mlyr.",2170000000,2026-04-13
Azmeer Aris,Immigration FC,Malaysia,Bek-Kiri,37,"Rp434,54Jt.",434540000,2026-04-13
Aiman Yusni,Immigration FC,Malaysia,Bek-Kanan,0,"Rp2,17Mlyr.",2170000000,2026-04-13
Rizal Ghazali,Immigration FC,Malaysia,Bek-Kanan,0,"Rp2,17Mlyr.",2170000000,2026-04-13
Heshamudin Ahmad,Immigration FC,Malaysia,Bek-Kanan,30,"Rp173,82Jt.",173820000,2026-04-13
Pedro Santos,Immigration FC,Malaysia,Gel. Bertahan,0,"Rp1,30Mlyr.",1300000000,2026-04-13
Zulfahmi Arifin,Immigration FC,Malaysia,Gel. Bertahan,23,"Rp869,08Jt.",869080000,2026-04-13
Fadzrul Danel,Immigration FC,Malaysia,Gel. Tengah,20,"Rp2,61Mlyr.",2610000000,2026-04-13
Halim Saari,Immigration FC,Malaysia,Gel. Tengah,18,"Rp1,74Mlyr.",1740000000,2026-04-13
Mior Dani,Immigration FC,Malaysia,Gel. Tengah,19,"Rp1,30Mlyr.",1300000000,2026-04-13
Eduardo Sosa,Immigration FC,Malaysia,Gel. Serang,0,"Rp4,78Mlyr.",4780000000,2026-04-13
Nik Akif,Immigration FC,Malaysia,Gel. Serang,33,"Rp3,04Mlyr.",3040000000,2026-04-13
Rafael Holstein,Immigration FC,Malaysia,Gel. Serang,25,"Rp1,30Mlyr.",1300000000,2026-04-13
Fayadh Zulkifi,Immigration FC,Malaysia,Sayap Kiri,21,"Rp2,61Mlyr.",2610000000,2026-04-13
Syahmi Shamsudin,Immigration FC,Malaysia,Sayap Kiri,27,"Rp434,54Jt.",434540000,2026-04-13
Elvis Kamsoba,Immigration FC,Malaysia,Sayap Kanan,0,"Rp3,48Mlyr.",3480000000,2026-04-13
Nur Azfar Fikri,Immigration FC,Malaysia,Sayap Kanan,0,"Rp3,04Mlyr.",3040000000,2026-04-13
Nik Sharif Haseefy,Immigration FC,Malaysia,Sayap Kanan,0,"Rp1,30Mlyr.",1300000000,2026-04-13
Al-Hafiz Harun,Immigration FC,Malaysia,Sayap Kanan,0,"Rp1,30Mlyr.",1300000000,2026-04-13
João Pedro,Immigration FC,Malaysia,Depan-Tengah,0,"Rp3,91Mlyr.",3910000000,2026-04-13
Wilmar Jordán Gil,Immigration FC,Malaysia,Depan-Tengah,0,"Rp3,04Mlyr.",3040000000,2026-04-13
Babacar Gueye,Immigration FC,Malaysia,Depan-Tengah,24,-,0,2026-04-13
Damien Lim,Sabah FC,Malaysia,Kiper,31,"Rp3,04Mlyr.",3040000000,2026-04-13
Khairul Fahmi,Sabah FC,Malaysia,Kiper,19,"Rp1,30Mlyr.",1300000000,2026-04-13
Ramzi Mustakim,Sabah FC,Malaysia,Kiper,0,"Rp434,54Jt.",434540000,2026-04-13
Azlizan Azlan,Sabah FC,Malaysia,Kiper,25,-,0,2026-04-13
Amir Jef,Sabah FC,Malaysia,Kiper,36,-,0,2026-04-13
Dominic Tan,Sabah FC,Malaysia,Bek-Tengah,33,"Rp5,65Mlyr.",5650000000,2026-04-13
Gabriel Peres,Sabah FC,Malaysia,Bek-Tengah,0,"Rp4,35Mlyr.",4350000000,2026-04-13
Rawilson Batuil,Sabah FC,Malaysia,Bek-Tengah,0,"Rp3,04Mlyr.",3040000000,2026-04-13
José Ángel,Sabah FC,Malaysia,Bek-Tengah,0,-,0,2026-04-13
Ritchie Svenson,Sabah FC,Malaysia,Bek-Tengah,34,-,0,2026-04-13
R. Dinesh,Sabah FC,Malaysia,Bek-Kiri,0,"Rp1,30Mlyr.",1300000000,2026-04-13
Ernesto Phumipha,Sabah FC,Malaysia,Bek-Kiri,0,"Rp1,30Mlyr.",1300000000,2026-04-13
Rozacklye Yanam,Sabah FC,Malaysia,Bek-Kiri,0,-,0,2026-04-13
Dane Ingham,Sabah FC,Malaysia,Bek-Kanan,23,"Rp6,52Mlyr.",6520000000,2026-04-13
Harith Naem Jaineh,Sabah FC,Malaysia,Bek-Kanan,0,"Rp869,08Jt.",869080000,2026-04-13
Gary Steven,Sabah FC,Malaysia,Gel. Bertahan,20,"Rp1,30Mlyr.",1300000000,2026-04-13
Miguel Cifuentes,Sabah FC,Malaysia,Gel. Tengah,0,"Rp3,04Mlyr.",3040000000,2026-04-13
Dean Pelekanos,Sabah FC,Malaysia,Gel. Tengah,0,"Rp3,04Mlyr.",3040000000,2026-04-13
Fakrul Iman,Sabah FC,Malaysia,Gel. Tengah,0,"Rp434,54Jt.",434540000,2026-04-13
Rusdi Roslan,Sabah FC,Malaysia,Gel. Tengah,0,-,0,2026-04-13
Duje Ljubic,Sabah FC,Malaysia,Gel. Serang,22,"Rp2,17Mlyr.",2170000000,2026-04-13
Farhan Roslan,Sabah FC,Malaysia,Sayap Kiri,0,"Rp2,17Mlyr.",2170000000,2026-04-13
Shahrol Nizam,Sabah FC,Malaysia,Sayap Kiri,30,-,0,2026-04-13
S. Kumaahran,Sabah FC,Malaysia,Sayap Kanan,0,"Rp2,61Mlyr.",2610000000,2026-04-13
Maxsius Musa,Sabah FC,Malaysia,Sayap Kanan,27,-,0,2026-04-13
Faheed Naqqeu,Sabah FC,Malaysia,Sayap Kanan,35,-,0,2026-04-13
Chris Marlon Ondong Mba,Sabah FC,Malaysia,Depan-Tengah,0,"Rp3,48Mlyr.",3480000000,2026-04-13
Fergus Tierney,Sabah FC,Malaysia,Depan-Tengah,0,"Rp3,48Mlyr.",3480000000,2026-04-13
Jafri Firdaus Chew,Sabah FC,Malaysia,Depan-Tengah,0,"Rp3,04Mlyr.",3040000000,2026-04-13
Darren Lok,Sabah FC,Malaysia,Depan-Tengah,28,"Rp2,17Mlyr.",2170000000,2026-04-13
Azhad Harraz,Sabah FC,Malaysia,Depan-Tengah,0,"Rp1,30Mlyr.",1300000000,2026-04-13
Kervens Belfort,Sabah FC,Malaysia,Depan-Tengah,0,-,0,2026-04-13
Haimie Nyaring,Brunei DPMM FC,Malaysia,Kiper,0,"Rp1,30Mlyr.",1300000000,2026-04-13
Ishyra Asmin,Brunei DPMM FC,Malaysia,Kiper,25,"Rp434,54Jt.",434540000,2026-04-13
Michel,Brunei DPMM FC,Malaysia,Kiper,24,"Rp173,82Jt.",173820000,2026-04-13
Amani Aguinaldo,Brunei DPMM FC,Malaysia,Bek-Tengah,0,"Rp3,04Mlyr.",3040000000,2026-04-13
Yura Indera Putera,Brunei DPMM FC,Malaysia,Bek-Tengah,23,"Rp1,74Mlyr.",1740000000,2026-04-13
Nur Ikhwan Othman,Brunei DPMM FC,Malaysia,Bek-Tengah,19,"Rp1,30Mlyr.",1300000000,2026-04-13
Jordan,Brunei DPMM FC,Malaysia,Bek-Tengah,0,"Rp869,08Jt.",869080000,2026-04-13
Hanif Hamir,Brunei DPMM FC,Malaysia,Bek-Tengah,0,"Rp434,54Jt.",434540000,2026-04-13
Tommy Mawat,Brunei DPMM FC,Malaysia,Bek-Kiri,0,"Rp3,04Mlyr.",3040000000,2026-04-13
Najib Tarif,Brunei DPMM FC,Malaysia,Bek-Kiri,0,"Rp434,54Jt.",434540000,2026-04-13
Fairuz Zakaria,Brunei DPMM FC,Malaysia,Bek-Kanan,18,"Rp3,04Mlyr.",3040000000,2026-04-13
Nazry Aiman,Brunei DPMM FC,Malaysia,Bek-Kanan,21,"Rp1,30Mlyr.",1300000000,2026-04-13
Syafiq Safiuddin Shariff,Brunei DPMM FC,Malaysia,Bek-Kanan,0,"Rp869,08Jt.",869080000,2026-04-13
Martin Haddy,Brunei DPMM FC,Malaysia,Bek-Kanan,0,-,0,2026-04-13
Prosper Boakye Owusu,Brunei DPMM FC,Malaysia,Gel. Bertahan,20,"Rp2,61Mlyr.",2610000000,2026-04-13
Azwan Ali Rahman,Brunei DPMM FC,Malaysia,Gel. Tengah,0,"Rp869,08Jt.",869080000,2026-04-13
Abdul Hariz,Brunei DPMM FC,Malaysia,Gel. Tengah,16,"Rp869,08Jt.",869080000,2026-04-13
Hanif Farhan Azman,Brunei DPMM FC,Malaysia,Gel. Tengah,0,"Rp434,54Jt.",434540000,2026-04-13
Ibrahim Sulley,Brunei DPMM FC,Malaysia,Gel. Serang,26,-,0,2026-04-13
Hakeme Yazid Said,Brunei DPMM FC,Malaysia,Sayap Kiri,17,"Rp2,17Mlyr.",2170000000,2026-04-13
Nazirrudin Ismail,Brunei DPMM FC,Malaysia,Sayap Kiri,22,"Rp869,08Jt.",869080000,2026-04-13
Miguel Oliveira,Brunei DPMM FC,Malaysia,Sayap Kanan,0,"Rp3,48Mlyr.",3480000000,2026-04-13
Faturrahman Embran,Brunei DPMM FC,Malaysia,Sayap Kanan,0,"Rp434,54Jt.",434540000,2026-04-13
Jordan Murray,Brunei DPMM FC,Malaysia,Depan-Tengah,27,"Rp5,65Mlyr.",5650000000,2026-04-13
Ramadhan Sananta,Brunei DPMM FC,Malaysia,Depan-Tengah,0,"Rp4,78Mlyr.",4780000000,2026-04-13
Syafiq Ahmad,Brunei DPMM FC,Malaysia,Depan-Tengah,28,"Rp2,61Mlyr.",2610000000,2026-04-13
Christian Irobiso,Brunei DPMM FC,Malaysia,Depan-Tengah,30,"Rp2,61Mlyr.",2610000000,2026-04-13
Hariz Danial,Brunei DPMM FC,Malaysia,Depan-Tengah,0,"Rp434,54Jt.",434540000,2026-04-13
Syihan Hazmi,Johor Darul Ta'zim,Malaysia,Kiper,16,"Rp6,52Mlyr.",6520000000,2026-04-13
Andoni Zubiaurre,Johor Darul Ta'zim,Malaysia,Kiper,0,"Rp4,78Mlyr.",4780000000,2026-04-13
Christian Abad,Johor Darul Ta'zim,Malaysia,Kiper,0,"Rp434,54Jt.",434540000,2026-04-13
Antonio Glauder,Johor Darul Ta'zim,Malaysia,Bek-Tengah,0,"Rp11,30Mlyr.",11300000000,2026-04-13
Jun-heong Park,Johor Darul Ta'zim,Malaysia,Bek-Tengah,0,"Rp4,78Mlyr.",4780000000,2026-04-13
Shahrul Saad,Johor Darul Ta'zim,Malaysia,Bek-Tengah,0,"Rp3,48Mlyr.",3480000000,2026-04-13
Feroz Baharudin,Johor Darul Ta'zim,Malaysia,Bek-Tengah,0,"Rp3,48Mlyr.",3480000000,2026-04-13
Eddy Israfilov,Johor Darul Ta'zim,Malaysia,Bek-Tengah,23,"Rp3,48Mlyr.",3480000000,2026-04-13
Shane Lowry,Johor Darul Ta'zim,Malaysia,Bek-Tengah,0,"Rp1,74Mlyr.",1740000000,2026-04-13
Jon Irazábal,Johor Darul Ta'zim,Malaysia,Bek-Tengah,17,-,0,2026-04-13
Miquel Cuesta,Johor Darul Ta'zim,Malaysia,Bek-Tengah,44,-,0,2026-04-13
Jonathan Silva,Johor Darul Ta'zim,Malaysia,Bek-Kiri,33,"Rp9,56Mlyr.",9560000000,2026-04-13
La'Vere Corbin-Ong,Johor Darul Ta'zim,Malaysia,Bek-Kiri,22,"Rp2,61Mlyr.",2610000000,2026-04-13
Matthew Davies,Johor Darul Ta'zim,Malaysia,Bek-Kanan,0,"Rp7,82Mlyr.",7820000000,2026-04-13
Raúl Parra,Johor Darul Ta'zim,Malaysia,Bek-Kanan,36,"Rp3,48Mlyr.",3480000000,2026-04-13
Syahmi Safari,Johor Darul Ta'zim,Malaysia,Bek-Kanan,0,"Rp1,30Mlyr.",1300000000,2026-04-13
Nené,Johor Darul Ta'zim,Malaysia,Gel. Bertahan,18,"Rp17,38Mlyr.",17380000000,2026-04-13
Syamer Kutty,Johor Darul Ta'zim,Malaysia,Gel. Bertahan,41,"Rp3,48Mlyr.",3480000000,2026-04-13
Hong Wan,Johor Darul Ta'zim,Malaysia,Gel. Bertahan,0,"Rp3,04Mlyr.",3040000000,2026-04-13
Ibrahim Manusi,Johor Darul Ta'zim,Malaysia,Gel. Bertahan,27,"Rp1,74Mlyr.",1740000000,2026-04-13
Nacho Méndez,Johor Darul Ta'zim,Malaysia,Gel. Tengah,28,"Rp22,60Mlyr.",22600000000,2026-04-13
Stuart Wilkin,Johor Darul Ta'zim,Malaysia,Gel. Tengah,0,"Rp6,08Mlyr.",6080000000,2026-04-13
Afiq Fazail,Johor Darul Ta'zim,Malaysia,Gel. Tengah,0,"Rp5,21Mlyr.",5210000000,2026-04-13
Nazmi Faiz,Johor Darul Ta'zim,Malaysia,Gel. Tengah,21,"Rp3,04Mlyr.",3040000000,2026-04-13
Natxo Insa,Johor Darul Ta'zim,Malaysia,Gel. Tengah,30,"Rp869,08Jt.",869080000,2026-04-13
Hector Hevel,Johor Darul Ta'zim,Malaysia,Gel. Tengah,0,-,0,2026-04-13
Óscar Arribas,Johor Darul Ta'zim,Malaysia,Sayap Kiri,24,"Rp8,69Mlyr.",8690000000,2026-04-13
Teto Martín,Johor Darul Ta'zim,Malaysia,Sayap Kiri,20,"Rp7,82Mlyr.",7820000000,2026-04-13
Yago César,Johor Darul Ta'zim,Malaysia,Sayap Kiri,0,"Rp5,21Mlyr.",5210000000,2026-04-13
Enzo Lombardo,Johor Darul Ta'zim,Malaysia,Sayap Kiri,0,"Rp4,78Mlyr.",4780000000,2026-04-13
Ager Aketxe,Johor Darul Ta'zim,Malaysia,Sayap Kanan,0,"Rp13,04Mlyr.",13040000000,2026-04-13
Marcos Guilherme,Johor Darul Ta'zim,Malaysia,Sayap Kanan,0,"Rp13,04Mlyr.",13040000000,2026-04-13
Arif Aiman,Johor Darul Ta'zim,Malaysia,Sayap Kanan,42,"Rp12,17Mlyr.",12170000000,2026-04-13
Samu Castillejo,Johor Darul Ta'zim,Malaysia,Sayap Kanan,0,"Rp6,52Mlyr.",6520000000,2026-04-13
Manuel Hidalgo,Johor Darul Ta'zim,Malaysia,Sayap Kanan,0,"Rp5,65Mlyr.",5650000000,2026-04-13
Heberty,Johor Darul Ta'zim,Malaysia,Depan-Kedua,37,"Rp3,91Mlyr.",3910000000,2026-04-13
Jairo,Johor Darul Ta'zim,Malaysia,Depan-Tengah,0,"Rp13,91Mlyr.",13910000000,2026-04-13
Ajdin Mujagic,Johor Darul Ta'zim,Malaysia,Depan-Tengah,29,"Rp6,95Mlyr.",6950000000,2026-04-13
Bérgson,Johor Darul Ta'zim,Malaysia,Depan-Tengah,0,"Rp6,08Mlyr.",6080000000,2026-04-13
Romel Morales,Johor Darul Ta'zim,Malaysia,Depan-Tengah,19,"Rp5,65Mlyr.",5650000000,2026-04-13
João Figueiredo,Johor Darul Ta'zim,Malaysia,Depan-Tengah,25,-,0,2026-04-13
Celso Bermejo,Johor Darul Ta'zim,Malaysia,Depan-Tengah,0,-,0,2026-04-13
Samuel Somerville,Melaka FC,Malaysia,Kiper,0,"Rp1,74Mlyr.",1740000000,2026-04-13
Haziq Aiman,Melaka FC,Malaysia,Kiper,23,"Rp1,30Mlyr.",1300000000,2026-04-13
Firdaus Irman,Melaka FC,Malaysia,Kiper,31,"Rp434,54Jt.",434540000,2026-04-13
Noel Agbre,Melaka FC,Malaysia,Bek-Tengah,33,"Rp3,91Mlyr.",3910000000,2026-04-13
Irfan Zakaria,Melaka FC,Malaysia,Bek-Tengah,17,"Rp3,04Mlyr.",3040000000,2026-04-13
Dae-yeob Gu,Melaka FC,Malaysia,Bek-Tengah,37,"Rp1,30Mlyr.",1300000000,2026-04-13
Zulkhairi Zulkeply,Melaka FC,Malaysia,Bek-Tengah,42,"Rp434,54Jt.",434540000,2026-04-13
Argzim Redzovic,Melaka FC,Malaysia,Bek-Tengah,24,-,0,2026-04-13
V. Ruventhiran,Melaka FC,Malaysia,Bek-Kiri,0,"Rp1,30Mlyr.",1300000000,2026-04-13
G. Durrkeswaran,Melaka FC,Malaysia,Bek-Kiri,19,"Rp869,08Jt.",869080000,2026-04-13
Khairul Anwar,Melaka FC,Malaysia,Bek-Kiri,25,"Rp869,08Jt.",869080000,2026-04-13
Firdaus Ya'akub,Melaka FC,Malaysia,Bek-Kiri,43,-,0,2026-04-13
Simen Lyngbø,Melaka FC,Malaysia,Bek-Kanan,0,"Rp3,04Mlyr.",3040000000,2026-04-13
Kwang-il Park,Melaka FC,Malaysia,Bek-Kanan,0,"Rp2,17Mlyr.",2170000000,2026-04-13
Che Rashid Che Halim,Melaka FC,Malaysia,Bek-Kanan,0,"Rp1,74Mlyr.",1740000000,2026-04-13
Aroon Kumar,Melaka FC,Malaysia,Bek-Kanan,18,"Rp1,30Mlyr.",1300000000,2026-04-13
Muhamad Hafiz Johar,Melaka FC,Malaysia,Bek-Kanan,27,"Rp434,54Jt.",434540000,2026-04-13
Michael Ozor,Melaka FC,Malaysia,Gel. Bertahan,16,"Rp1,30Mlyr.",1300000000,2026-04-13
Dino Kalesic,Melaka FC,Malaysia,Gel. Tengah,20,"Rp2,17Mlyr.",2170000000,2026-04-13
Nasir Basharudin,Melaka FC,Malaysia,Gel. Tengah,0,"Rp869,08Jt.",869080000,2026-04-13
Faiz Mazlan,Melaka FC,Malaysia,Gel. Tengah,0,"Rp434,54Jt.",434540000,2026-04-13
Nizarruddin Jazi,Melaka FC,Malaysia,Gel. Tengah,0,"Rp434,54Jt.",434540000,2026-04-13
Fahmi Faizal,Melaka FC,Malaysia,Gel. Tengah,28,-,0,2026-04-13
Aiman Danish,Melaka FC,Malaysia,Sayap Kiri,0,"Rp434,54Jt.",434540000,2026-04-13
Umar Hakeem,Melaka FC,Malaysia,Sayap Kiri,26,"Rp434,54Jt.",434540000,2026-04-13
Dong-hyeon Do,Melaka FC,Malaysia,Sayap Kanan,0,"Rp1,74Mlyr.",1740000000,2026-04-13
Mahali Jasuli,Melaka FC,Malaysia,Depan-Kedua,0,-,0,2026-04-13
Shahrel Fikri,Melaka FC,Malaysia,Depan-Tengah,0,"Rp2,17Mlyr.",2170000000,2026-04-13
Azim Rahim,Melaka FC,Malaysia,Depan-Tengah,0,"Rp1,30Mlyr.",1300000000,2026-04-13
Bernard Arthur,Melaka FC,Malaysia,Depan-Tengah,0,"Rp869,08Jt.",869080000,2026-04-13
Ahmed Shamsaldin,Melaka FC,Malaysia,Depan-Tengah,0,"Rp869,08Jt.",869080000,2026-04-13
Kalamullah Al-Hafiz,Selangor FC,Malaysia,Kiper,33,"Rp4,78Mlyr.",4780000000,2026-04-13
Sikh Izhan Nazrel,Selangor FC,Malaysia,Kiper,31,"Rp3,48Mlyr.",3480000000,2026-04-13
Azim Al-Amin,Selangor FC,Malaysia,Kiper,20,"Rp1,74Mlyr.",1740000000,2026-04-13
Mamadou Diarra,Selangor FC,Malaysia,Bek-Tengah,0,"Rp10,43Mlyr.",10430000000,2026-04-13
Harith Haiqal,Selangor FC,Malaysia,Bek-Tengah,0,"Rp4,78Mlyr.",4780000000,2026-04-13
Richmond Tetteh Ankrah,Selangor FC,Malaysia,Bek-Tengah,0,"Rp4,35Mlyr.",4350000000,2026-04-13
Mohammad Abualnadi,Selangor FC,Malaysia,Bek-Tengah,0,"Rp3,91Mlyr.",3910000000,2026-04-13
Sharul Nazeem,Selangor FC,Malaysia,Bek-Tengah,44,"Rp3,91Mlyr.",3910000000,2026-04-13
Safuwan Baharudin,Selangor FC,Malaysia,Bek-Tengah,21,"Rp2,17Mlyr.",2170000000,2026-04-13
Moses Raj,Selangor FC,Malaysia,Bek-Tengah,22,-,0,2026-04-13
Fazly Mazlan,Selangor FC,Malaysia,Bek-Kiri,0,"Rp2,17Mlyr.",2170000000,2026-04-13
Quentin Cheng,Selangor FC,Malaysia,Bek-Kanan,0,"Rp5,65Mlyr.",5650000000,2026-04-13
Zikri Khalili,Selangor FC,Malaysia,Bek-Kanan,0,"Rp3,04Mlyr.",3040000000,2026-04-13
Raimi Shamsul,Selangor FC,Malaysia,Bek-Kanan,32,-,0,2026-04-13
Mahamé Siby,Selangor FC,Malaysia,Gel. Bertahan,0,"Rp4,78Mlyr.",4780000000,2026-04-13
Muhammad Abu Khalil,Selangor FC,Malaysia,Gel. Bertahan,28,"Rp1,30Mlyr.",1300000000,2026-04-13
Noor Al-Rawabdeh,Selangor FC,Malaysia,Gel. Tengah,0,"Rp7,82Mlyr.",7820000000,2026-04-13
Nooa Laine,Selangor FC,Malaysia,Gel. Tengah,0,"Rp6,08Mlyr.",6080000000,2026-04-13
Mukhairi Ajmal,Selangor FC,Malaysia,Gel. Tengah,0,"Rp3,04Mlyr.",3040000000,2026-04-13
Alex Agyarkwa,Selangor FC,Malaysia,Gel. Tengah,24,"Rp3,04Mlyr.",3040000000,2026-04-13
Aliff Haiqal,Selangor FC,Malaysia,Gel. Tengah,0,"Rp3,04Mlyr.",3040000000,2026-04-13
Syahir Bashah,Selangor FC,Malaysia,Gel. Tengah,43,"Rp2,17Mlyr.",2170000000,2026-04-13
Seung-min Jeon,Selangor FC,Malaysia,Gel. Tengah,19,"Rp1,74Mlyr.",1740000000,2026-04-13
Danish Iskandar,Selangor FC,Malaysia,Gel. Tengah,39,-,0,2026-04-13
Hugo Boumous,Selangor FC,Malaysia,Gel. Serang,0,"Rp12,17Mlyr.",12170000000,2026-04-13
Aliff Izwan,Selangor FC,Malaysia,Gel. Serang,0,"Rp2,61Mlyr.",2610000000,2026-04-13
Faisal Halim,Selangor FC,Malaysia,Sayap Kiri,0,"Rp6,08Mlyr.",6080000000,2026-04-13
Ji-ho Kim,Selangor FC,Malaysia,Sayap Kiri,17,"Rp1,30Mlyr.",1300000000,2026-04-13
Alvin Fortes,Selangor FC,Malaysia,Sayap Kanan,0,"Rp6,95Mlyr.",6950000000,2026-04-13
Vitor Pernambuco,Selangor FC,Malaysia,Sayap Kanan,0,"Rp1,74Mlyr.",1740000000,2026-04-13
Harry Danish,Selangor FC,Malaysia,Sayap Kanan,42,"Rp869,08Jt.",869080000,2026-04-13
Chrigor Moraes,Selangor FC,Malaysia,Depan-Tengah,0,"Rp13,91Mlyr.",13910000000,2026-04-13
Van Lam Dang,Ninh Binh FC,Vietnam,Kiper,0,"Rp3,48Mlyr.",3480000000,2026-04-13
The Tai Quang,Ninh Binh FC,Vietnam,Kiper,25,"Rp434,54Jt.",434540000,2026-04-13
Minh Duc Nguyen,Ninh Binh FC,Vietnam,Kiper,0,-,0,2026-04-13
Patrick Marcelino,Ninh Binh FC,Vietnam,Bek-Tengah,0,"Rp3,91Mlyr.",3910000000,2026-04-13
Ngoc Bao Le,Ninh Binh FC,Vietnam,Bek-Tengah,17,"Rp2,17Mlyr.",2170000000,2026-04-13
Janclesio,Ninh Binh FC,Vietnam,Bek-Tengah,0,"Rp1,74Mlyr.",1740000000,2026-04-13
Hai Duc Le,Ninh Binh FC,Vietnam,Bek-Tengah,26,"Rp869,08Jt.",869080000,2026-04-13
Thanh Thinh Do,Ninh Binh FC,Vietnam,Bek-Kiri,0,"Rp3,04Mlyr.",3040000000,2026-04-13
Thai Binh Hoang,Ninh Binh FC,Vietnam,Bek-Kiri,0,"Rp2,61Mlyr.",2610000000,2026-04-13
Quang Nho Dung,Ninh Binh FC,Vietnam,Bek-Kanan,0,"Rp3,91Mlyr.",3910000000,2026-04-13
Duc Chien Nguyen,Ninh Binh FC,Vietnam,Gel. Bertahan,0,"Rp4,78Mlyr.",4780000000,2026-04-13
Thai Son Nguyen,Ninh Binh FC,Vietnam,Gel. Bertahan,21,"Rp4,35Mlyr.",4350000000,2026-04-13
Quang Vinh Tran,Ninh Binh FC,Vietnam,Gelandang,0,-,0,2026-04-13
Chung Nguyen Do,Ninh Binh FC,Vietnam,Gel. Tengah,0,"Rp6,08Mlyr.",6080000000,2026-04-13
Hoang Duc Nguyen,Ninh Binh FC,Vietnam,Gel. Tengah,28,"Rp5,65Mlyr.",5650000000,2026-04-13
Trong Long Nguyen,Ninh Binh FC,Vietnam,Gel. Tengah,29,"Rp1,30Mlyr.",1300000000,2026-04-13
Tien Anh Truong,Ninh Binh FC,Vietnam,Gelandang Kanan,0,"Rp4,35Mlyr.",4350000000,2026-04-13
Ngoc Quang Chau,Ninh Binh FC,Vietnam,Gelandang Kanan,0,"Rp3,91Mlyr.",3910000000,2026-04-13
Bao Trung La Nguyen,Ninh Binh FC,Vietnam,Gelandang Kanan,27,"Rp434,54Jt.",434540000,2026-04-13
Bao Toan Tran,Ninh Binh FC,Vietnam,Gelandang Kiri,0,"Rp3,48Mlyr.",3480000000,2026-04-13
Geovane Magno,Ninh Binh FC,Vietnam,Gel. Serang,0,"Rp5,21Mlyr.",5210000000,2026-04-13
Van Thuan Le,Ninh Binh FC,Vietnam,Sayap Kanan,0,"Rp2,61Mlyr.",2610000000,2026-04-13
Gustavo Henrique,Ninh Binh FC,Vietnam,Depan-Tengah,0,"Rp6,95Mlyr.",6950000000,2026-04-13
Daniel dos Anjos,Ninh Binh FC,Vietnam,Depan-Tengah,0,"Rp6,08Mlyr.",6080000000,2026-04-13
Fred Friday,Ninh Binh FC,Vietnam,Depan-Tengah,0,"Rp3,91Mlyr.",3910000000,2026-04-13
Gia Hung Pham,Ninh Binh FC,Vietnam,Depan-Tengah,18,"Rp1,30Mlyr.",1300000000,2026-04-13
Quoc Viet Nguyen,Ninh Binh FC,Vietnam,Depan-Tengah,0,"Rp1,30Mlyr.",1300000000,2026-04-13
Le Phat Nguyen,Ninh Binh FC,Vietnam,Depan-Tengah,16,"Rp869,08Jt.",869080000,2026-04-13
Filip Nguyen,Cong An Ha Noi FC,Vietnam,Kiper,0,"Rp6,95Mlyr.",6950000000,2026-04-13
Tuyen Quang Vu,Cong An Ha Noi FC,Vietnam,Kiper,32,"Rp869,08Jt.",869080000,2026-04-13
Thanh Vinh Vu,Cong An Ha Noi FC,Vietnam,Kiper,23,"Rp434,54Jt.",434540000,2026-04-13
Dinh Minh Hoang Tran,Cong An Ha Noi FC,Vietnam,Kiper,25,"Rp434,54Jt.",434540000,2026-04-13
Manh Truong Ha,Cong An Ha Noi FC,Vietnam,Kiper,0,-,0,2026-04-13
Hugo Gomes,Cong An Ha Noi FC,Vietnam,Bek-Tengah,0,"Rp6,95Mlyr.",6950000000,2026-04-13
Hoang Viet Anh Bui,Cong An Ha Noi FC,Vietnam,Bek-Tengah,0,"Rp5,21Mlyr.",5210000000,2026-04-13
Dinh Trong Tran,Cong An Ha Noi FC,Vietnam,Bek-Tengah,21,"Rp3,48Mlyr.",3480000000,2026-04-13
Leygley Adou,Cong An Ha Noi FC,Vietnam,Bek-Tengah,38,"Rp3,48Mlyr.",3480000000,2026-04-13
Jason Pendant,Cong An Ha Noi FC,Vietnam,Bek-Kiri,0,"Rp8,69Mlyr.",8690000000,2026-04-13
Van Hau Doan,Cong An Ha Noi FC,Vietnam,Bek-Kiri,0,"Rp2,61Mlyr.",2610000000,2026-04-13
Van Phuong Ha,Cong An Ha Noi FC,Vietnam,Bek-Kiri,26,"Rp869,08Jt.",869080000,2026-04-13
Van Thanh Vu,Cong An Ha Noi FC,Vietnam,Bek-Kanan,17,"Rp4,35Mlyr.",4350000000,2026-04-13
Van Duc Nguyen,Cong An Ha Noi FC,Vietnam,Bek-Kanan,28,"Rp2,61Mlyr.",2610000000,2026-04-13
Minh Phuc Pham,Cong An Ha Noi FC,Vietnam,Bek-Kanan,22,"Rp1,74Mlyr.",1740000000,2026-04-13
Pham Thanh Long Le,Cong An Ha Noi FC,Vietnam,Gel. Bertahan,0,"Rp4,35Mlyr.",4350000000,2026-04-13
Brandon Ly,Cong An Ha Noi FC,Vietnam,Gel. Bertahan,27,-,0,2026-04-13
Vítor Rosa Nascimento,Cong An Ha Noi FC,Vietnam,Gel. Tengah,0,"Rp2,61Mlyr.",2610000000,2026-04-13
Van Toan Hoang,Cong An Ha Noi FC,Vietnam,Gel. Tengah,0,"Rp2,61Mlyr.",2610000000,2026-04-13
Xuan Thinh Bui,Cong An Ha Noi FC,Vietnam,Gel. Tengah,0,"Rp869,08Jt.",869080000,2026-04-13
Van Do Le,Cong An Ha Noi FC,Vietnam,Gelandang Kanan,0,"Rp3,91Mlyr.",3910000000,2026-04-13
Dinh Tien Tran,Cong An Ha Noi FC,Vietnam,Gelandang Kanan,18,"Rp2,61Mlyr.",2610000000,2026-04-13
Stefan Mauk,Cong An Ha Noi FC,Vietnam,Gel. Serang,0,"Rp10,43Mlyr.",10430000000,2026-04-13
Léo Artur,Cong An Ha Noi FC,Vietnam,Gel. Serang,0,"Rp6,95Mlyr.",6950000000,2026-04-13
Quang Hai Nguyen,Cong An Ha Noi FC,Vietnam,Gel. Serang,19,"Rp6,95Mlyr.",6950000000,2026-04-13
Dinh Bac Nguyen,Cong An Ha Noi FC,Vietnam,Sayap Kiri,0,"Rp5,21Mlyr.",5210000000,2026-04-13
Van Duc Phan,Cong An Ha Noi FC,Vietnam,Sayap Kiri,20,"Rp3,48Mlyr.",3480000000,2026-04-13
China,Cong An Ha Noi FC,Vietnam,Sayap Kanan,30,"Rp6,08Mlyr.",6080000000,2026-04-13
Alan Grafite,Cong An Ha Noi FC,Vietnam,Depan-Tengah,0,"Rp6,52Mlyr.",6520000000,2026-04-13
Duc Nam Tran,Cong An Ha Noi FC,Vietnam,Depan-Tengah,0,"Rp869,08Jt.",869080000,2026-04-13
Dinh Trieu Nguyen,Hai Phong FC,Vietnam,Kiper,0,"Rp2,17Mlyr.",2170000000,2026-04-13
Van Luan Pham,Hai Phong FC,Vietnam,Kiper,36,"Rp434,54Jt.",434540000,2026-04-13
Dinh Tung Nguyen,Hai Phong FC,Vietnam,Kiper,35,-,0,2026-04-13
Thanh Long Pham,Hai Phong FC,Vietnam,Kiper,32,-,0,2026-04-13
Tien Dung Bui,Hai Phong FC,Vietnam,Bek-Tengah,16,"Rp3,91Mlyr.",3910000000,2026-04-13
Nhat Minh Nguyen,Hai Phong FC,Vietnam,Bek-Tengah,27,"Rp2,61Mlyr.",2610000000,2026-04-13
Hoai Duong Pham,Hai Phong FC,Vietnam,Bek-Tengah,0,"Rp434,54Jt.",434540000,2026-04-13
Quoc Anh Vu,Hai Phong FC,Vietnam,Bek-Tengah,34,-,0,2026-04-13
Viet Hung Trieu,Hai Phong FC,Vietnam,Bek-Kiri,0,"Rp4,78Mlyr.",4780000000,2026-04-13
Tien Dung Dam,Hai Phong FC,Vietnam,Bek-Kiri,0,"Rp1,74Mlyr.",1740000000,2026-04-13
Van Bac Ngo,Hai Phong FC,Vietnam,Bek-Kiri,21,"Rp434,54Jt.",434540000,2026-04-13
Thai Hoc Nguyen,Hai Phong FC,Vietnam,Bek-Kiri,0,-,0,2026-04-13
Trung Hieu Pham,Hai Phong FC,Vietnam,Bek-Kanan,17,"Rp3,48Mlyr.",3480000000,2026-04-13
Van Minh Nguyen,Hai Phong FC,Vietnam,Bek-Kanan,29,"Rp869,08Jt.",869080000,2026-04-13
Bicou Bissainthe,Hai Phong FC,Vietnam,Gel. Bertahan,25,"Rp4,35Mlyr.",4350000000,2026-04-13
Luiz Antônio,Hai Phong FC,Vietnam,Gel. Bertahan,0,"Rp3,91Mlyr.",3910000000,2026-04-13
Hoang Thao Vu,Hai Phong FC,Vietnam,Gelandang,18,-,0,2026-04-13
Tuan Anh Nguyen,Hai Phong FC,Vietnam,Gel. Tengah,0,"Rp2,17Mlyr.",2170000000,2026-04-13
Manh Dung Le,Hai Phong FC,Vietnam,Gel. Tengah,19,"Rp1,30Mlyr.",1300000000,2026-04-13
Huu Son Nguyen,Hai Phong FC,Vietnam,Gelandang Kanan,0,"Rp2,61Mlyr.",2610000000,2026-04-13
Huu Nam Nguyen,Hai Phong FC,Vietnam,Gelandang Kanan,0,"Rp1,30Mlyr.",1300000000,2026-04-13
Huu Thai Bao Nguyen,Hai Phong FC,Vietnam,Gelandang Kanan,31,"Rp869,08Jt.",869080000,2026-04-13
Thanh Dong Nguyen,Hai Phong FC,Vietnam,Gelandang Kanan,0,"Rp434,54Jt.",434540000,2026-04-13
Minh Di Ho,Hai Phong FC,Vietnam,Gelandang Kiri,0,"Rp1,74Mlyr.",1740000000,2026-04-13
Hoang Nam Luong,Hai Phong FC,Vietnam,Gelandang Kiri,30,"Rp1,74Mlyr.",1740000000,2026-04-13
The Tai Hoang,Hai Phong FC,Vietnam,Gelandang Kiri,0,"Rp869,08Jt.",869080000,2026-04-13
Camilo Vasconcelos,Hai Phong FC,Vietnam,Sayap Kiri,0,"Rp434,54Jt.",434540000,2026-04-13
Joel Tagueu,Hai Phong FC,Vietnam,Depan-Tengah,0,"Rp5,21Mlyr.",5210000000,2026-04-13
Jucie Lupeta,Hai Phong FC,Vietnam,Depan-Tengah,42,"Rp1,74Mlyr.",1740000000,2026-04-13
Xuan Nam Nguyen,Hai Phong FC,Vietnam,Depan-Tengah,0,"Rp1,30Mlyr.",1300000000,2026-04-13
Jourdain Fletcher,Hai Phong FC,Vietnam,Depan-Tengah,0,-,0,2026-04-13
Trung Kien Tran,Hoang Anh Gia Lai FC,Vietnam,Kiper,25,"Rp3,48Mlyr.",3480000000,2026-04-13
Bao Duy Huynh Tran,Hoang Anh Gia Lai FC,Vietnam,Kiper,0,-,0,2026-04-13
Phong Chaloongphum,Hoang Anh Gia Lai FC,Vietnam,Kiper,0,-,0,2026-04-13
Thanh Loi Nguyen,Hoang Anh Gia Lai FC,Vietnam,Kiper,0,-,0,2026-04-13
Vu Khang Nguyen,Hoang Anh Gia Lai FC,Vietnam,Kiper,0,-,0,2026-04-13
Phuoc Sang Dinh,Hoang Anh Gia Lai FC,Vietnam,Kiper,0,-,0,2026-04-13
Tuan Vu Huynh,Hoang Anh Gia Lai FC,Vietnam,Bek,27,-,0,2026-04-13
Jairo Rodrigues,Hoang Anh Gia Lai FC,Vietnam,Bek-Tengah,33,"Rp2,17Mlyr.",2170000000,2026-04-13
Quang Kiet Dinh,Hoang Anh Gia Lai FC,Vietnam,Bek-Tengah,0,"Rp1,74Mlyr.",1740000000,2026-04-13
Van Trieu Nguyen,Hoang Anh Gia Lai FC,Vietnam,Bek-Tengah,0,"Rp869,08Jt.",869080000,2026-04-13
Du Hoc Phan,Hoang Anh Gia Lai FC,Vietnam,Bek-Kiri,0,"Rp1,74Mlyr.",1740000000,2026-04-13
Anh Tai Nguyen Huu,Hoang Anh Gia Lai FC,Vietnam,Bek-Kiri,28,"Rp434,54Jt.",434540000,2026-04-13
Phuoc Bao Vo,Hoang Anh Gia Lai FC,Vietnam,Bek-Kanan,38,"Rp869,08Jt.",869080000,2026-04-13
Minh Loc To,Hoang Anh Gia Lai FC,Vietnam,Bek-Kanan,0,-,0,2026-04-13
Khevin Fraga,Hoang Anh Gia Lai FC,Vietnam,Gel. Bertahan,0,"Rp4,35Mlyr.",4350000000,2026-04-13
Thanh Son Tran,Hoang Anh Gia Lai FC,Vietnam,Gel. Bertahan,0,"Rp1,74Mlyr.",1740000000,2026-04-13
Huy Kiet Le,Hoang Anh Gia Lai FC,Vietnam,Gelandang,34,-,0,2026-04-13
Minh Quyen Ho,Hoang Anh Gia Lai FC,Vietnam,Gelandang,0,-,0,2026-04-13
Marciel,Hoang Anh Gia Lai FC,Vietnam,Gel. Tengah,0,"Rp4,78Mlyr.",4780000000,2026-04-13
Hoang Minh Cao,Hoang Anh Gia Lai FC,Vietnam,Gel. Tengah,20,"Rp1,30Mlyr.",1300000000,2026-04-13
Thanh Tu Tran,Hoang Anh Gia Lai FC,Vietnam,Gel. Tengah,21,-,0,2026-04-13
Se Moi,Hoang Anh Gia Lai FC,Vietnam,Gel. Tengah,26,-,0,2026-04-13
Thanh Nhan Nguyen,Hoang Anh Gia Lai FC,Vietnam,Gelandang Kiri,0,"Rp2,17Mlyr.",2170000000,2026-04-13
Dinh Lam Vo,Hoang Anh Gia Lai FC,Vietnam,Gelandang Kiri,0,"Rp1,30Mlyr.",1300000000,2026-04-13
Vinh Nguyen Hoang,Hoang Anh Gia Lai FC,Vietnam,Gel. Serang,23,"Rp2,61Mlyr.",2610000000,2026-04-13
Duy Tam Nguyen,Hoang Anh Gia Lai FC,Vietnam,Sayap Kiri,19,"Rp434,54Jt.",434540000,2026-04-13
Gia Bao Tran,Hoang Anh Gia Lai FC,Vietnam,Sayap Kanan,16,"Rp1,30Mlyr.",1300000000,2026-04-13
Ryan Ha,Hoang Anh Gia Lai FC,Vietnam,Sayap Kanan,0,"Rp1,30Mlyr.",1300000000,2026-04-13
Thanh Ngoc Lam Luong,Hoang Anh Gia Lai FC,Vietnam,Sayap Kanan,17,"Rp434,54Jt.",434540000,2026-04-13
Júnior Batista,Hoang Anh Gia Lai FC,Vietnam,Depan-Tengah,29,"Rp2,61Mlyr.",2610000000,2026-04-13
Gabriel Conceição,Hoang Anh Gia Lai FC,Vietnam,Depan-Tengah,0,"Rp1,74Mlyr.",1740000000,2026-04-13
Minh Tam Nguyen,Hoang Anh Gia Lai FC,Vietnam,Depan-Tengah,0,"Rp869,08Jt.",869080000,2026-04-13
Hoang Tu Cao,Hoang Anh Gia Lai FC,Vietnam,Penyerang,0,-,0,2026-04-13
Tien Dung Bui,SHB Da Nang FC,Vietnam,Kiper,0,"Rp2,17Mlyr.",2170000000,2026-04-13
Van Bieu Phan,SHB Da Nang FC,Vietnam,Kiper,0,"Rp1,30Mlyr.",1300000000,2026-04-13
Van Toan Nguyen,SHB Da Nang FC,Vietnam,Kiper,0,"Rp869,08Jt.",869080000,2026-04-13
Tung Han Ho,SHB Da Nang FC,Vietnam,Kiper,0,"Rp434,54Jt.",434540000,2026-04-13
Tuan Hung Dang,SHB Da Nang FC,Vietnam,Kiper,30,"Rp434,54Jt.",434540000,2026-04-13
Quoc Bao Huynh Tran,SHB Da Nang FC,Vietnam,Kiper,25,-,0,2026-04-13
Ngoc Hai Que,SHB Da Nang FC,Vietnam,Bek-Tengah,0,"Rp3,48Mlyr.",3480000000,2026-04-13
Gustavo Sant'Ana,SHB Da Nang FC,Vietnam,Bek-Tengah,0,"Rp2,61Mlyr.",2610000000,2026-04-13
Duy Cuong Luong,SHB Da Nang FC,Vietnam,Bek-Tengah,20,"Rp2,17Mlyr.",2170000000,2026-04-13
Duc Anh Nguyen,SHB Da Nang FC,Vietnam,Bek-Tengah,0,"Rp1,30Mlyr.",1300000000,2026-04-13
Ngoc Hiep Tran,SHB Da Nang FC,Vietnam,Bek-Tengah,0,"Rp869,08Jt.",869080000,2026-04-13
Ngoc Son Tran,SHB Da Nang FC,Vietnam,Bek-Tengah,27,"Rp434,54Jt.",434540000,2026-04-13
Van Son Vu,SHB Da Nang FC,Vietnam,Bek-Tengah,0,"Rp434,54Jt.",434540000,2026-04-13
Thanh Khai Nguyen,SHB Da Nang FC,Vietnam,Bek-Tengah,0,-,0,2026-04-13
Duy Duong Nguyen,SHB Da Nang FC,Vietnam,Bek-Kiri,35,"Rp869,08Jt.",869080000,2026-04-13
Duy Thang Nguyen,SHB Da Nang FC,Vietnam,Bek-Kiri,0,"Rp434,54Jt.",434540000,2026-04-13
Hong Phuc Nguyen,SHB Da Nang FC,Vietnam,Bek-Kanan,23,"Rp869,08Jt.",869080000,2026-04-13
The Hung Phan,SHB Da Nang FC,Vietnam,Gelandang,17,-,0,2026-04-13
Pierre Lamothe,SHB Da Nang FC,Vietnam,Gel. Tengah,0,"Rp1,74Mlyr.",1740000000,2026-04-13
Anh Tuan Dang,SHB Da Nang FC,Vietnam,Gel. Tengah,0,"Rp1,30Mlyr.",1300000000,2026-04-13
Vu Quoc Nhat Le,SHB Da Nang FC,Vietnam,Gel. Tengah,22,"Rp869,08Jt.",869080000,2026-04-13
Van Toan Vo,SHB Da Nang FC,Vietnam,Gel. Tengah,0,"Rp869,08Jt.",869080000,2026-04-13
Van Hoa Tran,SHB Da Nang FC,Vietnam,Gel. Tengah,0,"Rp434,54Jt.",434540000,2026-04-13
Van Huu Pham,SHB Da Nang FC,Vietnam,Gelandang Kanan,16,"Rp869,08Jt.",869080000,2026-04-13
Phi Hoang Nguyen,SHB Da Nang FC,Vietnam,Gelandang Kiri,21,"Rp3,48Mlyr.",3480000000,2026-04-13
Vadim Nguyen,SHB Da Nang FC,Vietnam,Gelandang Kiri,0,"Rp869,08Jt.",869080000,2026-04-13
Joel López Pissano,SHB Da Nang FC,Vietnam,Gel. Serang,19,"Rp8,69Mlyr.",8690000000,2026-04-13
David Henen,SHB Da Nang FC,Vietnam,Sayap Kiri,0,"Rp4,78Mlyr.",4780000000,2026-04-13
Van Long Phan,SHB Da Nang FC,Vietnam,Sayap Kanan,0,"Rp2,61Mlyr.",2610000000,2026-04-13
Dinh Duy Pham,SHB Da Nang FC,Vietnam,Sayap Kanan,18,"Rp2,61Mlyr.",2610000000,2026-04-13
Minh Quang Nguyen,SHB Da Nang FC,Vietnam,Sayap Kanan,38,"Rp1,74Mlyr.",1740000000,2026-04-13
Hong Phuoc Ngo,SHB Da Nang FC,Vietnam,Sayap Kanan,0,"Rp869,08Jt.",869080000,2026-04-13
Milan Makaric,SHB Da Nang FC,Vietnam,Depan-Tengah,0,"Rp4,35Mlyr.",4350000000,2026-04-13
Ribamar,SHB Da Nang FC,Vietnam,Depan-Tengah,0,"Rp3,48Mlyr.",3480000000,2026-04-13
Nguyen Hoang Vo,SHB Da Nang FC,Vietnam,Depan-Tengah,28,"Rp2,17Mlyr.",2170000000,2026-04-13
Van Binh Cao,Song Lam Nghe An FC,Vietnam,Kiper,0,"Rp1,74Mlyr.",1740000000,2026-04-13
Bao Ngoc Nguyen,Song Lam Nghe An FC,Vietnam,Kiper,25,-,0,2026-04-13
Huu Hau Nguyen,Song Lam Nghe An FC,Vietnam,Kiper,26,-,0,2026-04-13
Tan Minh Nguyen,Song Lam Nghe An FC,Vietnam,Bek,0,-,0,2026-04-13
Van Khanh Hoang,Song Lam Nghe An FC,Vietnam,Bek-Tengah,0,"Rp2,61Mlyr.",2610000000,2026-04-13
Nam Hai Tran,Song Lam Nghe An FC,Vietnam,Bek-Tengah,17,"Rp2,17Mlyr.",2170000000,2026-04-13
Nguyen Hoang Le,Song Lam Nghe An FC,Vietnam,Bek-Tengah,0,"Rp1,74Mlyr.",1740000000,2026-04-13
Justin Garcia,Song Lam Nghe An FC,Vietnam,Bek-Tengah,0,"Rp1,74Mlyr.",1740000000,2026-04-13
Khac Luong Ho,Song Lam Nghe An FC,Vietnam,Bek-Tengah,0,"Rp434,54Jt.",434540000,2026-04-13
Van Thanh Phan,Song Lam Nghe An FC,Vietnam,Bek-Tengah,33,"Rp434,54Jt.",434540000,2026-04-13
Van Huy Vuong,Song Lam Nghe An FC,Vietnam,Bek-Kiri,0,"Rp2,61Mlyr.",2610000000,2026-04-13
Thanh Duc Bui,Song Lam Nghe An FC,Vietnam,Bek-Kiri,0,"Rp434,54Jt.",434540000,2026-04-13
Mai Hoang Nguyen,Song Lam Nghe An FC,Vietnam,Bek-Kiri,35,"Rp434,54Jt.",434540000,2026-04-13
Minh Hoi Hoang,Song Lam Nghe An FC,Vietnam,Bek-Kiri,23,-,0,2026-04-13
Van Cuong Ho,Song Lam Nghe An FC,Vietnam,Bek-Kanan,30,"Rp2,61Mlyr.",2610000000,2026-04-13
Ba Quyen Phan,Song Lam Nghe An FC,Vietnam,Gel. Bertahan,19,"Rp1,74Mlyr.",1740000000,2026-04-13
Quoc Trung Pham Nguyen,Song Lam Nghe An FC,Vietnam,Gel. Bertahan,27,-,0,2026-04-13
Quang Vinh Nguyen,Song Lam Nghe An FC,Vietnam,Gel. Tengah,16,"Rp2,61Mlyr.",2610000000,2026-04-13
Xuan Binh Nguyen,Song Lam Nghe An FC,Vietnam,Gel. Tengah,0,"Rp869,08Jt.",869080000,2026-04-13
Quang Tu Dang,Song Lam Nghe An FC,Vietnam,Gel. Tengah,29,"Rp869,08Jt.",869080000,2026-04-13
Khac Ngoc Ho,Song Lam Nghe An FC,Vietnam,Gel. Tengah,32,"Rp869,08Jt.",869080000,2026-04-13
Van Bach Nguyen,Song Lam Nghe An FC,Vietnam,Gelandang Kanan,0,"Rp869,08Jt.",869080000,2026-04-13
Trong Tuan Nguyen,Song Lam Nghe An FC,Vietnam,Gel. Serang,0,"Rp434,54Jt.",434540000,2026-04-13
Manh Quynh Tran,Song Lam Nghe An FC,Vietnam,Sayap Kiri,0,"Rp3,04Mlyr.",3040000000,2026-04-13
Van Luong Ngo,Song Lam Nghe An FC,Vietnam,Sayap Kiri,20,"Rp1,74Mlyr.",1740000000,2026-04-13
Van Nam Phung,Song Lam Nghe An FC,Vietnam,Sayap Kiri,0,-,0,2026-04-13
Long Vu Le Dinh,Song Lam Nghe An FC,Vietnam,Sayap Kanan,18,"Rp2,17Mlyr.",2170000000,2026-04-13
Phi-Long Tran,Song Lam Nghe An FC,Vietnam,Sayap Kanan,0,-,0,2026-04-13
Michael Olaha,Song Lam Nghe An FC,Vietnam,Depan-Tengah,0,"Rp5,65Mlyr.",5650000000,2026-04-13
Reon Moore,Song Lam Nghe An FC,Vietnam,Depan-Tengah,0,"Rp2,61Mlyr.",2610000000,2026-04-13
Carlos Fortes,Song Lam Nghe An FC,Vietnam,Depan-Tengah,27,"Rp1,74Mlyr.",1740000000,2026-04-13
Van Viet Nguyen,The Cong - Viettel FC,Vietnam,Kiper,28,"Rp3,48Mlyr.",3480000000,2026-04-13
Van Phong Pham,The Cong - Viettel FC,Vietnam,Kiper,36,"Rp869,08Jt.",869080000,2026-04-13
Xuan Son Ngo,The Cong - Viettel FC,Vietnam,Kiper,0,"Rp434,54Jt.",434540000,2026-04-13
Hoang An Pham,The Cong - Viettel FC,Vietnam,Kiper,0,-,0,2026-04-13
Tien Dung Bui,The Cong - Viettel FC,Vietnam,Bek-Tengah,0,"Rp4,78Mlyr.",4780000000,2026-04-13
Thanh Binh Nguyen,The Cong - Viettel FC,Vietnam,Bek-Tengah,0,"Rp4,35Mlyr.",4350000000,2026-04-13
Kyle Colonna,The Cong - Viettel FC,Vietnam,Bek-Tengah,0,"Rp3,48Mlyr.",3480000000,2026-04-13
Van Nam Dao,The Cong - Viettel FC,Vietnam,Bek-Tengah,20,"Rp2,61Mlyr.",2610000000,2026-04-13
Minh Tung Nguyen,The Cong - Viettel FC,Vietnam,Bek-Tengah,0,"Rp1,74Mlyr.",1740000000,2026-04-13
Tuan Phong Dang,The Cong - Viettel FC,Vietnam,Bek-Tengah,0,"Rp869,08Jt.",869080000,2026-04-13
Tuan Tai Phan,The Cong - Viettel FC,Vietnam,Bek-Kiri,0,"Rp4,35Mlyr.",4350000000,2026-04-13
Van Duc Bui,The Cong - Viettel FC,Vietnam,Bek-Kiri,26,"Rp2,17Mlyr.",2170000000,2026-04-13
Viet Tu Dinh,The Cong - Viettel FC,Vietnam,Bek-Kiri,18,"Rp1,30Mlyr.",1300000000,2026-04-13
Van Quyet Vu,The Cong - Viettel FC,Vietnam,Bek-Kanan,21,-,0,2026-04-13
Paulinho Curuá,The Cong - Viettel FC,Vietnam,Gel. Bertahan,0,"Rp1,74Mlyr.",1740000000,2026-04-13
Van Tram Dang,The Cong - Viettel FC,Vietnam,Gel. Bertahan,29,"Rp1,30Mlyr.",1300000000,2026-04-13
Damian Vu Thanh,The Cong - Viettel FC,Vietnam,Gel. Bertahan,0,"Rp869,08Jt.",869080000,2026-04-13
Thanh Tung Duong,The Cong - Viettel FC,Vietnam,Gelandang,22,"Rp434,54Jt.",434540000,2026-04-13
Wesley Natã,The Cong - Viettel FC,Vietnam,Gel. Tengah,25,"Rp5,65Mlyr.",5650000000,2026-04-13
Xuan Tien Dinh,The Cong - Viettel FC,Vietnam,Gel. Tengah,19,"Rp2,61Mlyr.",2610000000,2026-04-13
Van Tu Nguyen,The Cong - Viettel FC,Vietnam,Gel. Tengah,0,"Rp1,74Mlyr.",1740000000,2026-04-13
Quoc Nhat Nam Le,The Cong - Viettel FC,Vietnam,Gel. Tengah,16,"Rp1,30Mlyr.",1300000000,2026-04-13
Duc Hoang Minh Nguyen,The Cong - Viettel FC,Vietnam,Gelandang Kanan,17,"Rp1,30Mlyr.",1300000000,2026-04-13
Ngoc Tu Nguyen,The Cong - Viettel FC,Vietnam,Gelandang Kanan,0,"Rp869,08Jt.",869080000,2026-04-13
Van Khang Khuat,The Cong - Viettel FC,Vietnam,Gelandang Kiri,0,"Rp5,21Mlyr.",5210000000,2026-04-13
Huu Thang Nguyen,The Cong - Viettel FC,Vietnam,Gel. Serang,0,"Rp2,17Mlyr.",2170000000,2026-04-13
Hoang Khanh Nguyen,The Cong - Viettel FC,Vietnam,Sayap Kiri,30,-,0,2026-04-13
Pedro Henrique,The Cong - Viettel FC,Vietnam,Sayap Kanan,0,"Rp3,48Mlyr.",3480000000,2026-04-13
Cong Phuong Nguyen,The Cong - Viettel FC,Vietnam,Sayap Kanan,0,"Rp1,30Mlyr.",1300000000,2026-04-13
Lucão,The Cong - Viettel FC,Vietnam,Depan-Tengah,0,"Rp3,91Mlyr.",3910000000,2026-04-13
Manh Dung Nham,The Cong - Viettel FC,Vietnam,Depan-Tengah,23,"Rp3,04Mlyr.",3040000000,2026-04-13
Danh Trung Tran,The Cong - Viettel FC,Vietnam,Depan-Tengah,0,"Rp2,17Mlyr.",2170000000,2026-04-13
Si Chien Nguyen,The Cong - Viettel FC,Vietnam,Penyerang,0,-,0,2026-04-13
Dang Duong Nguyen,The Cong - Viettel FC,Vietnam,Penyerang,0,-,0,2026-04-13
Patrik Le Giang,Cong An Ho Chi Minh City FC,Vietnam,Kiper,0,"Rp2,61Mlyr.",2610000000,2026-04-13
Manh Cuong Nguyen,Cong An Ho Chi Minh City FC,Vietnam,Kiper,0,"Rp434,54Jt.",434540000,2026-04-13
Tan Nguyen,Cong An Ho Chi Minh City FC,Vietnam,Kiper,0,-,0,2026-04-13
Matheus Felipe,Cong An Ho Chi Minh City FC,Vietnam,Bek-Tengah,0,"Rp14,77Mlyr.",14770000000,2026-04-13
Minh Gia Bao Khong,Cong An Ho Chi Minh City FC,Vietnam,Bek-Tengah,0,"Rp2,17Mlyr.",2170000000,2026-04-13
Hoang Phuc Tran,Cong An Ho Chi Minh City FC,Vietnam,Bek-Tengah,28,"Rp2,17Mlyr.",2170000000,2026-04-13
Minh Trong Vo,Cong An Ho Chi Minh City FC,Vietnam,Bek-Kiri,17,"Rp4,35Mlyr.",4350000000,2026-04-13
Kha Duc Le,Cong An Ho Chi Minh City FC,Vietnam,Bek-Kiri,0,"Rp1,30Mlyr.",1300000000,2026-04-13
Viet Hoang Vo Huu,Cong An Ho Chi Minh City FC,Vietnam,Bek-Kanan,20,"Rp1,74Mlyr.",1740000000,2026-04-13
Quang Hung Le,Cong An Ho Chi Minh City FC,Vietnam,Bek-Kanan,34,"Rp869,08Jt.",869080000,2026-04-13
Manh Cuong Tran,Cong An Ho Chi Minh City FC,Vietnam,Bek-Kanan,0,"Rp869,08Jt.",869080000,2026-04-13
Duc Huy Pham,Cong An Ho Chi Minh City FC,Vietnam,Gel. Bertahan,0,"Rp2,17Mlyr.",2170000000,2026-04-13
Van Luan Pham,Cong An Ho Chi Minh City FC,Vietnam,Gel. Bertahan,0,"Rp1,74Mlyr.",1740000000,2026-04-13
Peter Makrillos,Cong An Ho Chi Minh City FC,Vietnam,Gel. Tengah,0,"Rp4,35Mlyr.",4350000000,2026-04-13
Quoc Cuong Nguyen Thai,Cong An Ho Chi Minh City FC,Vietnam,Gel. Tengah,19,"Rp2,17Mlyr.",2170000000,2026-04-13
Duc Phu Nguyen,Cong An Ho Chi Minh City FC,Vietnam,Gel. Tengah,39,"Rp2,17Mlyr.",2170000000,2026-04-13
Quoc Gia Dao,Cong An Ho Chi Minh City FC,Vietnam,Gel. Tengah,21,"Rp1,74Mlyr.",1740000000,2026-04-13
Van Lam Dang,Cong An Ho Chi Minh City FC,Vietnam,Gel. Tengah,23,"Rp1,30Mlyr.",1300000000,2026-04-13
Ngoc Long Bui,Cong An Ho Chi Minh City FC,Vietnam,Gelandang Kanan,18,"Rp2,17Mlyr.",2170000000,2026-04-13
Ngoc Ha Mach,Cong An Ho Chi Minh City FC,Vietnam,Gelandang Kanan,0,"Rp1,74Mlyr.",1740000000,2026-04-13
Van Hao Duong,Cong An Ho Chi Minh City FC,Vietnam,Gelandang Kiri,36,"Rp1,30Mlyr.",1300000000,2026-04-13
Huy Toan Vo,Cong An Ho Chi Minh City FC,Vietnam,Gelandang Kiri,0,"Rp869,08Jt.",869080000,2026-04-13
Endrick,Cong An Ho Chi Minh City FC,Vietnam,Gel. Serang,0,"Rp3,48Mlyr.",3480000000,2026-04-13
Raphael Utzig,Cong An Ho Chi Minh City FC,Vietnam,Sayap Kiri,0,"Rp13,04Mlyr.",13040000000,2026-04-13
Khoa Ngo,Cong An Ho Chi Minh City FC,Vietnam,Sayap Kiri,26,"Rp2,61Mlyr.",2610000000,2026-04-13
Van Toan Tay,Cong An Ho Chi Minh City FC,Vietnam,Sayap Kanan,0,"Rp1,30Mlyr.",1300000000,2026-04-13
Van Binh Bui,Cong An Ho Chi Minh City FC,Vietnam,Sayap Kanan,27,"Rp1,30Mlyr.",1300000000,2026-04-13
Tien Linh Nguyen,Cong An Ho Chi Minh City FC,Vietnam,Depan-Tengah,22,"Rp5,65Mlyr.",5650000000,2026-04-13
Thanh Binh Dinh,Cong An Ho Chi Minh City FC,Vietnam,Depan-Tengah,0,"Rp1,74Mlyr.",1740000000,2026-04-13
Lee Williams,Cong An Ho Chi Minh City FC,Vietnam,Depan-Tengah,0,"Rp869,08Jt.",869080000,2026-04-13
Van Hoang Nguyen,Ha Noi FC,Vietnam,Kiper,0,"Rp2,61Mlyr.",2610000000,2026-04-13
Van Chuan Quan,Ha Noi FC,Vietnam,Kiper,0,"Rp2,17Mlyr.",2170000000,2026-04-13
Duy Dung Nguyen,Ha Noi FC,Vietnam,Kiper,29,-,0,2026-04-13
Dinh Hai Pham,Ha Noi FC,Vietnam,Kiper,0,-,0,2026-04-13
Duy Manh Do,Ha Noi FC,Vietnam,Bek-Tengah,0,"Rp5,65Mlyr.",5650000000,2026-04-13
Thanh Chung Nguyen,Ha Noi FC,Vietnam,Bek-Tengah,16,"Rp5,21Mlyr.",5210000000,2026-04-13
Adriel,Ha Noi FC,Vietnam,Bek-Tengah,35,"Rp4,35Mlyr.",4350000000,2026-04-13
Anh Tiep Nguyen,Ha Noi FC,Vietnam,Bek-Tengah,33,-,0,2026-04-13
Van Xuan Le,Ha Noi FC,Vietnam,Bek-Kiri,0,"Rp2,61Mlyr.",2610000000,2026-04-13
Dinh Hai Vu,Ha Noi FC,Vietnam,Bek-Kiri,21,"Rp1,30Mlyr.",1300000000,2026-04-13
Cong Nhat Nguyen,Ha Noi FC,Vietnam,Bek-Kiri,22,"Rp869,08Jt.",869080000,2026-04-13
Xuan Kien Nguyen,Ha Noi FC,Vietnam,Bek-Kiri,26,"Rp869,08Jt.",869080000,2026-04-13
Xuan Manh Pham,Ha Noi FC,Vietnam,Bek-Kanan,0,"Rp4,35Mlyr.",4350000000,2026-04-13
Tien Long Vu,Ha Noi FC,Vietnam,Bek-Kanan,0,"Rp869,08Jt.",869080000,2026-04-13
Van Thang Tran,Ha Noi FC,Vietnam,Bek-Kanan,0,"Rp434,54Jt.",434540000,2026-04-13
Sy Duc Nguyen,Ha Noi FC,Vietnam,Bek-Kanan,0,-,0,2026-04-13
Van Toan Dau,Ha Noi FC,Vietnam,Gel. Bertahan,0,"Rp3,04Mlyr.",3040000000,2026-04-13
Trung Thanh Nguyen,Ha Noi FC,Vietnam,Gelandang,0,-,0,2026-04-13
Van Truong Nguyen,Ha Noi FC,Vietnam,Gel. Tengah,19,"Rp3,04Mlyr.",3040000000,2026-04-13
Hung Dung Do,Ha Noi FC,Vietnam,Gel. Tengah,0,"Rp3,04Mlyr.",3040000000,2026-04-13
Hai Long Nguyen,Ha Noi FC,Vietnam,Gelandang Kanan,0,"Rp4,35Mlyr.",4350000000,2026-04-13
Hêndrio,Ha Noi FC,Vietnam,Gel. Serang,0,"Rp5,65Mlyr.",5650000000,2026-04-13
Tuan Hai Pham,Ha Noi FC,Vietnam,Sayap Kiri,0,"Rp6,52Mlyr.",6520000000,2026-04-13
Fernando,Ha Noi FC,Vietnam,Sayap Kiri,0,"Rp4,35Mlyr.",4350000000,2026-04-13
Xuan Tu Le,Ha Noi FC,Vietnam,Sayap Kiri,25,"Rp3,04Mlyr.",3040000000,2026-04-13
Van Quyet Nguyen,Ha Noi FC,Vietnam,Depan-Kedua,0,"Rp3,04Mlyr.",3040000000,2026-04-13
Daniel Passira,Ha Noi FC,Vietnam,Depan-Tengah,0,"Rp7,82Mlyr.",7820000000,2026-04-13
Van Tung Nguyen,Ha Noi FC,Vietnam,Depan-Tengah,23,"Rp2,17Mlyr.",2170000000,2026-04-13
David Fisher,Ha Noi FC,Vietnam,Depan-Tengah,0,"Rp2,17Mlyr.",2170000000,2026-04-13
Anh Tuan Nguyen Ha,Ha Noi FC,Vietnam,Depan-Tengah,0,-,0,2026-04-13
Thanh Tung Nguyen,Hong Linh Ha Tinh FC,Vietnam,Kiper,0,"Rp2,17Mlyr.",2170000000,2026-04-13
Tung Lam Duong,Hong Linh Ha Tinh FC,Vietnam,Kiper,29,"Rp434,54Jt.",434540000,2026-04-13
Ngoc Cuong Vo,Hong Linh Ha Tinh FC,Vietnam,Kiper,0,-,0,2026-04-13
Helerson,Hong Linh Ha Tinh FC,Vietnam,Bek-Tengah,0,"Rp4,35Mlyr.",4350000000,2026-04-13
Van Hanh Nguyen,Hong Linh Ha Tinh FC,Vietnam,Bek-Tengah,0,"Rp1,30Mlyr.",1300000000,2026-04-13
Cong Thanh Doan,Hong Linh Ha Tinh FC,Vietnam,Bek-Tengah,19,"Rp869,08Jt.",869080000,2026-04-13
Quoc Dan Vo,Hong Linh Ha Tinh FC,Vietnam,Bek-Tengah,38,"Rp434,54Jt.",434540000,2026-04-13
Manh Hung Nguyen,Hong Linh Ha Tinh FC,Vietnam,Bek-Tengah,0,"Rp434,54Jt.",434540000,2026-04-13
Anh Tuan Nguyen,Hong Linh Ha Tinh FC,Vietnam,Bek-Tengah,0,-,0,2026-04-13
Sy Hoang Mai,Hong Linh Ha Tinh FC,Vietnam,Bek-Kiri,0,"Rp3,04Mlyr.",3040000000,2026-04-13
Viet Trieu Vu,Hong Linh Ha Tinh FC,Vietnam,Bek-Kiri,30,"Rp1,74Mlyr.",1740000000,2026-04-13
Duy Thuong Bui,Hong Linh Ha Tinh FC,Vietnam,Bek-Kanan,0,"Rp2,17Mlyr.",2170000000,2026-04-13
Van Nhuan Nguyen,Hong Linh Ha Tinh FC,Vietnam,Bek-Kanan,0,"Rp434,54Jt.",434540000,2026-04-13
The Hung Nguyen,Hong Linh Ha Tinh FC,Vietnam,Gelandang,27,-,0,2026-04-13
Joseph Onoja,Hong Linh Ha Tinh FC,Vietnam,Gel. Tengah,0,"Rp3,48Mlyr.",3480000000,2026-04-13
Duc Viet Nguyen,Hong Linh Ha Tinh FC,Vietnam,Gel. Tengah,0,"Rp1,30Mlyr.",1300000000,2026-04-13
Hoang Trung Nguyen Nguyen,Hong Linh Ha Tinh FC,Vietnam,Gel. Tengah,24,"Rp869,08Jt.",869080000,2026-04-13
Trong Hoang Nguyen,Hong Linh Ha Tinh FC,Vietnam,Gel. Tengah,0,"Rp434,54Jt.",434540000,2026-04-13
Van Buu Tran,Hong Linh Ha Tinh FC,Vietnam,Gel. Tengah,17,"Rp434,54Jt.",434540000,2026-04-13
Tuan Tai Dinh,Hong Linh Ha Tinh FC,Vietnam,Gel. Tengah,25,"Rp434,54Jt.",434540000,2026-04-13
Van Khanh Nguyen,Hong Linh Ha Tinh FC,Vietnam,Gel. Tengah,37,"Rp434,54Jt.",434540000,2026-04-13
Tan Tai Huynh,Hong Linh Ha Tinh FC,Vietnam,Gelandang Kanan,39,"Rp1,74Mlyr.",1740000000,2026-04-13
Van Long Pham,Hong Linh Ha Tinh FC,Vietnam,Gelandang Kanan,16,"Rp1,30Mlyr.",1300000000,2026-04-13
Viktor Le,Hong Linh Ha Tinh FC,Vietnam,Gelandang Kiri,0,"Rp3,48Mlyr.",3480000000,2026-04-13
Tien Dat Huynh,Hong Linh Ha Tinh FC,Vietnam,Gelandang Kiri,20,"Rp869,08Jt.",869080000,2026-04-13
Van Huy Nguyen,Hong Linh Ha Tinh FC,Vietnam,Gelandang Kiri,21,"Rp434,54Jt.",434540000,2026-04-13
Welder,Hong Linh Ha Tinh FC,Vietnam,Sayap Kiri,0,-,0,2026-04-13
Van Hiep Nguyen,Hong Linh Ha Tinh FC,Vietnam,Sayap Kanan,0,"Rp869,08Jt.",869080000,2026-04-13
Yevgeniy Serdyuk,Hong Linh Ha Tinh FC,Vietnam,Depan-Tengah,0,"Rp10,43Mlyr.",10430000000,2026-04-13
Charles Atshimene,Hong Linh Ha Tinh FC,Vietnam,Depan-Tengah,0,"Rp4,78Mlyr.",4780000000,2026-04-13
Balotelli,Hong Linh Ha Tinh FC,Vietnam,Depan-Tengah,0,"Rp2,17Mlyr.",2170000000,2026-04-13
Quang Nam Vu,Hong Linh Ha Tinh FC,Vietnam,Depan-Tengah,18,"Rp869,08Jt.",869080000,2026-04-13
Sy Huy Do,PVF-CAND FC,Vietnam,Kiper,0,"Rp869,08Jt.",869080000,2026-04-13
Minh Long Phi,PVF-CAND FC,Vietnam,Kiper,33,"Rp869,08Jt.",869080000,2026-04-13
Thai Hieu Truong,PVF-CAND FC,Vietnam,Kiper,0,-,0,2026-04-13
Phuong Nam Nguyen,PVF-CAND FC,Vietnam,Bek,0,-,0,2026-04-13
Lucas Turci,PVF-CAND FC,Vietnam,Bek-Tengah,0,"Rp4,35Mlyr.",4350000000,2026-04-13
Ly Duc Pham,PVF-CAND FC,Vietnam,Bek-Tengah,16,"Rp2,17Mlyr.",2170000000,2026-04-13
Hieu Minh Nguyen,PVF-CAND FC,Vietnam,Bek-Tengah,0,"Rp1,74Mlyr.",1740000000,2026-04-13
Anh Viet Doan,PVF-CAND FC,Vietnam,Bek-Tengah,0,"Rp434,54Jt.",434540000,2026-04-13
Duc Anh Nguyen Nhu,PVF-CAND FC,Vietnam,Bek-Tengah,0,-,0,2026-04-13
Bao Long Nguyen,PVF-CAND FC,Vietnam,Bek-Kiri,0,"Rp1,30Mlyr.",1300000000,2026-04-13
Van Chuong Dao,PVF-CAND FC,Vietnam,Bek-Kiri,31,"Rp434,54Jt.",434540000,2026-04-13
Van Dung Nguyen,PVF-CAND FC,Vietnam,Bek-Kiri,0,"Rp434,54Jt.",434540000,2026-04-13
Anh Quan Vo,PVF-CAND FC,Vietnam,Bek-Kanan,20,"Rp2,17Mlyr.",2170000000,2026-04-13
Van Thai Quy Truong,PVF-CAND FC,Vietnam,Bek-Kanan,0,"Rp1,74Mlyr.",1740000000,2026-04-13
Viet Truong Phung,PVF-CAND FC,Vietnam,Bek-Kanan,37,"Rp869,08Jt.",869080000,2026-04-13
Van Viet Ha,PVF-CAND FC,Vietnam,Bek-Kanan,0,-,0,2026-04-13
Alastair Reynolds,PVF-CAND FC,Vietnam,Gel. Bertahan,0,"Rp3,91Mlyr.",3910000000,2026-04-13
Joseph Mpande,PVF-CAND FC,Vietnam,Gel. Tengah,0,"Rp4,78Mlyr.",4780000000,2026-04-13
Xuan Bac Nguyen,PVF-CAND FC,Vietnam,Gel. Tengah,0,"Rp2,61Mlyr.",2610000000,2026-04-13
Cong Den Huynh,PVF-CAND FC,Vietnam,Gel. Tengah,0,"Rp1,30Mlyr.",1300000000,2026-04-13
Van Thuan Do,PVF-CAND FC,Vietnam,Gel. Tengah,0,"Rp869,08Jt.",869080000,2026-04-13
Huy Hung Nguyen,PVF-CAND FC,Vietnam,Gel. Tengah,29,"Rp434,54Jt.",434540000,2026-04-13
Vu Tin Nguyen,PVF-CAND FC,Vietnam,Gelandang Kiri,28,"Rp1,30Mlyr.",1300000000,2026-04-13
Trung Phong Phu,PVF-CAND FC,Vietnam,Gelandang Kiri,30,"Rp434,54Jt.",434540000,2026-04-13
Ba Dat Thai,PVF-CAND FC,Vietnam,Gel. Serang,17,"Rp869,08Jt.",869080000,2026-04-13
Mahmoud Eid,PVF-CAND FC,Vietnam,Sayap Kanan,0,"Rp6,95Mlyr.",6950000000,2026-04-13
Thanh Nhan Nguyen,PVF-CAND FC,Vietnam,Sayap Kanan,0,"Rp2,17Mlyr.",2170000000,2026-04-13
Van Trang Nguyen,PVF-CAND FC,Vietnam,Sayap Kanan,0,"Rp869,08Jt.",869080000,2026-04-13
Samson Olaleye,PVF-CAND FC,Vietnam,Depan-Tengah,39,"Rp434,54Jt.",434540000,2026-04-13
Van Vinh Nguyen,PVF-CAND FC,Vietnam,Depan-Tengah,0,"Rp434,54Jt.",434540000,2026-04-13
Anh Tuan Nguyen,PVF-CAND FC,Vietnam,Depan-Tengah,36,-,0,2026-04-13
Minh Toan Tran,Becamex Ho Chi Minh City FC,Vietnam,Kiper,25,"Rp2,61Mlyr.",2610000000,2026-04-13
Van Cong Nguyen,Becamex Ho Chi Minh City FC,Vietnam,Kiper,30,"Rp869,08Jt.",869080000,2026-04-13
Huu Loi Nguyen,Becamex Ho Chi Minh City FC,Vietnam,Kiper,0,-,0,2026-04-13
Nhat Ha Tran,Becamex Ho Chi Minh City FC,Vietnam,Kiper,0,-,0,2026-04-13
Milos Zlatkovic,Becamex Ho Chi Minh City FC,Vietnam,Bek-Tengah,24,"Rp3,91Mlyr.",3910000000,2026-04-13
Adriano Schmidt,Becamex Ho Chi Minh City FC,Vietnam,Bek-Tengah,0,"Rp2,17Mlyr.",2170000000,2026-04-13
Dinh Khuong Tran,Becamex Ho Chi Minh City FC,Vietnam,Bek-Tengah,21,"Rp1,74Mlyr.",1740000000,2026-04-13
Khac Vu Nguyen,Becamex Ho Chi Minh City FC,Vietnam,Bek-Tengah,27,"Rp434,54Jt.",434540000,2026-04-13
Thanh Kien Nguyen,Becamex Ho Chi Minh City FC,Vietnam,Bek-Tengah,33,"Rp434,54Jt.",434540000,2026-04-13
Hoang Bao Tran,Becamex Ho Chi Minh City FC,Vietnam,Bek-Kiri,0,"Rp434,54Jt.",434540000,2026-04-13
Tan Tai Ho,Becamex Ho Chi Minh City FC,Vietnam,Bek-Kanan,0,"Rp4,35Mlyr.",4350000000,2026-04-13
Tung Quoc Ngo,Becamex Ho Chi Minh City FC,Vietnam,Bek-Kanan,0,"Rp3,91Mlyr.",3910000000,2026-04-13
Hoang Hung Tran,Becamex Ho Chi Minh City FC,Vietnam,Bek-Kanan,0,"Rp869,08Jt.",869080000,2026-04-13
Tuan Canh Doan,Becamex Ho Chi Minh City FC,Vietnam,Bek-Kanan,19,"Rp434,54Jt.",434540000,2026-04-13
Geoffrey Kizito,Becamex Ho Chi Minh City FC,Vietnam,Gel. Bertahan,39,"Rp2,17Mlyr.",2170000000,2026-04-13
Ngoc Chien Nguyen,Becamex Ho Chi Minh City FC,Vietnam,Gel. Bertahan,35,-,0,2026-04-13
The Hieu Huynh,Becamex Ho Chi Minh City FC,Vietnam,Gelandang,29,-,0,2026-04-13
Hoang Anh Ngo,Becamex Ho Chi Minh City FC,Vietnam,Gelandang,0,-,0,2026-04-13
Hoang Minh Khoa Vo,Becamex Ho Chi Minh City FC,Vietnam,Gel. Tengah,0,"Rp4,78Mlyr.",4780000000,2026-04-13
Hugo Alves,Becamex Ho Chi Minh City FC,Vietnam,Gel. Tengah,0,"Rp3,48Mlyr.",3480000000,2026-04-13
Thanh Hau Phan,Becamex Ho Chi Minh City FC,Vietnam,Gel. Tengah,0,"Rp1,74Mlyr.",1740000000,2026-04-13
Trong Phu Nguyen,Becamex Ho Chi Minh City FC,Vietnam,Gel. Tengah,0,"Rp434,54Jt.",434540000,2026-04-13
Hong Quan Mac,Becamex Ho Chi Minh City FC,Vietnam,Gel. Tengah,0,-,0,2026-04-13
Thanh Long Phan Nhat,Becamex Ho Chi Minh City FC,Vietnam,Gelandang Kanan,38,"Rp1,30Mlyr.",1300000000,2026-04-13
Trong Hung Nguyen,Becamex Ho Chi Minh City FC,Vietnam,Gelandang Kiri,20,"Rp1,30Mlyr.",1300000000,2026-04-13
Quoc Khanh Cao,Becamex Ho Chi Minh City FC,Vietnam,Gel. Serang,0,"Rp434,54Jt.",434540000,2026-04-13
Trung Hau Ha,Becamex Ho Chi Minh City FC,Vietnam,Gel. Serang,23,-,0,2026-04-13
Vi Hao Bui,Becamex Ho Chi Minh City FC,Vietnam,Sayap Kiri,0,"Rp5,21Mlyr.",5210000000,2026-04-13
Tran Viet Cuong Nguyen,Becamex Ho Chi Minh City FC,Vietnam,Sayap Kiri,0,"Rp3,48Mlyr.",3480000000,2026-04-13
Van Anh Nguyen,Becamex Ho Chi Minh City FC,Vietnam,Sayap Kiri,28,"Rp869,08Jt.",869080000,2026-04-13
Thanh Nhan Nguyen,Becamex Ho Chi Minh City FC,Vietnam,Sayap Kanan,16,"Rp1,30Mlyr.",1300000000,2026-04-13
Ugochukwu Oduenyi,Becamex Ho Chi Minh City FC,Vietnam,Depan-Tengah,0,"Rp2,61Mlyr.",2610000000,2026-04-13
Elisha Sam,Becamex Ho Chi Minh City FC,Vietnam,Depan-Tengah,0,"Rp2,17Mlyr.",2170000000,2026-04-13
Minh Binh Le,Becamex Ho Chi Minh City FC,Vietnam,Depan-Tengah,0,"Rp1,30Mlyr.",1300000000,2026-04-13
Tuan Tai Ho,Becamex Ho Chi Minh City FC,Vietnam,Depan-Tengah,18,"Rp869,08Jt.",869080000,2026-04-13
Tony Pham,Becamex Ho Chi Minh City FC,Vietnam,Depan-Tengah,0,-,0,2026-04-13
Nhu Y Nguyen,Becamex Ho Chi Minh City FC,Vietnam,Penyerang,0,-,0,2026-04-13
Caíque,Thep Xanh Nam Dinh FC,Vietnam,Kiper,0,"Rp10,43Mlyr.",10430000000,2026-04-13
Nguyen Manh Tran,Thep Xanh Nam Dinh FC,Vietnam,Kiper,26,"Rp2,61Mlyr.",2610000000,2026-04-13
Vu Phong Le,Thep Xanh Nam Dinh FC,Vietnam,Kiper,23,"Rp434,54Jt.",434540000,2026-04-13
Duc Dung Tran,Thep Xanh Nam Dinh FC,Vietnam,Kiper,29,"Rp434,54Jt.",434540000,2026-04-13
Liem Dieu Tran,Thep Xanh Nam Dinh FC,Vietnam,Kiper,0,"Rp434,54Jt.",434540000,2026-04-13
Van Toi Dang,Thep Xanh Nam Dinh FC,Vietnam,Bek-Tengah,0,"Rp3,91Mlyr.",3910000000,2026-04-13
Lucas,Thep Xanh Nam Dinh FC,Vietnam,Bek-Tengah,0,"Rp3,48Mlyr.",3480000000,2026-04-13
Tuan Duong Giap,Thep Xanh Nam Dinh FC,Vietnam,Bek-Tengah,0,"Rp2,61Mlyr.",2610000000,2026-04-13
Wálber,Thep Xanh Nam Dinh FC,Vietnam,Bek-Tengah,34,"Rp1,74Mlyr.",1740000000,2026-04-13
Thanh Hao Duong,Thep Xanh Nam Dinh FC,Vietnam,Bek-Tengah,0,"Rp1,30Mlyr.",1300000000,2026-04-13
Duc Huy Ngo,Thep Xanh Nam Dinh FC,Vietnam,Bek-Tengah,32,"Rp1,30Mlyr.",1300000000,2026-04-13
Van Thanh Le,Thep Xanh Nam Dinh FC,Vietnam,Bek-Tengah,0,"Rp1,30Mlyr.",1300000000,2026-04-13
Xuan Khai Dinh,Thep Xanh Nam Dinh FC,Vietnam,Bek-Tengah,0,-,0,2026-04-13
Mitchell Dijks,Thep Xanh Nam Dinh FC,Vietnam,Bek-Kiri,24,"Rp8,69Mlyr.",8690000000,2026-04-13
Van Vi Nguyen,Thep Xanh Nam Dinh FC,Vietnam,Bek-Kiri,17,"Rp3,91Mlyr.",3910000000,2026-04-13
Phong Hong Duy Nguyen,Thep Xanh Nam Dinh FC,Vietnam,Bek-Kiri,0,"Rp3,04Mlyr.",3040000000,2026-04-13
Van Kien Tran,Thep Xanh Nam Dinh FC,Vietnam,Bek-Kanan,0,"Rp3,04Mlyr.",3040000000,2026-04-13
Kévin Pham Ba,Thep Xanh Nam Dinh FC,Vietnam,Bek-Kanan,0,"Rp2,61Mlyr.",2610000000,2026-04-13
Dang Duc Anh Tran,Thep Xanh Nam Dinh FC,Vietnam,Bek-Kanan,0,-,0,2026-04-13
Njabulo Blom,Thep Xanh Nam Dinh FC,Vietnam,Gel. Bertahan,0,"Rp13,04Mlyr.",13040000000,2026-04-13
Rômulo,Thep Xanh Nam Dinh FC,Vietnam,Gel. Bertahan,0,"Rp7,82Mlyr.",7820000000,2026-04-13
Van Cong Tran,Thep Xanh Nam Dinh FC,Vietnam,Gel. Bertahan,16,"Rp3,48Mlyr.",3480000000,2026-04-13
Trong Bao Nguyen,Thep Xanh Nam Dinh FC,Vietnam,Gelandang,20,-,0,2026-04-13
Arnaud Lusamba,Thep Xanh Nam Dinh FC,Vietnam,Gel. Tengah,0,"Rp13,91Mlyr.",13910000000,2026-04-13
Caio César,Thep Xanh Nam Dinh FC,Vietnam,Gel. Tengah,0,"Rp9,56Mlyr.",9560000000,2026-04-13
Cong Hoang Anh Ly,Thep Xanh Nam Dinh FC,Vietnam,Gel. Tengah,0,"Rp4,35Mlyr.",4350000000,2026-04-13
Tuan Anh Nguyen,Thep Xanh Nam Dinh FC,Vietnam,Gel. Tengah,0,"Rp3,48Mlyr.",3480000000,2026-04-13
Mit A,Thep Xanh Nam Dinh FC,Vietnam,Gelandang Kanan,0,"Rp2,61Mlyr.",2610000000,2026-04-13
Van Vu To,Thep Xanh Nam Dinh FC,Vietnam,Gelandang Kanan,28,"Rp2,61Mlyr.",2610000000,2026-04-13
Dinh Son Nguyen,Thep Xanh Nam Dinh FC,Vietnam,Gelandang Kanan,0,"Rp869,08Jt.",869080000,2026-04-13
Ngoc Son Tran,Thep Xanh Nam Dinh FC,Vietnam,Gelandang Kiri,27,"Rp1,30Mlyr.",1300000000,2026-04-13
Van Dat Tran,Thep Xanh Nam Dinh FC,Vietnam,Sayap Kiri,19,"Rp2,61Mlyr.",2610000000,2026-04-13
Percy Tau,Thep Xanh Nam Dinh FC,Vietnam,Sayap Kanan,22,"Rp14,77Mlyr.",14770000000,2026-04-13
Van Toan Nguyen,Thep Xanh Nam Dinh FC,Vietnam,Sayap Kanan,0,"Rp4,78Mlyr.",4780000000,2026-04-13
Ti Phong Lam,Thep Xanh Nam Dinh FC,Vietnam,Sayap Kanan,39,"Rp3,48Mlyr.",3480000000,2026-04-13
Chadrac Akolo,Thep Xanh Nam Dinh FC,Vietnam,Depan-Tengah,0,"Rp13,91Mlyr.",13910000000,2026-04-13
Rafaelson,Thep Xanh Nam Dinh FC,Vietnam,Depan-Tengah,0,"Rp10,43Mlyr.",10430000000,2026-04-13
Brenner,Thep Xanh Nam Dinh FC,Vietnam,Depan-Tengah,35,"Rp6,52Mlyr.",6520000000,2026-04-13
Kyle Hudlin,Thep Xanh Nam Dinh FC,Vietnam,Depan-Tengah,37,"Rp3,91Mlyr.",3910000000,2026-04-13
Xuan Hoang Trinh,Dong A Thanh Hoa FC,Vietnam,Kiper,0,"Rp2,17Mlyr.",2170000000,2026-04-13
Y Eli Nie,Dong A Thanh Hoa FC,Vietnam,Kiper,30,"Rp869,08Jt.",869080000,2026-04-13
Anh Tuan Le,Dong A Thanh Hoa FC,Vietnam,Kiper,0,-,0,2026-04-13
Van Loi Trinh,Dong A Thanh Hoa FC,Vietnam,Bek-Tengah,0,"Rp1,74Mlyr.",1740000000,2026-04-13
Dinh Huyen Nguyen,Dong A Thanh Hoa FC,Vietnam,Bek-Tengah,16,"Rp869,08Jt.",869080000,2026-04-13
Van Hung Le,Dong A Thanh Hoa FC,Vietnam,Bek-Tengah,43,"Rp869,08Jt.",869080000,2026-04-13
Xuan Hung Luc,Dong A Thanh Hoa FC,Vietnam,Bek-Tengah,0,"Rp434,54Jt.",434540000,2026-04-13
Minh Doan Huynh,Dong A Thanh Hoa FC,Vietnam,Bek-Kanan,0,"Rp869,08Jt.",869080000,2026-04-13
Ba Tien Nguyen,Dong A Thanh Hoa FC,Vietnam,Bek-Kanan,0,"Rp869,08Jt.",869080000,2026-04-13
Thanh Nam Truong,Dong A Thanh Hoa FC,Vietnam,Bek-Kanan,0,"Rp434,54Jt.",434540000,2026-04-13
Ngoc Ha Doan,Dong A Thanh Hoa FC,Vietnam,Gel. Bertahan,29,"Rp1,30Mlyr.",1300000000,2026-04-13
Odilzhon Abdurakhmanov,Dong A Thanh Hoa FC,Vietnam,Gel. Tengah,0,"Rp4,35Mlyr.",4350000000,2026-04-13
Damoth Thongkhamsavath,Dong A Thanh Hoa FC,Vietnam,Gel. Tengah,22,"Rp2,61Mlyr.",2610000000,2026-04-13
Ngoc Tan Doan,Dong A Thanh Hoa FC,Vietnam,Gel. Tengah,34,"Rp2,17Mlyr.",2170000000,2026-04-13
Matias Belli Moldskred,Dong A Thanh Hoa FC,Vietnam,Gel. Tengah,27,"Rp1,74Mlyr.",1740000000,2026-04-13
Huu Dung Nguyen,Dong A Thanh Hoa FC,Vietnam,Gel. Tengah,18,"Rp434,54Jt.",434540000,2026-04-13
Duc Hoang Ngo,Dong A Thanh Hoa FC,Vietnam,Gel. Tengah,26,"Rp434,54Jt.",434540000,2026-04-13
Quoc Phuong Le,Dong A Thanh Hoa FC,Vietnam,Gelandang Kiri,19,"Rp434,54Jt.",434540000,2026-04-13
Trum Tinh Pham,Dong A Thanh Hoa FC,Vietnam,Gel. Serang,23,"Rp869,08Jt.",869080000,2026-04-13
Ngoc Quy Tran,Dong A Thanh Hoa FC,Vietnam,Gel. Serang,21,-,0,2026-04-13
Ngoc My Nguyen,Dong A Thanh Hoa FC,Vietnam,Sayap Kiri,24,"Rp2,17Mlyr.",2170000000,2026-04-13
Amar Catic,Dong A Thanh Hoa FC,Vietnam,Sayap Kanan,0,"Rp4,35Mlyr.",4350000000,2026-04-13
Van Thang Le,Dong A Thanh Hoa FC,Vietnam,Sayap Kanan,0,"Rp434,54Jt.",434540000,2026-04-13
Rimario Gordon,Dong A Thanh Hoa FC,Vietnam,Depan-Tengah,0,"Rp3,91Mlyr.",3910000000,2026-04-13
Van Tung Nguyen,Dong A Thanh Hoa FC,Vietnam,Penyerang,17,"Rp434,54Jt.",434540000,2026-04-13
Van Hoan Le,Dong A Thanh Hoa FC,Vietnam,Depan-Tengah,0,-,0,2026-04-13
