player_name,team,league_country,position,age,market_value_raw,market_value_est,scraped_date
Teja Paku Alam,PERSIB Bandung,Indonesia,Kiper,0,"Rp4,35Mlyr.",4350000000,2026-03-30
Adam Przybek,PERSIB Bandung,Indonesia,Kiper,0,"Rp1,74Mlyr.",1740000000,2026-03-30
Fitrah Maulana,PERSIB Bandung,Indonesia,Kiper,0,"Rp434,54Jt.",434540000,2026-03-30
Made Wirawan,PERSIB Bandung,Indonesia,Kiper,0,-,0,2026-03-30
Rhaka Syafaka,PERSIB Bandung,Indonesia,Kiper,0,-,0,2026-03-30
Federico Barba,PERSIB Bandung,Indonesia,Bek-Tengah,0,"Rp8,69Mlyr.",8690000000,2026-03-30
Patricio Matricardi,PERSIB Bandung,Indonesia,Bek-Tengah,0,"Rp6,95Mlyr.",6950000000,2026-03-30
Frans Putros,PERSIB Bandung,Indonesia,Bek-Tengah,0,"Rp6,08Mlyr.",6080000000,2026-03-30
Júlio César,PERSIB Bandung,Indonesia,Bek-Tengah,0,"Rp5,21Mlyr.",5210000000,2026-03-30
Kakang Rudianto,PERSIB Bandung,Indonesia,Bek-Tengah,0,"Rp3,91Mlyr.",3910000000,2026-03-30
Achmad Jufriyanto,PERSIB Bandung,Indonesia,Bek-Tengah,16,"Rp173,82Jt.",173820000,2026-03-30
Dion Markx,PERSIB Bandung,Indonesia,Bek-Tengah,44,-,0,2026-03-30
Layvin Kurzawa,PERSIB Bandung,Indonesia,Bek-Kiri,0,"Rp13,04Mlyr.",13040000000,2026-03-30
Kevin Pasha,PERSIB Bandung,Indonesia,Bek-Kanan,0,-,0,2026-03-30
Zulkifli Lukmansyah,PERSIB Bandung,Indonesia,Bek-Kanan,0,-,0,2026-03-30
Thom Haye,PERSIB Bandung,Indonesia,Gel. Bertahan,33,"Rp17,38Mlyr.",17380000000,2026-03-30
Alfeandra Dewangga,PERSIB Bandung,Indonesia,Gel. Bertahan,19,"Rp3,91Mlyr.",3910000000,2026-03-30
Robi Darwis,PERSIB Bandung,Indonesia,Gel. Bertahan,0,"Rp2,61Mlyr.",2610000000,2026-03-30
Dedi Kusnandar,PERSIB Bandung,Indonesia,Gel. Bertahan,0,"Rp1,74Mlyr.",1740000000,2026-03-30
Marc Klok,PERSIB Bandung,Indonesia,Gel. Tengah,23,"Rp6,95Mlyr.",6950000000,2026-03-30
Adam Alis,PERSIB Bandung,Indonesia,Gel. Tengah,18,"Rp4,78Mlyr.",4780000000,2026-03-30
Abdul Aziz,PERSIB Bandung,Indonesia,Gel. Tengah,0,"Rp869,08Jt.",869080000,2026-03-30
Nazriel Alfaro,PERSIB Bandung,Indonesia,Gel. Tengah,0,"Rp434,54Jt.",434540000,2026-03-30
Berguinho,PERSIB Bandung,Indonesia,Gel. Serang,0,"Rp4,35Mlyr.",4350000000,2026-03-30
Luciano Guaycochea,PERSIB Bandung,Indonesia,Gel. Serang,0,"Rp3,91Mlyr.",3910000000,2026-03-30
Saddil Ramdani,PERSIB Bandung,Indonesia,Sayap Kiri,0,"Rp5,65Mlyr.",5650000000,2026-03-30
Eliano Reijnders,PERSIB Bandung,Indonesia,Sayap Kanan,0,"Rp10,43Mlyr.",10430000000,2026-03-30
Beckham Putra,PERSIB Bandung,Indonesia,Sayap Kanan,0,"Rp6,08Mlyr.",6080000000,2026-03-30
Athaya Zahran,PERSIB Bandung,Indonesia,Sayap Kanan,36,-,0,2026-03-30
Andrew Jung,PERSIB Bandung,Indonesia,Depan-Tengah,0,"Rp8,69Mlyr.",8690000000,2026-03-30
Sergio Castel,PERSIB Bandung,Indonesia,Depan-Tengah,17,"Rp7,82Mlyr.",7820000000,2026-03-30
Uilliam,PERSIB Bandung,Indonesia,Depan-Tengah,0,"Rp4,35Mlyr.",4350000000,2026-03-30
Ramon Tanque,PERSIB Bandung,Indonesia,Depan-Tengah,0,"Rp3,91Mlyr.",3910000000,2026-03-30
Sonny Stevens,Dewa United Banten FC,Indonesia,Kiper,0,"Rp5,21Mlyr.",5210000000,2026-03-30
Muhammad Natshir,Dewa United Banten FC,Indonesia,Kiper,0,"Rp1,30Mlyr.",1300000000,2026-03-30
Yofandani Pranata,Dewa United Banten FC,Indonesia,Kiper,0,"Rp434,54Jt.",434540000,2026-03-30
Dafa Al Gasemi,Dewa United Banten FC,Indonesia,Kiper,31,-,0,2026-03-30
Tores Khadafi,Dewa United Banten FC,Indonesia,Bek,40,-,0,2026-03-30
Damion Lowe,Dewa United Banten FC,Indonesia,Bek-Tengah,17,"Rp5,21Mlyr.",5210000000,2026-03-30
Nick Kuipers,Dewa United Banten FC,Indonesia,Bek-Tengah,0,"Rp4,35Mlyr.",4350000000,2026-03-30
Wahyu Prasetyo,Dewa United Banten FC,Indonesia,Bek-Tengah,0,"Rp4,35Mlyr.",4350000000,2026-03-30
Brian Fatari,Dewa United Banten FC,Indonesia,Bek-Tengah,0,"Rp2,17Mlyr.",2170000000,2026-03-30
Edo Febriansyah,Dewa United Banten FC,Indonesia,Bek-Kiri,0,"Rp4,78Mlyr.",4780000000,2026-03-30
Alta Ballah,Dewa United Banten FC,Indonesia,Bek-Kiri,37,"Rp3,91Mlyr.",3910000000,2026-03-30
Johnathan,Dewa United Banten FC,Indonesia,Bek-Kanan,0,"Rp6,08Mlyr.",6080000000,2026-03-30
Ady Setiawan,Dewa United Banten FC,Indonesia,Bek-Kanan,23,"Rp1,74Mlyr.",1740000000,2026-03-30
Rizdjar Nurviat,Dewa United Banten FC,Indonesia,Bek-Kanan,0,"Rp1,30Mlyr.",1300000000,2026-03-30
Theo Numberi,Dewa United Banten FC,Indonesia,Gel. Bertahan,0,"Rp1,30Mlyr.",1300000000,2026-03-30
Tristan Ibrahim,Dewa United Banten FC,Indonesia,Gel. Bertahan,33,-,0,2026-03-30
Alexis Messidoro,Dewa United Banten FC,Indonesia,Gel. Tengah,28,"Rp6,95Mlyr.",6950000000,2026-03-30
Jajá,Dewa United Banten FC,Indonesia,Gel. Tengah,0,"Rp6,52Mlyr.",6520000000,2026-03-30
Ivar Jenner,Dewa United Banten FC,Indonesia,Gel. Tengah,18,"Rp5,21Mlyr.",5210000000,2026-03-30
Kafiatur Rizky,Dewa United Banten FC,Indonesia,Gel. Tengah,16,"Rp434,54Jt.",434540000,2026-03-30
Ricky Kambuaya,Dewa United Banten FC,Indonesia,Gel. Serang,19,"Rp5,65Mlyr.",5650000000,2026-03-30
Rangga Muslim,Dewa United Banten FC,Indonesia,Gel. Serang,0,"Rp869,08Jt.",869080000,2026-03-30
Noah Sadaoui,Dewa United Banten FC,Indonesia,Sayap Kiri,0,"Rp10,43Mlyr.",10430000000,2026-03-30
Taisei Marukawa,Dewa United Banten FC,Indonesia,Sayap Kiri,0,"Rp5,21Mlyr.",5210000000,2026-03-30
Stefano Lilipaly,Dewa United Banten FC,Indonesia,Sayap Kiri,0,"Rp3,48Mlyr.",3480000000,2026-03-30
Rafael Struick,Dewa United Banten FC,Indonesia,Sayap Kiri,27,"Rp2,61Mlyr.",2610000000,2026-03-30
Egy Maulana Vikri,Dewa United Banten FC,Indonesia,Sayap Kanan,0,"Rp5,65Mlyr.",5650000000,2026-03-30
Vico Duarte,Dewa United Banten FC,Indonesia,Sayap Kanan,0,"Rp1,74Mlyr.",1740000000,2026-03-30
Alex Martins,Dewa United Banten FC,Indonesia,Depan-Tengah,39,"Rp5,65Mlyr.",5650000000,2026-03-30
Kodai Tanaka,Dewa United Banten FC,Indonesia,Depan-Tengah,0,"Rp3,91Mlyr.",3910000000,2026-03-30
Nadeo Argawinata,Borneo FC Samarinda,Indonesia,Kiper,0,"Rp6,95Mlyr.",6950000000,2026-03-30
Syahrul Trisna,Borneo FC Samarinda,Indonesia,Kiper,30,"Rp2,61Mlyr.",2610000000,2026-03-30
Daffa Fasya,Borneo FC Samarinda,Indonesia,Kiper,0,"Rp1,74Mlyr.",1740000000,2026-03-30
Andhika Setiawan,Borneo FC Samarinda,Indonesia,Kiper,27,-,0,2026-03-30
Risnanda Rafa,Borneo FC Samarinda,Indonesia,Kiper,0,-,0,2026-03-30
Cleylton,Borneo FC Samarinda,Indonesia,Bek-Tengah,0,"Rp3,91Mlyr.",3910000000,2026-03-30
Komang Teguh,Borneo FC Samarinda,Indonesia,Bek-Tengah,16,"Rp3,48Mlyr.",3480000000,2026-03-30
Mohammad Al-Husseini,Borneo FC Samarinda,Indonesia,Bek-Tengah,0,"Rp3,04Mlyr.",3040000000,2026-03-30
Caxambu,Borneo FC Samarinda,Indonesia,Bek-Kiri,23,"Rp4,35Mlyr.",4350000000,2026-03-30
Ardi Idrus,Borneo FC Samarinda,Indonesia,Bek-Kiri,0,"Rp2,61Mlyr.",2610000000,2026-03-30
Rayhan Utina,Borneo FC Samarinda,Indonesia,Bek-Kiri,0,"Rp869,08Jt.",869080000,2026-03-30
Alfharezzi Buffon,Borneo FC Samarinda,Indonesia,Bek-Kanan,0,"Rp1,30Mlyr.",1300000000,2026-03-30
Diego Michiels,Borneo FC Samarinda,Indonesia,Bek-Kanan,24,"Rp869,08Jt.",869080000,2026-03-30
Dika Kuswardani,Borneo FC Samarinda,Indonesia,Bek-Kanan,0,"Rp434,54Jt.",434540000,2026-03-30
Christophe Nduwarugira,Borneo FC Samarinda,Indonesia,Gel. Bertahan,22,"Rp6,08Mlyr.",6080000000,2026-03-30
Rivaldo Pakpahan,Borneo FC Samarinda,Indonesia,Gel. Bertahan,0,"Rp3,04Mlyr.",3040000000,2026-03-30
Ahmad Agung,Borneo FC Samarinda,Indonesia,Gel. Bertahan,0,"Rp1,30Mlyr.",1300000000,2026-03-30
Kei Hirose,Borneo FC Samarinda,Indonesia,Gel. Tengah,0,"Rp6,95Mlyr.",6950000000,2026-03-30
Mohammad Anez,Borneo FC Samarinda,Indonesia,Gel. Tengah,0,"Rp6,08Mlyr.",6080000000,2026-03-30
Juan Felipe Villa,Borneo FC Samarinda,Indonesia,Gel. Serang,20,"Rp8,69Mlyr.",8690000000,2026-03-30
Marcos Astina,Borneo FC Samarinda,Indonesia,Gel. Serang,0,"Rp4,35Mlyr.",4350000000,2026-03-30
Ikhsanul Zikrak,Borneo FC Samarinda,Indonesia,Gel. Serang,0,"Rp1,30Mlyr.",1300000000,2026-03-30
Dwiky Hardiansyah,Borneo FC Samarinda,Indonesia,Gel. Serang,0,"Rp1,30Mlyr.",1300000000,2026-03-30
Tegar Islami,Borneo FC Samarinda,Indonesia,Gel. Serang,0,-,0,2026-03-30
Muhammad Sihran,Borneo FC Samarinda,Indonesia,Sayap Kiri,0,"Rp3,91Mlyr.",3910000000,2026-03-30
Redzuan Fachgi,Borneo FC Samarinda,Indonesia,Sayap Kiri,0,"Rp173,82Jt.",173820000,2026-03-30
Kaio Nunes,Borneo FC Samarinda,Indonesia,Sayap Kiri,0,-,0,2026-03-30
Mariano Peralta,Borneo FC Samarinda,Indonesia,Sayap Kanan,0,"Rp10,43Mlyr.",10430000000,2026-03-30
Reyki Fariz,Borneo FC Samarinda,Indonesia,Sayap Kanan,25,"Rp1,30Mlyr.",1300000000,2026-03-30
Koldo Obieta,Borneo FC Samarinda,Indonesia,Depan-Tengah,0,"Rp2,61Mlyr.",2610000000,2026-03-30
Mohammad Khanafi,Borneo FC Samarinda,Indonesia,Depan-Tengah,0,"Rp1,74Mlyr.",1740000000,2026-03-30
Habibi Jusuf,Borneo FC Samarinda,Indonesia,Depan-Tengah,0,"Rp1,30Mlyr.",1300000000,2026-03-30
Ousmane Camara,Borneo FC Samarinda,Indonesia,Depan-Tengah,19,-,0,2026-03-30
Dika Nurdiansyah,Borneo FC Samarinda,Indonesia,Depan-Tengah,0,-,0,2026-03-30
Sendri Johansah,Persijap Jepara,Indonesia,Kiper,20,"Rp1,30Mlyr.",1300000000,2026-03-30
Ardiansyah,Persijap Jepara,Indonesia,Kiper,0,"Rp869,08Jt.",869080000,2026-03-30
Sheva Sanggasi,Persijap Jepara,Indonesia,Kiper,0,"Rp434,54Jt.",434540000,2026-03-30
Raufa Aghastya,Persijap Jepara,Indonesia,Kiper,22,-,0,2026-03-30
Tiri,Persijap Jepara,Indonesia,Bek-Tengah,0,"Rp3,48Mlyr.",3480000000,2026-03-30
Diogo Brito,Persijap Jepara,Indonesia,Bek-Tengah,26,"Rp3,04Mlyr.",3040000000,2026-03-30
Akbar Arjunsyah,Persijap Jepara,Indonesia,Bek-Tengah,16,"Rp869,08Jt.",869080000,2026-03-30
Firman Ramadhan,Persijap Jepara,Indonesia,Bek-Kiri,17,"Rp869,08Jt.",869080000,2026-03-30
Buyung Ismu,Persijap Jepara,Indonesia,Bek-Kiri,0,"Rp869,08Jt.",869080000,2026-03-30
Rahmat Hidayat,Persijap Jepara,Indonesia,Bek-Kanan,0,"Rp1,74Mlyr.",1740000000,2026-03-30
Aly Ndom,Persijap Jepara,Indonesia,Gel. Bertahan,0,"Rp3,04Mlyr.",3040000000,2026-03-30
Wahyudi Hamisi,Persijap Jepara,Indonesia,Gel. Bertahan,33,"Rp2,17Mlyr.",2170000000,2026-03-30
Restu Akbar,Persijap Jepara,Indonesia,Gel. Bertahan,23,"Rp869,08Jt.",869080000,2026-03-30
Zahran Alamsah,Persijap Jepara,Indonesia,Gel. Bertahan,37,"Rp434,54Jt.",434540000,2026-03-30
Heriansyah Yan,Persijap Jepara,Indonesia,Gel. Bertahan,0,-,0,2026-03-30
Borja Martínez,Persijap Jepara,Indonesia,Gel. Tengah,0,"Rp4,78Mlyr.",4780000000,2026-03-30
Felix Marcelino,Persijap Jepara,Indonesia,Gel. Tengah,27,-,0,2026-03-30
Borja Herrera,Persijap Jepara,Indonesia,Gel. Serang,0,"Rp4,78Mlyr.",4780000000,2026-03-30
Alexis Gómez,Persijap Jepara,Indonesia,Gel. Serang,32,"Rp4,35Mlyr.",4350000000,2026-03-30
Adzikry Fadlillah,Persijap Jepara,Indonesia,Gel. Serang,0,"Rp1,30Mlyr.",1300000000,2026-03-30
Morelatto,Persijap Jepara,Indonesia,Gel. Serang,0,-,0,2026-03-30
Iker Guarrotxena,Persijap Jepara,Indonesia,Sayap Kiri,34,"Rp5,65Mlyr.",5650000000,2026-03-30
Indra Arya,Persijap Jepara,Indonesia,Sayap Kiri,0,"Rp2,17Mlyr.",2170000000,2026-03-30
Ardi Ardiana,Persijap Jepara,Indonesia,Sayap Kiri,19,"Rp869,08Jt.",869080000,2026-03-30
Najeeb Yakubu,Persijap Jepara,Indonesia,Sayap Kanan,0,"Rp6,08Mlyr.",6080000000,2026-03-30
Dicky Kurniawan,Persijap Jepara,Indonesia,Sayap Kanan,0,"Rp1,74Mlyr.",1740000000,2026-03-30
Ambrizal Umanailo,Persijap Jepara,Indonesia,Sayap Kanan,0,"Rp1,30Mlyr.",1300000000,2026-03-30
Rendi Saepul,Persijap Jepara,Indonesia,Sayap Kanan,21,"Rp869,08Jt.",869080000,2026-03-30
Prince Kallon,Persijap Jepara,Indonesia,Sayap Kanan,0,"Rp869,08Jt.",869080000,2026-03-30
Seva Setiadi,Persijap Jepara,Indonesia,Sayap Kanan,0,-,0,2026-03-30
Carlos França,Persijap Jepara,Indonesia,Depan-Tengah,0,"Rp6,95Mlyr.",6950000000,2026-03-30
Abdallah Sudi,Persijap Jepara,Indonesia,Depan-Tengah,0,"Rp2,17Mlyr.",2170000000,2026-03-30
Raia Irvanza,Persijap Jepara,Indonesia,Depan-Tengah,29,-,0,2026-03-30
Aqil Savik,Bhayangkara Presisi Lampung FC,Indonesia,Kiper,0,"Rp2,61Mlyr.",2610000000,2026-03-30
Awan Setho,Bhayangkara Presisi Lampung FC,Indonesia,Kiper,0,"Rp2,61Mlyr.",2610000000,2026-03-30
Rakasurya Handika,Bhayangkara Presisi Lampung FC,Indonesia,Kiper,29,"Rp869,08Jt.",869080000,2026-03-30
Sultan Jabbar,Bhayangkara Presisi Lampung FC,Indonesia,Kiper,0,-,0,2026-03-30
Muhammad Ferarri,Bhayangkara Presisi Lampung FC,Indonesia,Bek-Tengah,41,"Rp4,78Mlyr.",4780000000,2026-03-30
Slavko Damjanovic,Bhayangkara Presisi Lampung FC,Indonesia,Bek-Tengah,0,"Rp3,91Mlyr.",3910000000,2026-03-30
Nehar Sadiki,Bhayangkara Presisi Lampung FC,Indonesia,Bek-Tengah,0,"Rp3,48Mlyr.",3480000000,2026-03-30
Léo,Bhayangkara Presisi Lampung FC,Indonesia,Bek-Tengah,0,"Rp2,61Mlyr.",2610000000,2026-03-30
Rahmat Syawal,Bhayangkara Presisi Lampung FC,Indonesia,Bek-Tengah,0,"Rp869,08Jt.",869080000,2026-03-30
Ferre Murari,Bhayangkara Presisi Lampung FC,Indonesia,Bek-Tengah,26,"Rp173,82Jt.",173820000,2026-03-30
Firza Andika,Bhayangkara Presisi Lampung FC,Indonesia,Bek-Kiri,0,"Rp4,35Mlyr.",4350000000,2026-03-30
Alan Cardoso,Bhayangkara Presisi Lampung FC,Indonesia,Bek-Kiri,0,"Rp3,91Mlyr.",3910000000,2026-03-30
Frengky Missa,Bhayangkara Presisi Lampung FC,Indonesia,Bek-Kiri,0,"Rp2,17Mlyr.",2170000000,2026-03-30
Putu Gede,Bhayangkara Presisi Lampung FC,Indonesia,Bek-Kanan,0,"Rp3,48Mlyr.",3480000000,2026-03-30
Moisés Gaúcho,Bhayangkara Presisi Lampung FC,Indonesia,Gel. Bertahan,0,"Rp3,48Mlyr.",3480000000,2026-03-30
Evandra Florasta,Bhayangkara Presisi Lampung FC,Indonesia,Gel. Bertahan,25,-,0,2026-03-30
Christian Ilic,Bhayangkara Presisi Lampung FC,Indonesia,Gel. Tengah,0,"Rp6,08Mlyr.",6080000000,2026-03-30
TM Ichsan,Bhayangkara Presisi Lampung FC,Indonesia,Gel. Tengah,19,"Rp1,30Mlyr.",1300000000,2026-03-30
Ryo Matsumura,Bhayangkara Presisi Lampung FC,Indonesia,Gel. Serang,0,"Rp5,21Mlyr.",5210000000,2026-03-30
Wahyu Subo Seto,Bhayangkara Presisi Lampung FC,Indonesia,Gel. Serang,23,"Rp1,74Mlyr.",1740000000,2026-03-30
Da-bin Ji,Bhayangkara Presisi Lampung FC,Indonesia,Gel. Serang,0,-,0,2026-03-30
Sho Yamamoto,Bhayangkara Presisi Lampung FC,Indonesia,Sayap Kiri,0,"Rp4,35Mlyr.",4350000000,2026-03-30
Sani Rizki,Bhayangkara Presisi Lampung FC,Indonesia,Sayap Kiri,20,"Rp2,61Mlyr.",2610000000,2026-03-30
Ginanjar Wahyu,Bhayangkara Presisi Lampung FC,Indonesia,Sayap Kiri,0,"Rp869,08Jt.",869080000,2026-03-30
Fadly Alberto,Bhayangkara Presisi Lampung FC,Indonesia,Sayap Kiri,24,-,0,2026-03-30
Moussa Sidibé,Bhayangkara Presisi Lampung FC,Indonesia,Sayap Kanan,17,"Rp4,78Mlyr.",4780000000,2026-03-30
Privat Mbarga,Bhayangkara Presisi Lampung FC,Indonesia,Sayap Kanan,37,"Rp4,35Mlyr.",4350000000,2026-03-30
Ryan Kurnia,Bhayangkara Presisi Lampung FC,Indonesia,Sayap Kanan,0,"Rp3,04Mlyr.",3040000000,2026-03-30
Fareed Sadat,Bhayangkara Presisi Lampung FC,Indonesia,Depan-Tengah,16,"Rp3,48Mlyr.",3480000000,2026-03-30
Dendy Sulistyawan,Bhayangkara Presisi Lampung FC,Indonesia,Depan-Tengah,22,"Rp3,04Mlyr.",3040000000,2026-03-30
Henri Doumbia,Bhayangkara Presisi Lampung FC,Indonesia,Depan-Tengah,0,"Rp1,74Mlyr.",1740000000,2026-03-30
Ilija Spasojević,Bhayangkara Presisi Lampung FC,Indonesia,Depan-Tengah,0,"Rp1,30Mlyr.",1300000000,2026-03-30
Saugix Baaqil,Bhayangkara Presisi Lampung FC,Indonesia,Depan-Tengah,0,-,0,2026-03-30
Adi Satryo,Arema FC,Indonesia,Kiper,30,"Rp3,91Mlyr.",3910000000,2026-03-30
Gianluca Pandeynuwu,Arema FC,Indonesia,Kiper,18,"Rp2,61Mlyr.",2610000000,2026-03-30
Lucas Frigeri,Arema FC,Indonesia,Kiper,31,"Rp869,08Jt.",869080000,2026-03-30
Andrian Casvari,Arema FC,Indonesia,Kiper,0,"Rp173,82Jt.",173820000,2026-03-30
Hansamu Yama,Arema FC,Indonesia,Bek-Tengah,0,"Rp2,61Mlyr.",2610000000,2026-03-30
Luiz Gustavo,Arema FC,Indonesia,Bek-Tengah,26,"Rp2,17Mlyr.",2170000000,2026-03-30
Anwar Rifai,Arema FC,Indonesia,Bek-Tengah,23,"Rp1,30Mlyr.",1300000000,2026-03-30
Walisson Maia,Arema FC,Indonesia,Bek-Tengah,0,"Rp434,54Jt.",434540000,2026-03-30
Leo Guntara,Arema FC,Indonesia,Bek-Kiri,0,"Rp3,48Mlyr.",3480000000,2026-03-30
Iksan Lestaluhu,Arema FC,Indonesia,Bek-Kiri,0,"Rp1,30Mlyr.",1300000000,2026-03-30
Johan Alfarizi,Arema FC,Indonesia,Bek-Kiri,0,"Rp173,82Jt.",173820000,2026-03-30
Rio Fahmi,Arema FC,Indonesia,Bek-Kanan,0,"Rp5,21Mlyr.",5210000000,2026-03-30
Achmad Maulana,Arema FC,Indonesia,Bek-Kanan,19,"Rp3,04Mlyr.",3040000000,2026-03-30
Rifad Marasabessy,Arema FC,Indonesia,Bek-Kanan,0,"Rp1,74Mlyr.",1740000000,2026-03-30
Bayu Setiawan,Arema FC,Indonesia,Bek-Kanan,0,"Rp1,30Mlyr.",1300000000,2026-03-30
Matheus Blade,Arema FC,Indonesia,Gel. Bertahan,25,"Rp3,04Mlyr.",3040000000,2026-03-30
Betinho,Arema FC,Indonesia,Gel. Bertahan,28,"Rp1,74Mlyr.",1740000000,2026-03-30
Pablo Oliveira,Arema FC,Indonesia,Gel. Bertahan,32,"Rp1,74Mlyr.",1740000000,2026-03-30
Jayus Hariono,Arema FC,Indonesia,Gel. Bertahan,0,"Rp1,30Mlyr.",1300000000,2026-03-30
Aswin,Arema FC,Indonesia,Gel. Bertahan,22,-,0,2026-03-30
Arkhan Fikri,Arema FC,Indonesia,Gel. Tengah,0,"Rp4,78Mlyr.",4780000000,2026-03-30
Julián Guevara,Arema FC,Indonesia,Gel. Tengah,0,"Rp2,17Mlyr.",2170000000,2026-03-30
Samuel Balinsa,Arema FC,Indonesia,Gel. Tengah,0,"Rp1,30Mlyr.",1300000000,2026-03-30
Gustavo França,Arema FC,Indonesia,Gel. Serang,0,"Rp4,78Mlyr.",4780000000,2026-03-30
Valdeci,Arema FC,Indonesia,Gel. Serang,0,"Rp4,35Mlyr.",4350000000,2026-03-30
Gabriel Silva,Arema FC,Indonesia,Sayap Kiri,0,"Rp3,91Mlyr.",3910000000,2026-03-30
Salim Tuharea,Arema FC,Indonesia,Sayap Kanan,0,"Rp2,17Mlyr.",2170000000,2026-03-30
Dwiki Mardiyanto,Arema FC,Indonesia,Sayap Kanan,17,"Rp1,30Mlyr.",1300000000,2026-03-30
Fikri Arjidan,Arema FC,Indonesia,Sayap Kanan,0,"Rp434,54Jt.",434540000,2026-03-30
Dendi Santoso,Arema FC,Indonesia,Sayap Kanan,41,"Rp434,54Jt.",434540000,2026-03-30
Dalberto,Arema FC,Indonesia,Depan-Tengah,0,"Rp5,21Mlyr.",5210000000,2026-03-30
Joel Vinícius,Arema FC,Indonesia,Depan-Tengah,0,"Rp2,61Mlyr.",2610000000,2026-03-30
Dedik Setiawan,Arema FC,Indonesia,Depan-Tengah,27,"Rp2,17Mlyr.",2170000000,2026-03-30
Razzaa Fachrezi,Arema FC,Indonesia,Depan-Tengah,20,-,0,2026-03-30
Agusti Ardiansyah,Arema FC,Indonesia,Depan-Tengah,16,-,0,2026-03-30
Dimas Aryaguna,Arema FC,Indonesia,Depan-Tengah,0,-,0,2026-03-30
Miswar Saputra,Madura United FC,Indonesia,Kiper,30,"Rp1,74Mlyr.",1740000000,2026-03-30
Mochammad Diky,Madura United FC,Indonesia,Kiper,21,"Rp1,30Mlyr.",1300000000,2026-03-30
Satrio Azhar,Madura United FC,Indonesia,Kiper,27,"Rp434,54Jt.",434540000,2026-03-30
Adhitya Harlan,Madura United FC,Indonesia,Kiper,26,"Rp173,82Jt.",173820000,2026-03-30
Rendy Razzaqu,Madura United FC,Indonesia,Kiper,0,-,0,2026-03-30
Ruxi,Madura United FC,Indonesia,Bek-Tengah,0,"Rp5,21Mlyr.",5210000000,2026-03-30
Pedro Monteiro,Madura United FC,Indonesia,Bek-Tengah,0,"Rp4,35Mlyr.",4350000000,2026-03-30
Ahmad Rusadi,Madura United FC,Indonesia,Bek-Tengah,0,"Rp1,74Mlyr.",1740000000,2026-03-30
Mendonça,Madura United FC,Indonesia,Bek-Tengah,0,"Rp1,74Mlyr.",1740000000,2026-03-30
Nurdiansyah,Madura United FC,Indonesia,Bek-Tengah,44,"Rp1,30Mlyr.",1300000000,2026-03-30
Taufik Hidayat,Madura United FC,Indonesia,Bek-Kiri,0,"Rp1,74Mlyr.",1740000000,2026-03-30
Novan Sasongko,Madura United FC,Indonesia,Bek-Kiri,0,"Rp173,82Jt.",173820000,2026-03-30
Giovani Numberi,Madura United FC,Indonesia,Bek-Kanan,0,"Rp2,17Mlyr.",2170000000,2026-03-30
Ferian Rizki,Madura United FC,Indonesia,Bek-Kanan,0,"Rp1,74Mlyr.",1740000000,2026-03-30
Kartika Vedhayanto,Madura United FC,Indonesia,Bek-Kanan,28,"Rp869,08Jt.",869080000,2026-03-30
Kerim Palic,Madura United FC,Indonesia,Gel. Bertahan,0,"Rp3,04Mlyr.",3040000000,2026-03-30
Ilhamsyah,Madura United FC,Indonesia,Gel. Bertahan,36,"Rp1,30Mlyr.",1300000000,2026-03-30
Jordy Wehrmann,Madura United FC,Indonesia,Gel. Tengah,0,"Rp5,65Mlyr.",5650000000,2026-03-30
Paulo Sitanggang,Madura United FC,Indonesia,Gel. Tengah,17,"Rp2,17Mlyr.",2170000000,2026-03-30
Emerson Souza,Madura United FC,Indonesia,Gel. Tengah,23,"Rp1,74Mlyr.",1740000000,2026-03-30
Iran Júnior,Madura United FC,Indonesia,Gel. Serang,0,"Rp3,91Mlyr.",3910000000,2026-03-30
Taufany Muslihuddin,Madura United FC,Indonesia,Gel. Serang,24,"Rp2,17Mlyr.",2170000000,2026-03-30
Lulinha,Madura United FC,Indonesia,Sayap Kiri,0,"Rp2,17Mlyr.",2170000000,2026-03-30
Riski Afrisal,Madura United FC,Indonesia,Sayap Kiri,25,"Rp1,30Mlyr.",1300000000,2026-03-30
Fransiskus Alesandro,Madura United FC,Indonesia,Sayap Kiri,0,"Rp1,30Mlyr.",1300000000,2026-03-30
Jasey Wehrmann,Madura United FC,Indonesia,Sayap Kiri,37,-,0,2026-03-30
Ahmad Nufiandani,Madura United FC,Indonesia,Sayap Kanan,0,"Rp2,61Mlyr.",2610000000,2026-03-30
Arsan Makarin,Madura United FC,Indonesia,Sayap Kanan,0,"Rp869,08Jt.",869080000,2026-03-30
Riquelme,Madura United FC,Indonesia,Depan-Tengah,19,"Rp6,08Mlyr.",6080000000,2026-03-30
Aji Kusuma,Madura United FC,Indonesia,Depan-Tengah,0,"Rp1,74Mlyr.",1740000000,2026-03-30
Yuda Editya Pratama,Madura United FC,Indonesia,Depan-Tengah,31,"Rp434,54Jt.",434540000,2026-03-30
Aldo Maulidino,Madura United FC,Indonesia,Depan-Tengah,0,"Rp434,54Jt.",434540000,2026-03-30
Junior Brandão,Madura United FC,Indonesia,Depan-Tengah,0,-,0,2026-03-30
Husna Al Malik,Persik Kediri,Indonesia,Kiper,33,"Rp2,17Mlyr.",2170000000,2026-03-30
Rizqi Abhirama,Persik Kediri,Indonesia,Kiper,27,"Rp869,08Jt.",869080000,2026-03-30
Zidane Afreza,Persik Kediri,Indonesia,Kiper,0,-,0,2026-03-30
Kiko,Persik Kediri,Indonesia,Bek-Tengah,0,"Rp3,91Mlyr.",3910000000,2026-03-30
Hamra Hehanussa,Persik Kediri,Indonesia,Bek-Tengah,16,"Rp3,48Mlyr.",3480000000,2026-03-30
Chechu Meneses,Persik Kediri,Indonesia,Bek-Tengah,0,"Rp3,48Mlyr.",3480000000,2026-03-30
Mario Yagalo,Persik Kediri,Indonesia,Bek-Tengah,42,"Rp1,30Mlyr.",1300000000,2026-03-30
Muhamad Firly,Persik Kediri,Indonesia,Bek-Tengah,0,"Rp1,30Mlyr.",1300000000,2026-03-30
Rezaldi Hehanussa,Persik Kediri,Indonesia,Bek-Kiri,0,"Rp2,61Mlyr.",2610000000,2026-03-30
Yoga Adiatama,Persik Kediri,Indonesia,Bek-Kiri,24,"Rp1,74Mlyr.",1740000000,2026-03-30
Henhen Herdiana,Persik Kediri,Indonesia,Bek-Kanan,22,"Rp2,61Mlyr.",2610000000,2026-03-30
Novri Setiawan,Persik Kediri,Indonesia,Bek-Kanan,25,"Rp2,17Mlyr.",2170000000,2026-03-30
Gavin Kwan,Persik Kediri,Indonesia,Bek-Kanan,18,"Rp1,30Mlyr.",1300000000,2026-03-30
Imanol García,Persik Kediri,Indonesia,Gel. Tengah,0,"Rp5,21Mlyr.",5210000000,2026-03-30
Bayu Otto,Persik Kediri,Indonesia,Gel. Tengah,0,"Rp3,48Mlyr.",3480000000,2026-03-30
Syahrian Abimanyu,Persik Kediri,Indonesia,Gel. Tengah,17,"Rp2,61Mlyr.",2610000000,2026-03-30
Telmo Castanheira,Persik Kediri,Indonesia,Gel. Tengah,0,"Rp1,74Mlyr.",1740000000,2026-03-30
Adi Eko,Persik Kediri,Indonesia,Gel. Tengah,0,"Rp1,30Mlyr.",1300000000,2026-03-30
Adrián Luna,Persik Kediri,Indonesia,Gel. Serang,0,"Rp10,43Mlyr.",10430000000,2026-03-30
Jon Toral,Persik Kediri,Indonesia,Gel. Serang,0,"Rp8,69Mlyr.",8690000000,2026-03-30
Rifqi Ray,Persik Kediri,Indonesia,Gel. Serang,0,"Rp1,30Mlyr.",1300000000,2026-03-30
Ezra Walian,Persik Kediri,Indonesia,Sayap Kiri,0,"Rp6,08Mlyr.",6080000000,2026-03-30
Rendy Sanjaya,Persik Kediri,Indonesia,Sayap Kiri,19,"Rp869,08Jt.",869080000,2026-03-30
Wigi Pratama,Persik Kediri,Indonesia,Sayap Kiri,37,"Rp869,08Jt.",869080000,2026-03-30
Faris Aditama,Persik Kediri,Indonesia,Sayap Kiri,0,"Rp173,82Jt.",173820000,2026-03-30
Ernesto Gómez,Persik Kediri,Indonesia,Sayap Kanan,0,"Rp3,48Mlyr.",3480000000,2026-03-30
Irkham Mila,Persik Kediri,Indonesia,Sayap Kanan,29,"Rp1,74Mlyr.",1740000000,2026-03-30
Supriadi,Persik Kediri,Indonesia,Sayap Kanan,23,"Rp1,30Mlyr.",1300000000,2026-03-30
José Enrique,Persik Kediri,Indonesia,Depan-Tengah,21,"Rp4,35Mlyr.",4350000000,2026-03-30
Rodrigo Dias,Persik Kediri,Indonesia,Depan-Tengah,0,"Rp3,48Mlyr.",3480000000,2026-03-30
Yandi Sofyan,Persik Kediri,Indonesia,Depan-Tengah,0,"Rp1,30Mlyr.",1300000000,2026-03-30
Kadú,PSBS Biak,Indonesia,Kiper,41,"Rp2,17Mlyr.",2170000000,2026-03-30
Andika Wisnu,PSBS Biak,Indonesia,Kiper,35,"Rp434,54Jt.",434540000,2026-03-30
Dimas Galih,PSBS Biak,Indonesia,Kiper,0,"Rp434,54Jt.",434540000,2026-03-30
Juan Madjar,PSBS Biak,Indonesia,Kiper,0,-,0,2026-03-30
Sandro Embaló,PSBS Biak,Indonesia,Bek-Tengah,0,"Rp3,48Mlyr.",3480000000,2026-03-30
Myung-hyun Hwang,PSBS Biak,Indonesia,Bek-Tengah,0,"Rp1,74Mlyr.",1740000000,2026-03-30
Nurhidayat,PSBS Biak,Indonesia,Bek-Tengah,0,"Rp1,74Mlyr.",1740000000,2026-03-30
Arif Budiyono,PSBS Biak,Indonesia,Bek-Tengah,0,"Rp869,08Jt.",869080000,2026-03-30
Hadi Ardiansyah,PSBS Biak,Indonesia,Bek-Tengah,0,"Rp434,54Jt.",434540000,2026-03-30
Iqbal Hadi,PSBS Biak,Indonesia,Bek-Tengah,0,"Rp434,54Jt.",434540000,2026-03-30
Pablo Andrade,PSBS Biak,Indonesia,Bek-Kiri,33,"Rp2,61Mlyr.",2610000000,2026-03-30
Urbanus Lasol,PSBS Biak,Indonesia,Bek-Kiri,0,"Rp869,08Jt.",869080000,2026-03-30
Moses Madjar,PSBS Biak,Indonesia,Bek-Kiri,44,"Rp434,54Jt.",434540000,2026-03-30
Patrias Rumere,PSBS Biak,Indonesia,Bek-Kiri,32,-,0,2026-03-30
Ians Rumbewas,PSBS Biak,Indonesia,Bek-Kiri,0,-,0,2026-03-30
Lucky Oktavianto,PSBS Biak,Indonesia,Bek-Kanan,23,"Rp1,30Mlyr.",1300000000,2026-03-30
George Brown,PSBS Biak,Indonesia,Bek-Kanan,26,"Rp1,30Mlyr.",1300000000,2026-03-30
Claudio Olivera,PSBS Biak,Indonesia,Bek-Kanan,28,-,0,2026-03-30
Kevin Lopez,PSBS Biak,Indonesia,Gel. Bertahan,16,"Rp1,74Mlyr.",1740000000,2026-03-30
Arjuna Agung,PSBS Biak,Indonesia,Gel. Bertahan,0,"Rp1,30Mlyr.",1300000000,2026-03-30
Nelson Alom,PSBS Biak,Indonesia,Gel. Bertahan,0,"Rp434,54Jt.",434540000,2026-03-30
Eduardo Barbosa,PSBS Biak,Indonesia,Gel. Tengah,20,"Rp2,61Mlyr.",2610000000,2026-03-30
Yano Putra,PSBS Biak,Indonesia,Gel. Tengah,27,"Rp1,74Mlyr.",1740000000,2026-03-30
Luquinhas,PSBS Biak,Indonesia,Sayap Kiri,0,"Rp3,48Mlyr.",3480000000,2026-03-30
Heri Susanto,PSBS Biak,Indonesia,Sayap Kiri,0,"Rp1,30Mlyr.",1300000000,2026-03-30
Muhammad Isa,PSBS Biak,Indonesia,Sayap Kiri,25,"Rp869,08Jt.",869080000,2026-03-30
Ilham Armaiyn,PSBS Biak,Indonesia,Sayap Kiri,30,"Rp869,08Jt.",869080000,2026-03-30
Alfan Tri,PSBS Biak,Indonesia,Sayap Kiri,0,-,0,2026-03-30
Raja Siregar,PSBS Biak,Indonesia,Sayap Kanan,0,"Rp869,08Jt.",869080000,2026-03-30
Ruyery Blanco,PSBS Biak,Indonesia,Depan-Tengah,0,"Rp4,35Mlyr.",4350000000,2026-03-30
Mohcine Hassan,PSBS Biak,Indonesia,Depan-Tengah,0,"Rp1,74Mlyr.",1740000000,2026-03-30
Tobias Solossa,PSBS Biak,Indonesia,Depan-Tengah,0,"Rp434,54Jt.",434540000,2026-03-30
Samuel Gwijangge,PSBS Biak,Indonesia,Depan-Tengah,0,"Rp434,54Jt.",434540000,2026-03-30
Igor Rodrigues,Persita Tangerang,Indonesia,Kiper,29,"Rp6,08Mlyr.",6080000000,2026-03-30
Kartika Ajie,Persita Tangerang,Indonesia,Kiper,0,"Rp1,74Mlyr.",1740000000,2026-03-30
Rizwan Haikal,Persita Tangerang,Indonesia,Kiper,21,-,0,2026-03-30
Rafi Pamungkas,Persita Tangerang,Indonesia,Kiper,0,-,0,2026-03-30
Tamirlan Kozubaev,Persita Tangerang,Indonesia,Bek-Tengah,0,"Rp7,82Mlyr.",7820000000,2026-03-30
Javlon Guseynov,Persita Tangerang,Indonesia,Bek-Tengah,19,"Rp3,04Mlyr.",3040000000,2026-03-30
Ryuji Utomo,Persita Tangerang,Indonesia,Bek-Tengah,0,"Rp2,61Mlyr.",2610000000,2026-03-30
Charisma Fathoni,Persita Tangerang,Indonesia,Bek-Tengah,0,"Rp1,30Mlyr.",1300000000,2026-03-30
Mario Jardel,Persita Tangerang,Indonesia,Bek-Kiri,0,"Rp3,04Mlyr.",3040000000,2026-03-30
Zalnando,Persita Tangerang,Indonesia,Bek-Kiri,27,"Rp1,74Mlyr.",1740000000,2026-03-30
Muhammad Toha,Persita Tangerang,Indonesia,Bek-Kanan,0,"Rp5,21Mlyr.",5210000000,2026-03-30
Fairuz Ohorella,Persita Tangerang,Indonesia,Bek-Kanan,0,-,0,2026-03-30
Aep Nursofyan,Persita Tangerang,Indonesia,Bek-Kanan,0,-,0,2026-03-30
Sin-young Bae,Persita Tangerang,Indonesia,Gel. Bertahan,33,"Rp3,04Mlyr.",3040000000,2026-03-30
Badrian Ilham,Persita Tangerang,Indonesia,Gel. Bertahan,23,"Rp1,30Mlyr.",1300000000,2026-03-30
Ahmad Fahd,Persita Tangerang,Indonesia,Gel. Bertahan,22,"Rp869,08Jt.",869080000,2026-03-30
Andrean Rindorindo,Persita Tangerang,Indonesia,Gel. Bertahan,0,"Rp869,08Jt.",869080000,2026-03-30
Zulfan Djiaulhaq,Persita Tangerang,Indonesia,Gel. Bertahan,36,-,0,2026-03-30
Pablo Ganet,Persita Tangerang,Indonesia,Gel. Tengah,0,"Rp5,21Mlyr.",5210000000,2026-03-30
Ramón Bueno,Persita Tangerang,Indonesia,Gel. Tengah,20,"Rp2,61Mlyr.",2610000000,2026-03-30
Éber Bessa,Persita Tangerang,Indonesia,Gel. Serang,0,"Rp1,74Mlyr.",1740000000,2026-03-30
Jack Brown,Persita Tangerang,Indonesia,Gel. Serang,0,"Rp869,08Jt.",869080000,2026-03-30
Aleksa Andrejic,Persita Tangerang,Indonesia,Sayap Kiri,0,"Rp2,61Mlyr.",2610000000,2026-03-30
Esal Sahrul,Persita Tangerang,Indonesia,Sayap Kiri,0,"Rp1,74Mlyr.",1740000000,2026-03-30
Yardan Yafi,Persita Tangerang,Indonesia,Sayap Kiri,25,"Rp1,30Mlyr.",1300000000,2026-03-30
Evan Tuhuteru,Persita Tangerang,Indonesia,Sayap Kiri,0,-,0,2026-03-30
Cois Artomoro,Persita Tangerang,Indonesia,Sayap Kiri,0,-,0,2026-03-30
Andriano Saputra,Persita Tangerang,Indonesia,Sayap Kiri,30,-,0,2026-03-30
Rayco Rodríguez,Persita Tangerang,Indonesia,Sayap Kanan,0,"Rp6,08Mlyr.",6080000000,2026-03-30
Dafiq Firdaus,Persita Tangerang,Indonesia,Sayap Kanan,17,-,0,2026-03-30
Hokky Caraka,Persita Tangerang,Indonesia,Depan-Tengah,0,"Rp3,48Mlyr.",3480000000,2026-03-30
Ahmad Nur Hardianto,Persita Tangerang,Indonesia,Depan-Tengah,0,"Rp2,61Mlyr.",2610000000,2026-03-30
Dejan Racic,Persita Tangerang,Indonesia,Depan-Tengah,44,"Rp2,61Mlyr.",2610000000,2026-03-30
Matheus Alves,Persita Tangerang,Indonesia,Depan-Tengah,0,"Rp2,17Mlyr.",2170000000,2026-03-30
Arthur Augusto,Semen Padang FC,Indonesia,Kiper,0,"Rp3,91Mlyr.",3910000000,2026-03-30
Rendy Oscario,Semen Padang FC,Indonesia,Kiper,27,"Rp1,30Mlyr.",1300000000,2026-03-30
Teguh Amiruddin,Semen Padang FC,Indonesia,Kiper,0,"Rp869,08Jt.",869080000,2026-03-30
Farel Putra,Semen Padang FC,Indonesia,Kiper,0,"Rp173,82Jt.",173820000,2026-03-30
Iqbal Bachtiar,Semen Padang FC,Indonesia,Kiper,0,-,0,2026-03-30
Ângelo Meneses,Semen Padang FC,Indonesia,Bek-Tengah,24,"Rp4,35Mlyr.",4350000000,2026-03-30
Jaime Giraldo,Semen Padang FC,Indonesia,Bek-Tengah,0,"Rp3,48Mlyr.",3480000000,2026-03-30
Tin Martic,Semen Padang FC,Indonesia,Bek-Tengah,0,"Rp2,61Mlyr.",2610000000,2026-03-30
Rui Rampa,Semen Padang FC,Indonesia,Bek-Tengah,23,"Rp1,30Mlyr.",1300000000,2026-03-30
Ade Kristiano,Semen Padang FC,Indonesia,Bek-Tengah,0,-,0,2026-03-30
Asyraq Gufron,Semen Padang FC,Indonesia,Bek-Tengah,0,-,0,2026-03-30
Samuel Simanjuntak,Semen Padang FC,Indonesia,Bek-Kiri,0,"Rp1,30Mlyr.",1300000000,2026-03-30
Ravy Tsouka,Semen Padang FC,Indonesia,Bek-Kanan,0,"Rp5,21Mlyr.",5210000000,2026-03-30
Zidane Afandi,Semen Padang FC,Indonesia,Bek-Kanan,25,"Rp869,08Jt.",869080000,2026-03-30
Ghifari Azhhari,Semen Padang FC,Indonesia,Bek-Kanan,0,-,0,2026-03-30
Boubakary Diarra,Semen Padang FC,Indonesia,Gel. Bertahan,21,"Rp4,35Mlyr.",4350000000,2026-03-30
Rosad Setiawan,Semen Padang FC,Indonesia,Gel. Bertahan,31,"Rp3,04Mlyr.",3040000000,2026-03-30
Ripal Wahyudi,Semen Padang FC,Indonesia,Gel. Bertahan,0,"Rp2,17Mlyr.",2170000000,2026-03-30
Ricki Ariansyah,Semen Padang FC,Indonesia,Gel. Bertahan,0,"Rp1,74Mlyr.",1740000000,2026-03-30
Alhassan Wakaso,Semen Padang FC,Indonesia,Gel. Bertahan,30,"Rp869,08Jt.",869080000,2026-03-30
Dimas Saputra,Semen Padang FC,Indonesia,Gel. Bertahan,0,"Rp434,54Jt.",434540000,2026-03-30
Kazaki Nakagawa,Semen Padang FC,Indonesia,Gel. Serang,0,"Rp3,48Mlyr.",3480000000,2026-03-30
Kianz Froese,Semen Padang FC,Indonesia,Gel. Serang,0,"Rp2,61Mlyr.",2610000000,2026-03-30
Maicon,Semen Padang FC,Indonesia,Sayap Kiri,17,"Rp4,78Mlyr.",4780000000,2026-03-30
Firman Juliansyah,Semen Padang FC,Indonesia,Sayap Kiri,0,"Rp2,17Mlyr.",2170000000,2026-03-30
Armando Oropa,Semen Padang FC,Indonesia,Sayap Kiri,0,"Rp1,74Mlyr.",1740000000,2026-03-30
Irsyad Maulana,Semen Padang FC,Indonesia,Sayap Kiri,0,"Rp1,30Mlyr.",1300000000,2026-03-30
Kasim Botan,Semen Padang FC,Indonesia,Sayap Kanan,22,"Rp1,74Mlyr.",1740000000,2026-03-30
Ferdiansyah,Semen Padang FC,Indonesia,Sayap Kanan,0,"Rp869,08Jt.",869080000,2026-03-30
Guillermo Fernández,Semen Padang FC,Indonesia,Depan-Tengah,0,"Rp5,21Mlyr.",5210000000,2026-03-30
Diego Maurício,Semen Padang FC,Indonesia,Depan-Tengah,0,"Rp3,91Mlyr.",3910000000,2026-03-30
Wahyu Agong,Semen Padang FC,Indonesia,Depan-Tengah,26,-,0,2026-03-30
Syaiful Asri,Semen Padang FC,Indonesia,Depan-Tengah,0,-,0,2026-03-30
Aditya Sentosa,Semen Padang FC,Indonesia,Penyerang,0,-,0,2026-03-30
Muhamad Riyandi,PERSIS Solo,Indonesia,Kiper,0,"Rp3,04Mlyr.",3040000000,2026-03-30
Vukasin Vranes,PERSIS Solo,Indonesia,Kiper,0,"Rp1,74Mlyr.",1740000000,2026-03-30
Gede Aditya,PERSIS Solo,Indonesia,Kiper,23,"Rp173,82Jt.",173820000,2026-03-30
Faza Al Firdaus,PERSIS Solo,Indonesia,Kiper,20,-,0,2026-03-30
Luka Dumancic,PERSIS Solo,Indonesia,Bek-Tengah,0,"Rp3,48Mlyr.",3480000000,2026-03-30
Kadek Raditya,PERSIS Solo,Indonesia,Bek-Tengah,32,"Rp2,61Mlyr.",2610000000,2026-03-30
Agung Mannan,PERSIS Solo,Indonesia,Bek-Tengah,0,"Rp1,30Mlyr.",1300000000,2026-03-30
Rian Miziar,PERSIS Solo,Indonesia,Bek-Tengah,26,"Rp434,54Jt.",434540000,2026-03-30
Faqih Maulana,PERSIS Solo,Indonesia,Bek-Kiri,29,"Rp1,74Mlyr.",1740000000,2026-03-30
Dusan Mijic,PERSIS Solo,Indonesia,Bek-Kanan,44,"Rp3,48Mlyr.",3480000000,2026-03-30
Alfriyanto Nico,PERSIS Solo,Indonesia,Bek-Kanan,0,"Rp2,61Mlyr.",2610000000,2026-03-30
Alexvan Djin,PERSIS Solo,Indonesia,Bek-Kanan,0,"Rp2,17Mlyr.",2170000000,2026-03-30
Eky Taufik,PERSIS Solo,Indonesia,Bek-Kanan,30,"Rp869,08Jt.",869080000,2026-03-30
Rizky Syahputra,PERSIS Solo,Indonesia,Bek-Kanan,0,-,0,2026-03-30
Andrei Alba,PERSIS Solo,Indonesia,Gel. Bertahan,0,"Rp3,91Mlyr.",3910000000,2026-03-30
Sutanto Tan,PERSIS Solo,Indonesia,Gel. Bertahan,22,"Rp3,04Mlyr.",3040000000,2026-03-30
Miroslav Maricic,PERSIS Solo,Indonesia,Gel. Tengah,0,"Rp3,48Mlyr.",3480000000,2026-03-30
Zanadin Fariz,PERSIS Solo,Indonesia,Gel. Tengah,0,"Rp2,17Mlyr.",2170000000,2026-03-30
Dimitri,PERSIS Solo,Indonesia,Gel. Serang,0,"Rp1,74Mlyr.",1740000000,2026-03-30
Rexo Dolby,PERSIS Solo,Indonesia,Gel. Serang,0,-,0,2026-03-30
Irfan Jauhari,PERSIS Solo,Indonesia,Sayap Kiri,0,"Rp2,61Mlyr.",2610000000,2026-03-30
Jefferson Carioca,PERSIS Solo,Indonesia,Sayap Kiri,0,"Rp2,17Mlyr.",2170000000,2026-03-30
Yabes Roni,PERSIS Solo,Indonesia,Sayap Kiri,0,"Rp1,74Mlyr.",1740000000,2026-03-30
Althaf Alrizky,PERSIS Solo,Indonesia,Sayap Kanan,36,"Rp2,61Mlyr.",2610000000,2026-03-30
Febri Hariyadi,PERSIS Solo,Indonesia,Sayap Kanan,18,"Rp1,74Mlyr.",1740000000,2026-03-30
Ikhwan Tanamal,PERSIS Solo,Indonesia,Sayap Kanan,40,"Rp1,30Mlyr.",1300000000,2026-03-30
Abu Razard Kamara,PERSIS Solo,Indonesia,Depan-Tengah,0,"Rp4,35Mlyr.",4350000000,2026-03-30
Roman Paparyga,PERSIS Solo,Indonesia,Depan-Tengah,0,"Rp4,35Mlyr.",4350000000,2026-03-30
Dejan Tumbas,PERSIS Solo,Indonesia,Depan-Tengah,19,"Rp3,48Mlyr.",3480000000,2026-03-30
Septian Bagaskara,PERSIS Solo,Indonesia,Depan-Tengah,0,"Rp3,48Mlyr.",3480000000,2026-03-30
Bruno Gomes,PERSIS Solo,Indonesia,Depan-Tengah,0,"Rp2,17Mlyr.",2170000000,2026-03-30
Arkhan Kaka,PERSIS Solo,Indonesia,Depan-Tengah,0,"Rp1,30Mlyr.",1300000000,2026-03-30
Cyrus Margono,Persija Jakarta,Indonesia,Kiper,0,"Rp3,48Mlyr.",3480000000,2026-03-30
Andritany,Persija Jakarta,Indonesia,Kiper,26,"Rp2,61Mlyr.",2610000000,2026-03-30
Carlos Eduardo,Persija Jakarta,Indonesia,Kiper,0,"Rp1,30Mlyr.",1300000000,2026-03-30
Hafizh Rizkianur,Persija Jakarta,Indonesia,Kiper,22,-,0,2026-03-30
Irham Nadzhofa,Persija Jakarta,Indonesia,Kiper,27,-,0,2026-03-30
Rizky Ridho,Persija Jakarta,Indonesia,Bek-Tengah,0,"Rp11,30Mlyr.",11300000000,2026-03-30
Jordi Amat,Persija Jakarta,Indonesia,Bek-Tengah,21,"Rp10,43Mlyr.",10430000000,2026-03-30
Paulo Ricardo,Persija Jakarta,Indonesia,Bek-Tengah,0,"Rp5,21Mlyr.",5210000000,2026-03-30
Thales Lira,Persija Jakarta,Indonesia,Bek-Tengah,0,"Rp4,78Mlyr.",4780000000,2026-03-30
Dia Syayid,Persija Jakarta,Indonesia,Bek-Tengah,32,"Rp869,08Jt.",869080000,2026-03-30
Baihaqi Rifai,Persija Jakarta,Indonesia,Bek-Tengah,29,-,0,2026-03-30
Shayne Pattynama,Persija Jakarta,Indonesia,Bek-Kiri,25,"Rp6,08Mlyr.",6080000000,2026-03-30
Fajar Fathurrahman,Persija Jakarta,Indonesia,Bek-Kanan,0,"Rp6,08Mlyr.",6080000000,2026-03-30
Sousa,Persija Jakarta,Indonesia,Gel. Bertahan,0,"Rp4,35Mlyr.",4350000000,2026-03-30
Hanif Sjahbandi,Persija Jakarta,Indonesia,Gel. Bertahan,19,"Rp4,35Mlyr.",4350000000,2026-03-30
Fábio Silva,Persija Jakarta,Indonesia,Gel. Bertahan,0,"Rp4,35Mlyr.",4350000000,2026-03-30
Aditya Warman,Persija Jakarta,Indonesia,Gel. Bertahan,36,"Rp434,54Jt.",434540000,2026-03-30
Jean Mota,Persija Jakarta,Indonesia,Gel. Tengah,0,"Rp8,69Mlyr.",8690000000,2026-03-30
Rayhan Hannan,Persija Jakarta,Indonesia,Gel. Serang,0,"Rp2,61Mlyr.",2610000000,2026-03-30
Maxwell,Persija Jakarta,Indonesia,Sayap Kiri,0,"Rp8,69Mlyr.",8690000000,2026-03-30
Witan,Persija Jakarta,Indonesia,Sayap Kiri,0,"Rp5,21Mlyr.",5210000000,2026-03-30
Dony Tri Pamungkas,Persija Jakarta,Indonesia,Sayap Kiri,0,"Rp3,48Mlyr.",3480000000,2026-03-30
Arlyansyah Abdulmanan,Persija Jakarta,Indonesia,Sayap Kiri,0,"Rp1,30Mlyr.",1300000000,2026-03-30
Allano,Persija Jakarta,Indonesia,Sayap Kanan,17,"Rp6,95Mlyr.",6950000000,2026-03-30
Bruno Tubarão,Persija Jakarta,Indonesia,Sayap Kanan,0,"Rp6,95Mlyr.",6950000000,2026-03-30
Zahaby Gholy,Persija Jakarta,Indonesia,Sayap Kanan,0,-,0,2026-03-30
Alaeddine Ajaraie,Persija Jakarta,Indonesia,Depan-Tengah,41,"Rp6,08Mlyr.",6080000000,2026-03-30
Gustavo Almeida,Persija Jakarta,Indonesia,Depan-Tengah,0,"Rp5,21Mlyr.",5210000000,2026-03-30
Eksel Runtukahu,Persija Jakarta,Indonesia,Depan-Tengah,0,"Rp3,48Mlyr.",3480000000,2026-03-30
Mauro Zijlstra,Persija Jakarta,Indonesia,Depan-Tengah,0,"Rp1,30Mlyr.",1300000000,2026-03-30
Hilmansyah,PSM Makassar,Indonesia,Kiper,0,"Rp3,48Mlyr.",3480000000,2026-03-30
Reza Arya,PSM Makassar,Indonesia,Kiper,30,"Rp2,61Mlyr.",2610000000,2026-03-30
Poetro Negoro,PSM Makassar,Indonesia,Kiper,20,-,0,2026-03-30
Agus Al Faris,PSM Makassar,Indonesia,Kiper,0,-,0,2026-03-30
Dusan Lagator,PSM Makassar,Indonesia,Bek-Tengah,0,"Rp7,82Mlyr.",7820000000,2026-03-30
Yuran Fernandes,PSM Makassar,Indonesia,Bek-Tengah,0,"Rp6,95Mlyr.",6950000000,2026-03-30
Aloísio Neto,PSM Makassar,Indonesia,Bek-Tengah,0,"Rp5,21Mlyr.",5210000000,2026-03-30
Syahrul Lasinari,PSM Makassar,Indonesia,Bek-Tengah,0,"Rp3,48Mlyr.",3480000000,2026-03-30
Daffa Salman,PSM Makassar,Indonesia,Bek-Tengah,0,"Rp1,74Mlyr.",1740000000,2026-03-30
Jamil Al Rahman,PSM Makassar,Indonesia,Bek-Tengah,0,-,0,2026-03-30
Victor Luiz,PSM Makassar,Indonesia,Bek-Kiri,22,"Rp6,08Mlyr.",6080000000,2026-03-30
Mufli Hidayat,PSM Makassar,Indonesia,Bek-Kanan,0,"Rp869,08Jt.",869080000,2026-03-30
Akbar Tanjung,PSM Makassar,Indonesia,Gel. Bertahan,0,"Rp3,91Mlyr.",3910000000,2026-03-30
Ananda Raehan,PSM Makassar,Indonesia,Gel. Bertahan,0,"Rp3,04Mlyr.",3040000000,2026-03-30
Muhammad Arfan,PSM Makassar,Indonesia,Gel. Bertahan,0,"Rp2,61Mlyr.",2610000000,2026-03-30
Rifky Dwi Septiawan,PSM Makassar,Indonesia,Gel. Bertahan,32,"Rp1,74Mlyr.",1740000000,2026-03-30
Gledson,PSM Makassar,Indonesia,Gel. Bertahan,40,"Rp1,74Mlyr.",1740000000,2026-03-30
Resky Fandi,PSM Makassar,Indonesia,Gel. Bertahan,0,"Rp1,30Mlyr.",1300000000,2026-03-30
Rasyid Bakri,PSM Makassar,Indonesia,Gel. Tengah,17,"Rp869,08Jt.",869080000,2026-03-30
Kaka Amrullah,PSM Makassar,Indonesia,Gel. Tengah,19,-,0,2026-03-30
Sávio Roberto,PSM Makassar,Indonesia,Gel. Serang,0,"Rp6,08Mlyr.",6080000000,2026-03-30
Daisuke Sakai,PSM Makassar,Indonesia,Gel. Serang,0,"Rp4,35Mlyr.",4350000000,2026-03-30
Fahrul Aditia,PSM Makassar,Indonesia,Gel. Serang,29,"Rp1,30Mlyr.",1300000000,2026-03-30
Rizky Eka Pratama,PSM Makassar,Indonesia,Sayap Kiri,24,"Rp3,48Mlyr.",3480000000,2026-03-30
Victor Dethan,PSM Makassar,Indonesia,Sayap Kanan,0,"Rp3,91Mlyr.",3910000000,2026-03-30
Abdul Rahman,PSM Makassar,Indonesia,Sayap Kanan,0,"Rp2,17Mlyr.",2170000000,2026-03-30
Dzaky Asraf,PSM Makassar,Indonesia,Sayap Kanan,27,"Rp1,74Mlyr.",1740000000,2026-03-30
Gala Pagamo,PSM Makassar,Indonesia,Sayap Kanan,18,"Rp869,08Jt.",869080000,2026-03-30
Muh Fahrul,PSM Makassar,Indonesia,Sayap Kanan,0,-,0,2026-03-30
Luka Cumic,PSM Makassar,Indonesia,Depan-Tengah,0,"Rp6,08Mlyr.",6080000000,2026-03-30
Alex Tanque,PSM Makassar,Indonesia,Depan-Tengah,0,"Rp5,65Mlyr.",5650000000,2026-03-30
Sheriddin Boboev,PSM Makassar,Indonesia,Depan-Tengah,21,"Rp4,35Mlyr.",4350000000,2026-03-30
Ricky Pratama,PSM Makassar,Indonesia,Depan-Tengah,0,"Rp2,61Mlyr.",2610000000,2026-03-30
Jacques Thémopelé,PSM Makassar,Indonesia,Depan-Tengah,0,"Rp2,17Mlyr.",2170000000,2026-03-30
Ernando Ari,Persebaya Surabaya,Indonesia,Kiper,21,"Rp5,21Mlyr.",5210000000,2026-03-30
Andhika Ramadhani,Persebaya Surabaya,Indonesia,Kiper,0,"Rp3,04Mlyr.",3040000000,2026-03-30
Adre Arido,Persebaya Surabaya,Indonesia,Kiper,0,-,0,2026-03-30
Muhammad Ilham,Persebaya Surabaya,Indonesia,Kiper,39,-,0,2026-03-30
Gustavo Fernandes,Persebaya Surabaya,Indonesia,Bek-Tengah,44,"Rp4,35Mlyr.",4350000000,2026-03-30
Léo Lelis,Persebaya Surabaya,Indonesia,Bek-Tengah,24,"Rp3,04Mlyr.",3040000000,2026-03-30
Risto Mitrevski,Persebaya Surabaya,Indonesia,Bek-Tengah,0,"Rp2,17Mlyr.",2170000000,2026-03-30
Randy May,Persebaya Surabaya,Indonesia,Bek-Tengah,18,"Rp434,54Jt.",434540000,2026-03-30
Sheva Kardanu,Persebaya Surabaya,Indonesia,Bek-Tengah,0,-,0,2026-03-30
Jefferson,Persebaya Surabaya,Indonesia,Bek-Kiri,17,"Rp4,35Mlyr.",4350000000,2026-03-30
Mikael Tata,Persebaya Surabaya,Indonesia,Bek-Kiri,0,"Rp2,61Mlyr.",2610000000,2026-03-30
Ahmad Mujtaba,Persebaya Surabaya,Indonesia,Bek-Kiri,0,-,0,2026-03-30
Arief Catur,Persebaya Surabaya,Indonesia,Bek-Kanan,0,"Rp3,48Mlyr.",3480000000,2026-03-30
Koko Ari,Persebaya Surabaya,Indonesia,Bek-Kanan,33,"Rp2,61Mlyr.",2610000000,2026-03-30
Rachmat Irianto,Persebaya Surabaya,Indonesia,Gel. Bertahan,0,"Rp4,35Mlyr.",4350000000,2026-03-30
Sadida Putra,Persebaya Surabaya,Indonesia,Gel. Bertahan,0,"Rp434,54Jt.",434540000,2026-03-30
Milos Raickovic,Persebaya Surabaya,Indonesia,Gel. Tengah,0,"Rp3,48Mlyr.",3480000000,2026-03-30
Bruno Paraíba,Persebaya Surabaya,Indonesia,Gel. Tengah,0,"Rp3,04Mlyr.",3040000000,2026-03-30
Toni Firmansyah,Persebaya Surabaya,Indonesia,Gel. Tengah,0,"Rp2,17Mlyr.",2170000000,2026-03-30
Ichsas Baihaqi,Persebaya Surabaya,Indonesia,Gel. Tengah,0,"Rp869,08Jt.",869080000,2026-03-30
Francisco Rivera,Persebaya Surabaya,Indonesia,Gel. Serang,0,"Rp6,95Mlyr.",6950000000,2026-03-30
Pedro Matos,Persebaya Surabaya,Indonesia,Gel. Serang,16,"Rp2,17Mlyr.",2170000000,2026-03-30
Bruno,Persebaya Surabaya,Indonesia,Sayap Kiri,0,"Rp6,95Mlyr.",6950000000,2026-03-30
Gali Freitas,Persebaya Surabaya,Indonesia,Sayap Kiri,22,"Rp3,48Mlyr.",3480000000,2026-03-30
Malik Risaldi,Persebaya Surabaya,Indonesia,Sayap Kanan,0,"Rp4,78Mlyr.",4780000000,2026-03-30
Riyan Ardiansyah,Persebaya Surabaya,Indonesia,Sayap Kanan,0,"Rp1,74Mlyr.",1740000000,2026-03-30
Oktafianus Fernando,Persebaya Surabaya,Indonesia,Sayap Kanan,0,"Rp869,08Jt.",869080000,2026-03-30
Alfan Suaib,Persebaya Surabaya,Indonesia,Sayap Kanan,0,"Rp869,08Jt.",869080000,2026-03-30
Dimas Wicaksono,Persebaya Surabaya,Indonesia,Sayap Kanan,26,"Rp434,54Jt.",434540000,2026-03-30
Mihailo Perovic,Persebaya Surabaya,Indonesia,Depan-Tengah,0,"Rp4,35Mlyr.",4350000000,2026-03-30
Mike Hauptmeijer,Bali United FC,Indonesia,Kiper,0,"Rp3,48Mlyr.",3480000000,2026-03-30
Fitrul Rustapa,Bali United FC,Indonesia,Kiper,0,"Rp2,17Mlyr.",2170000000,2026-03-30
Dikri Yusron,Bali United FC,Indonesia,Kiper,31,"Rp1,30Mlyr.",1300000000,2026-03-30
Wayan Arta,Bali United FC,Indonesia,Kiper,21,"Rp173,82Jt.",173820000,2026-03-30
Kadek Arel,Bali United FC,Indonesia,Bek-Tengah,0,"Rp4,35Mlyr.",4350000000,2026-03-30
João Ferrari,Bali United FC,Indonesia,Bek-Tengah,0,"Rp2,61Mlyr.",2610000000,2026-03-30
Bagas Adi,Bali United FC,Indonesia,Bek-Tengah,0,"Rp1,74Mlyr.",1740000000,2026-03-30
Putu Panji,Bali United FC,Indonesia,Bek-Tengah,44,-,0,2026-03-30
Komang Dedi,Bali United FC,Indonesia,Bek-Tengah,0,-,0,2026-03-30
Ricky Fajrin,Bali United FC,Indonesia,Bek-Kiri,24,"Rp5,65Mlyr.",5650000000,2026-03-30
Yusuf Meilana,Bali United FC,Indonesia,Bek-Kiri,0,"Rp3,48Mlyr.",3480000000,2026-03-30
Agus Mahendra,Bali United FC,Indonesia,Bek-Kiri,0,"Rp434,54Jt.",434540000,2026-03-30
Made Andhika,Bali United FC,Indonesia,Bek-Kanan,33,"Rp4,35Mlyr.",4350000000,2026-03-30
Rizky Dwi,Bali United FC,Indonesia,Bek-Kanan,16,"Rp3,04Mlyr.",3040000000,2026-03-30
Brandon Wilson,Bali United FC,Indonesia,Gel. Bertahan,0,"Rp4,78Mlyr.",4780000000,2026-03-30
Made Tito,Bali United FC,Indonesia,Gel. Bertahan,0,"Rp2,17Mlyr.",2170000000,2026-03-30
Tim Receveur,Bali United FC,Indonesia,Gel. Bertahan,0,"Rp1,74Mlyr.",1740000000,2026-03-30
Aris Sanjaya,Bali United FC,Indonesia,Gel. Bertahan,0,-,0,2026-03-30
Reyner Barusu,Bali United FC,Indonesia,Gel. Bertahan,0,-,0,2026-03-30
Kadek Agung,Bali United FC,Indonesia,Gel. Tengah,18,"Rp3,91Mlyr.",3910000000,2026-03-30
Teppei Yachida,Bali United FC,Indonesia,Gel. Serang,17,"Rp10,43Mlyr.",10430000000,2026-03-30
Jordy Bruijn,Bali United FC,Indonesia,Gel. Serang,0,"Rp5,21Mlyr.",5210000000,2026-03-30
Mirza Mustafic,Bali United FC,Indonesia,Gel. Serang,0,"Rp5,21Mlyr.",5210000000,2026-03-30
Maouri Simon,Bali United FC,Indonesia,Gel. Serang,42,"Rp869,08Jt.",869080000,2026-03-30
Diego Campos,Bali United FC,Indonesia,Sayap Kiri,0,"Rp10,43Mlyr.",10430000000,2026-03-30
Rahmat,Bali United FC,Indonesia,Sayap Kiri,0,"Rp173,82Jt.",173820000,2026-03-30
Thijmen Goppel,Bali United FC,Indonesia,Sayap Kanan,0,"Rp10,43Mlyr.",10430000000,2026-03-30
Irfan Jaya,Bali United FC,Indonesia,Sayap Kanan,41,"Rp3,91Mlyr.",3910000000,2026-03-30
Rahmat Arjuna,Bali United FC,Indonesia,Sayap Kanan,0,"Rp2,61Mlyr.",2610000000,2026-03-30
Boris Kopitovic,Bali United FC,Indonesia,Depan-Tengah,0,"Rp4,78Mlyr.",4780000000,2026-03-30
Jens Raven,Bali United FC,Indonesia,Depan-Tengah,19,"Rp1,30Mlyr.",1300000000,2026-03-30
Angga Saputro,Malut United FC,Indonesia,Kiper,0,"Rp2,61Mlyr.",2610000000,2026-03-30
Alan,Malut United FC,Indonesia,Kiper,0,"Rp2,61Mlyr.",2610000000,2026-03-30
Muhammad Ridwan,Malut United FC,Indonesia,Kiper,22,"Rp869,08Jt.",869080000,2026-03-30
Zahir Fazya,Malut United FC,Indonesia,Kiper,28,-,0,2026-03-30
Gustavo França,Malut United FC,Indonesia,Bek-Tengah,0,"Rp6,08Mlyr.",6080000000,2026-03-30
Safrudin Tahar,Malut United FC,Indonesia,Bek-Tengah,27,"Rp3,91Mlyr.",3910000000,2026-03-30
Nilson Júnior,Malut United FC,Indonesia,Bek-Tengah,0,"Rp1,74Mlyr.",1740000000,2026-03-30
Riswan Lauhin,Malut United FC,Indonesia,Bek-Tengah,32,"Rp1,30Mlyr.",1300000000,2026-03-30
Kanavaro Burere,Malut United FC,Indonesia,Bek-Tengah,0,-,0,2026-03-30
Rangga Bolang,Malut United FC,Indonesia,Bek-Tengah,0,-,0,2026-03-30
Ali Syafiq,Malut United FC,Indonesia,Bek-Tengah,0,-,0,2026-03-30
Yance Sayuri,Malut United FC,Indonesia,Bek-Kiri,23,"Rp5,65Mlyr.",5650000000,2026-03-30
Abduh Lestaluhu,Malut United FC,Indonesia,Bek-Kiri,0,"Rp2,17Mlyr.",2170000000,2026-03-30
Igor Inocêncio,Malut United FC,Indonesia,Bek-Kanan,0,"Rp4,35Mlyr.",4350000000,2026-03-30
Fredyan Wahyu,Malut United FC,Indonesia,Bek-Kanan,0,"Rp1,74Mlyr.",1740000000,2026-03-30
Mardani Majid,Malut United FC,Indonesia,Bek-Kanan,0,-,0,2026-03-30
Manahati Lestusen,Malut United FC,Indonesia,Gel. Bertahan,0,"Rp3,04Mlyr.",3040000000,2026-03-30
Wbeymar Angulo,Malut United FC,Indonesia,Gel. Bertahan,16,"Rp2,61Mlyr.",2610000000,2026-03-30
Alwi Slamat,Malut United FC,Indonesia,Gel. Bertahan,0,"Rp2,61Mlyr.",2610000000,2026-03-30
Tri Setiawan,Malut United FC,Indonesia,Gel. Bertahan,0,"Rp1,74Mlyr.",1740000000,2026-03-30
Ridho Syuhada,Malut United FC,Indonesia,Gel. Bertahan,0,"Rp1,30Mlyr.",1300000000,2026-03-30
Lucas Cardoso,Malut United FC,Indonesia,Gel. Tengah,0,"Rp6,08Mlyr.",6080000000,2026-03-30
Rizky Pellu,Malut United FC,Indonesia,Gel. Tengah,0,-,0,2026-03-30
Septian David,Malut United FC,Indonesia,Gel. Serang,29,"Rp3,04Mlyr.",3040000000,2026-03-30
Tyronne,Malut United FC,Indonesia,Gel. Serang,0,"Rp1,74Mlyr.",1740000000,2026-03-30
Frets Butuan,Malut United FC,Indonesia,Sayap Kiri,21,"Rp2,61Mlyr.",2610000000,2026-03-30
Yakob Sayuri,Malut United FC,Indonesia,Sayap Kanan,0,"Rp6,95Mlyr.",6950000000,2026-03-30
Ciro Alves,Malut United FC,Indonesia,Sayap Kanan,0,"Rp3,48Mlyr.",3480000000,2026-03-30
Taufik Rustam,Malut United FC,Indonesia,Sayap Kanan,19,"Rp434,54Jt.",434540000,2026-03-30
Fahran Darwan,Malut United FC,Indonesia,Sayap Kanan,0,-,0,2026-03-30
Dimas Drajad,Malut United FC,Indonesia,Depan-Tengah,0,"Rp3,04Mlyr.",3040000000,2026-03-30
David da Silva,Malut United FC,Indonesia,Depan-Tengah,17,"Rp2,17Mlyr.",2170000000,2026-03-30
Risky Safri,Malut United FC,Indonesia,Depan-Tengah,0,-,0,2026-03-30
Cahya Supriadi,PSIM Yogyakarta,Indonesia,Kiper,19,"Rp3,91Mlyr.",3910000000,2026-03-30
Harlan Suardi,PSIM Yogyakarta,Indonesia,Kiper,26,"Rp2,61Mlyr.",2610000000,2026-03-30
Khairul Fikri,PSIM Yogyakarta,Indonesia,Kiper,0,"Rp869,08Jt.",869080000,2026-03-30
Gilang Ardha,PSIM Yogyakarta,Indonesia,Kiper,0,-,0,2026-03-30
Franco Ramos Mingo,PSIM Yogyakarta,Indonesia,Bek-Tengah,0,"Rp6,08Mlyr.",6080000000,2026-03-30
Yusaku Yamadera,PSIM Yogyakarta,Indonesia,Bek-Tengah,0,"Rp4,78Mlyr.",4780000000,2026-03-30
Jop van der Avert,PSIM Yogyakarta,Indonesia,Bek-Tengah,0,"Rp3,91Mlyr.",3910000000,2026-03-30
Andy Setyo,PSIM Yogyakarta,Indonesia,Bek-Tengah,0,"Rp2,17Mlyr.",2170000000,2026-03-30
Rendra Teddy,PSIM Yogyakarta,Indonesia,Bek-Tengah,0,"Rp2,17Mlyr.",2170000000,2026-03-30
Reva Adi,PSIM Yogyakarta,Indonesia,Bek-Kiri,35,"Rp4,35Mlyr.",4350000000,2026-03-30
Dede Sapari,PSIM Yogyakarta,Indonesia,Bek-Kiri,0,"Rp1,74Mlyr.",1740000000,2026-03-30
Raka Cahyana,PSIM Yogyakarta,Indonesia,Bek-Kanan,0,"Rp2,61Mlyr.",2610000000,2026-03-30
Donny Warmerdam,PSIM Yogyakarta,Indonesia,Gel. Bertahan,0,"Rp6,95Mlyr.",6950000000,2026-03-30
Rakhmatsho Rakhmatzoda,PSIM Yogyakarta,Indonesia,Gel. Bertahan,0,"Rp3,48Mlyr.",3480000000,2026-03-30
Rio Hardiawan,PSIM Yogyakarta,Indonesia,Gel. Tengah,29,"Rp2,17Mlyr.",2170000000,2026-03-30
Ghulam Fatkur,PSIM Yogyakarta,Indonesia,Gel. Tengah,23,"Rp1,74Mlyr.",1740000000,2026-03-30
Ezequiel Vidal,PSIM Yogyakarta,Indonesia,Gel. Serang,0,"Rp7,82Mlyr.",7820000000,2026-03-30
Zé Valente,PSIM Yogyakarta,Indonesia,Gel. Serang,0,"Rp6,52Mlyr.",6520000000,2026-03-30
Fahreza Sudin,PSIM Yogyakarta,Indonesia,Gel. Serang,0,"Rp2,61Mlyr.",2610000000,2026-03-30
Savio Sheva,PSIM Yogyakarta,Indonesia,Gel. Serang,0,"Rp2,17Mlyr.",2170000000,2026-03-30
Muhammad Iqbal,PSIM Yogyakarta,Indonesia,Gel. Serang,0,"Rp869,08Jt.",869080000,2026-03-30
Anton Fase,PSIM Yogyakarta,Indonesia,Sayap Kiri,0,"Rp3,04Mlyr.",3040000000,2026-03-30
Riyatno Abiyoso,PSIM Yogyakarta,Indonesia,Sayap Kiri,27,"Rp2,17Mlyr.",2170000000,2026-03-30
Andi Irfan,PSIM Yogyakarta,Indonesia,Sayap Kanan,17,"Rp2,61Mlyr.",2610000000,2026-03-30
Nermin Haljeta,PSIM Yogyakarta,Indonesia,Depan-Tengah,0,"Rp6,52Mlyr.",6520000000,2026-03-30
Deri Corfe,PSIM Yogyakarta,Indonesia,Depan-Tengah,0,"Rp3,48Mlyr.",3480000000,2026-03-30
Kittipun Saensuk,Sukhothai FC,Thailand,Kiper,0,"Rp2,61Mlyr.",2610000000,2026-03-30
Supazin Hnupichai,Sukhothai FC,Thailand,Kiper,18,"Rp1,30Mlyr.",1300000000,2026-03-30
Phanuphong Sunon,Sukhothai FC,Thailand,Kiper,16,-,0,2026-03-30
Thitikit Samerjai,Sukhothai FC,Thailand,Kiper,28,-,0,2026-03-30
Saringkan Promsupa,Sukhothai FC,Thailand,Bek-Tengah,0,"Rp4,35Mlyr.",4350000000,2026-03-30
Cláudio,Sukhothai FC,Thailand,Bek-Tengah,0,"Rp3,48Mlyr.",3480000000,2026-03-30
Sarawut Kanlayanabandit,Sukhothai FC,Thailand,Bek-Tengah,22,"Rp1,30Mlyr.",1300000000,2026-03-30
Pattarapon Suksakit,Sukhothai FC,Thailand,Bek-Tengah,0,"Rp869,08Jt.",869080000,2026-03-30
Chaiyaphon Otton,Sukhothai FC,Thailand,Bek-Kiri,25,"Rp2,61Mlyr.",2610000000,2026-03-30
Pharadon Phatthaphon,Sukhothai FC,Thailand,Bek-Kiri,19,"Rp869,08Jt.",869080000,2026-03-30
Thiti Thumporn,Sukhothai FC,Thailand,Bek-Kanan,27,"Rp2,17Mlyr.",2170000000,2026-03-30
Surawich Logarwit,Sukhothai FC,Thailand,Bek-Kanan,0,"Rp1,30Mlyr.",1300000000,2026-03-30
Romeu,Sukhothai FC,Thailand,Gel. Bertahan,0,"Rp4,35Mlyr.",4350000000,2026-03-30
Tassanapong Mhuaddarak,Sukhothai FC,Thailand,Gel. Bertahan,17,"Rp1,74Mlyr.",1740000000,2026-03-30
Lursan Thiamrat,Sukhothai FC,Thailand,Gel. Tengah,0,"Rp1,30Mlyr.",1300000000,2026-03-30
Athirat Jantrapho,Sukhothai FC,Thailand,Gel. Tengah,39,"Rp434,54Jt.",434540000,2026-03-30
Nalu Jandke,Sukhothai FC,Thailand,Gel. Tengah,20,-,0,2026-03-30
John Baggio,Sukhothai FC,Thailand,Gel. Serang,0,"Rp4,78Mlyr.",4780000000,2026-03-30
Lucas Barreto,Sukhothai FC,Thailand,Gel. Serang,0,"Rp4,35Mlyr.",4350000000,2026-03-30
Ratchanat Aranpiroj,Sukhothai FC,Thailand,Gel. Serang,0,"Rp1,30Mlyr.",1300000000,2026-03-30
Siroch Chatthong,Sukhothai FC,Thailand,Sayap Kiri,35,"Rp2,17Mlyr.",2170000000,2026-03-30
Mateusinho,Sukhothai FC,Thailand,Sayap Kanan,0,"Rp4,35Mlyr.",4350000000,2026-03-30
Apichart Denman,Sukhothai FC,Thailand,Sayap Kanan,21,"Rp2,17Mlyr.",2170000000,2026-03-30
Eito Ishimoto,Sukhothai FC,Thailand,Sayap Kanan,0,"Rp1,30Mlyr.",1300000000,2026-03-30
Phattharaphon Jansuwan,Sukhothai FC,Thailand,Sayap Kanan,24,"Rp869,08Jt.",869080000,2026-03-30
Gildo,Sukhothai FC,Thailand,Depan-Tengah,0,"Rp2,17Mlyr.",2170000000,2026-03-30
João Paredes,Sukhothai FC,Thailand,Depan-Tengah,0,"Rp1,74Mlyr.",1740000000,2026-03-30
Phiraphat Khamphaeng,Sukhothai FC,Thailand,Depan-Tengah,29,"Rp434,54Jt.",434540000,2026-03-30
Chirawat Wangthaphan,Uthai Thani FC,Thailand,Kiper,26,"Rp2,17Mlyr.",2170000000,2026-03-30
Boonyakait Wongsajaem,Uthai Thani FC,Thailand,Kiper,18,"Rp1,74Mlyr.",1740000000,2026-03-30
Worawut Sukhuna,Uthai Thani FC,Thailand,Kiper,24,"Rp1,30Mlyr.",1300000000,2026-03-30
Thanakorn Waiyawut,Uthai Thani FC,Thailand,Kiper,0,"Rp434,54Jt.",434540000,2026-03-30
Martin Angha,Uthai Thani FC,Thailand,Bek-Tengah,0,"Rp6,08Mlyr.",6080000000,2026-03-30
Marcelo Djaló,Uthai Thani FC,Thailand,Bek-Tengah,0,"Rp4,35Mlyr.",4350000000,2026-03-30
Soe Moe Kyaw,Uthai Thani FC,Thailand,Bek-Tengah,0,"Rp1,74Mlyr.",1740000000,2026-03-30
Wattana Playnum,Uthai Thani FC,Thailand,Bek-Tengah,19,"Rp1,30Mlyr.",1300000000,2026-03-30
Thitathorn Auksornsri,Uthai Thani FC,Thailand,Bek-Kiri,0,"Rp3,48Mlyr.",3480000000,2026-03-30
Thanison Paibulkijcharoen,Uthai Thani FC,Thailand,Bek-Kiri,0,"Rp2,61Mlyr.",2610000000,2026-03-30
James Beresford,Uthai Thani FC,Thailand,Bek-Kanan,27,"Rp4,35Mlyr.",4350000000,2026-03-30
Jakkit Wachpirom,Uthai Thani FC,Thailand,Bek-Kanan,17,"Rp1,30Mlyr.",1300000000,2026-03-30
Possawee Muanmart,Uthai Thani FC,Thailand,Bek-Kanan,0,-,0,2026-03-30
Christian Gomis,Uthai Thani FC,Thailand,Gel. Bertahan,0,"Rp6,95Mlyr.",6950000000,2026-03-30
William Weidersjö,Uthai Thani FC,Thailand,Gel. Bertahan,0,"Rp5,21Mlyr.",5210000000,2026-03-30
Atikhun Meethoum,Uthai Thani FC,Thailand,Gel. Bertahan,0,"Rp1,74Mlyr.",1740000000,2026-03-30
Harhys Stewart,Uthai Thani FC,Thailand,Gel. Tengah,30,"Rp5,21Mlyr.",5210000000,2026-03-30
Airfan Doloh,Uthai Thani FC,Thailand,Gel. Tengah,0,"Rp3,48Mlyr.",3480000000,2026-03-30
Sirimongkol Rattanapoom,Uthai Thani FC,Thailand,Gel. Tengah,21,"Rp1,30Mlyr.",1300000000,2026-03-30
Narakorn Noomchansakool,Uthai Thani FC,Thailand,Gel. Tengah,23,"Rp869,08Jt.",869080000,2026-03-30
Kristoffer Ryberg,Uthai Thani FC,Thailand,Gel. Tengah,0,"Rp434,54Jt.",434540000,2026-03-30
Ben Davis,Uthai Thani FC,Thailand,Gel. Serang,0,"Rp6,08Mlyr.",6080000000,2026-03-30
Pavarit Boonmalert,Uthai Thani FC,Thailand,Gel. Serang,0,"Rp434,54Jt.",434540000,2026-03-30
Sumanya Purisay,Uthai Thani FC,Thailand,Gel. Serang,0,-,0,2026-03-30
Leandro Ribeiro,Uthai Thani FC,Thailand,Sayap Kiri,0,"Rp6,08Mlyr.",6080000000,2026-03-30
Kelvin Oliveira,Uthai Thani FC,Thailand,Sayap Kanan,22,"Rp1,74Mlyr.",1740000000,2026-03-30
Amornthep Maundee,Uthai Thani FC,Thailand,Sayap Kanan,0,"Rp1,30Mlyr.",1300000000,2026-03-30
Nontapat Naksawat,Uthai Thani FC,Thailand,Sayap Kanan,20,"Rp1,30Mlyr.",1300000000,2026-03-30
Bruno Baio,Uthai Thani FC,Thailand,Depan-Tengah,0,"Rp6,95Mlyr.",6950000000,2026-03-30
Mo Eisa,Uthai Thani FC,Thailand,Depan-Tengah,0,"Rp5,21Mlyr.",5210000000,2026-03-30
Danai Smart,Uthai Thani FC,Thailand,Depan-Tengah,0,"Rp434,54Jt.",434540000,2026-03-30
Armin Gremsl,Muangthong United,Thailand,Kiper,0,"Rp3,48Mlyr.",3480000000,2026-03-30
Korrakot Pipatnadda,Muangthong United,Thailand,Kiper,33,"Rp3,48Mlyr.",3480000000,2026-03-30
Rithisak Kalaya,Muangthong United,Thailand,Kiper,38,-,0,2026-03-30
Khomsan Sanphiphan,Muangthong United,Thailand,Kiper,31,-,0,2026-03-30
Stefan Tsonkov,Muangthong United,Thailand,Bek-Tengah,0,"Rp4,35Mlyr.",4350000000,2026-03-30
Nelson Orji,Muangthong United,Thailand,Bek-Tengah,0,"Rp3,48Mlyr.",3480000000,2026-03-30
Songwut Kraikruan,Muangthong United,Thailand,Bek-Tengah,29,"Rp2,61Mlyr.",2610000000,2026-03-30
Dong-su Kim,Muangthong United,Thailand,Bek-Tengah,28,"Rp1,74Mlyr.",1740000000,2026-03-30
Theekawin Chansri,Muangthong United,Thailand,Bek-Tengah,35,"Rp1,30Mlyr.",1300000000,2026-03-30
James Falconer,Muangthong United,Thailand,Bek-Tengah,0,"Rp434,54Jt.",434540000,2026-03-30
Michael Kempter,Muangthong United,Thailand,Bek-Kiri,27,"Rp3,48Mlyr.",3480000000,2026-03-30
Wattanakorn Sawatlakhorn,Muangthong United,Thailand,Bek-Kiri,0,"Rp1,30Mlyr.",1300000000,2026-03-30
Tristan Do,Muangthong United,Thailand,Bek-Kanan,19,"Rp2,61Mlyr.",2610000000,2026-03-30
John-Patrick Strauß,Muangthong United,Thailand,Gel. Bertahan,0,"Rp5,21Mlyr.",5210000000,2026-03-30
Siradanai Phosri,Muangthong United,Thailand,Gel. Bertahan,23,"Rp869,08Jt.",869080000,2026-03-30
Nitisak Anulun,Muangthong United,Thailand,Gel. Bertahan,30,-,0,2026-03-30
Sorawit Panthong,Muangthong United,Thailand,Gel. Tengah,0,"Rp2,61Mlyr.",2610000000,2026-03-30
Wongsakorn Chaikultewin,Muangthong United,Thailand,Gel. Tengah,16,"Rp1,30Mlyr.",1300000000,2026-03-30
Thiraphat Nuntagowat,Muangthong United,Thailand,Gel. Tengah,22,"Rp1,30Mlyr.",1300000000,2026-03-30
Danuphon Buppha,Muangthong United,Thailand,Gel. Tengah,18,"Rp434,54Jt.",434540000,2026-03-30
Kittapak Seangsawat,Muangthong United,Thailand,Gel. Tengah,39,"Rp434,54Jt.",434540000,2026-03-30
Kakana Khamyok,Muangthong United,Thailand,Gel. Serang,34,"Rp4,35Mlyr.",4350000000,2026-03-30
Anass Ahannach,Muangthong United,Thailand,Gel. Serang,24,"Rp3,04Mlyr.",3040000000,2026-03-30
Piyanat Thodsanid,Muangthong United,Thailand,Gel. Serang,17,"Rp434,54Jt.",434540000,2026-03-30
Willian Popp,Muangthong United,Thailand,Sayap Kiri,0,"Rp6,95Mlyr.",6950000000,2026-03-30
Melvyn Lorenzen,Muangthong United,Thailand,Sayap Kiri,0,"Rp5,21Mlyr.",5210000000,2026-03-30
Emil Roback,Muangthong United,Thailand,Sayap Kiri,0,"Rp4,35Mlyr.",4350000000,2026-03-30
Korawich Tasa,Muangthong United,Thailand,Sayap Kanan,0,"Rp2,61Mlyr.",2610000000,2026-03-30
Purachet Thodsanid,Muangthong United,Thailand,Sayap Kanan,21,"Rp2,61Mlyr.",2610000000,2026-03-30
Marko Saric,Muangthong United,Thailand,Depan-Tengah,0,"Rp6,08Mlyr.",6080000000,2026-03-30
Sarayut Yoosuebchuea,Muangthong United,Thailand,Depan-Tengah,20,"Rp1,30Mlyr.",1300000000,2026-03-30
Somporn Yos,Port FC,Thailand,Kiper,0,"Rp2,61Mlyr.",2610000000,2026-03-30
Michael Falkesgaard,Port FC,Thailand,Kiper,0,"Rp1,30Mlyr.",1300000000,2026-03-30
Sarawut Konglap,Port FC,Thailand,Kiper,35,-,0,2026-03-30
Rangsiman Kemmueang,Port FC,Thailand,Kiper,40,-,0,2026-03-30
Matheus Lins,Port FC,Thailand,Bek-Tengah,0,"Rp6,08Mlyr.",6080000000,2026-03-30
Irfan Fandi,Port FC,Thailand,Bek-Tengah,17,"Rp4,35Mlyr.",4350000000,2026-03-30
Peerawat Akkratum,Port FC,Thailand,Bek-Tengah,36,"Rp3,48Mlyr.",3480000000,2026-03-30
Chinnawat Wongchai,Port FC,Thailand,Bek-Tengah,16,"Rp1,74Mlyr.",1740000000,2026-03-30
Rebin Sulaka,Port FC,Thailand,Bek-Tengah,22,"Rp1,74Mlyr.",1740000000,2026-03-30
Chaiyawat Buran,Port FC,Thailand,Bek-Kiri,26,"Rp2,61Mlyr.",2610000000,2026-03-30
Hugo Boutsingkham,Port FC,Thailand,Bek-Kiri,23,"Rp1,30Mlyr.",1300000000,2026-03-30
Asnawi Mangkualam,Port FC,Thailand,Bek-Kanan,0,"Rp7,82Mlyr.",7820000000,2026-03-30
Suphanan Bureerat,Port FC,Thailand,Bek-Kanan,0,"Rp4,35Mlyr.",4350000000,2026-03-30
Noboru Shimura,Port FC,Thailand,Gel. Bertahan,33,"Rp5,21Mlyr.",5210000000,2026-03-30
Tanaboon Kesarat,Port FC,Thailand,Gel. Bertahan,0,"Rp2,61Mlyr.",2610000000,2026-03-30
Sittha Boonlha,Port FC,Thailand,Gel. Bertahan,0,"Rp2,17Mlyr.",2170000000,2026-03-30
Peeradol Chamrasamee,Port FC,Thailand,Gel. Tengah,0,"Rp4,35Mlyr.",4350000000,2026-03-30
Worachit Kanitsribumphen,Port FC,Thailand,Gel. Serang,44,"Rp6,08Mlyr.",6080000000,2026-03-30
Sivakorn Tiatrakul,Port FC,Thailand,Gel. Serang,21,"Rp3,48Mlyr.",3480000000,2026-03-30
Chanukan Karin,Port FC,Thailand,Gel. Serang,0,"Rp2,61Mlyr.",2610000000,2026-03-30
Athit Berg,Port FC,Thailand,Gel. Serang,0,"Rp2,61Mlyr.",2610000000,2026-03-30
Tanapat Hongkhiao,Port FC,Thailand,Gel. Serang,30,-,0,2026-03-30
Bordin Phala,Port FC,Thailand,Sayap Kiri,0,"Rp6,95Mlyr.",6950000000,2026-03-30
Kaká Mendes,Port FC,Thailand,Sayap Kiri,0,"Rp3,48Mlyr.",3480000000,2026-03-30
Natthakit Phosri,Port FC,Thailand,Sayap Kiri,38,"Rp869,08Jt.",869080000,2026-03-30
Lucas Tocantins,Port FC,Thailand,Sayap Kanan,27,"Rp3,04Mlyr.",3040000000,2026-03-30
Teerasak Poeiphimai,Port FC,Thailand,Depan-Tengah,0,"Rp7,82Mlyr.",7820000000,2026-03-30
Brayan Perea,Port FC,Thailand,Depan-Tengah,18,"Rp6,08Mlyr.",6080000000,2026-03-30
Leo Kalil,Port FC,Thailand,Depan-Tengah,0,"Rp2,17Mlyr.",2170000000,2026-03-30
Neil Etheridge,Buriram United,Thailand,Kiper,0,"Rp3,91Mlyr.",3910000000,2026-03-30
Korraphat Nareechan,Buriram United,Thailand,Kiper,29,"Rp1,74Mlyr.",1740000000,2026-03-30
Chatchai Bootprom,Buriram United,Thailand,Kiper,34,"Rp1,30Mlyr.",1300000000,2026-03-30
Prapot Chongcharoen,Buriram United,Thailand,Kiper,0,-,0,2026-03-30
Myeong-seok Ko,Buriram United,Thailand,Bek-Tengah,22,"Rp6,95Mlyr.",6950000000,2026-03-30
Edu Mancha,Buriram United,Thailand,Bek-Tengah,40,"Rp6,95Mlyr.",6950000000,2026-03-30
Curtis Good,Buriram United,Thailand,Bek-Tengah,0,"Rp5,21Mlyr.",5210000000,2026-03-30
Shinnaphat Leeaoh,Buriram United,Thailand,Bek-Tengah,0,"Rp4,35Mlyr.",4350000000,2026-03-30
Pansa Hemviboon,Buriram United,Thailand,Bek-Tengah,0,"Rp1,74Mlyr.",1740000000,2026-03-30
Sasalak Haiprakhon,Buriram United,Thailand,Bek-Kiri,0,"Rp6,95Mlyr.",6950000000,2026-03-30
Sandy Walsh,Buriram United,Thailand,Bek-Kanan,0,"Rp12,17Mlyr.",12170000000,2026-03-30
Filip Stojkovic,Buriram United,Thailand,Bek-Kanan,30,"Rp4,78Mlyr.",4780000000,2026-03-30
Narubadin Weerawatnodom,Buriram United,Thailand,Bek-Kanan,0,"Rp4,35Mlyr.",4350000000,2026-03-30
Kenny Dougall,Buriram United,Thailand,Gel. Bertahan,16,"Rp6,95Mlyr.",6950000000,2026-03-30
Phitiwat Sookjitthammakul,Buriram United,Thailand,Gel. Bertahan,27,"Rp6,08Mlyr.",6080000000,2026-03-30
Theerathon Bunmathan,Buriram United,Thailand,Gel. Bertahan,0,"Rp3,48Mlyr.",3480000000,2026-03-30
Ratthanakorn Maikami,Buriram United,Thailand,Gel. Bertahan,0,"Rp3,48Mlyr.",3480000000,2026-03-30
Goran Causic,Buriram United,Thailand,Gel. Tengah,23,"Rp8,69Mlyr.",8690000000,2026-03-30
Peter Zulj,Buriram United,Thailand,Gel. Tengah,44,"Rp7,82Mlyr.",7820000000,2026-03-30
Emmanuel Toku,Buriram United,Thailand,Gel. Serang,26,"Rp6,95Mlyr.",6950000000,2026-03-30
Thanakrit Chotmuangpak,Buriram United,Thailand,Gel. Serang,33,"Rp3,48Mlyr.",3480000000,2026-03-30
Kingsley Schindler,Buriram United,Thailand,Sayap Kanan,19,"Rp12,17Mlyr.",12170000000,2026-03-30
Robert Zulj,Buriram United,Thailand,Depan-Kedua,32,"Rp13,91Mlyr.",13910000000,2026-03-30
Bissoli,Buriram United,Thailand,Depan-Tengah,0,"Rp34,76Mlyr.",34760000000,2026-03-30
Suphanat Mueanta,Buriram United,Thailand,Depan-Tengah,0,"Rp17,38Mlyr.",17380000000,2026-03-30
Supachai Chaided,Buriram United,Thailand,Depan-Tengah,0,"Rp15,64Mlyr.",15640000000,2026-03-30
Kasper Junker,Buriram United,Thailand,Depan-Tengah,0,"Rp12,17Mlyr.",12170000000,2026-03-30
Rubén Sánchez,Buriram United,Thailand,Depan-Tengah,28,"Rp6,08Mlyr.",6080000000,2026-03-30
Ilhan Fandi,Buriram United,Thailand,Depan-Tengah,17,"Rp3,48Mlyr.",3480000000,2026-03-30
Nathakorn Rattanasuwan,Buriram United,Thailand,Depan-Tengah,0,-,0,2026-03-30
Kittipong Phuthawchueak,Kanchanaburi Power FC,Thailand,Kiper,26,"Rp1,74Mlyr.",1740000000,2026-03-30
Sarut Nasri,Kanchanaburi Power FC,Thailand,Kiper,35,"Rp1,74Mlyr.",1740000000,2026-03-30
Sumethee Khokpho,Kanchanaburi Power FC,Thailand,Kiper,31,"Rp1,30Mlyr.",1300000000,2026-03-30
Kritsana Pummarrin,Kanchanaburi Power FC,Thailand,Kiper,0,"Rp869,08Jt.",869080000,2026-03-30
Nalubate Boonyarat,Kanchanaburi Power FC,Thailand,Kiper,22,-,0,2026-03-30
Aaron Gurd,Kanchanaburi Power FC,Thailand,Bek-Tengah,0,"Rp2,61Mlyr.",2610000000,2026-03-30
Prachya Fudsuparp,Kanchanaburi Power FC,Thailand,Bek-Tengah,28,"Rp2,61Mlyr.",2610000000,2026-03-30
Pawee Tanthatemee,Kanchanaburi Power FC,Thailand,Bek-Tengah,25,"Rp2,17Mlyr.",2170000000,2026-03-30
Mehdi Tahrat,Kanchanaburi Power FC,Thailand,Bek-Tengah,0,"Rp2,17Mlyr.",2170000000,2026-03-30
Diego Bardanca,Kanchanaburi Power FC,Thailand,Bek-Tengah,44,"Rp1,74Mlyr.",1740000000,2026-03-30
Peerapat Notchaiya,Kanchanaburi Power FC,Thailand,Bek-Kiri,0,"Rp3,04Mlyr.",3040000000,2026-03-30
Satsanapong Wattayuchutikul,Kanchanaburi Power FC,Thailand,Bek-Kiri,29,"Rp869,08Jt.",869080000,2026-03-30
Kitinun Suttiwiriyakul,Kanchanaburi Power FC,Thailand,Bek-Kiri,32,"Rp434,54Jt.",434540000,2026-03-30
Ryhan Stewart,Kanchanaburi Power FC,Thailand,Bek-Kanan,16,"Rp4,35Mlyr.",4350000000,2026-03-30
Wattana Klomjit,Kanchanaburi Power FC,Thailand,Bek-Kanan,0,"Rp1,30Mlyr.",1300000000,2026-03-30
Tony Laurent-Gonnet,Kanchanaburi Power FC,Thailand,Bek-Kanan,27,-,0,2026-03-30
Anumanthan Kumar,Kanchanaburi Power FC,Thailand,Gel. Bertahan,0,"Rp1,30Mlyr.",1300000000,2026-03-30
Chayapipat Supunpasuch,Kanchanaburi Power FC,Thailand,Gel. Bertahan,0,"Rp1,30Mlyr.",1300000000,2026-03-30
John Lucero,Kanchanaburi Power FC,Thailand,Gel. Tengah,0,"Rp2,17Mlyr.",2170000000,2026-03-30
Ewerton,Kanchanaburi Power FC,Thailand,Gel. Tengah,0,"Rp1,74Mlyr.",1740000000,2026-03-30
Pongpat Liorungrueangkit,Kanchanaburi Power FC,Thailand,Gel. Tengah,18,"Rp1,74Mlyr.",1740000000,2026-03-30
Santipap Ratniyom,Kanchanaburi Power FC,Thailand,Gel. Tengah,42,"Rp1,30Mlyr.",1300000000,2026-03-30
Suchao Nutnum,Kanchanaburi Power FC,Thailand,Gel. Tengah,0,-,0,2026-03-30
Alain Oyarzun,Kanchanaburi Power FC,Thailand,Gel. Serang,19,"Rp4,35Mlyr.",4350000000,2026-03-30
Sergio Aguero,Kanchanaburi Power FC,Thailand,Gel. Serang,20,"Rp2,61Mlyr.",2610000000,2026-03-30
Mohamed Mara,Kanchanaburi Power FC,Thailand,Sayap Kiri,21,"Rp5,21Mlyr.",5210000000,2026-03-30
Tanasith Siripala,Kanchanaburi Power FC,Thailand,Sayap Kiri,0,"Rp1,74Mlyr.",1740000000,2026-03-30
Andros Townsend,Kanchanaburi Power FC,Thailand,Sayap Kanan,30,"Rp8,69Mlyr.",8690000000,2026-03-30
Gerson Rodrigues,Kanchanaburi Power FC,Thailand,Depan-Tengah,0,"Rp6,08Mlyr.",6080000000,2026-03-30
Aboubakar Kamara,Kanchanaburi Power FC,Thailand,Depan-Tengah,0,"Rp6,08Mlyr.",6080000000,2026-03-30
Chenrop Samphaodi,Kanchanaburi Power FC,Thailand,Depan-Tengah,0,"Rp2,17Mlyr.",2170000000,2026-03-30
Kittiphod Sathiphanuwat,Kanchanaburi Power FC,Thailand,Penyerang,0,-,0,2026-03-30
Tanachai Noorach,Nakhonratchasima Mazda FC,Thailand,Kiper,36,"Rp2,17Mlyr.",2170000000,2026-03-30
Nopphon Lakhonphon,Nakhonratchasima Mazda FC,Thailand,Kiper,18,"Rp1,74Mlyr.",1740000000,2026-03-30
Phatcharaphong Prathumma,Nakhonratchasima Mazda FC,Thailand,Kiper,0,"Rp434,54Jt.",434540000,2026-03-30
Achirawit Natsanthia,Nakhonratchasima Mazda FC,Thailand,Kiper,34,-,0,2026-03-30
Sorawis Srifah,Nakhonratchasima Mazda FC,Thailand,Kiper,0,-,0,2026-03-30
Nenad Lalic,Nakhonratchasima Mazda FC,Thailand,Bek-Tengah,43,"Rp3,48Mlyr.",3480000000,2026-03-30
Bill Mamadou,Nakhonratchasima Mazda FC,Thailand,Bek-Tengah,0,"Rp2,17Mlyr.",2170000000,2026-03-30
Anusak Jaiphet,Nakhonratchasima Mazda FC,Thailand,Bek-Tengah,0,"Rp2,17Mlyr.",2170000000,2026-03-30
Sarawut Inpaen,Nakhonratchasima Mazda FC,Thailand,Bek-Tengah,0,"Rp1,30Mlyr.",1300000000,2026-03-30
Pichitchai Sienkrathok,Nakhonratchasima Mazda FC,Thailand,Bek-Tengah,16,"Rp1,30Mlyr.",1300000000,2026-03-30
Watcharin Nuengprakaew,Nakhonratchasima Mazda FC,Thailand,Bek-Tengah,39,"Rp1,30Mlyr.",1300000000,2026-03-30
Woraphob Thaweesuk,Nakhonratchasima Mazda FC,Thailand,Bek-Tengah,0,-,0,2026-03-30
Narongsak Phetnok,Nakhonratchasima Mazda FC,Thailand,Bek-Tengah,0,-,0,2026-03-30
Wendel,Nakhonratchasima Mazda FC,Thailand,Bek-Kiri,35,"Rp3,48Mlyr.",3480000000,2026-03-30
Charalampos Charalampous,Nakhonratchasima Mazda FC,Thailand,Bek-Kiri,33,"Rp2,61Mlyr.",2610000000,2026-03-30
Hein Phyo Win,Nakhonratchasima Mazda FC,Thailand,Bek-Kanan,0,"Rp3,04Mlyr.",3040000000,2026-03-30
Jork Becerra,Nakhonratchasima Mazda FC,Thailand,Gel. Bertahan,0,"Rp4,35Mlyr.",4350000000,2026-03-30
Leon James,Nakhonratchasima Mazda FC,Thailand,Gel. Bertahan,0,"Rp2,17Mlyr.",2170000000,2026-03-30
Jared Gallagher,Nakhonratchasima Mazda FC,Thailand,Gel. Bertahan,0,"Rp1,30Mlyr.",1300000000,2026-03-30
Nattawut Jaroenboot,Nakhonratchasima Mazda FC,Thailand,Gel. Tengah,21,"Rp869,08Jt.",869080000,2026-03-30
Pongsakron Hanrattana,Nakhonratchasima Mazda FC,Thailand,Gel. Tengah,22,"Rp434,54Jt.",434540000,2026-03-30
Noppakorn Kanhabang,Nakhonratchasima Mazda FC,Thailand,Gel. Tengah,0,-,0,2026-03-30
Rattasat Bangsungnoen,Nakhonratchasima Mazda FC,Thailand,Gel. Serang,19,"Rp2,17Mlyr.",2170000000,2026-03-30
Hirotaka Mita,Nakhonratchasima Mazda FC,Thailand,Gel. Serang,0,"Rp869,08Jt.",869080000,2026-03-30
Anurak Mungdee,Nakhonratchasima Mazda FC,Thailand,Sayap Kanan,17,"Rp1,30Mlyr.",1300000000,2026-03-30
Pannatat Prempree,Nakhonratchasima Mazda FC,Thailand,Sayap Kanan,30,-,0,2026-03-30
Dennis Murillo,Nakhonratchasima Mazda FC,Thailand,Depan-Tengah,23,"Rp3,48Mlyr.",3480000000,2026-03-30
Yuki Kusano,Nakhonratchasima Mazda FC,Thailand,Depan-Tengah,25,"Rp3,48Mlyr.",3480000000,2026-03-30
Mateus,Nakhonratchasima Mazda FC,Thailand,Depan-Tengah,0,"Rp1,74Mlyr.",1740000000,2026-03-30
Prakiattichai Singsook,Nakhonratchasima Mazda FC,Thailand,Depan-Tengah,0,-,0,2026-03-30
Nont Muangngam,Lamphun Warriors,Thailand,Kiper,20,"Rp2,17Mlyr.",2170000000,2026-03-30
Kwanchai Suklom,Lamphun Warriors,Thailand,Kiper,26,"Rp1,74Mlyr.",1740000000,2026-03-30
Thirawooth Sruanson,Lamphun Warriors,Thailand,Kiper,31,"Rp1,30Mlyr.",1300000000,2026-03-30
Aly Cissokho,Lamphun Warriors,Thailand,Bek-Tengah,22,"Rp1,74Mlyr.",1740000000,2026-03-30
Charlie Clough,Lamphun Warriors,Thailand,Bek-Tengah,23,"Rp1,74Mlyr.",1740000000,2026-03-30
Jonas Schwabe,Lamphun Warriors,Thailand,Bek-Tengah,0,"Rp1,30Mlyr.",1300000000,2026-03-30
Noppol Kerdkaew,Lamphun Warriors,Thailand,Bek-Tengah,24,"Rp1,30Mlyr.",1300000000,2026-03-30
Todsapol Lated,Lamphun Warriors,Thailand,Bek-Tengah,0,"Rp869,08Jt.",869080000,2026-03-30
Wittaya Moonwong,Lamphun Warriors,Thailand,Bek-Kiri,0,"Rp1,74Mlyr.",1740000000,2026-03-30
Suriya Singmui,Lamphun Warriors,Thailand,Bek-Kiri,30,"Rp1,74Mlyr.",1740000000,2026-03-30
Dominik Schad,Lamphun Warriors,Thailand,Bek-Kanan,0,"Rp4,78Mlyr.",4780000000,2026-03-30
Nuttee Noiwilai,Lamphun Warriors,Thailand,Bek-Kanan,27,"Rp2,17Mlyr.",2170000000,2026-03-30
Tossaporn Chuchin,Lamphun Warriors,Thailand,Bek-Kanan,21,"Rp1,30Mlyr.",1300000000,2026-03-30
Tanakorn Navanich,Lamphun Warriors,Thailand,Bek-Kanan,0,"Rp869,08Jt.",869080000,2026-03-30
Teerawut Churok,Lamphun Warriors,Thailand,Gel. Bertahan,0,"Rp1,74Mlyr.",1740000000,2026-03-30
Akarapong Pumwisat,Lamphun Warriors,Thailand,Gel. Tengah,0,"Rp4,35Mlyr.",4350000000,2026-03-30
Oskari Kekkonen,Lamphun Warriors,Thailand,Gel. Tengah,0,"Rp2,17Mlyr.",2170000000,2026-03-30
Baworn Tapla,Lamphun Warriors,Thailand,Gel. Tengah,32,"Rp869,08Jt.",869080000,2026-03-30
Mohammed Osman,Lamphun Warriors,Thailand,Gel. Serang,0,"Rp6,08Mlyr.",6080000000,2026-03-30
Anan Yodsangwal,Lamphun Warriors,Thailand,Sayap Kiri,0,"Rp5,21Mlyr.",5210000000,2026-03-30
Tawan Khotrsupho,Lamphun Warriors,Thailand,Sayap Kiri,19,"Rp1,30Mlyr.",1300000000,2026-03-30
Surat Suriyachai,Lamphun Warriors,Thailand,Sayap Kanan,25,"Rp1,30Mlyr.",1300000000,2026-03-30
Peniel Mlapa,Lamphun Warriors,Thailand,Depan-Tengah,18,"Rp3,48Mlyr.",3480000000,2026-03-30
Willen Mota,Lamphun Warriors,Thailand,Depan-Tengah,29,"Rp3,04Mlyr.",3040000000,2026-03-30
Kenshiro Daniels,Lamphun Warriors,Thailand,Depan-Tengah,0,"Rp2,17Mlyr.",2170000000,2026-03-30
Warut Makemusik,Ayutthaya United,Thailand,Kiper,0,"Rp1,74Mlyr.",1740000000,2026-03-30
Narongsak Naengwongsa,Ayutthaya United,Thailand,Kiper,25,"Rp869,08Jt.",869080000,2026-03-30
Suthipong Pisansub,Ayutthaya United,Thailand,Kiper,39,"Rp434,54Jt.",434540000,2026-03-30
Teerat Nakchamnan,Ayutthaya United,Thailand,Kiper,27,-,0,2026-03-30
Hyun-soo Hwang,Ayutthaya United,Thailand,Bek-Tengah,0,"Rp5,21Mlyr.",5210000000,2026-03-30
Noah Leddel,Ayutthaya United,Thailand,Bek-Tengah,0,"Rp2,17Mlyr.",2170000000,2026-03-30
Wellington Priori,Ayutthaya United,Thailand,Bek-Tengah,0,"Rp1,74Mlyr.",1740000000,2026-03-30
Worawut Namvech,Ayutthaya United,Thailand,Bek-Tengah,24,"Rp1,30Mlyr.",1300000000,2026-03-30
Worawut Sataporn,Ayutthaya United,Thailand,Bek-Tengah,26,"Rp1,30Mlyr.",1300000000,2026-03-30
Chiraphong Raksongkham,Ayutthaya United,Thailand,Bek-Tengah,0,"Rp434,54Jt.",434540000,2026-03-30
Bhumchanok Kamkla,Ayutthaya United,Thailand,Bek-Kiri,16,"Rp2,17Mlyr.",2170000000,2026-03-30
Chanon Tamma,Ayutthaya United,Thailand,Bek-Kiri,0,"Rp2,17Mlyr.",2170000000,2026-03-30
Kitphom Bunsan,Ayutthaya United,Thailand,Bek-Kiri,0,"Rp1,30Mlyr.",1300000000,2026-03-30
Jirawat Janpong,Ayutthaya United,Thailand,Bek-Kanan,0,"Rp1,74Mlyr.",1740000000,2026-03-30
Atsadawut Changthong,Ayutthaya United,Thailand,Bek-Kanan,0,"Rp869,08Jt.",869080000,2026-03-30
Thanet Suknate,Ayutthaya United,Thailand,Bek-Kanan,0,"Rp434,54Jt.",434540000,2026-03-30
Natcha Promsomboon,Ayutthaya United,Thailand,Gel. Bertahan,28,"Rp1,74Mlyr.",1740000000,2026-03-30
Anuwat Noicheunphan,Ayutthaya United,Thailand,Gel. Bertahan,31,"Rp869,08Jt.",869080000,2026-03-30
Nattapon Worasut,Ayutthaya United,Thailand,Gel. Tengah,0,"Rp2,61Mlyr.",2610000000,2026-03-30
Passakorn Biaothungoi,Ayutthaya United,Thailand,Gel. Tengah,23,"Rp2,17Mlyr.",2170000000,2026-03-30
Sanrawat Dechmitr,Ayutthaya United,Thailand,Gel. Tengah,29,"Rp434,54Jt.",434540000,2026-03-30
Yashir Islame,Ayutthaya United,Thailand,Gel. Serang,36,"Rp1,74Mlyr.",1740000000,2026-03-30
Sung-dong Paik,Ayutthaya United,Thailand,Sayap Kiri,0,"Rp4,78Mlyr.",4780000000,2026-03-30
Chakkit Laptrakul,Ayutthaya United,Thailand,Sayap Kiri,17,"Rp2,17Mlyr.",2170000000,2026-03-30
Verot Pombuppha,Ayutthaya United,Thailand,Sayap Kiri,22,"Rp1,30Mlyr.",1300000000,2026-03-30
Anucha Sakaekum,Ayutthaya United,Thailand,Sayap Kiri,0,-,0,2026-03-30
Diego Carioca,Ayutthaya United,Thailand,Sayap Kanan,0,"Rp4,35Mlyr.",4350000000,2026-03-30
Veeraphong Aon-pean,Ayutthaya United,Thailand,Sayap Kanan,34,"Rp2,61Mlyr.",2610000000,2026-03-30
Yotsak Chaowana,Ayutthaya United,Thailand,Sayap Kanan,18,"Rp434,54Jt.",434540000,2026-03-30
Conrado,Ayutthaya United,Thailand,Depan-Tengah,0,"Rp2,61Mlyr.",2610000000,2026-03-30
Caíque Lemes,Ayutthaya United,Thailand,Depan-Tengah,0,"Rp2,61Mlyr.",2610000000,2026-03-30
Kitsana Kasemkulwirai,Ayutthaya United,Thailand,Depan-Tengah,0,"Rp1,30Mlyr.",1300000000,2026-03-30
Patiwat Khammai,True Bangkok United,Thailand,Kiper,0,"Rp6,95Mlyr.",6950000000,2026-03-30
Phuwadol Pholsongkram,True Bangkok United,Thailand,Kiper,29,"Rp2,61Mlyr.",2610000000,2026-03-30
Chinnapong Raksri,True Bangkok United,Thailand,Kiper,38,"Rp869,08Jt.",869080000,2026-03-30
Supanut Sudathip,True Bangkok United,Thailand,Kiper,0,-,0,2026-03-30
Philipe Maia,True Bangkok United,Thailand,Bek-Tengah,0,"Rp6,08Mlyr.",6080000000,2026-03-30
Suphan Thongsong,True Bangkok United,Thailand,Bek-Tengah,26,"Rp5,21Mlyr.",5210000000,2026-03-30
Jakkaphan Praisuwan,True Bangkok United,Thailand,Bek-Tengah,36,"Rp3,48Mlyr.",3480000000,2026-03-30
Everton,True Bangkok United,Thailand,Bek-Tengah,0,"Rp3,04Mlyr.",3040000000,2026-03-30
Manuel Bihr,True Bangkok United,Thailand,Bek-Tengah,0,"Rp2,17Mlyr.",2170000000,2026-03-30
Wichan Inaram,True Bangkok United,Thailand,Bek-Tengah,0,"Rp434,54Jt.",434540000,2026-03-30
Pratama Arhan,True Bangkok United,Thailand,Bek-Kiri,21,"Rp3,48Mlyr.",3480000000,2026-03-30
Wanchai Jarunongkran,True Bangkok United,Thailand,Bek-Kiri,24,"Rp3,48Mlyr.",3480000000,2026-03-30
Surachai Booncharee,True Bangkok United,Thailand,Bek-Kiri,43,-,0,2026-03-30
Nitipong Selanon,True Bangkok United,Thailand,Bek-Kanan,0,"Rp3,48Mlyr.",3480000000,2026-03-30
Boontawee Thepwong,True Bangkok United,Thailand,Bek-Kanan,0,"Rp1,74Mlyr.",1740000000,2026-03-30
Nontapat Ploymee,True Bangkok United,Thailand,Bek-Kanan,0,-,0,2026-03-30
Weerathep Pomphun,True Bangkok United,Thailand,Gel. Bertahan,27,"Rp6,08Mlyr.",6080000000,2026-03-30
Wisarut Imura,True Bangkok United,Thailand,Gel. Bertahan,0,"Rp2,17Mlyr.",2170000000,2026-03-30
Pichaya Kongsri,True Bangkok United,Thailand,Gel. Bertahan,0,-,0,2026-03-30
Nebojsa Kosovic,True Bangkok United,Thailand,Gel. Tengah,33,"Rp8,69Mlyr.",8690000000,2026-03-30
Thitiphan Puangchan,True Bangkok United,Thailand,Gel. Tengah,18,"Rp5,21Mlyr.",5210000000,2026-03-30
Picha Autra,True Bangkok United,Thailand,Gel. Tengah,37,"Rp4,35Mlyr.",4350000000,2026-03-30
Pokklaw Anan,True Bangkok United,Thailand,Gel. Tengah,39,"Rp2,61Mlyr.",2610000000,2026-03-30
Aekkarat Sansuwan,True Bangkok United,Thailand,Gel. Tengah,0,-,0,2026-03-30
Pachara Wangsawat,True Bangkok United,Thailand,Gel. Tengah,0,-,0,2026-03-30
Arthur,True Bangkok United,Thailand,Sayap Kiri,0,"Rp3,91Mlyr.",3910000000,2026-03-30
Chayawat Srinawong,True Bangkok United,Thailand,Sayap Kiri,19,"Rp1,74Mlyr.",1740000000,2026-03-30
Achita Nawathit,True Bangkok United,Thailand,Sayap Kiri,0,-,0,2026-03-30
Ilias Alhaft,True Bangkok United,Thailand,Sayap Kanan,0,"Rp6,08Mlyr.",6080000000,2026-03-30
Rungrath Poomchantuek,True Bangkok United,Thailand,Sayap Kanan,0,"Rp3,04Mlyr.",3040000000,2026-03-30
Narakorn Kangkratok,True Bangkok United,Thailand,Sayap Kanan,32,"Rp1,74Mlyr.",1740000000,2026-03-30
Krit Klangpan,True Bangkok United,Thailand,Sayap Kanan,0,-,0,2026-03-30
Seia Kunori,True Bangkok United,Thailand,Depan-Kedua,17,"Rp7,82Mlyr.",7820000000,2026-03-30
Muhsen Al-Ghassani,True Bangkok United,Thailand,Depan-Tengah,16,"Rp15,64Mlyr.",15640000000,2026-03-30
Richairo Zivkovic,True Bangkok United,Thailand,Depan-Tengah,30,"Rp13,91Mlyr.",13910000000,2026-03-30
Rivaldinho,True Bangkok United,Thailand,Depan-Tengah,0,"Rp6,95Mlyr.",6950000000,2026-03-30
Guntapon Keereeleang,True Bangkok United,Thailand,Depan-Tengah,20,"Rp2,61Mlyr.",2610000000,2026-03-30
Teerasil Dangda,True Bangkok United,Thailand,Depan-Tengah,0,"Rp1,74Mlyr.",1740000000,2026-03-30
Thanawat Deelert,True Bangkok United,Thailand,Depan-Tengah,0,-,0,2026-03-30
Kevin Ray Mendoza,Chonburi FC,Thailand,Kiper,0,"Rp5,21Mlyr.",5210000000,2026-03-30
Noppakun Kadtoon,Chonburi FC,Thailand,Kiper,0,"Rp2,17Mlyr.",2170000000,2026-03-30
Thanawat Panthong,Chonburi FC,Thailand,Kiper,0,"Rp434,54Jt.",434540000,2026-03-30
Siwat Chomphooviset,Chonburi FC,Thailand,Kiper,0,-,0,2026-03-30
Ratchanon Phoonpatanasab,Chonburi FC,Thailand,Bek,0,-,0,2026-03-30
Jefferson Tabinas,Chonburi FC,Thailand,Bek-Tengah,0,"Rp5,21Mlyr.",5210000000,2026-03-30
Kike Linares,Chonburi FC,Thailand,Bek-Tengah,0,"Rp2,61Mlyr.",2610000000,2026-03-30
Nattapong Sayriya,Chonburi FC,Thailand,Bek-Tengah,37,"Rp2,17Mlyr.",2170000000,2026-03-30
Jorge Fellipe,Chonburi FC,Thailand,Bek-Tengah,0,"Rp1,74Mlyr.",1740000000,2026-03-30
Chatmongkol Rueangthanarot,Chonburi FC,Thailand,Bek-Kiri,0,"Rp2,61Mlyr.",2610000000,2026-03-30
Kittipong Sansanit,Chonburi FC,Thailand,Bek-Kiri,0,"Rp1,74Mlyr.",1740000000,2026-03-30
Thanphisit Peanksikum,Chonburi FC,Thailand,Bek-Kiri,0,-,0,2026-03-30
Wathanyu Nairatsami,Chonburi FC,Thailand,Bek-Kiri,0,-,0,2026-03-30
Santiphap Channgom,Chonburi FC,Thailand,Bek-Kanan,23,"Rp3,48Mlyr.",3480000000,2026-03-30
Thanaset Sujarit,Chonburi FC,Thailand,Bek-Kanan,36,"Rp1,74Mlyr.",1740000000,2026-03-30
Suksan Bunta,Chonburi FC,Thailand,Bek-Kanan,20,"Rp869,08Jt.",869080000,2026-03-30
Nattanan Biesamrit,Chonburi FC,Thailand,Gel. Bertahan,30,"Rp2,61Mlyr.",2610000000,2026-03-30
Richmond Darko,Chonburi FC,Thailand,Gel. Bertahan,28,"Rp1,30Mlyr.",1300000000,2026-03-30
Pathomchai Seaisakul,Chonburi FC,Thailand,Gel. Bertahan,31,"Rp869,08Jt.",869080000,2026-03-30
Tanakon Pinkaew,Chonburi FC,Thailand,Gelandang,0,-,0,2026-03-30
Queven,Chonburi FC,Thailand,Gel. Tengah,0,"Rp4,35Mlyr.",4350000000,2026-03-30
Rachata Moraksa,Chonburi FC,Thailand,Gel. Tengah,32,"Rp1,74Mlyr.",1740000000,2026-03-30
Chayathorn Tapsuvanavon,Chonburi FC,Thailand,Gel. Tengah,0,"Rp1,74Mlyr.",1740000000,2026-03-30
Channarong Promsrikaew,Chonburi FC,Thailand,Gel. Serang,0,"Rp4,35Mlyr.",4350000000,2026-03-30
Estefano Arango,Chonburi FC,Thailand,Sayap Kiri,19,"Rp2,61Mlyr.",2610000000,2026-03-30
Abo Eisa,Chonburi FC,Thailand,Sayap Kanan,0,"Rp4,35Mlyr.",4350000000,2026-03-30
Siraphop Wandee,Chonburi FC,Thailand,Sayap Kanan,21,"Rp1,30Mlyr.",1300000000,2026-03-30
Oege-Sietse van Lingen,Chonburi FC,Thailand,Depan-Tengah,0,"Rp5,21Mlyr.",5210000000,2026-03-30
Jonathan Bolingi,Chonburi FC,Thailand,Depan-Tengah,17,"Rp4,35Mlyr.",4350000000,2026-03-30
Yotsakon Burapha,Chonburi FC,Thailand,Depan-Tengah,0,"Rp1,74Mlyr.",1740000000,2026-03-30
Adisak Kraisorn,Chonburi FC,Thailand,Depan-Tengah,0,"Rp1,74Mlyr.",1740000000,2026-03-30
Worawut Srisupha,Rayong FC,Thailand,Kiper,36,"Rp2,17Mlyr.",2170000000,2026-03-30
Wichaya Ganthong,Rayong FC,Thailand,Kiper,30,"Rp1,74Mlyr.",1740000000,2026-03-30
Chainarong Boonkerd,Rayong FC,Thailand,Kiper,0,"Rp869,08Jt.",869080000,2026-03-30
Ketanuson Junrung,Rayong FC,Thailand,Kiper,0,-,0,2026-03-30
Leonardo Justiniano,Rayong FC,Thailand,Bek-Tengah,20,"Rp7,82Mlyr.",7820000000,2026-03-30
Kritsada Nontharat,Rayong FC,Thailand,Bek-Tengah,35,"Rp3,48Mlyr.",3480000000,2026-03-30
Stefan Cebara,Rayong FC,Thailand,Bek-Tengah,0,"Rp1,74Mlyr.",1740000000,2026-03-30
Maxx Creevey,Rayong FC,Thailand,Bek-Tengah,23,"Rp1,74Mlyr.",1740000000,2026-03-30
Saharat Pongsuwan,Rayong FC,Thailand,Bek-Kiri,0,"Rp2,17Mlyr.",2170000000,2026-03-30
Jaturapat Sattham,Rayong FC,Thailand,Bek-Kiri,24,"Rp1,74Mlyr.",1740000000,2026-03-30
Parkin Harape,Rayong FC,Thailand,Bek-Kiri,31,"Rp1,30Mlyr.",1300000000,2026-03-30
Supawit Romphopak,Rayong FC,Thailand,Bek-Kanan,19,"Rp2,17Mlyr.",2170000000,2026-03-30
Wasusiwakit Phusirit,Rayong FC,Thailand,Bek-Kanan,0,"Rp1,74Mlyr.",1740000000,2026-03-30
Saharat Sontisawat,Rayong FC,Thailand,Gel. Bertahan,0,"Rp3,48Mlyr.",3480000000,2026-03-30
João Afonso,Rayong FC,Thailand,Gel. Bertahan,0,"Rp2,61Mlyr.",2610000000,2026-03-30
Hiromichi Katano,Rayong FC,Thailand,Gel. Bertahan,0,"Rp869,08Jt.",869080000,2026-03-30
Nonthawat Bathong,Rayong FC,Thailand,Gel. Bertahan,0,-,0,2026-03-30
Wattanapong Withunat,Rayong FC,Thailand,Gel. Bertahan,0,-,0,2026-03-30
Porrameth Ittiprasert,Rayong FC,Thailand,Gel. Bertahan,0,-,0,2026-03-30
Manuel Ott,Rayong FC,Thailand,Gel. Tengah,0,"Rp3,48Mlyr.",3480000000,2026-03-30
Seksan Ratree,Rayong FC,Thailand,Gel. Serang,22,"Rp6,08Mlyr.",6080000000,2026-03-30
Somkaet Kunmee,Rayong FC,Thailand,Gel. Serang,0,"Rp1,74Mlyr.",1740000000,2026-03-30
Peerapat Kaminthong,Rayong FC,Thailand,Gel. Serang,0,"Rp869,08Jt.",869080000,2026-03-30
Ryoma Ito,Rayong FC,Thailand,Sayap Kiri,41,"Rp4,35Mlyr.",4350000000,2026-03-30
Matee Sarakum,Rayong FC,Thailand,Sayap Kiri,0,"Rp1,74Mlyr.",1740000000,2026-03-30
Keven Alemán,Rayong FC,Thailand,Sayap Kanan,0,"Rp2,61Mlyr.",2610000000,2026-03-30
Anon Amornlerdsak,Rayong FC,Thailand,Sayap Kanan,27,"Rp2,17Mlyr.",2170000000,2026-03-30
Weslen Junior,Rayong FC,Thailand,Depan-Tengah,0,"Rp5,21Mlyr.",5210000000,2026-03-30
Stenio Junior,Rayong FC,Thailand,Depan-Tengah,18,"Rp2,17Mlyr.",2170000000,2026-03-30
Thanphisit Hempandan,Rayong FC,Thailand,Depan-Tengah,0,"Rp869,08Jt.",869080000,2026-03-30
Apirak Worawong,Singha Chiangrai United,Thailand,Kiper,0,"Rp2,61Mlyr.",2610000000,2026-03-30
Sirassawut Wongruankhum,Singha Chiangrai United,Thailand,Kiper,34,"Rp1,30Mlyr.",1300000000,2026-03-30
Farus Patee,Singha Chiangrai United,Thailand,Kiper,19,"Rp434,54Jt.",434540000,2026-03-30
Jetnipat Khomsom,Singha Chiangrai United,Thailand,Kiper,40,-,0,2026-03-30
Marco Ballini,Singha Chiangrai United,Thailand,Bek-Tengah,0,"Rp3,48Mlyr.",3480000000,2026-03-30
Victor Cardozo,Singha Chiangrai United,Thailand,Bek-Tengah,23,"Rp2,61Mlyr.",2610000000,2026-03-30
Hélio,Singha Chiangrai United,Thailand,Bek-Tengah,28,"Rp1,74Mlyr.",1740000000,2026-03-30
Banphakit Phrmanee,Singha Chiangrai United,Thailand,Bek-Tengah,0,"Rp1,30Mlyr.",1300000000,2026-03-30
Tanasak Srisai,Singha Chiangrai United,Thailand,Bek-Tengah,0,"Rp1,30Mlyr.",1300000000,2026-03-30
Santipap Yaemsaen,Singha Chiangrai United,Thailand,Bek-Tengah,24,"Rp869,08Jt.",869080000,2026-03-30
Thawatchai Inprakhon,Singha Chiangrai United,Thailand,Bek-Kiri,0,"Rp1,74Mlyr.",1740000000,2026-03-30
Gionata Verzura,Singha Chiangrai United,Thailand,Bek-Kanan,17,"Rp1,30Mlyr.",1300000000,2026-03-30
Piyaphon Phanichakul,Singha Chiangrai United,Thailand,Bek-Kanan,0,"Rp869,08Jt.",869080000,2026-03-30
Gabriel Henrique,Singha Chiangrai United,Thailand,Gel. Bertahan,0,"Rp4,35Mlyr.",4350000000,2026-03-30
Settasit Suvannaseat,Singha Chiangrai United,Thailand,Gel. Tengah,0,"Rp2,61Mlyr.",2610000000,2026-03-30
Sanukran Thinjom,Singha Chiangrai United,Thailand,Gel. Tengah,0,"Rp2,17Mlyr.",2170000000,2026-03-30
Phoptham Pornkod,Singha Chiangrai United,Thailand,Gel. Tengah,37,"Rp434,54Jt.",434540000,2026-03-30
Dudu,Singha Chiangrai United,Thailand,Gel. Serang,0,"Rp2,17Mlyr.",2170000000,2026-03-30
Thakdanai Jaihan,Singha Chiangrai United,Thailand,Gel. Serang,20,"Rp2,17Mlyr.",2170000000,2026-03-30
Carlos Iury,Singha Chiangrai United,Thailand,Sayap Kiri,0,"Rp4,35Mlyr.",4350000000,2026-03-30
Chinngoen Phutonyong,Singha Chiangrai United,Thailand,Sayap Kiri,39,"Rp1,30Mlyr.",1300000000,2026-03-30
Ongsa Singthong,Singha Chiangrai United,Thailand,Sayap Kiri,0,"Rp869,08Jt.",869080000,2026-03-30
Seung-won Lee,Singha Chiangrai United,Thailand,Sayap Kanan,0,"Rp2,17Mlyr.",2170000000,2026-03-30
Montree Promsawat,Singha Chiangrai United,Thailand,Sayap Kanan,32,"Rp1,74Mlyr.",1740000000,2026-03-30
Nanthiphat Chaiman,Singha Chiangrai United,Thailand,Sayap Kanan,0,"Rp434,54Jt.",434540000,2026-03-30
Itsuki Enomoto,Singha Chiangrai United,Thailand,Depan-Tengah,0,"Rp6,95Mlyr.",6950000000,2026-03-30
Jordan Emaviwe,Singha Chiangrai United,Thailand,Depan-Tengah,0,"Rp2,61Mlyr.",2610000000,2026-03-30
Sittichok Kannoo,Singha Chiangrai United,Thailand,Depan-Tengah,0,"Rp2,61Mlyr.",2610000000,2026-03-30
Kampol Pathomakkakul,Ratchaburi FC,Thailand,Kiper,0,"Rp3,48Mlyr.",3480000000,2026-03-30
Ukrit Wongmeema,Ratchaburi FC,Thailand,Kiper,0,"Rp869,08Jt.",869080000,2026-03-30
Peerapong Watjanapayon,Ratchaburi FC,Thailand,Kiper,0,-,0,2026-03-30
Atituch Chankar,Ratchaburi FC,Thailand,Kiper,39,-,0,2026-03-30
Jonathan Khemdee,Ratchaburi FC,Thailand,Bek-Tengah,0,"Rp7,82Mlyr.",7820000000,2026-03-30
Gabriel Mutombo,Ratchaburi FC,Thailand,Bek-Tengah,0,"Rp6,08Mlyr.",6080000000,2026-03-30
Adisorn Promrak,Ratchaburi FC,Thailand,Bek-Tengah,0,"Rp2,61Mlyr.",2610000000,2026-03-30
Pethay Promjan,Ratchaburi FC,Thailand,Bek-Tengah,33,"Rp434,54Jt.",434540000,2026-03-30
Kevin Deeromram,Ratchaburi FC,Thailand,Bek-Kiri,23,"Rp7,82Mlyr.",7820000000,2026-03-30
Sidcley,Ratchaburi FC,Thailand,Bek-Kiri,0,"Rp3,04Mlyr.",3040000000,2026-03-30
Daniel Ting,Ratchaburi FC,Thailand,Bek-Kiri,0,"Rp2,61Mlyr.",2610000000,2026-03-30
Kiatisak Chiamudom,Ratchaburi FC,Thailand,Bek-Kiri,29,"Rp2,61Mlyr.",2610000000,2026-03-30
Jesse Curran,Ratchaburi FC,Thailand,Bek-Kanan,27,"Rp5,21Mlyr.",5210000000,2026-03-30
Suporn Peenagatapho,Ratchaburi FC,Thailand,Bek-Kanan,19,"Rp2,61Mlyr.",2610000000,2026-03-30
Kritsananon Srisuwan,Ratchaburi FC,Thailand,Gel. Bertahan,37,"Rp3,48Mlyr.",3480000000,2026-03-30
Thossawat Limwannasthian,Ratchaburi FC,Thailand,Gel. Bertahan,28,"Rp3,04Mlyr.",3040000000,2026-03-30
Thanawat Suengchitthawon,Ratchaburi FC,Thailand,Gel. Tengah,0,"Rp6,08Mlyr.",6080000000,2026-03-30
Roque Mesa,Ratchaburi FC,Thailand,Gel. Tengah,0,"Rp5,21Mlyr.",5210000000,2026-03-30
Jakkaphan Kaewprom,Ratchaburi FC,Thailand,Gel. Tengah,0,"Rp1,74Mlyr.",1740000000,2026-03-30
Siwakorn Jakkuprasat,Ratchaburi FC,Thailand,Gel. Tengah,16,"Rp1,74Mlyr.",1740000000,2026-03-30
Tana,Ratchaburi FC,Thailand,Gel. Serang,0,"Rp1,74Mlyr.",1740000000,2026-03-30
Teeraphol Yoryoei,Ratchaburi FC,Thailand,Gel. Serang,18,"Rp1,74Mlyr.",1740000000,2026-03-30
Njiva Rakotoharimalala,Ratchaburi FC,Thailand,Sayap Kiri,0,"Rp3,91Mlyr.",3910000000,2026-03-30
Faiq Bolkiah,Ratchaburi FC,Thailand,Sayap Kiri,0,"Rp2,61Mlyr.",2610000000,2026-03-30
Jaroensak Wonggorn,Ratchaburi FC,Thailand,Sayap Kanan,24,"Rp5,21Mlyr.",5210000000,2026-03-30
Negueba,Ratchaburi FC,Thailand,Sayap Kanan,0,"Rp3,91Mlyr.",3910000000,2026-03-30
Chotipat Poomkaew,Ratchaburi FC,Thailand,Sayap Kanan,0,"Rp2,17Mlyr.",2170000000,2026-03-30
Denilson Junior,Ratchaburi FC,Thailand,Depan-Tengah,0,"Rp8,69Mlyr.",8690000000,2026-03-30
Gleyson,Ratchaburi FC,Thailand,Depan-Tengah,0,"Rp3,48Mlyr.",3480000000,2026-03-30
Rattanai Songsangchan,PT Prachuap FC,Thailand,Kiper,0,"Rp1,74Mlyr.",1740000000,2026-03-30
Wattanachai Srathongjan,PT Prachuap FC,Thailand,Kiper,39,"Rp1,74Mlyr.",1740000000,2026-03-30
Soponwit Rakyart,PT Prachuap FC,Thailand,Kiper,18,"Rp1,30Mlyr.",1300000000,2026-03-30
Bernardo Vilar,PT Prachuap FC,Thailand,Bek-Tengah,0,"Rp6,08Mlyr.",6080000000,2026-03-30
Jesper Nyholm,PT Prachuap FC,Thailand,Bek-Tengah,0,"Rp2,61Mlyr.",2610000000,2026-03-30
Adrian Ugelvik,PT Prachuap FC,Thailand,Bek-Tengah,0,"Rp2,17Mlyr.",2170000000,2026-03-30
Airton Tirabassi,PT Prachuap FC,Thailand,Bek-Tengah,0,"Rp2,17Mlyr.",2170000000,2026-03-30
Wanchat Choosong,PT Prachuap FC,Thailand,Bek-Tengah,0,"Rp1,30Mlyr.",1300000000,2026-03-30
Apisit Sorada,PT Prachuap FC,Thailand,Bek-Kiri,21,"Rp3,48Mlyr.",3480000000,2026-03-30
Nick Taylor,PT Prachuap FC,Thailand,Bek-Kiri,0,"Rp2,61Mlyr.",2610000000,2026-03-30
Phon-Ek Maneekorn,PT Prachuap FC,Thailand,Bek-Kiri,0,"Rp2,17Mlyr.",2170000000,2026-03-30
Oussama Thiangkham,PT Prachuap FC,Thailand,Bek-Kiri,0,"Rp434,54Jt.",434540000,2026-03-30
Jirapan Phasukihan,PT Prachuap FC,Thailand,Bek-Kanan,0,"Rp2,61Mlyr.",2610000000,2026-03-30
Kannarin Thawornsak,PT Prachuap FC,Thailand,Gel. Bertahan,23,"Rp3,48Mlyr.",3480000000,2026-03-30
Wuttikai Sritong,PT Prachuap FC,Thailand,Gelandang,44,-,0,2026-03-30
Koki Tsukagawa,PT Prachuap FC,Thailand,Gel. Tengah,0,"Rp3,48Mlyr.",3480000000,2026-03-30
Chaowat Veerachart,PT Prachuap FC,Thailand,Gel. Tengah,40,"Rp3,48Mlyr.",3480000000,2026-03-30
Prasid Jantum,PT Prachuap FC,Thailand,Gel. Tengah,0,"Rp1,74Mlyr.",1740000000,2026-03-30
Jittiphat Wasungnoen,PT Prachuap FC,Thailand,Gel. Tengah,30,"Rp1,30Mlyr.",1300000000,2026-03-30
Saharat Kanyaroj,PT Prachuap FC,Thailand,Gel. Serang,0,"Rp2,17Mlyr.",2170000000,2026-03-30
Tauã,PT Prachuap FC,Thailand,Sayap Kiri,0,"Rp5,21Mlyr.",5210000000,2026-03-30
Iklas Sanron,PT Prachuap FC,Thailand,Sayap Kiri,0,"Rp2,61Mlyr.",2610000000,2026-03-30
Chitsanuphong Phimpsang,PT Prachuap FC,Thailand,Sayap Kiri,0,"Rp2,17Mlyr.",2170000000,2026-03-30
Phanthamit Praphanth,PT Prachuap FC,Thailand,Sayap Kanan,41,"Rp2,61Mlyr.",2610000000,2026-03-30
Michel,PT Prachuap FC,Thailand,Depan-Tengah,20,"Rp5,21Mlyr.",5210000000,2026-03-30
Edgar Méndez,PT Prachuap FC,Thailand,Depan-Tengah,17,"Rp4,35Mlyr.",4350000000,2026-03-30
Jeong-hyeop Lee,PT Prachuap FC,Thailand,Depan-Tengah,0,"Rp2,17Mlyr.",2170000000,2026-03-30
Jehhanafee Mamah,PT Prachuap FC,Thailand,Depan-Tengah,0,"Rp869,08Jt.",869080000,2026-03-30
Soffan Sanron,PT Prachuap FC,Thailand,Penyerang,28,-,0,2026-03-30
Saranon Anuin,BG Pathum United,Thailand,Kiper,28,"Rp4,35Mlyr.",4350000000,2026-03-30
Nalawich Inthacharoen,BG Pathum United,Thailand,Kiper,0,"Rp869,08Jt.",869080000,2026-03-30
Pisan Dorkmaikaew,BG Pathum United,Thailand,Kiper,0,"Rp869,08Jt.",869080000,2026-03-30
Chanasorn Kaewyos,BG Pathum United,Thailand,Kiper,0,-,0,2026-03-30
Elias Dolah,BG Pathum United,Thailand,Bek-Tengah,44,"Rp5,21Mlyr.",5210000000,2026-03-30
Takaki Ose,BG Pathum United,Thailand,Bek-Tengah,0,"Rp3,48Mlyr.",3480000000,2026-03-30
Nika Sandokhadze,BG Pathum United,Thailand,Bek-Tengah,16,"Rp3,48Mlyr.",3480000000,2026-03-30
Chanapach Buaphan,BG Pathum United,Thailand,Bek-Tengah,0,"Rp2,17Mlyr.",2170000000,2026-03-30
Nattawut Wongsawang,BG Pathum United,Thailand,Bek-Tengah,0,"Rp869,08Jt.",869080000,2026-03-30
Nathan James,BG Pathum United,Thailand,Bek-Tengah,22,"Rp434,54Jt.",434540000,2026-03-30
Sanchai Nonthasila,BG Pathum United,Thailand,Bek-Kiri,0,"Rp2,61Mlyr.",2610000000,2026-03-30
Warinthon Jamnongwat,BG Pathum United,Thailand,Bek-Kiri,29,"Rp2,17Mlyr.",2170000000,2026-03-30
Thanawat Pimyotha,BG Pathum United,Thailand,Bek-Kiri,24,"Rp1,74Mlyr.",1740000000,2026-03-30
Photthavong Sangvilay,BG Pathum United,Thailand,Bek-Kiri,33,"Rp1,74Mlyr.",1740000000,2026-03-30
Waris Choolthong,BG Pathum United,Thailand,Bek-Kanan,0,"Rp3,48Mlyr.",3480000000,2026-03-30
Riku Matsuda,BG Pathum United,Thailand,Bek-Kanan,0,"Rp2,61Mlyr.",2610000000,2026-03-30
Kritsada Kaman,BG Pathum United,Thailand,Gel. Bertahan,0,"Rp6,95Mlyr.",6950000000,2026-03-30
Sarach Yooyen,BG Pathum United,Thailand,Gel. Bertahan,0,"Rp4,35Mlyr.",4350000000,2026-03-30
Gakuto Notsuda,BG Pathum United,Thailand,Gel. Tengah,17,"Rp6,95Mlyr.",6950000000,2026-03-30
Chatmongkol Tongkiri,BG Pathum United,Thailand,Gel. Tengah,0,"Rp2,61Mlyr.",2610000000,2026-03-30
Pongrawit Jantawong,BG Pathum United,Thailand,Gel. Tengah,27,"Rp1,74Mlyr.",1740000000,2026-03-30
Chanathip Songkrasin,BG Pathum United,Thailand,Gel. Serang,18,"Rp13,91Mlyr.",13910000000,2026-03-30
Yoshiaki Takagi,BG Pathum United,Thailand,Gel. Serang,31,"Rp4,35Mlyr.",4350000000,2026-03-30
Ekanit Panya,BG Pathum United,Thailand,Sayap Kiri,0,"Rp6,08Mlyr.",6080000000,2026-03-30
Itthimon Tippanet,BG Pathum United,Thailand,Sayap Kiri,30,-,0,2026-03-30
Surachat Sareepim,BG Pathum United,Thailand,Sayap Kanan,0,"Rp869,08Jt.",869080000,2026-03-30
Pichaya Chaiwarangkun,BG Pathum United,Thailand,Sayap Kanan,19,-,0,2026-03-30
Witthawat Phraothaisong,BG Pathum United,Thailand,Sayap Kanan,0,-,0,2026-03-30
Raniel,BG Pathum United,Thailand,Depan-Tengah,0,"Rp13,04Mlyr.",13040000000,2026-03-30
Tomoyuki Doi,BG Pathum United,Thailand,Depan-Tengah,0,"Rp8,69Mlyr.",8690000000,2026-03-30
Patrik Gustavsson,BG Pathum United,Thailand,Depan-Tengah,0,"Rp6,95Mlyr.",6950000000,2026-03-30
Matheus Fornazari,BG Pathum United,Thailand,Depan-Tengah,0,"Rp6,08Mlyr.",6080000000,2026-03-30
Ikhsan Fandi,BG Pathum United,Thailand,Depan-Tengah,0,"Rp4,35Mlyr.",4350000000,2026-03-30
Siwakorn Ponsan,BG Pathum United,Thailand,Depan-Tengah,0,"Rp434,54Jt.",434540000,2026-03-30
Quincy Kammeraad,Kuala Lumpur City FC,Malaysia,Kiper,0,"Rp3,48Mlyr.",3480000000,2026-03-30
Hafizul Hakim,Kuala Lumpur City FC,Malaysia,Kiper,22,"Rp1,30Mlyr.",1300000000,2026-03-30
Asyraaf Omar,Kuala Lumpur City FC,Malaysia,Kiper,30,-,0,2026-03-30
Giancarlo Gallifuoco,Kuala Lumpur City FC,Malaysia,Bek-Tengah,0,"Rp5,21Mlyr.",5210000000,2026-03-30
Dmytro Lytvyn,Kuala Lumpur City FC,Malaysia,Bek-Tengah,0,"Rp4,78Mlyr.",4780000000,2026-03-30
Adam Nor Azlin,Kuala Lumpur City FC,Malaysia,Bek-Tengah,0,"Rp3,04Mlyr.",3040000000,2026-03-30
Declan Lambert,Kuala Lumpur City FC,Malaysia,Bek-Kiri,0,"Rp4,78Mlyr.",4780000000,2026-03-30
Syazwan Andik,Kuala Lumpur City FC,Malaysia,Bek-Kiri,23,"Rp2,17Mlyr.",2170000000,2026-03-30
Kamal Azizi,Kuala Lumpur City FC,Malaysia,Bek-Kanan,0,"Rp3,04Mlyr.",3040000000,2026-03-30
Azrif Nasrulhaq,Kuala Lumpur City FC,Malaysia,Bek-Kanan,20,"Rp1,30Mlyr.",1300000000,2026-03-30
Kenny Pallraj,Kuala Lumpur City FC,Malaysia,Gel. Bertahan,21,"Rp2,61Mlyr.",2610000000,2026-03-30
Ryan Lambert,Kuala Lumpur City FC,Malaysia,Gel. Tengah,0,"Rp4,78Mlyr.",4780000000,2026-03-30
Zhafri Yahya,Kuala Lumpur City FC,Malaysia,Gel. Tengah,0,"Rp4,35Mlyr.",4350000000,2026-03-30
Gorka Larrucea,Kuala Lumpur City FC,Malaysia,Gel. Tengah,24,"Rp3,48Mlyr.",3480000000,2026-03-30
Amirul Aiman,Kuala Lumpur City FC,Malaysia,Gel. Tengah,34,"Rp434,54Jt.",434540000,2026-03-30
Madger Gomes,Kuala Lumpur City FC,Malaysia,Gel. Tengah,0,-,0,2026-03-30
Víctor Ruiz,Kuala Lumpur City FC,Malaysia,Gel. Serang,0,"Rp3,04Mlyr.",3040000000,2026-03-30
Fazrul Amir,Kuala Lumpur City FC,Malaysia,Sayap Kiri,17,"Rp2,17Mlyr.",2170000000,2026-03-30
Nicolao Cardoso,Kuala Lumpur City FC,Malaysia,Sayap Kiri,0,"Rp2,17Mlyr.",2170000000,2026-03-30
Enzo Cora,Kuala Lumpur City FC,Malaysia,Sayap Kiri,0,"Rp434,54Jt.",434540000,2026-03-30
Safawi Rasid,Kuala Lumpur City FC,Malaysia,Sayap Kanan,0,"Rp5,21Mlyr.",5210000000,2026-03-30
S. Sharvin,Kuala Lumpur City FC,Malaysia,Sayap Kanan,0,"Rp869,08Jt.",869080000,2026-03-30
Kpah Sherman,Kuala Lumpur City FC,Malaysia,Depan-Tengah,0,"Rp3,91Mlyr.",3910000000,2026-03-30
Paulo Josué,Kuala Lumpur City FC,Malaysia,Depan-Tengah,28,"Rp3,48Mlyr.",3480000000,2026-03-30
Syihan Hazmi,Johor Darul Ta'zim,Malaysia,Kiper,16,"Rp6,52Mlyr.",6520000000,2026-03-30
Andoni Zubiaurre,Johor Darul Ta'zim,Malaysia,Kiper,0,"Rp4,78Mlyr.",4780000000,2026-03-30
Christian Abad,Johor Darul Ta'zim,Malaysia,Kiper,0,"Rp434,54Jt.",434540000,2026-03-30
Antonio Glauder,Johor Darul Ta'zim,Malaysia,Bek-Tengah,0,"Rp11,30Mlyr.",11300000000,2026-03-30
Jun-heong Park,Johor Darul Ta'zim,Malaysia,Bek-Tengah,0,"Rp4,78Mlyr.",4780000000,2026-03-30
Shahrul Saad,Johor Darul Ta'zim,Malaysia,Bek-Tengah,0,"Rp3,48Mlyr.",3480000000,2026-03-30
Feroz Baharudin,Johor Darul Ta'zim,Malaysia,Bek-Tengah,0,"Rp3,48Mlyr.",3480000000,2026-03-30
Eddy Israfilov,Johor Darul Ta'zim,Malaysia,Bek-Tengah,23,"Rp3,48Mlyr.",3480000000,2026-03-30
Shane Lowry,Johor Darul Ta'zim,Malaysia,Bek-Tengah,0,"Rp1,74Mlyr.",1740000000,2026-03-30
Jon Irazábal,Johor Darul Ta'zim,Malaysia,Bek-Tengah,17,-,0,2026-03-30
Miquel Cuesta,Johor Darul Ta'zim,Malaysia,Bek-Tengah,44,-,0,2026-03-30
Jonathan Silva,Johor Darul Ta'zim,Malaysia,Bek-Kiri,33,"Rp9,56Mlyr.",9560000000,2026-03-30
La'Vere Corbin-Ong,Johor Darul Ta'zim,Malaysia,Bek-Kiri,22,"Rp2,61Mlyr.",2610000000,2026-03-30
Matthew Davies,Johor Darul Ta'zim,Malaysia,Bek-Kanan,0,"Rp7,82Mlyr.",7820000000,2026-03-30
Raúl Parra,Johor Darul Ta'zim,Malaysia,Bek-Kanan,36,"Rp3,48Mlyr.",3480000000,2026-03-30
Syahmi Safari,Johor Darul Ta'zim,Malaysia,Bek-Kanan,0,"Rp1,30Mlyr.",1300000000,2026-03-30
Nené,Johor Darul Ta'zim,Malaysia,Gel. Bertahan,18,"Rp17,38Mlyr.",17380000000,2026-03-30
Syamer Kutty,Johor Darul Ta'zim,Malaysia,Gel. Bertahan,41,"Rp3,48Mlyr.",3480000000,2026-03-30
Hong Wan,Johor Darul Ta'zim,Malaysia,Gel. Bertahan,0,"Rp3,04Mlyr.",3040000000,2026-03-30
Ibrahim Manusi,Johor Darul Ta'zim,Malaysia,Gel. Bertahan,27,"Rp1,74Mlyr.",1740000000,2026-03-30
Nacho Méndez,Johor Darul Ta'zim,Malaysia,Gel. Tengah,28,"Rp22,60Mlyr.",22600000000,2026-03-30
Stuart Wilkin,Johor Darul Ta'zim,Malaysia,Gel. Tengah,0,"Rp6,08Mlyr.",6080000000,2026-03-30
Afiq Fazail,Johor Darul Ta'zim,Malaysia,Gel. Tengah,0,"Rp5,21Mlyr.",5210000000,2026-03-30
Nazmi Faiz,Johor Darul Ta'zim,Malaysia,Gel. Tengah,21,"Rp3,04Mlyr.",3040000000,2026-03-30
Natxo Insa,Johor Darul Ta'zim,Malaysia,Gel. Tengah,30,"Rp869,08Jt.",869080000,2026-03-30
Hector Hevel,Johor Darul Ta'zim,Malaysia,Gel. Tengah,0,-,0,2026-03-30
Óscar Arribas,Johor Darul Ta'zim,Malaysia,Sayap Kiri,24,"Rp8,69Mlyr.",8690000000,2026-03-30
Teto Martín,Johor Darul Ta'zim,Malaysia,Sayap Kiri,20,"Rp7,82Mlyr.",7820000000,2026-03-30
Yago César,Johor Darul Ta'zim,Malaysia,Sayap Kiri,0,"Rp5,21Mlyr.",5210000000,2026-03-30
Enzo Lombardo,Johor Darul Ta'zim,Malaysia,Sayap Kiri,0,"Rp4,78Mlyr.",4780000000,2026-03-30
Ager Aketxe,Johor Darul Ta'zim,Malaysia,Sayap Kanan,0,"Rp13,04Mlyr.",13040000000,2026-03-30
Marcos Guilherme,Johor Darul Ta'zim,Malaysia,Sayap Kanan,0,"Rp13,04Mlyr.",13040000000,2026-03-30
Arif Aiman,Johor Darul Ta'zim,Malaysia,Sayap Kanan,42,"Rp12,17Mlyr.",12170000000,2026-03-30
Samu Castillejo,Johor Darul Ta'zim,Malaysia,Sayap Kanan,0,"Rp6,52Mlyr.",6520000000,2026-03-30
Manuel Hidalgo,Johor Darul Ta'zim,Malaysia,Sayap Kanan,0,"Rp5,65Mlyr.",5650000000,2026-03-30
Heberty,Johor Darul Ta'zim,Malaysia,Depan-Kedua,37,"Rp3,91Mlyr.",3910000000,2026-03-30
Jairo,Johor Darul Ta'zim,Malaysia,Depan-Tengah,0,"Rp13,91Mlyr.",13910000000,2026-03-30
Ajdin Mujagic,Johor Darul Ta'zim,Malaysia,Depan-Tengah,29,"Rp6,95Mlyr.",6950000000,2026-03-30
Bérgson,Johor Darul Ta'zim,Malaysia,Depan-Tengah,0,"Rp6,08Mlyr.",6080000000,2026-03-30
Romel Morales,Johor Darul Ta'zim,Malaysia,Depan-Tengah,19,"Rp5,65Mlyr.",5650000000,2026-03-30
João Figueiredo,Johor Darul Ta'zim,Malaysia,Depan-Tengah,25,-,0,2026-03-30
Celso Bermejo,Johor Darul Ta'zim,Malaysia,Depan-Tengah,0,-,0,2026-03-30
Damien Lim,Sabah FC,Malaysia,Kiper,31,"Rp3,04Mlyr.",3040000000,2026-03-30
Khairul Fahmi,Sabah FC,Malaysia,Kiper,19,"Rp1,30Mlyr.",1300000000,2026-03-30
Ramzi Mustakim,Sabah FC,Malaysia,Kiper,0,"Rp434,54Jt.",434540000,2026-03-30
Azlizan Azlan,Sabah FC,Malaysia,Kiper,25,-,0,2026-03-30
Amir Jef,Sabah FC,Malaysia,Kiper,36,-,0,2026-03-30
Dominic Tan,Sabah FC,Malaysia,Bek-Tengah,33,"Rp5,65Mlyr.",5650000000,2026-03-30
Gabriel Peres,Sabah FC,Malaysia,Bek-Tengah,0,"Rp4,35Mlyr.",4350000000,2026-03-30
Rawilson Batuil,Sabah FC,Malaysia,Bek-Tengah,0,"Rp3,04Mlyr.",3040000000,2026-03-30
José Ángel,Sabah FC,Malaysia,Bek-Tengah,0,-,0,2026-03-30
Ritchie Svenson,Sabah FC,Malaysia,Bek-Tengah,34,-,0,2026-03-30
R. Dinesh,Sabah FC,Malaysia,Bek-Kiri,0,"Rp1,30Mlyr.",1300000000,2026-03-30
Ernesto Phumipha,Sabah FC,Malaysia,Bek-Kiri,0,"Rp1,30Mlyr.",1300000000,2026-03-30
Rozacklye Yanam,Sabah FC,Malaysia,Bek-Kiri,0,-,0,2026-03-30
Dane Ingham,Sabah FC,Malaysia,Bek-Kanan,23,"Rp6,52Mlyr.",6520000000,2026-03-30
Harith Naem Jaineh,Sabah FC,Malaysia,Bek-Kanan,0,"Rp869,08Jt.",869080000,2026-03-30
Gary Steven,Sabah FC,Malaysia,Gel. Bertahan,20,"Rp1,30Mlyr.",1300000000,2026-03-30
Miguel Cifuentes,Sabah FC,Malaysia,Gel. Tengah,0,"Rp3,04Mlyr.",3040000000,2026-03-30
Dean Pelekanos,Sabah FC,Malaysia,Gel. Tengah,0,"Rp3,04Mlyr.",3040000000,2026-03-30
Fakrul Iman,Sabah FC,Malaysia,Gel. Tengah,0,"Rp434,54Jt.",434540000,2026-03-30
Rusdi Roslan,Sabah FC,Malaysia,Gel. Tengah,0,-,0,2026-03-30
Duje Ljubic,Sabah FC,Malaysia,Gel. Serang,22,"Rp2,17Mlyr.",2170000000,2026-03-30
Farhan Roslan,Sabah FC,Malaysia,Sayap Kiri,0,"Rp2,17Mlyr.",2170000000,2026-03-30
Shahrol Nizam,Sabah FC,Malaysia,Sayap Kiri,30,-,0,2026-03-30
S. Kumaahran,Sabah FC,Malaysia,Sayap Kanan,0,"Rp2,61Mlyr.",2610000000,2026-03-30
Maxsius Musa,Sabah FC,Malaysia,Sayap Kanan,27,-,0,2026-03-30
Faheed Naqqeu,Sabah FC,Malaysia,Sayap Kanan,35,-,0,2026-03-30
Chris Marlon Ondong Mba,Sabah FC,Malaysia,Depan-Tengah,0,"Rp3,48Mlyr.",3480000000,2026-03-30
Fergus Tierney,Sabah FC,Malaysia,Depan-Tengah,0,"Rp3,48Mlyr.",3480000000,2026-03-30
Jafri Firdaus Chew,Sabah FC,Malaysia,Depan-Tengah,0,"Rp3,04Mlyr.",3040000000,2026-03-30
Darren Lok,Sabah FC,Malaysia,Depan-Tengah,28,"Rp2,17Mlyr.",2170000000,2026-03-30
Azhad Harraz,Sabah FC,Malaysia,Depan-Tengah,0,"Rp1,30Mlyr.",1300000000,2026-03-30
Kervens Belfort,Sabah FC,Malaysia,Depan-Tengah,0,-,0,2026-03-30
Ramadhan Hamid,Penang FC,Malaysia,Kiper,22,"Rp1,74Mlyr.",1740000000,2026-03-30
Khairulazhan Khalid,Penang FC,Malaysia,Kiper,0,"Rp1,30Mlyr.",1300000000,2026-03-30
Khatul Anuar,Penang FC,Malaysia,Kiper,0,"Rp434,54Jt.",434540000,2026-03-30
Ashriq Izzat,Penang FC,Malaysia,Kiper,36,-,0,2026-03-30
Stefano Brundo,Penang FC,Malaysia,Bek-Tengah,0,"Rp4,35Mlyr.",4350000000,2026-03-30
Akmal Zahir,Penang FC,Malaysia,Bek-Tengah,0,"Rp2,61Mlyr.",2610000000,2026-03-30
Khairul Akmal Rokisham,Penang FC,Malaysia,Bek-Tengah,0,"Rp2,17Mlyr.",2170000000,2026-03-30
Faith Obilor,Penang FC,Malaysia,Bek-Tengah,0,"Rp1,74Mlyr.",1740000000,2026-03-30
Aidil Wafiy,Penang FC,Malaysia,Bek-Tengah,0,-,0,2026-03-30
Adib Ra'op,Penang FC,Malaysia,Bek-Kiri,0,"Rp4,35Mlyr.",4350000000,2026-03-30
Kamil Amirul,Penang FC,Malaysia,Bek-Kanan,0,"Rp1,74Mlyr.",1740000000,2026-03-30
Ahmad Irfan,Penang FC,Malaysia,Bek-Kanan,16,"Rp1,30Mlyr.",1300000000,2026-03-30
Hasbullah Abu Bakar,Penang FC,Malaysia,Gel. Bertahan,35,"Rp3,04Mlyr.",3040000000,2026-03-30
Haziq Kutty,Penang FC,Malaysia,Gel. Bertahan,0,"Rp1,74Mlyr.",1740000000,2026-03-30
Erick Brendon,Penang FC,Malaysia,Gel. Tengah,0,"Rp4,78Mlyr.",4780000000,2026-03-30
Amirul Hisyam,Penang FC,Malaysia,Gel. Tengah,0,"Rp3,04Mlyr.",3040000000,2026-03-30
Izzat Zikri Iziruddin,Penang FC,Malaysia,Gel. Tengah,0,"Rp2,61Mlyr.",2610000000,2026-03-30
Firdaus Saiyadi,Penang FC,Malaysia,Gel. Tengah,0,"Rp2,17Mlyr.",2170000000,2026-03-30
Ruo Han,Penang FC,Malaysia,Gel. Serang,19,"Rp434,54Jt.",434540000,2026-03-30
Alif Ikmalrizal,Penang FC,Malaysia,Sayap Kiri,0,"Rp1,74Mlyr.",1740000000,2026-03-30
OJ Porteria,Penang FC,Malaysia,Sayap Kiri,0,"Rp1,30Mlyr.",1300000000,2026-03-30
Akid Zamri,Penang FC,Malaysia,Sayap Kiri,28,"Rp1,30Mlyr.",1300000000,2026-03-30
Omid Musawi,Penang FC,Malaysia,Sayap Kiri,17,"Rp434,54Jt.",434540000,2026-03-30
Syakirin Fadzli,Penang FC,Malaysia,Sayap Kiri,0,-,0,2026-03-30
Dylan Wenzel-Halls,Penang FC,Malaysia,Sayap Kanan,0,"Rp4,78Mlyr.",4780000000,2026-03-30
Shamie Iszuan,Penang FC,Malaysia,Sayap Kanan,0,"Rp2,61Mlyr.",2610000000,2026-03-30
Arif Shaqirin,Penang FC,Malaysia,Sayap Kanan,29,"Rp1,30Mlyr.",1300000000,2026-03-30
Douglas Coutinho,Penang FC,Malaysia,Depan-Tengah,32,"Rp3,48Mlyr.",3480000000,2026-03-30
Kipré Tchetche,Penang FC,Malaysia,Depan-Tengah,23,"Rp1,74Mlyr.",1740000000,2026-03-30
Bruno Suzuki,Penang FC,Malaysia,Depan-Tengah,0,"Rp1,30Mlyr.",1300000000,2026-03-30
Haimie Nyaring,Brunei DPMM FC,Malaysia,Kiper,0,"Rp1,30Mlyr.",1300000000,2026-03-30
Ishyra Asmin,Brunei DPMM FC,Malaysia,Kiper,25,"Rp434,54Jt.",434540000,2026-03-30
Michel,Brunei DPMM FC,Malaysia,Kiper,24,"Rp173,82Jt.",173820000,2026-03-30
Amani Aguinaldo,Brunei DPMM FC,Malaysia,Bek-Tengah,0,"Rp3,04Mlyr.",3040000000,2026-03-30
Yura Indera Putera,Brunei DPMM FC,Malaysia,Bek-Tengah,23,"Rp1,74Mlyr.",1740000000,2026-03-30
Nur Ikhwan Othman,Brunei DPMM FC,Malaysia,Bek-Tengah,19,"Rp1,30Mlyr.",1300000000,2026-03-30
Jordan,Brunei DPMM FC,Malaysia,Bek-Tengah,0,"Rp869,08Jt.",869080000,2026-03-30
Hanif Hamir,Brunei DPMM FC,Malaysia,Bek-Tengah,0,"Rp434,54Jt.",434540000,2026-03-30
Tommy Mawat,Brunei DPMM FC,Malaysia,Bek-Kiri,0,"Rp3,04Mlyr.",3040000000,2026-03-30
Najib Tarif,Brunei DPMM FC,Malaysia,Bek-Kiri,0,"Rp434,54Jt.",434540000,2026-03-30
Fairuz Zakaria,Brunei DPMM FC,Malaysia,Bek-Kanan,18,"Rp3,04Mlyr.",3040000000,2026-03-30
Nazry Azaman,Brunei DPMM FC,Malaysia,Bek-Kanan,21,"Rp1,30Mlyr.",1300000000,2026-03-30
Syafiq Safiuddin Shariff,Brunei DPMM FC,Malaysia,Bek-Kanan,0,"Rp869,08Jt.",869080000,2026-03-30
Martin Haddy,Brunei DPMM FC,Malaysia,Bek-Kanan,0,-,0,2026-03-30
Prosper Boakye Owusu,Brunei DPMM FC,Malaysia,Gel. Bertahan,20,"Rp2,61Mlyr.",2610000000,2026-03-30
Azwan Ali Rahman,Brunei DPMM FC,Malaysia,Gel. Tengah,0,"Rp869,08Jt.",869080000,2026-03-30
Abdul Hariz,Brunei DPMM FC,Malaysia,Gel. Tengah,16,"Rp869,08Jt.",869080000,2026-03-30
Hanif Farhan Azman,Brunei DPMM FC,Malaysia,Gel. Tengah,0,"Rp434,54Jt.",434540000,2026-03-30
Ibrahim Sulley,Brunei DPMM FC,Malaysia,Gel. Serang,26,-,0,2026-03-30
Hakeme Yazid Said,Brunei DPMM FC,Malaysia,Sayap Kiri,17,"Rp2,17Mlyr.",2170000000,2026-03-30
Nazirrudin Ismail,Brunei DPMM FC,Malaysia,Sayap Kiri,22,"Rp869,08Jt.",869080000,2026-03-30
Miguel Oliveira,Brunei DPMM FC,Malaysia,Sayap Kanan,0,"Rp3,48Mlyr.",3480000000,2026-03-30
Faturrahman Embran,Brunei DPMM FC,Malaysia,Sayap Kanan,0,"Rp434,54Jt.",434540000,2026-03-30
Jordan Murray,Brunei DPMM FC,Malaysia,Depan-Tengah,27,"Rp5,65Mlyr.",5650000000,2026-03-30
Ramadhan Sananta,Brunei DPMM FC,Malaysia,Depan-Tengah,0,"Rp4,78Mlyr.",4780000000,2026-03-30
Syafiq Ahmad,Brunei DPMM FC,Malaysia,Depan-Tengah,28,"Rp2,61Mlyr.",2610000000,2026-03-30
Christian Irobiso,Brunei DPMM FC,Malaysia,Depan-Tengah,30,"Rp2,61Mlyr.",2610000000,2026-03-30
Hariz Danial,Brunei DPMM FC,Malaysia,Depan-Tengah,0,"Rp434,54Jt.",434540000,2026-03-30
Suhaimi Husin,Terengganu FC,Malaysia,Kiper,38,"Rp2,61Mlyr.",2610000000,2026-03-30
Rahadiazli Rahalim,Terengganu FC,Malaysia,Kiper,0,"Rp1,74Mlyr.",1740000000,2026-03-30
Syed Nasrulhaq,Terengganu FC,Malaysia,Kiper,29,"Rp1,30Mlyr.",1300000000,2026-03-30
Nazul Izamil,Terengganu FC,Malaysia,Kiper,28,-,0,2026-03-30
Shahrul Nizam Ros Hasni,Terengganu FC,Malaysia,Bek-Tengah,0,"Rp4,78Mlyr.",4780000000,2026-03-30
Kyaw Min Oo,Terengganu FC,Malaysia,Bek-Tengah,23,"Rp4,78Mlyr.",4780000000,2026-03-30
Diego Landis,Terengganu FC,Malaysia,Bek-Tengah,0,"Rp4,35Mlyr.",4350000000,2026-03-30
Safwan Mazlan,Terengganu FC,Malaysia,Bek-Tengah,24,"Rp4,35Mlyr.",4350000000,2026-03-30
Ubaidullah Shamsul,Terengganu FC,Malaysia,Bek-Tengah,0,"Rp3,91Mlyr.",3910000000,2026-03-30
Alif Zakaria,Terengganu FC,Malaysia,Bek-Kiri,25,"Rp3,48Mlyr.",3480000000,2026-03-30
Faris Rifqi,Terengganu FC,Malaysia,Bek-Kiri,0,"Rp869,08Jt.",869080000,2026-03-30
Hairiey Hakim Mamat,Terengganu FC,Malaysia,Bek-Kiri,22,"Rp434,54Jt.",434540000,2026-03-30
Azam Azmi,Terengganu FC,Malaysia,Bek-Kanan,0,"Rp5,21Mlyr.",5210000000,2026-03-30
Saiful Jamaluddin,Terengganu FC,Malaysia,Gel. Bertahan,33,"Rp2,17Mlyr.",2170000000,2026-03-30
Syafiq Danial Romzi,Terengganu FC,Malaysia,Gel. Bertahan,21,-,0,2026-03-30
Danial Mohd Nor,Terengganu FC,Malaysia,Gel. Bertahan,0,-,0,2026-03-30
Ekhson Pandzhshanbe,Terengganu FC,Malaysia,Gel. Tengah,0,"Rp10,43Mlyr.",10430000000,2026-03-30
Akram Mahinan,Terengganu FC,Malaysia,Gel. Tengah,0,"Rp2,17Mlyr.",2170000000,2026-03-30
Careca,Terengganu FC,Malaysia,Gel. Serang,26,"Rp3,48Mlyr.",3480000000,2026-03-30
Engku Shakir,Terengganu FC,Malaysia,Gel. Serang,17,"Rp2,17Mlyr.",2170000000,2026-03-30
Shervoni Mabatshoev,Terengganu FC,Malaysia,Sayap Kiri,0,"Rp6,08Mlyr.",6080000000,2026-03-30
Akhyar Rashid,Terengganu FC,Malaysia,Sayap Kiri,0,"Rp4,78Mlyr.",4780000000,2026-03-30
Baqiuddin Shamsudin,Terengganu FC,Malaysia,Sayap Kanan,0,"Rp3,04Mlyr.",3040000000,2026-03-30
Khala'if Naskam,Terengganu FC,Malaysia,Sayap Kanan,0,"Rp869,08Jt.",869080000,2026-03-30
Azziq Zahazani,Terengganu FC,Malaysia,Sayap Kanan,0,-,0,2026-03-30
Yann Mabella,Terengganu FC,Malaysia,Depan-Tengah,0,"Rp5,21Mlyr.",5210000000,2026-03-30
Haqimi Azim,Terengganu FC,Malaysia,Depan-Tengah,37,"Rp3,91Mlyr.",3910000000,2026-03-30
Gervane Kastaneer,Terengganu FC,Malaysia,Depan-Tengah,0,"Rp3,04Mlyr.",3040000000,2026-03-30
Junior Ngong Sam,Terengganu FC,Malaysia,Depan-Tengah,19,"Rp1,74Mlyr.",1740000000,2026-03-30
Syahmi Zamri,Terengganu FC,Malaysia,Depan-Tengah,0,"Rp1,74Mlyr.",1740000000,2026-03-30
Zarif Irfan,Immigration FC,Malaysia,Kiper,0,"Rp2,61Mlyr.",2610000000,2026-03-30
Shaiful Wazizi,Immigration FC,Malaysia,Kiper,35,"Rp434,54Jt.",434540000,2026-03-30
Farhan Abdul Majid,Immigration FC,Malaysia,Kiper,43,"Rp173,82Jt.",173820000,2026-03-30
Amirali Chegini,Immigration FC,Malaysia,Bek-Tengah,0,"Rp4,35Mlyr.",4350000000,2026-03-30
Milani,Immigration FC,Malaysia,Bek-Tengah,0,"Rp1,30Mlyr.",1300000000,2026-03-30
Loqman Hakim,Immigration FC,Malaysia,Bek-Tengah,0,"Rp1,30Mlyr.",1300000000,2026-03-30
Nicholas Swirad,Immigration FC,Malaysia,Bek-Tengah,16,"Rp1,30Mlyr.",1300000000,2026-03-30
Farid Nezal,Immigration FC,Malaysia,Bek-Tengah,0,"Rp1,30Mlyr.",1300000000,2026-03-30
Hanafie Tokyo,Immigration FC,Malaysia,Bek-Tengah,22,"Rp434,54Jt.",434540000,2026-03-30
Keron Ornchaiyaphum,Immigration FC,Malaysia,Bek-Kiri,0,"Rp2,17Mlyr.",2170000000,2026-03-30
Azmeer Aris,Immigration FC,Malaysia,Bek-Kiri,37,"Rp434,54Jt.",434540000,2026-03-30
Aiman Yusni,Immigration FC,Malaysia,Bek-Kanan,0,"Rp2,17Mlyr.",2170000000,2026-03-30
Rizal Ghazali,Immigration FC,Malaysia,Bek-Kanan,0,"Rp2,17Mlyr.",2170000000,2026-03-30
Heshamudin Ahmad,Immigration FC,Malaysia,Bek-Kanan,30,"Rp173,82Jt.",173820000,2026-03-30
Pedro Santos,Immigration FC,Malaysia,Gel. Bertahan,0,"Rp1,30Mlyr.",1300000000,2026-03-30
Zulfahmi Arifin,Immigration FC,Malaysia,Gel. Bertahan,23,"Rp869,08Jt.",869080000,2026-03-30
Fadzrul Danel,Immigration FC,Malaysia,Gel. Tengah,20,"Rp2,61Mlyr.",2610000000,2026-03-30
Halim Saari,Immigration FC,Malaysia,Gel. Tengah,18,"Rp1,74Mlyr.",1740000000,2026-03-30
Mior Dani,Immigration FC,Malaysia,Gel. Tengah,19,"Rp1,30Mlyr.",1300000000,2026-03-30
Eduardo Sosa,Immigration FC,Malaysia,Gel. Serang,0,"Rp4,78Mlyr.",4780000000,2026-03-30
Nik Akif,Immigration FC,Malaysia,Gel. Serang,33,"Rp3,04Mlyr.",3040000000,2026-03-30
Rafael Holstein,Immigration FC,Malaysia,Gel. Serang,25,"Rp1,30Mlyr.",1300000000,2026-03-30
Fayadh Zulkifi,Immigration FC,Malaysia,Sayap Kiri,21,"Rp2,61Mlyr.",2610000000,2026-03-30
Syahmi Shamsudin,Immigration FC,Malaysia,Sayap Kiri,27,"Rp434,54Jt.",434540000,2026-03-30
Elvis Kamsoba,Immigration FC,Malaysia,Sayap Kanan,0,"Rp3,48Mlyr.",3480000000,2026-03-30
Nur Azfar Fikri,Immigration FC,Malaysia,Sayap Kanan,0,"Rp3,04Mlyr.",3040000000,2026-03-30
Nik Sharif Haseefy,Immigration FC,Malaysia,Sayap Kanan,0,"Rp1,30Mlyr.",1300000000,2026-03-30
Al-Hafiz Harun,Immigration FC,Malaysia,Sayap Kanan,0,"Rp1,30Mlyr.",1300000000,2026-03-30
João Pedro,Immigration FC,Malaysia,Depan-Tengah,0,"Rp3,91Mlyr.",3910000000,2026-03-30
Wilmar Jordán Gil,Immigration FC,Malaysia,Depan-Tengah,0,"Rp3,04Mlyr.",3040000000,2026-03-30
Babacar Gueye,Immigration FC,Malaysia,Depan-Tengah,24,-,0,2026-03-30
Damyan Damyanov,Kelantan The Real Warriors,Malaysia,Kiper,0,"Rp2,61Mlyr.",2610000000,2026-03-30
Azfar Arif,Kelantan The Real Warriors,Malaysia,Kiper,18,"Rp1,74Mlyr.",1740000000,2026-03-30
Fikri Che Soh,Kelantan The Real Warriors,Malaysia,Kiper,33,"Rp869,08Jt.",869080000,2026-03-30
Alexandre Yeoulé,Kelantan The Real Warriors,Malaysia,Bek-Tengah,0,"Rp4,35Mlyr.",4350000000,2026-03-30
Yohanes Kandaimu,Kelantan The Real Warriors,Malaysia,Bek-Tengah,0,"Rp1,30Mlyr.",1300000000,2026-03-30
Rakesh Munusamy,Kelantan The Real Warriors,Malaysia,Bek-Tengah,0,"Rp434,54Jt.",434540000,2026-03-30
Nik Umar Nik Aziz,Kelantan The Real Warriors,Malaysia,Bek-Tengah,0,-,0,2026-03-30
Yusuf Sesay,Kelantan The Real Warriors,Malaysia,Bek-Tengah,0,-,0,2026-03-30
Azwan Aripin,Kelantan The Real Warriors,Malaysia,Bek-Kiri,23,"Rp3,04Mlyr.",3040000000,2026-03-30
Wan Amirul Afiq,Kelantan The Real Warriors,Malaysia,Bek-Kanan,0,"Rp1,74Mlyr.",1740000000,2026-03-30
Faris Shah Rosli,Kelantan The Real Warriors,Malaysia,Bek-Kanan,0,"Rp1,30Mlyr.",1300000000,2026-03-30
Sebastian Avanzini,Kelantan The Real Warriors,Malaysia,Gel. Bertahan,0,"Rp3,04Mlyr.",3040000000,2026-03-30
Azam Azih,Kelantan The Real Warriors,Malaysia,Gel. Tengah,0,"Rp4,35Mlyr.",4350000000,2026-03-30
Habib Haroon,Kelantan The Real Warriors,Malaysia,Gel. Tengah,0,"Rp3,91Mlyr.",3910000000,2026-03-30
Albert Kang,Kelantan The Real Warriors,Malaysia,Gel. Tengah,0,"Rp3,04Mlyr.",3040000000,2026-03-30
Danial Haqim Deraman,Kelantan The Real Warriors,Malaysia,Gel. Tengah,20,"Rp869,08Jt.",869080000,2026-03-30
Asraff Aliffuddin Yasin,Kelantan The Real Warriors,Malaysia,Gel. Tengah,0,"Rp869,08Jt.",869080000,2026-03-30
Kosuke Yoshida,Kelantan The Real Warriors,Malaysia,Gel. Tengah,0,-,0,2026-03-30
Syahir Abdul Rashid,Kelantan The Real Warriors,Malaysia,Gel. Serang,25,"Rp1,30Mlyr.",1300000000,2026-03-30
T. Saravanan,Kelantan The Real Warriors,Malaysia,Sayap Kiri,26,"Rp2,61Mlyr.",2610000000,2026-03-30
Farris Izdiham,Kelantan The Real Warriors,Malaysia,Sayap Kiri,29,"Rp2,17Mlyr.",2170000000,2026-03-30
Syafik Ismail,Kelantan The Real Warriors,Malaysia,Sayap Kiri,17,"Rp1,30Mlyr.",1300000000,2026-03-30
Hein Htet Aung,Kelantan The Real Warriors,Malaysia,Sayap Kanan,30,"Rp3,91Mlyr.",3910000000,2026-03-30
Sean Selvaraj,Kelantan The Real Warriors,Malaysia,Sayap Kanan,0,"Rp1,30Mlyr.",1300000000,2026-03-30
Saifu Izamander,Kelantan The Real Warriors,Malaysia,Sayap Kanan,27,-,0,2026-03-30
Khairul Izuan Rosli,Kelantan The Real Warriors,Malaysia,Depan-Kedua,21,-,0,2026-03-30
Enzo Célestine,Kelantan The Real Warriors,Malaysia,Depan-Tengah,0,"Rp2,61Mlyr.",2610000000,2026-03-30
Ifedayo Olusegun,Kelantan The Real Warriors,Malaysia,Depan-Tengah,0,"Rp2,17Mlyr.",2170000000,2026-03-30
Abdul Sesay,Kelantan The Real Warriors,Malaysia,Depan-Tengah,24,"Rp869,08Jt.",869080000,2026-03-30
Syaahir Saiful Nizam,Kelantan The Real Warriors,Malaysia,Depan-Tengah,19,"Rp434,54Jt.",434540000,2026-03-30
Azri Ghani,Negeri Sembilan FC,Malaysia,Kiper,30,"Rp3,91Mlyr.",3910000000,2026-03-30
Aqil Razak,Negeri Sembilan FC,Malaysia,Kiper,22,"Rp1,74Mlyr.",1740000000,2026-03-30
Syahmi Adib,Negeri Sembilan FC,Malaysia,Kiper,0,"Rp434,54Jt.",434540000,2026-03-30
Fareez Safwan,Negeri Sembilan FC,Malaysia,Kiper,31,-,0,2026-03-30
Luis Enrique Nsue,Negeri Sembilan FC,Malaysia,Bek-Tengah,0,"Rp3,48Mlyr.",3480000000,2026-03-30
Zainal Abidin Jamil,Negeri Sembilan FC,Malaysia,Bek-Tengah,0,"Rp2,61Mlyr.",2610000000,2026-03-30
Khuzaimi Piee,Negeri Sembilan FC,Malaysia,Bek-Tengah,18,"Rp1,74Mlyr.",1740000000,2026-03-30
Filip Andersen,Negeri Sembilan FC,Malaysia,Bek-Tengah,23,"Rp1,74Mlyr.",1740000000,2026-03-30
Kei Oshiro,Negeri Sembilan FC,Malaysia,Bek-Tengah,0,-,0,2026-03-30
Harith Samsuri,Negeri Sembilan FC,Malaysia,Bek-Kiri,0,"Rp2,17Mlyr.",2170000000,2026-03-30
Azrin Afiq,Negeri Sembilan FC,Malaysia,Bek-Kiri,0,"Rp1,30Mlyr.",1300000000,2026-03-30
Ariff Ar-Rasyid,Negeri Sembilan FC,Malaysia,Bek-Kanan,28,"Rp2,61Mlyr.",2610000000,2026-03-30
Amirul Adli Azmi,Negeri Sembilan FC,Malaysia,Bek-Kanan,0,"Rp2,17Mlyr.",2170000000,2026-03-30
Anwar Ibrahim,Negeri Sembilan FC,Malaysia,Bek-Kanan,25,"Rp1,30Mlyr.",1300000000,2026-03-30
Syed Zaris Irfan,Negeri Sembilan FC,Malaysia,Bek-Kanan,0,-,0,2026-03-30
Oday Kharoub,Negeri Sembilan FC,Malaysia,Gel. Bertahan,21,"Rp3,48Mlyr.",3480000000,2026-03-30
Wai Lin Aung,Negeri Sembilan FC,Malaysia,Gel. Bertahan,0,"Rp2,61Mlyr.",2610000000,2026-03-30
Zahril Azri,Negeri Sembilan FC,Malaysia,Gel. Bertahan,0,"Rp869,08Jt.",869080000,2026-03-30
Haiqal Danish,Negeri Sembilan FC,Malaysia,Gel. Bertahan,35,"Rp434,54Jt.",434540000,2026-03-30
Yuichi Hirano,Negeri Sembilan FC,Malaysia,Gel. Tengah,24,"Rp1,74Mlyr.",1740000000,2026-03-30
Sang-su An,Negeri Sembilan FC,Malaysia,Gel. Tengah,0,"Rp1,30Mlyr.",1300000000,2026-03-30
Haiqal Haqeemi,Negeri Sembilan FC,Malaysia,Gel. Tengah,0,-,0,2026-03-30
Afiq Fitri,Negeri Sembilan FC,Malaysia,Gel. Tengah,0,-,0,2026-03-30
Takumi Sasaki,Negeri Sembilan FC,Malaysia,Gel. Serang,0,"Rp3,91Mlyr.",3910000000,2026-03-30
Jovan Motika,Negeri Sembilan FC,Malaysia,Sayap Kiri,0,"Rp3,91Mlyr.",3910000000,2026-03-30
Hakimi Abdullah,Negeri Sembilan FC,Malaysia,Sayap Kiri,17,"Rp2,17Mlyr.",2170000000,2026-03-30
Hadin Azman,Negeri Sembilan FC,Malaysia,Sayap Kiri,27,"Rp1,30Mlyr.",1300000000,2026-03-30
Anuar Ceesay,Negeri Sembilan FC,Malaysia,Sayap Kiri,29,-,0,2026-03-30
A. Selvan,Negeri Sembilan FC,Malaysia,Sayap Kanan,16,"Rp2,17Mlyr.",2170000000,2026-03-30
Mio Tsuneyasu,Negeri Sembilan FC,Malaysia,Sayap Kanan,20,"Rp1,30Mlyr.",1300000000,2026-03-30
Joseph Esso,Negeri Sembilan FC,Malaysia,Depan-Tengah,0,"Rp2,61Mlyr.",2610000000,2026-03-30
Luqman Hakim,Negeri Sembilan FC,Malaysia,Depan-Tengah,0,"Rp2,17Mlyr.",2170000000,2026-03-30
N. Javabilaarivin,Negeri Sembilan FC,Malaysia,Depan-Tengah,19,"Rp434,54Jt.",434540000,2026-03-30
Ifwat Akmal,PDRM FC,Malaysia,Kiper,30,"Rp1,74Mlyr.",1740000000,2026-03-30
Nor Hakeem Hamidun,PDRM FC,Malaysia,Kiper,0,"Rp1,74Mlyr.",1740000000,2026-03-30
Fahmi Ikhwan,PDRM FC,Malaysia,Kiper,28,"Rp173,82Jt.",173820000,2026-03-30
Asri Muhamad,PDRM FC,Malaysia,Kiper,20,-,0,2026-03-30
Tae-su Park,PDRM FC,Malaysia,Bek-Tengah,0,"Rp2,17Mlyr.",2170000000,2026-03-30
Badrul Affendy,PDRM FC,Malaysia,Bek-Tengah,0,"Rp1,74Mlyr.",1740000000,2026-03-30
Amir Saiful,PDRM FC,Malaysia,Bek-Kiri,19,"Rp3,04Mlyr.",3040000000,2026-03-30
Alif Naquiddin,PDRM FC,Malaysia,Bek-Kiri,26,"Rp2,61Mlyr.",2610000000,2026-03-30
Safiee Ahmad,PDRM FC,Malaysia,Bek-Kanan,32,"Rp3,04Mlyr.",3040000000,2026-03-30
Zazrir Naim,PDRM FC,Malaysia,Bek-Kanan,21,"Rp434,54Jt.",434540000,2026-03-30
Fakhrullah Yusoff,PDRM FC,Malaysia,Bek-Kanan,0,"Rp434,54Jt.",434540000,2026-03-30
Fadi Awad,PDRM FC,Malaysia,Gel. Bertahan,0,"Rp3,48Mlyr.",3480000000,2026-03-30
Eizrul Ashraf,PDRM FC,Malaysia,Gel. Tengah,34,"Rp2,17Mlyr.",2170000000,2026-03-30
Irfan Fazail,PDRM FC,Malaysia,Gel. Tengah,0,"Rp869,08Jt.",869080000,2026-03-30
Syafiq Azmi,PDRM FC,Malaysia,Gel. Tengah,16,"Rp434,54Jt.",434540000,2026-03-30
Adam Farhan Mustaffa,PDRM FC,Malaysia,Gel. Tengah,18,-,0,2026-03-30
Fakhrul Azim,PDRM FC,Malaysia,Sayap Kiri,0,"Rp2,61Mlyr.",2610000000,2026-03-30
Amirul Waie Yaacob,PDRM FC,Malaysia,Sayap Kiri,17,"Rp1,30Mlyr.",1300000000,2026-03-30
Hafiz A. Aziz,PDRM FC,Malaysia,Sayap Kiri,24,-,0,2026-03-30
Imran Samso,PDRM FC,Malaysia,Sayap Kanan,27,"Rp1,30Mlyr.",1300000000,2026-03-30
Afiq Saluddin,PDRM FC,Malaysia,Sayap Kanan,22,"Rp434,54Jt.",434540000,2026-03-30
Aiman Sufi Radzai,PDRM FC,Malaysia,Sayap Kanan,29,"Rp434,54Jt.",434540000,2026-03-30
Dick Cheny Waili,PDRM FC,Malaysia,Sayap Kanan,0,-,0,2026-03-30
Hadi Fayyadh,PDRM FC,Malaysia,Depan-Tengah,0,"Rp1,74Mlyr.",1740000000,2026-03-30
Elisha Kashim,PDRM FC,Malaysia,Depan-Tengah,0,"Rp434,54Jt.",434540000,2026-03-30
Haziq Nadzli,Kuching City,Malaysia,Kiper,20,"Rp4,78Mlyr.",4780000000,2026-03-30
Wan Azraie,Kuching City,Malaysia,Kiper,39,"Rp434,54Jt.",434540000,2026-03-30
Shahril Sa'ari,Kuching City,Malaysia,Kiper,0,"Rp434,54Jt.",434540000,2026-03-30
Syafie Mursalim,Kuching City,Malaysia,Kiper,0,-,0,2026-03-30
Yuki Tanigawa,Kuching City,Malaysia,Bek-Tengah,0,"Rp5,21Mlyr.",5210000000,2026-03-30
Rodney Celvin,Kuching City,Malaysia,Bek-Tengah,0,"Rp3,48Mlyr.",3480000000,2026-03-30
James Okwuosa,Kuching City,Malaysia,Bek-Tengah,35,"Rp1,30Mlyr.",1300000000,2026-03-30
Yohanis Daniel,Kuching City,Malaysia,Bek-Tengah,0,-,0,2026-03-30
Scott Woods,Kuching City,Malaysia,Bek-Kiri,0,"Rp3,04Mlyr.",3040000000,2026-03-30
Arif Fadzilah,Kuching City,Malaysia,Bek-Kiri,0,"Rp3,04Mlyr.",3040000000,2026-03-30
Filemon Anyie,Kuching City,Malaysia,Bek-Kiri,27,"Rp1,74Mlyr.",1740000000,2026-03-30
Jimmy Raymond,Kuching City,Malaysia,Bek-Kanan,0,"Rp3,91Mlyr.",3910000000,2026-03-30
Ariff Farhan,Kuching City,Malaysia,Bek-Kanan,23,"Rp3,48Mlyr.",3480000000,2026-03-30
Moses Atede,Kuching City,Malaysia,Gel. Bertahan,25,"Rp6,08Mlyr.",6080000000,2026-03-30
Danial Amier,Kuching City,Malaysia,Gel. Tengah,21,"Rp3,04Mlyr.",3040000000,2026-03-30
Petrus Shitembi,Kuching City,Malaysia,Gel. Tengah,0,"Rp2,17Mlyr.",2170000000,2026-03-30
Alif Hassan,Kuching City,Malaysia,Gel. Tengah,44,"Rp2,17Mlyr.",2170000000,2026-03-30
Diego Baggio,Kuching City,Malaysia,Gel. Tengah,0,"Rp1,74Mlyr.",1740000000,2026-03-30
Ahmed Israiwah,Kuching City,Malaysia,Gel. Serang,0,"Rp3,91Mlyr.",3910000000,2026-03-30
Wesley Azcang Milkias,Kuching City,Malaysia,Gel. Serang,0,-,0,2026-03-30
Ramadhan Saifullah,Kuching City,Malaysia,Sayap Kiri,0,"Rp3,91Mlyr.",3910000000,2026-03-30
Zharmien Ashraf,Kuching City,Malaysia,Sayap Kiri,29,-,0,2026-03-30
Danial Asri,Kuching City,Malaysia,Sayap Kanan,17,"Rp2,61Mlyr.",2610000000,2026-03-30
João Pedro,Kuching City,Malaysia,Sayap Kanan,22,"Rp2,61Mlyr.",2610000000,2026-03-30
Zahrul Zulkeflee,Kuching City,Malaysia,Sayap Kanan,0,"Rp1,74Mlyr.",1740000000,2026-03-30
Amir Amri Salleh,Kuching City,Malaysia,Sayap Kanan,0,"Rp869,08Jt.",869080000,2026-03-30
Jordan Mintah,Kuching City,Malaysia,Depan-Tengah,28,"Rp4,78Mlyr.",4780000000,2026-03-30
Jerome Mpacko Etame,Kuching City,Malaysia,Depan-Tengah,0,"Rp2,61Mlyr.",2610000000,2026-03-30
Ronald Ngah,Kuching City,Malaysia,Depan-Tengah,18,"Rp2,61Mlyr.",2610000000,2026-03-30
Gabriel Nistelrooy,Kuching City,Malaysia,Depan-Tengah,19,"Rp869,08Jt.",869080000,2026-03-30
Hazwan Bakri,Kuching City,Malaysia,Depan-Tengah,0,"Rp434,54Jt.",434540000,2026-03-30
Kalamullah Al-Hafiz,Selangor FC,Malaysia,Kiper,33,"Rp4,78Mlyr.",4780000000,2026-03-30
Sikh Izhan Nazrel,Selangor FC,Malaysia,Kiper,31,"Rp3,48Mlyr.",3480000000,2026-03-30
Azim Al-Amin,Selangor FC,Malaysia,Kiper,20,"Rp1,74Mlyr.",1740000000,2026-03-30
Mamadou Diarra,Selangor FC,Malaysia,Bek-Tengah,0,"Rp10,43Mlyr.",10430000000,2026-03-30
Harith Haiqal,Selangor FC,Malaysia,Bek-Tengah,0,"Rp4,78Mlyr.",4780000000,2026-03-30
Richmond Tetteh Ankrah,Selangor FC,Malaysia,Bek-Tengah,0,"Rp4,35Mlyr.",4350000000,2026-03-30
Mohammad Abualnadi,Selangor FC,Malaysia,Bek-Tengah,0,"Rp3,91Mlyr.",3910000000,2026-03-30
Sharul Nazeem,Selangor FC,Malaysia,Bek-Tengah,44,"Rp3,91Mlyr.",3910000000,2026-03-30
Safuwan Baharudin,Selangor FC,Malaysia,Bek-Tengah,21,"Rp2,17Mlyr.",2170000000,2026-03-30
Moses Raj,Selangor FC,Malaysia,Bek-Tengah,22,-,0,2026-03-30
Fazly Mazlan,Selangor FC,Malaysia,Bek-Kiri,0,"Rp2,17Mlyr.",2170000000,2026-03-30
Quentin Cheng,Selangor FC,Malaysia,Bek-Kanan,0,"Rp5,65Mlyr.",5650000000,2026-03-30
Zikri Khalili,Selangor FC,Malaysia,Bek-Kanan,0,"Rp3,04Mlyr.",3040000000,2026-03-30
Raimi Shamsul,Selangor FC,Malaysia,Bek-Kanan,32,-,0,2026-03-30
Mahamé Siby,Selangor FC,Malaysia,Gel. Bertahan,0,"Rp4,78Mlyr.",4780000000,2026-03-30
Muhammad Abu Khalil,Selangor FC,Malaysia,Gel. Bertahan,28,"Rp1,30Mlyr.",1300000000,2026-03-30
Noor Al-Rawabdeh,Selangor FC,Malaysia,Gel. Tengah,0,"Rp7,82Mlyr.",7820000000,2026-03-30
Nooa Laine,Selangor FC,Malaysia,Gel. Tengah,0,"Rp6,08Mlyr.",6080000000,2026-03-30
Mukhairi Ajmal,Selangor FC,Malaysia,Gel. Tengah,0,"Rp3,04Mlyr.",3040000000,2026-03-30
Alex Agyarkwa,Selangor FC,Malaysia,Gel. Tengah,24,"Rp3,04Mlyr.",3040000000,2026-03-30
Aliff Haiqal,Selangor FC,Malaysia,Gel. Tengah,0,"Rp3,04Mlyr.",3040000000,2026-03-30
Syahir Bashah,Selangor FC,Malaysia,Gel. Tengah,43,"Rp2,17Mlyr.",2170000000,2026-03-30
Seung-min Jeon,Selangor FC,Malaysia,Gel. Tengah,19,"Rp1,74Mlyr.",1740000000,2026-03-30
Danish Iskandar,Selangor FC,Malaysia,Gel. Tengah,39,-,0,2026-03-30
Hugo Boumous,Selangor FC,Malaysia,Gel. Serang,0,"Rp12,17Mlyr.",12170000000,2026-03-30
Aliff Izwan,Selangor FC,Malaysia,Gel. Serang,0,"Rp2,61Mlyr.",2610000000,2026-03-30
Faisal Halim,Selangor FC,Malaysia,Sayap Kiri,0,"Rp6,08Mlyr.",6080000000,2026-03-30
Ji-ho Kim,Selangor FC,Malaysia,Sayap Kiri,17,"Rp1,30Mlyr.",1300000000,2026-03-30
Alvin Fortes,Selangor FC,Malaysia,Sayap Kanan,0,"Rp6,95Mlyr.",6950000000,2026-03-30
Vitor Pernambuco,Selangor FC,Malaysia,Sayap Kanan,0,"Rp1,74Mlyr.",1740000000,2026-03-30
Harry Danish,Selangor FC,Malaysia,Sayap Kanan,42,"Rp869,08Jt.",869080000,2026-03-30
Chrigor Moraes,Selangor FC,Malaysia,Depan-Tengah,0,"Rp13,91Mlyr.",13910000000,2026-03-30
Samuel Somerville,Melaka FC,Malaysia,Kiper,0,"Rp1,74Mlyr.",1740000000,2026-03-30
Haziq Aiman,Melaka FC,Malaysia,Kiper,23,"Rp1,30Mlyr.",1300000000,2026-03-30
Firdaus Irman,Melaka FC,Malaysia,Kiper,31,"Rp434,54Jt.",434540000,2026-03-30
Noel Agbre,Melaka FC,Malaysia,Bek-Tengah,33,"Rp3,91Mlyr.",3910000000,2026-03-30
Irfan Zakaria,Melaka FC,Malaysia,Bek-Tengah,17,"Rp3,04Mlyr.",3040000000,2026-03-30
Dae-yeob Gu,Melaka FC,Malaysia,Bek-Tengah,37,"Rp1,30Mlyr.",1300000000,2026-03-30
Zulkhairi Zulkeply,Melaka FC,Malaysia,Bek-Tengah,42,"Rp434,54Jt.",434540000,2026-03-30
Argzim Redzovic,Melaka FC,Malaysia,Bek-Tengah,24,-,0,2026-03-30
V. Ruventhiran,Melaka FC,Malaysia,Bek-Kiri,0,"Rp1,30Mlyr.",1300000000,2026-03-30
G. Durrkeswaran,Melaka FC,Malaysia,Bek-Kiri,19,"Rp869,08Jt.",869080000,2026-03-30
Khairul Anwar,Melaka FC,Malaysia,Bek-Kiri,25,"Rp869,08Jt.",869080000,2026-03-30
Firdaus Ya'akub,Melaka FC,Malaysia,Bek-Kiri,43,-,0,2026-03-30
Simen Lyngbø,Melaka FC,Malaysia,Bek-Kanan,0,"Rp3,04Mlyr.",3040000000,2026-03-30
Kwang-il Park,Melaka FC,Malaysia,Bek-Kanan,0,"Rp2,17Mlyr.",2170000000,2026-03-30
Che Rashid Che Halim,Melaka FC,Malaysia,Bek-Kanan,0,"Rp1,74Mlyr.",1740000000,2026-03-30
Aroon Kumar,Melaka FC,Malaysia,Bek-Kanan,18,"Rp1,30Mlyr.",1300000000,2026-03-30
Muhamad Hafiz Johar,Melaka FC,Malaysia,Bek-Kanan,27,"Rp434,54Jt.",434540000,2026-03-30
Michael Ozor,Melaka FC,Malaysia,Gel. Bertahan,16,"Rp1,30Mlyr.",1300000000,2026-03-30
Dino Kalesic,Melaka FC,Malaysia,Gel. Tengah,20,"Rp2,17Mlyr.",2170000000,2026-03-30
Nasir Basharudin,Melaka FC,Malaysia,Gel. Tengah,0,"Rp869,08Jt.",869080000,2026-03-30
Faiz Mazlan,Melaka FC,Malaysia,Gel. Tengah,0,"Rp434,54Jt.",434540000,2026-03-30
Nizarruddin Jazi,Melaka FC,Malaysia,Gel. Tengah,0,"Rp434,54Jt.",434540000,2026-03-30
Fahmi Faizal,Melaka FC,Malaysia,Gel. Tengah,28,-,0,2026-03-30
Aiman Danish,Melaka FC,Malaysia,Sayap Kiri,0,"Rp434,54Jt.",434540000,2026-03-30
Umar Hakeem,Melaka FC,Malaysia,Sayap Kiri,26,"Rp434,54Jt.",434540000,2026-03-30
Dong-hyeon Do,Melaka FC,Malaysia,Sayap Kanan,0,"Rp1,74Mlyr.",1740000000,2026-03-30
Mahali Jasuli,Melaka FC,Malaysia,Depan-Kedua,0,-,0,2026-03-30
Shahrel Fikri,Melaka FC,Malaysia,Depan-Tengah,0,"Rp2,17Mlyr.",2170000000,2026-03-30
Azim Rahim,Melaka FC,Malaysia,Depan-Tengah,0,"Rp1,30Mlyr.",1300000000,2026-03-30
Bernard Arthur,Melaka FC,Malaysia,Depan-Tengah,0,"Rp869,08Jt.",869080000,2026-03-30
Ahmed Shamsaldin,Melaka FC,Malaysia,Depan-Tengah,0,"Rp869,08Jt.",869080000,2026-03-30
Van Lam Dang,Ninh Binh FC,Vietnam,Kiper,0,"Rp3,48Mlyr.",3480000000,2026-03-30
The Tai Quang,Ninh Binh FC,Vietnam,Kiper,25,"Rp434,54Jt.",434540000,2026-03-30
Minh Duc Nguyen,Ninh Binh FC,Vietnam,Kiper,0,-,0,2026-03-30
Patrick Marcelino,Ninh Binh FC,Vietnam,Bek-Tengah,0,"Rp3,91Mlyr.",3910000000,2026-03-30
Ngoc Bao Le,Ninh Binh FC,Vietnam,Bek-Tengah,17,"Rp2,17Mlyr.",2170000000,2026-03-30
Janclesio,Ninh Binh FC,Vietnam,Bek-Tengah,0,"Rp1,74Mlyr.",1740000000,2026-03-30
Hai Duc Le,Ninh Binh FC,Vietnam,Bek-Tengah,26,"Rp869,08Jt.",869080000,2026-03-30
Thanh Thinh Do,Ninh Binh FC,Vietnam,Bek-Kiri,0,"Rp3,04Mlyr.",3040000000,2026-03-30
Thai Binh Hoang,Ninh Binh FC,Vietnam,Bek-Kiri,0,"Rp2,61Mlyr.",2610000000,2026-03-30
Quang Nho Dung,Ninh Binh FC,Vietnam,Bek-Kanan,0,"Rp3,91Mlyr.",3910000000,2026-03-30
Duc Chien Nguyen,Ninh Binh FC,Vietnam,Gel. Bertahan,0,"Rp4,78Mlyr.",4780000000,2026-03-30
Thai Son Nguyen,Ninh Binh FC,Vietnam,Gel. Bertahan,21,"Rp4,35Mlyr.",4350000000,2026-03-30
Quang Vinh Tran,Ninh Binh FC,Vietnam,Gelandang,0,-,0,2026-03-30
Chung Nguyen Do,Ninh Binh FC,Vietnam,Gel. Tengah,0,"Rp6,08Mlyr.",6080000000,2026-03-30
Hoang Duc Nguyen,Ninh Binh FC,Vietnam,Gel. Tengah,28,"Rp5,65Mlyr.",5650000000,2026-03-30
Trong Long Nguyen,Ninh Binh FC,Vietnam,Gel. Tengah,29,"Rp1,30Mlyr.",1300000000,2026-03-30
Tien Anh Truong,Ninh Binh FC,Vietnam,Gelandang Kanan,0,"Rp4,35Mlyr.",4350000000,2026-03-30
Ngoc Quang Chau,Ninh Binh FC,Vietnam,Gelandang Kanan,0,"Rp3,91Mlyr.",3910000000,2026-03-30
Bao Trung La Nguyen,Ninh Binh FC,Vietnam,Gelandang Kanan,27,"Rp434,54Jt.",434540000,2026-03-30
Bao Toan Tran,Ninh Binh FC,Vietnam,Gelandang Kiri,0,"Rp3,48Mlyr.",3480000000,2026-03-30
Geovane Magno,Ninh Binh FC,Vietnam,Gel. Serang,0,"Rp5,21Mlyr.",5210000000,2026-03-30
Van Thuan Le,Ninh Binh FC,Vietnam,Sayap Kanan,0,"Rp2,61Mlyr.",2610000000,2026-03-30
Gustavo Henrique,Ninh Binh FC,Vietnam,Depan-Tengah,0,"Rp6,95Mlyr.",6950000000,2026-03-30
Daniel dos Anjos,Ninh Binh FC,Vietnam,Depan-Tengah,0,"Rp6,08Mlyr.",6080000000,2026-03-30
Fred Friday,Ninh Binh FC,Vietnam,Depan-Tengah,0,"Rp3,91Mlyr.",3910000000,2026-03-30
Gia Hung Pham,Ninh Binh FC,Vietnam,Depan-Tengah,18,"Rp1,30Mlyr.",1300000000,2026-03-30
Quoc Viet Nguyen,Ninh Binh FC,Vietnam,Depan-Tengah,0,"Rp1,30Mlyr.",1300000000,2026-03-30
Le Phat Nguyen,Ninh Binh FC,Vietnam,Depan-Tengah,16,"Rp869,08Jt.",869080000,2026-03-30
Trung Kien Tran,Hoang Anh Gia Lai FC,Vietnam,Kiper,25,"Rp3,48Mlyr.",3480000000,2026-03-30
Bao Duy Huynh Tran,Hoang Anh Gia Lai FC,Vietnam,Kiper,0,-,0,2026-03-30
Phong Chaloongphum,Hoang Anh Gia Lai FC,Vietnam,Kiper,0,-,0,2026-03-30
Vu Khang Nguyen,Hoang Anh Gia Lai FC,Vietnam,Kiper,0,-,0,2026-03-30
Phuoc Sang Dinh,Hoang Anh Gia Lai FC,Vietnam,Kiper,0,-,0,2026-03-30
Tuan Vu Huynh,Hoang Anh Gia Lai FC,Vietnam,Bek,27,-,0,2026-03-30
Jairo Rodrigues,Hoang Anh Gia Lai FC,Vietnam,Bek-Tengah,33,"Rp2,17Mlyr.",2170000000,2026-03-30
Quang Kiet Dinh,Hoang Anh Gia Lai FC,Vietnam,Bek-Tengah,0,"Rp1,74Mlyr.",1740000000,2026-03-30
Van Trieu Nguyen,Hoang Anh Gia Lai FC,Vietnam,Bek-Tengah,0,"Rp869,08Jt.",869080000,2026-03-30
Du Hoc Phan,Hoang Anh Gia Lai FC,Vietnam,Bek-Kiri,0,"Rp1,74Mlyr.",1740000000,2026-03-30
Anh Tai Nguyen Huu,Hoang Anh Gia Lai FC,Vietnam,Bek-Kiri,28,"Rp434,54Jt.",434540000,2026-03-30
Phuoc Bao Vo,Hoang Anh Gia Lai FC,Vietnam,Bek-Kanan,38,"Rp869,08Jt.",869080000,2026-03-30
Minh Loc To,Hoang Anh Gia Lai FC,Vietnam,Bek-Kanan,0,-,0,2026-03-30
Khevin Fraga,Hoang Anh Gia Lai FC,Vietnam,Gel. Bertahan,0,"Rp4,35Mlyr.",4350000000,2026-03-30
Thanh Son Tran,Hoang Anh Gia Lai FC,Vietnam,Gel. Bertahan,0,"Rp1,74Mlyr.",1740000000,2026-03-30
Huy Kiet Le,Hoang Anh Gia Lai FC,Vietnam,Gelandang,34,-,0,2026-03-30
Minh Quyen Ho,Hoang Anh Gia Lai FC,Vietnam,Gelandang,0,-,0,2026-03-30
Marciel,Hoang Anh Gia Lai FC,Vietnam,Gel. Tengah,0,"Rp4,78Mlyr.",4780000000,2026-03-30
Hoang Minh Cao,Hoang Anh Gia Lai FC,Vietnam,Gel. Tengah,20,"Rp1,30Mlyr.",1300000000,2026-03-30
Thanh Tu Tran,Hoang Anh Gia Lai FC,Vietnam,Gel. Tengah,21,-,0,2026-03-30
Se Moi,Hoang Anh Gia Lai FC,Vietnam,Gel. Tengah,26,-,0,2026-03-30
Thanh Nhan Nguyen,Hoang Anh Gia Lai FC,Vietnam,Gelandang Kiri,0,"Rp2,17Mlyr.",2170000000,2026-03-30
Dinh Lam Vo,Hoang Anh Gia Lai FC,Vietnam,Gelandang Kiri,0,"Rp1,30Mlyr.",1300000000,2026-03-30
Thanh Ngoc Lam Luong,Hoang Anh Gia Lai FC,Vietnam,Gelandang Kiri,17,"Rp434,54Jt.",434540000,2026-03-30
Vinh Nguyen Hoang,Hoang Anh Gia Lai FC,Vietnam,Gel. Serang,23,"Rp2,61Mlyr.",2610000000,2026-03-30
Duy Tam Nguyen,Hoang Anh Gia Lai FC,Vietnam,Sayap Kiri,19,"Rp434,54Jt.",434540000,2026-03-30
Gia Bao Tran,Hoang Anh Gia Lai FC,Vietnam,Sayap Kanan,16,"Rp1,30Mlyr.",1300000000,2026-03-30
Ryan Ha,Hoang Anh Gia Lai FC,Vietnam,Sayap Kanan,0,"Rp1,30Mlyr.",1300000000,2026-03-30
Júnior Batista,Hoang Anh Gia Lai FC,Vietnam,Depan-Tengah,29,"Rp2,61Mlyr.",2610000000,2026-03-30
Gabriel Conceição,Hoang Anh Gia Lai FC,Vietnam,Depan-Tengah,0,"Rp1,74Mlyr.",1740000000,2026-03-30
Minh Tam Nguyen,Hoang Anh Gia Lai FC,Vietnam,Depan-Tengah,0,"Rp869,08Jt.",869080000,2026-03-30
Hoang Tu Cao,Hoang Anh Gia Lai FC,Vietnam,Penyerang,0,-,0,2026-03-30
Patrik Le Giang,Cong An Ho Chi Minh City FC,Vietnam,Kiper,0,"Rp2,61Mlyr.",2610000000,2026-03-30
Manh Cuong Nguyen,Cong An Ho Chi Minh City FC,Vietnam,Kiper,0,"Rp434,54Jt.",434540000,2026-03-30
Tan Nguyen,Cong An Ho Chi Minh City FC,Vietnam,Kiper,0,-,0,2026-03-30
Matheus Felipe,Cong An Ho Chi Minh City FC,Vietnam,Bek-Tengah,0,"Rp14,77Mlyr.",14770000000,2026-03-30
Minh Gia Bao Khong,Cong An Ho Chi Minh City FC,Vietnam,Bek-Tengah,0,"Rp2,17Mlyr.",2170000000,2026-03-30
Hoang Phuc Tran,Cong An Ho Chi Minh City FC,Vietnam,Bek-Tengah,28,"Rp2,17Mlyr.",2170000000,2026-03-30
Minh Trong Vo,Cong An Ho Chi Minh City FC,Vietnam,Bek-Kiri,17,"Rp4,35Mlyr.",4350000000,2026-03-30
Kha Duc Le,Cong An Ho Chi Minh City FC,Vietnam,Bek-Kiri,0,"Rp1,30Mlyr.",1300000000,2026-03-30
Viet Hoang Vo Huu,Cong An Ho Chi Minh City FC,Vietnam,Bek-Kanan,20,"Rp1,74Mlyr.",1740000000,2026-03-30
Quang Hung Le,Cong An Ho Chi Minh City FC,Vietnam,Bek-Kanan,34,"Rp869,08Jt.",869080000,2026-03-30
Manh Cuong Tran,Cong An Ho Chi Minh City FC,Vietnam,Bek-Kanan,0,"Rp869,08Jt.",869080000,2026-03-30
Duc Huy Pham,Cong An Ho Chi Minh City FC,Vietnam,Gel. Bertahan,0,"Rp2,17Mlyr.",2170000000,2026-03-30
Van Luan Pham,Cong An Ho Chi Minh City FC,Vietnam,Gel. Bertahan,0,"Rp1,74Mlyr.",1740000000,2026-03-30
Peter Makrillos,Cong An Ho Chi Minh City FC,Vietnam,Gel. Tengah,0,"Rp4,35Mlyr.",4350000000,2026-03-30
Quoc Cuong Nguyen Thai,Cong An Ho Chi Minh City FC,Vietnam,Gel. Tengah,19,"Rp2,17Mlyr.",2170000000,2026-03-30
Duc Phu Nguyen,Cong An Ho Chi Minh City FC,Vietnam,Gel. Tengah,39,"Rp2,17Mlyr.",2170000000,2026-03-30
Quoc Gia Dao,Cong An Ho Chi Minh City FC,Vietnam,Gel. Tengah,21,"Rp1,74Mlyr.",1740000000,2026-03-30
Van Lam Dang,Cong An Ho Chi Minh City FC,Vietnam,Gel. Tengah,23,"Rp1,30Mlyr.",1300000000,2026-03-30
Ngoc Long Bui,Cong An Ho Chi Minh City FC,Vietnam,Gelandang Kanan,18,"Rp2,17Mlyr.",2170000000,2026-03-30
Ngoc Ha Mach,Cong An Ho Chi Minh City FC,Vietnam,Gelandang Kanan,0,"Rp1,74Mlyr.",1740000000,2026-03-30
Van Hao Duong,Cong An Ho Chi Minh City FC,Vietnam,Gelandang Kiri,36,"Rp1,30Mlyr.",1300000000,2026-03-30
Huy Toan Vo,Cong An Ho Chi Minh City FC,Vietnam,Gelandang Kiri,0,"Rp869,08Jt.",869080000,2026-03-30
Endrick,Cong An Ho Chi Minh City FC,Vietnam,Gel. Serang,0,"Rp3,48Mlyr.",3480000000,2026-03-30
Raphael Utzig,Cong An Ho Chi Minh City FC,Vietnam,Sayap Kiri,0,"Rp13,04Mlyr.",13040000000,2026-03-30
Khoa Ngo,Cong An Ho Chi Minh City FC,Vietnam,Sayap Kiri,26,"Rp2,61Mlyr.",2610000000,2026-03-30
Van Toan Tay,Cong An Ho Chi Minh City FC,Vietnam,Sayap Kanan,0,"Rp1,30Mlyr.",1300000000,2026-03-30
Van Binh Bui,Cong An Ho Chi Minh City FC,Vietnam,Sayap Kanan,27,"Rp1,30Mlyr.",1300000000,2026-03-30
Tien Linh Nguyen,Cong An Ho Chi Minh City FC,Vietnam,Depan-Tengah,22,"Rp5,65Mlyr.",5650000000,2026-03-30
Thanh Binh Dinh,Cong An Ho Chi Minh City FC,Vietnam,Depan-Tengah,0,"Rp1,74Mlyr.",1740000000,2026-03-30
Lee Williams,Cong An Ho Chi Minh City FC,Vietnam,Depan-Tengah,0,"Rp869,08Jt.",869080000,2026-03-30
Tien Dung Bui,SHB Da Nang FC,Vietnam,Kiper,0,"Rp2,17Mlyr.",2170000000,2026-03-30
Van Bieu Phan,SHB Da Nang FC,Vietnam,Kiper,0,"Rp1,30Mlyr.",1300000000,2026-03-30
Van Toan Nguyen,SHB Da Nang FC,Vietnam,Kiper,0,"Rp869,08Jt.",869080000,2026-03-30
Tung Han Ho,SHB Da Nang FC,Vietnam,Kiper,0,"Rp434,54Jt.",434540000,2026-03-30
Tuan Hung Dang,SHB Da Nang FC,Vietnam,Kiper,30,"Rp434,54Jt.",434540000,2026-03-30
Quoc Bao Huynh Tran,SHB Da Nang FC,Vietnam,Kiper,25,-,0,2026-03-30
Ngoc Hai Que,SHB Da Nang FC,Vietnam,Bek-Tengah,0,"Rp3,48Mlyr.",3480000000,2026-03-30
Gustavo Sant'Ana,SHB Da Nang FC,Vietnam,Bek-Tengah,0,"Rp2,61Mlyr.",2610000000,2026-03-30
Duy Cuong Luong,SHB Da Nang FC,Vietnam,Bek-Tengah,20,"Rp2,17Mlyr.",2170000000,2026-03-30
Duc Anh Nguyen,SHB Da Nang FC,Vietnam,Bek-Tengah,0,"Rp1,30Mlyr.",1300000000,2026-03-30
Ngoc Hiep Tran,SHB Da Nang FC,Vietnam,Bek-Tengah,0,"Rp869,08Jt.",869080000,2026-03-30
Ngoc Son Tran,SHB Da Nang FC,Vietnam,Bek-Tengah,27,"Rp434,54Jt.",434540000,2026-03-30
Van Son Vu,SHB Da Nang FC,Vietnam,Bek-Tengah,0,"Rp434,54Jt.",434540000,2026-03-30
Thanh Khai Nguyen,SHB Da Nang FC,Vietnam,Bek-Tengah,0,-,0,2026-03-30
Duy Duong Nguyen,SHB Da Nang FC,Vietnam,Bek-Kiri,35,"Rp869,08Jt.",869080000,2026-03-30
Duy Thang Nguyen,SHB Da Nang FC,Vietnam,Bek-Kiri,0,"Rp434,54Jt.",434540000,2026-03-30
Hong Phuc Nguyen,SHB Da Nang FC,Vietnam,Bek-Kanan,23,"Rp869,08Jt.",869080000,2026-03-30
The Hung Phan,SHB Da Nang FC,Vietnam,Gelandang,17,-,0,2026-03-30
Pierre Lamothe,SHB Da Nang FC,Vietnam,Gel. Tengah,0,"Rp1,74Mlyr.",1740000000,2026-03-30
Anh Tuan Dang,SHB Da Nang FC,Vietnam,Gel. Tengah,0,"Rp1,30Mlyr.",1300000000,2026-03-30
Vu Quoc Nhat Le,SHB Da Nang FC,Vietnam,Gel. Tengah,22,"Rp869,08Jt.",869080000,2026-03-30
Van Toan Vo,SHB Da Nang FC,Vietnam,Gel. Tengah,0,"Rp869,08Jt.",869080000,2026-03-30
Van Hoa Tran,SHB Da Nang FC,Vietnam,Gel. Tengah,0,"Rp434,54Jt.",434540000,2026-03-30
Phi Hoang Nguyen,SHB Da Nang FC,Vietnam,Gelandang Kiri,21,"Rp3,48Mlyr.",3480000000,2026-03-30
Vadim Nguyen,SHB Da Nang FC,Vietnam,Gelandang Kiri,0,"Rp869,08Jt.",869080000,2026-03-30
Joel López Pissano,SHB Da Nang FC,Vietnam,Gel. Serang,19,"Rp8,69Mlyr.",8690000000,2026-03-30
David Henen,SHB Da Nang FC,Vietnam,Sayap Kiri,0,"Rp4,78Mlyr.",4780000000,2026-03-30
Van Long Phan,SHB Da Nang FC,Vietnam,Sayap Kanan,0,"Rp2,61Mlyr.",2610000000,2026-03-30
Dinh Duy Pham,SHB Da Nang FC,Vietnam,Sayap Kanan,18,"Rp2,61Mlyr.",2610000000,2026-03-30
Minh Quang Nguyen,SHB Da Nang FC,Vietnam,Sayap Kanan,38,"Rp1,74Mlyr.",1740000000,2026-03-30
Van Huu Pham,SHB Da Nang FC,Vietnam,Sayap Kanan,16,"Rp869,08Jt.",869080000,2026-03-30
Hong Phuoc Ngo,SHB Da Nang FC,Vietnam,Sayap Kanan,0,"Rp869,08Jt.",869080000,2026-03-30
Milan Makaric,SHB Da Nang FC,Vietnam,Depan-Tengah,0,"Rp4,35Mlyr.",4350000000,2026-03-30
Ribamar,SHB Da Nang FC,Vietnam,Depan-Tengah,0,"Rp3,48Mlyr.",3480000000,2026-03-30
Nguyen Hoang Vo,SHB Da Nang FC,Vietnam,Depan-Tengah,28,"Rp2,17Mlyr.",2170000000,2026-03-30
Xuan Hoang Trinh,Dong A Thanh Hoa FC,Vietnam,Kiper,0,"Rp2,17Mlyr.",2170000000,2026-03-30
Y Eli Nie,Dong A Thanh Hoa FC,Vietnam,Kiper,30,"Rp869,08Jt.",869080000,2026-03-30
Anh Tuan Le,Dong A Thanh Hoa FC,Vietnam,Kiper,0,-,0,2026-03-30
Van Loi Trinh,Dong A Thanh Hoa FC,Vietnam,Bek-Tengah,0,"Rp1,74Mlyr.",1740000000,2026-03-30
Dinh Huyen Nguyen,Dong A Thanh Hoa FC,Vietnam,Bek-Tengah,16,"Rp869,08Jt.",869080000,2026-03-30
Van Hung Le,Dong A Thanh Hoa FC,Vietnam,Bek-Tengah,43,"Rp869,08Jt.",869080000,2026-03-30
Xuan Hung Luc,Dong A Thanh Hoa FC,Vietnam,Bek-Tengah,0,"Rp434,54Jt.",434540000,2026-03-30
Minh Doan Huynh,Dong A Thanh Hoa FC,Vietnam,Bek-Kanan,0,"Rp869,08Jt.",869080000,2026-03-30
Ba Tien Nguyen,Dong A Thanh Hoa FC,Vietnam,Bek-Kanan,0,"Rp869,08Jt.",869080000,2026-03-30
Thanh Nam Truong,Dong A Thanh Hoa FC,Vietnam,Bek-Kanan,0,"Rp434,54Jt.",434540000,2026-03-30
Duc Tung Nguyen,Dong A Thanh Hoa FC,Vietnam,Bek-Kanan,0,-,0,2026-03-30
Ngoc Ha Doan,Dong A Thanh Hoa FC,Vietnam,Gel. Bertahan,29,"Rp1,30Mlyr.",1300000000,2026-03-30
Odilzhon Abdurakhmanov,Dong A Thanh Hoa FC,Vietnam,Gel. Tengah,0,"Rp4,35Mlyr.",4350000000,2026-03-30
Damoth Thongkhamsavath,Dong A Thanh Hoa FC,Vietnam,Gel. Tengah,22,"Rp2,61Mlyr.",2610000000,2026-03-30
Ngoc Tan Doan,Dong A Thanh Hoa FC,Vietnam,Gel. Tengah,34,"Rp2,17Mlyr.",2170000000,2026-03-30
Matias Belli Moldskred,Dong A Thanh Hoa FC,Vietnam,Gel. Tengah,27,"Rp1,74Mlyr.",1740000000,2026-03-30
Huu Dung Nguyen,Dong A Thanh Hoa FC,Vietnam,Gel. Tengah,18,"Rp434,54Jt.",434540000,2026-03-30
Duc Hoang Ngo,Dong A Thanh Hoa FC,Vietnam,Gel. Tengah,26,"Rp434,54Jt.",434540000,2026-03-30
Quoc Phuong Le,Dong A Thanh Hoa FC,Vietnam,Gelandang Kiri,19,"Rp434,54Jt.",434540000,2026-03-30
Trum Tinh Pham,Dong A Thanh Hoa FC,Vietnam,Gel. Serang,23,"Rp869,08Jt.",869080000,2026-03-30
Ngoc Quy Tran,Dong A Thanh Hoa FC,Vietnam,Gel. Serang,21,-,0,2026-03-30
Ngoc My Nguyen,Dong A Thanh Hoa FC,Vietnam,Sayap Kiri,24,"Rp2,17Mlyr.",2170000000,2026-03-30
Amar Catic,Dong A Thanh Hoa FC,Vietnam,Sayap Kanan,0,"Rp4,35Mlyr.",4350000000,2026-03-30
Van Thang Le,Dong A Thanh Hoa FC,Vietnam,Sayap Kanan,0,"Rp434,54Jt.",434540000,2026-03-30
Rimario Gordon,Dong A Thanh Hoa FC,Vietnam,Depan-Tengah,0,"Rp3,91Mlyr.",3910000000,2026-03-30
Van Tung Nguyen,Dong A Thanh Hoa FC,Vietnam,Penyerang,17,"Rp434,54Jt.",434540000,2026-03-30
Van Hoan Le,Dong A Thanh Hoa FC,Vietnam,Depan-Tengah,0,-,0,2026-03-30
Thanh Tung Nguyen,Hong Linh Ha Tinh FC,Vietnam,Kiper,0,"Rp2,17Mlyr.",2170000000,2026-03-30
Tung Lam Duong,Hong Linh Ha Tinh FC,Vietnam,Kiper,29,"Rp434,54Jt.",434540000,2026-03-30
Ngoc Cuong Vo,Hong Linh Ha Tinh FC,Vietnam,Kiper,0,-,0,2026-03-30
Helerson,Hong Linh Ha Tinh FC,Vietnam,Bek-Tengah,0,"Rp4,35Mlyr.",4350000000,2026-03-30
Van Hanh Nguyen,Hong Linh Ha Tinh FC,Vietnam,Bek-Tengah,0,"Rp1,30Mlyr.",1300000000,2026-03-30
Cong Thanh Doan,Hong Linh Ha Tinh FC,Vietnam,Bek-Tengah,19,"Rp869,08Jt.",869080000,2026-03-30
Quoc Dan Vo,Hong Linh Ha Tinh FC,Vietnam,Bek-Tengah,38,"Rp434,54Jt.",434540000,2026-03-30
Manh Hung Nguyen,Hong Linh Ha Tinh FC,Vietnam,Bek-Tengah,0,"Rp434,54Jt.",434540000,2026-03-30
Anh Tuan Nguyen,Hong Linh Ha Tinh FC,Vietnam,Bek-Tengah,0,-,0,2026-03-30
Sy Hoang Mai,Hong Linh Ha Tinh FC,Vietnam,Bek-Kiri,0,"Rp3,04Mlyr.",3040000000,2026-03-30
Viet Trieu Vu,Hong Linh Ha Tinh FC,Vietnam,Bek-Kiri,30,"Rp1,74Mlyr.",1740000000,2026-03-30
Duy Thuong Bui,Hong Linh Ha Tinh FC,Vietnam,Bek-Kanan,0,"Rp2,17Mlyr.",2170000000,2026-03-30
Van Nhuan Nguyen,Hong Linh Ha Tinh FC,Vietnam,Bek-Kanan,0,"Rp434,54Jt.",434540000,2026-03-30
The Hung Nguyen,Hong Linh Ha Tinh FC,Vietnam,Gelandang,27,-,0,2026-03-30
Joseph Onoja,Hong Linh Ha Tinh FC,Vietnam,Gel. Tengah,0,"Rp3,48Mlyr.",3480000000,2026-03-30
Duc Viet Nguyen,Hong Linh Ha Tinh FC,Vietnam,Gel. Tengah,0,"Rp1,30Mlyr.",1300000000,2026-03-30
Hoang Trung Nguyen Nguyen,Hong Linh Ha Tinh FC,Vietnam,Gel. Tengah,24,"Rp869,08Jt.",869080000,2026-03-30
Trong Hoang Nguyen,Hong Linh Ha Tinh FC,Vietnam,Gel. Tengah,0,"Rp434,54Jt.",434540000,2026-03-30
Van Buu Tran,Hong Linh Ha Tinh FC,Vietnam,Gel. Tengah,17,"Rp434,54Jt.",434540000,2026-03-30
Tuan Tai Dinh,Hong Linh Ha Tinh FC,Vietnam,Gel. Tengah,25,"Rp434,54Jt.",434540000,2026-03-30
Van Khanh Nguyen,Hong Linh Ha Tinh FC,Vietnam,Gel. Tengah,37,"Rp434,54Jt.",434540000,2026-03-30
Tan Tai Huynh,Hong Linh Ha Tinh FC,Vietnam,Gelandang Kanan,39,"Rp1,74Mlyr.",1740000000,2026-03-30
Van Long Pham,Hong Linh Ha Tinh FC,Vietnam,Gelandang Kanan,16,"Rp1,30Mlyr.",1300000000,2026-03-30
Viktor Le,Hong Linh Ha Tinh FC,Vietnam,Gelandang Kiri,0,"Rp3,48Mlyr.",3480000000,2026-03-30
Tien Dat Huynh,Hong Linh Ha Tinh FC,Vietnam,Gelandang Kiri,20,"Rp869,08Jt.",869080000,2026-03-30
Van Huy Nguyen,Hong Linh Ha Tinh FC,Vietnam,Gelandang Kiri,21,"Rp434,54Jt.",434540000,2026-03-30
Welder,Hong Linh Ha Tinh FC,Vietnam,Sayap Kiri,0,-,0,2026-03-30
Van Hiep Nguyen,Hong Linh Ha Tinh FC,Vietnam,Sayap Kanan,0,"Rp869,08Jt.",869080000,2026-03-30
Yevgeniy Serdyuk,Hong Linh Ha Tinh FC,Vietnam,Depan-Tengah,0,"Rp10,43Mlyr.",10430000000,2026-03-30
Charles Atshimene,Hong Linh Ha Tinh FC,Vietnam,Depan-Tengah,0,"Rp4,78Mlyr.",4780000000,2026-03-30
Balotelli,Hong Linh Ha Tinh FC,Vietnam,Depan-Tengah,0,"Rp2,17Mlyr.",2170000000,2026-03-30
Quang Nam Vu,Hong Linh Ha Tinh FC,Vietnam,Depan-Tengah,18,"Rp869,08Jt.",869080000,2026-03-30
Sy Huy Do,PVF-CAND FC,Vietnam,Kiper,0,"Rp869,08Jt.",869080000,2026-03-30
Minh Long Phi,PVF-CAND FC,Vietnam,Kiper,33,"Rp869,08Jt.",869080000,2026-03-30
Thai Hieu Truong,PVF-CAND FC,Vietnam,Kiper,0,-,0,2026-03-30
Phuong Nam Nguyen,PVF-CAND FC,Vietnam,Bek,0,-,0,2026-03-30
Lucas Turci,PVF-CAND FC,Vietnam,Bek-Tengah,0,"Rp4,35Mlyr.",4350000000,2026-03-30
Ly Duc Pham,PVF-CAND FC,Vietnam,Bek-Tengah,16,"Rp2,17Mlyr.",2170000000,2026-03-30
Hieu Minh Nguyen,PVF-CAND FC,Vietnam,Bek-Tengah,0,"Rp1,74Mlyr.",1740000000,2026-03-30
Anh Viet Doan,PVF-CAND FC,Vietnam,Bek-Tengah,0,"Rp434,54Jt.",434540000,2026-03-30
Duc Anh Nguyen Nhu,PVF-CAND FC,Vietnam,Bek-Tengah,0,-,0,2026-03-30
Bao Long Nguyen,PVF-CAND FC,Vietnam,Bek-Kiri,0,"Rp1,30Mlyr.",1300000000,2026-03-30
Van Chuong Dao,PVF-CAND FC,Vietnam,Bek-Kiri,31,"Rp434,54Jt.",434540000,2026-03-30
Van Dung Nguyen,PVF-CAND FC,Vietnam,Bek-Kiri,0,"Rp434,54Jt.",434540000,2026-03-30
Anh Quan Vo,PVF-CAND FC,Vietnam,Bek-Kanan,20,"Rp2,17Mlyr.",2170000000,2026-03-30
Van Thai Quy Truong,PVF-CAND FC,Vietnam,Bek-Kanan,0,"Rp1,74Mlyr.",1740000000,2026-03-30
Viet Truong Phung,PVF-CAND FC,Vietnam,Bek-Kanan,37,"Rp869,08Jt.",869080000,2026-03-30
Van Viet Ha,PVF-CAND FC,Vietnam,Bek-Kanan,0,-,0,2026-03-30
Alastair Reynolds,PVF-CAND FC,Vietnam,Gel. Bertahan,0,"Rp3,91Mlyr.",3910000000,2026-03-30
Joseph Mpande,PVF-CAND FC,Vietnam,Gel. Tengah,0,"Rp4,78Mlyr.",4780000000,2026-03-30
Xuan Bac Nguyen,PVF-CAND FC,Vietnam,Gel. Tengah,0,"Rp2,61Mlyr.",2610000000,2026-03-30
Cong Den Huynh,PVF-CAND FC,Vietnam,Gel. Tengah,0,"Rp1,30Mlyr.",1300000000,2026-03-30
Van Thuan Do,PVF-CAND FC,Vietnam,Gel. Tengah,0,"Rp869,08Jt.",869080000,2026-03-30
Huy Hung Nguyen,PVF-CAND FC,Vietnam,Gel. Tengah,29,"Rp434,54Jt.",434540000,2026-03-30
Vu Tin Nguyen,PVF-CAND FC,Vietnam,Gelandang Kiri,28,"Rp1,30Mlyr.",1300000000,2026-03-30
Trung Phong Phu,PVF-CAND FC,Vietnam,Gelandang Kiri,30,"Rp434,54Jt.",434540000,2026-03-30
Ba Dat Thai,PVF-CAND FC,Vietnam,Gel. Serang,17,"Rp869,08Jt.",869080000,2026-03-30
Mahmoud Eid,PVF-CAND FC,Vietnam,Sayap Kanan,0,"Rp6,95Mlyr.",6950000000,2026-03-30
Thanh Nhan Nguyen,PVF-CAND FC,Vietnam,Sayap Kanan,0,"Rp2,17Mlyr.",2170000000,2026-03-30
Van Trang Nguyen,PVF-CAND FC,Vietnam,Sayap Kanan,0,"Rp869,08Jt.",869080000,2026-03-30
Samson Olaleye,PVF-CAND FC,Vietnam,Depan-Tengah,39,"Rp434,54Jt.",434540000,2026-03-30
Van Vinh Nguyen,PVF-CAND FC,Vietnam,Depan-Tengah,0,"Rp434,54Jt.",434540000,2026-03-30
Anh Tuan Nguyen,PVF-CAND FC,Vietnam,Depan-Tengah,36,-,0,2026-03-30
Van Viet Nguyen,The Cong - Viettel FC,Vietnam,Kiper,28,"Rp3,48Mlyr.",3480000000,2026-03-30
Van Phong Pham,The Cong - Viettel FC,Vietnam,Kiper,36,"Rp869,08Jt.",869080000,2026-03-30
Xuan Son Ngo,The Cong - Viettel FC,Vietnam,Kiper,0,"Rp434,54Jt.",434540000,2026-03-30
Hoang An Pham,The Cong - Viettel FC,Vietnam,Kiper,0,-,0,2026-03-30
Tien Dung Bui,The Cong - Viettel FC,Vietnam,Bek-Tengah,0,"Rp4,78Mlyr.",4780000000,2026-03-30
Thanh Binh Nguyen,The Cong - Viettel FC,Vietnam,Bek-Tengah,0,"Rp4,35Mlyr.",4350000000,2026-03-30
Kyle Colonna,The Cong - Viettel FC,Vietnam,Bek-Tengah,0,"Rp3,48Mlyr.",3480000000,2026-03-30
Van Nam Dao,The Cong - Viettel FC,Vietnam,Bek-Tengah,20,"Rp2,61Mlyr.",2610000000,2026-03-30
Minh Tung Nguyen,The Cong - Viettel FC,Vietnam,Bek-Tengah,0,"Rp1,74Mlyr.",1740000000,2026-03-30
Tuan Phong Dang,The Cong - Viettel FC,Vietnam,Bek-Tengah,0,"Rp869,08Jt.",869080000,2026-03-30
Tuan Tai Phan,The Cong - Viettel FC,Vietnam,Bek-Kiri,0,"Rp4,35Mlyr.",4350000000,2026-03-30
Van Duc Bui,The Cong - Viettel FC,Vietnam,Bek-Kiri,26,"Rp2,17Mlyr.",2170000000,2026-03-30
Viet Tu Dinh,The Cong - Viettel FC,Vietnam,Bek-Kiri,18,"Rp1,30Mlyr.",1300000000,2026-03-30
Van Quyet Vu,The Cong - Viettel FC,Vietnam,Bek-Kanan,21,-,0,2026-03-30
Paulinho Curuá,The Cong - Viettel FC,Vietnam,Gel. Bertahan,0,"Rp1,74Mlyr.",1740000000,2026-03-30
Van Tram Dang,The Cong - Viettel FC,Vietnam,Gel. Bertahan,29,"Rp1,30Mlyr.",1300000000,2026-03-30
Damian Vu Thanh,The Cong - Viettel FC,Vietnam,Gel. Bertahan,0,"Rp869,08Jt.",869080000,2026-03-30
Thanh Tung Duong,The Cong - Viettel FC,Vietnam,Gelandang,22,"Rp434,54Jt.",434540000,2026-03-30
Wesley Natã,The Cong - Viettel FC,Vietnam,Gel. Tengah,25,"Rp5,65Mlyr.",5650000000,2026-03-30
Xuan Tien Dinh,The Cong - Viettel FC,Vietnam,Gel. Tengah,19,"Rp2,61Mlyr.",2610000000,2026-03-30
Van Tu Nguyen,The Cong - Viettel FC,Vietnam,Gel. Tengah,0,"Rp1,74Mlyr.",1740000000,2026-03-30
Quoc Nhat Nam Le,The Cong - Viettel FC,Vietnam,Gel. Tengah,16,"Rp1,30Mlyr.",1300000000,2026-03-30
Duc Hoang Minh Nguyen,The Cong - Viettel FC,Vietnam,Gelandang Kanan,17,"Rp1,30Mlyr.",1300000000,2026-03-30
Ngoc Tu Nguyen,The Cong - Viettel FC,Vietnam,Gelandang Kanan,0,"Rp869,08Jt.",869080000,2026-03-30
Van Khang Khuat,The Cong - Viettel FC,Vietnam,Gelandang Kiri,0,"Rp5,21Mlyr.",5210000000,2026-03-30
Huu Thang Nguyen,The Cong - Viettel FC,Vietnam,Gel. Serang,0,"Rp2,17Mlyr.",2170000000,2026-03-30
Hoang Khanh Nguyen,The Cong - Viettel FC,Vietnam,Sayap Kiri,30,-,0,2026-03-30
Pedro Henrique,The Cong - Viettel FC,Vietnam,Sayap Kanan,0,"Rp3,48Mlyr.",3480000000,2026-03-30
Cong Phuong Nguyen,The Cong - Viettel FC,Vietnam,Sayap Kanan,0,"Rp1,30Mlyr.",1300000000,2026-03-30
Lucão,The Cong - Viettel FC,Vietnam,Depan-Tengah,0,"Rp3,91Mlyr.",3910000000,2026-03-30
Manh Dung Nham,The Cong - Viettel FC,Vietnam,Depan-Tengah,23,"Rp3,04Mlyr.",3040000000,2026-03-30
Danh Trung Tran,The Cong - Viettel FC,Vietnam,Depan-Tengah,0,"Rp2,17Mlyr.",2170000000,2026-03-30
Si Chien Nguyen,The Cong - Viettel FC,Vietnam,Penyerang,0,-,0,2026-03-30
Dang Duong Nguyen,The Cong - Viettel FC,Vietnam,Penyerang,0,-,0,2026-03-30
Minh Toan Tran,Becamex Ho Chi Minh City FC,Vietnam,Kiper,25,"Rp2,61Mlyr.",2610000000,2026-03-30
Van Cong Nguyen,Becamex Ho Chi Minh City FC,Vietnam,Kiper,30,"Rp869,08Jt.",869080000,2026-03-30
Huu Loi Nguyen,Becamex Ho Chi Minh City FC,Vietnam,Kiper,0,-,0,2026-03-30
Nhat Ha Tran,Becamex Ho Chi Minh City FC,Vietnam,Kiper,0,-,0,2026-03-30
Milos Zlatkovic,Becamex Ho Chi Minh City FC,Vietnam,Bek-Tengah,24,"Rp3,91Mlyr.",3910000000,2026-03-30
Adriano Schmidt,Becamex Ho Chi Minh City FC,Vietnam,Bek-Tengah,0,"Rp2,17Mlyr.",2170000000,2026-03-30
Dinh Khuong Tran,Becamex Ho Chi Minh City FC,Vietnam,Bek-Tengah,21,"Rp1,74Mlyr.",1740000000,2026-03-30
Khac Vu Nguyen,Becamex Ho Chi Minh City FC,Vietnam,Bek-Tengah,27,"Rp434,54Jt.",434540000,2026-03-30
Thanh Kien Nguyen,Becamex Ho Chi Minh City FC,Vietnam,Bek-Tengah,33,"Rp434,54Jt.",434540000,2026-03-30
Hoang Bao Tran,Becamex Ho Chi Minh City FC,Vietnam,Bek-Kiri,0,"Rp434,54Jt.",434540000,2026-03-30
Tan Tai Ho,Becamex Ho Chi Minh City FC,Vietnam,Bek-Kanan,0,"Rp4,35Mlyr.",4350000000,2026-03-30
Tung Quoc Ngo,Becamex Ho Chi Minh City FC,Vietnam,Bek-Kanan,0,"Rp3,91Mlyr.",3910000000,2026-03-30
Hoang Hung Tran,Becamex Ho Chi Minh City FC,Vietnam,Bek-Kanan,0,"Rp869,08Jt.",869080000,2026-03-30
Tuan Canh Doan,Becamex Ho Chi Minh City FC,Vietnam,Bek-Kanan,19,"Rp434,54Jt.",434540000,2026-03-30
Geoffrey Kizito,Becamex Ho Chi Minh City FC,Vietnam,Gel. Bertahan,39,"Rp2,17Mlyr.",2170000000,2026-03-30
Ngoc Chien Nguyen,Becamex Ho Chi Minh City FC,Vietnam,Gel. Bertahan,35,-,0,2026-03-30
The Hieu Huynh,Becamex Ho Chi Minh City FC,Vietnam,Gelandang,29,-,0,2026-03-30
Hoang Anh Ngo,Becamex Ho Chi Minh City FC,Vietnam,Gelandang,0,-,0,2026-03-30
Hoang Minh Khoa Vo,Becamex Ho Chi Minh City FC,Vietnam,Gel. Tengah,0,"Rp4,78Mlyr.",4780000000,2026-03-30
Hugo Alves,Becamex Ho Chi Minh City FC,Vietnam,Gel. Tengah,0,"Rp3,48Mlyr.",3480000000,2026-03-30
Thanh Hau Phan,Becamex Ho Chi Minh City FC,Vietnam,Gel. Tengah,0,"Rp1,74Mlyr.",1740000000,2026-03-30
Trong Phu Nguyen,Becamex Ho Chi Minh City FC,Vietnam,Gel. Tengah,0,"Rp434,54Jt.",434540000,2026-03-30
Hong Quan Mac,Becamex Ho Chi Minh City FC,Vietnam,Gel. Tengah,0,-,0,2026-03-30
Thanh Long Phan Nhat,Becamex Ho Chi Minh City FC,Vietnam,Gelandang Kanan,38,"Rp1,30Mlyr.",1300000000,2026-03-30
Trong Hung Nguyen,Becamex Ho Chi Minh City FC,Vietnam,Gelandang Kiri,20,"Rp1,30Mlyr.",1300000000,2026-03-30
Quoc Khanh Cao,Becamex Ho Chi Minh City FC,Vietnam,Gel. Serang,0,"Rp434,54Jt.",434540000,2026-03-30
Trung Hau Ha,Becamex Ho Chi Minh City FC,Vietnam,Gel. Serang,23,-,0,2026-03-30
Vi Hao Bui,Becamex Ho Chi Minh City FC,Vietnam,Sayap Kiri,0,"Rp5,21Mlyr.",5210000000,2026-03-30
Tran Viet Cuong Nguyen,Becamex Ho Chi Minh City FC,Vietnam,Sayap Kiri,0,"Rp3,48Mlyr.",3480000000,2026-03-30
Van Anh Nguyen,Becamex Ho Chi Minh City FC,Vietnam,Sayap Kiri,28,"Rp869,08Jt.",869080000,2026-03-30
Thanh Nhan Nguyen,Becamex Ho Chi Minh City FC,Vietnam,Sayap Kanan,16,"Rp1,30Mlyr.",1300000000,2026-03-30
Ugochukwu Oduenyi,Becamex Ho Chi Minh City FC,Vietnam,Depan-Tengah,0,"Rp2,61Mlyr.",2610000000,2026-03-30
Elisha Sam,Becamex Ho Chi Minh City FC,Vietnam,Depan-Tengah,0,"Rp2,17Mlyr.",2170000000,2026-03-30
Minh Binh Le,Becamex Ho Chi Minh City FC,Vietnam,Depan-Tengah,0,"Rp1,30Mlyr.",1300000000,2026-03-30
Tuan Tai Ho,Becamex Ho Chi Minh City FC,Vietnam,Depan-Tengah,18,"Rp869,08Jt.",869080000,2026-03-30
Tony Pham,Becamex Ho Chi Minh City FC,Vietnam,Depan-Tengah,0,-,0,2026-03-30
Nhu Y Nguyen,Becamex Ho Chi Minh City FC,Vietnam,Penyerang,0,-,0,2026-03-30
Caíque,Thep Xanh Nam Dinh FC,Vietnam,Kiper,0,"Rp10,43Mlyr.",10430000000,2026-03-30
Nguyen Manh Tran,Thep Xanh Nam Dinh FC,Vietnam,Kiper,26,"Rp2,61Mlyr.",2610000000,2026-03-30
Vu Phong Le,Thep Xanh Nam Dinh FC,Vietnam,Kiper,23,"Rp434,54Jt.",434540000,2026-03-30
Duc Dung Tran,Thep Xanh Nam Dinh FC,Vietnam,Kiper,29,"Rp434,54Jt.",434540000,2026-03-30
Liem Dieu Tran,Thep Xanh Nam Dinh FC,Vietnam,Kiper,0,"Rp434,54Jt.",434540000,2026-03-30
Van Toi Dang,Thep Xanh Nam Dinh FC,Vietnam,Bek-Tengah,0,"Rp3,91Mlyr.",3910000000,2026-03-30
Lucas,Thep Xanh Nam Dinh FC,Vietnam,Bek-Tengah,0,"Rp3,48Mlyr.",3480000000,2026-03-30
Tuan Duong Giap,Thep Xanh Nam Dinh FC,Vietnam,Bek-Tengah,0,"Rp2,61Mlyr.",2610000000,2026-03-30
Wálber,Thep Xanh Nam Dinh FC,Vietnam,Bek-Tengah,34,"Rp1,74Mlyr.",1740000000,2026-03-30
Thanh Hao Duong,Thep Xanh Nam Dinh FC,Vietnam,Bek-Tengah,0,"Rp1,30Mlyr.",1300000000,2026-03-30
Duc Huy Ngo,Thep Xanh Nam Dinh FC,Vietnam,Bek-Tengah,32,"Rp1,30Mlyr.",1300000000,2026-03-30
Van Thanh Le,Thep Xanh Nam Dinh FC,Vietnam,Bek-Tengah,0,"Rp1,30Mlyr.",1300000000,2026-03-30
Xuan Khai Dinh,Thep Xanh Nam Dinh FC,Vietnam,Bek-Tengah,0,-,0,2026-03-30
Mitchell Dijks,Thep Xanh Nam Dinh FC,Vietnam,Bek-Kiri,24,"Rp8,69Mlyr.",8690000000,2026-03-30
Van Vi Nguyen,Thep Xanh Nam Dinh FC,Vietnam,Bek-Kiri,17,"Rp3,91Mlyr.",3910000000,2026-03-30
Phong Hong Duy Nguyen,Thep Xanh Nam Dinh FC,Vietnam,Bek-Kiri,0,"Rp3,04Mlyr.",3040000000,2026-03-30
Van Kien Tran,Thep Xanh Nam Dinh FC,Vietnam,Bek-Kanan,0,"Rp3,04Mlyr.",3040000000,2026-03-30
Kévin Pham Ba,Thep Xanh Nam Dinh FC,Vietnam,Bek-Kanan,0,"Rp2,61Mlyr.",2610000000,2026-03-30
Dang Duc Anh Tran,Thep Xanh Nam Dinh FC,Vietnam,Bek-Kanan,0,-,0,2026-03-30
Njabulo Blom,Thep Xanh Nam Dinh FC,Vietnam,Gel. Bertahan,0,"Rp13,04Mlyr.",13040000000,2026-03-30
Rômulo,Thep Xanh Nam Dinh FC,Vietnam,Gel. Bertahan,0,"Rp7,82Mlyr.",7820000000,2026-03-30
Van Cong Tran,Thep Xanh Nam Dinh FC,Vietnam,Gel. Bertahan,16,"Rp3,48Mlyr.",3480000000,2026-03-30
Trong Bao Nguyen,Thep Xanh Nam Dinh FC,Vietnam,Gelandang,20,-,0,2026-03-30
Arnaud Lusamba,Thep Xanh Nam Dinh FC,Vietnam,Gel. Tengah,0,"Rp13,91Mlyr.",13910000000,2026-03-30
Caio César,Thep Xanh Nam Dinh FC,Vietnam,Gel. Tengah,0,"Rp9,56Mlyr.",9560000000,2026-03-30
Cong Hoang Anh Ly,Thep Xanh Nam Dinh FC,Vietnam,Gel. Tengah,0,"Rp4,35Mlyr.",4350000000,2026-03-30
Tuan Anh Nguyen,Thep Xanh Nam Dinh FC,Vietnam,Gel. Tengah,0,"Rp3,48Mlyr.",3480000000,2026-03-30
Mit A,Thep Xanh Nam Dinh FC,Vietnam,Gelandang Kanan,0,"Rp2,61Mlyr.",2610000000,2026-03-30
Van Vu To,Thep Xanh Nam Dinh FC,Vietnam,Gelandang Kanan,28,"Rp2,61Mlyr.",2610000000,2026-03-30
Dinh Son Nguyen,Thep Xanh Nam Dinh FC,Vietnam,Gelandang Kanan,0,"Rp869,08Jt.",869080000,2026-03-30
Ngoc Son Tran,Thep Xanh Nam Dinh FC,Vietnam,Gelandang Kiri,27,"Rp1,30Mlyr.",1300000000,2026-03-30
Van Dat Tran,Thep Xanh Nam Dinh FC,Vietnam,Sayap Kiri,19,"Rp2,61Mlyr.",2610000000,2026-03-30
Percy Tau,Thep Xanh Nam Dinh FC,Vietnam,Sayap Kanan,22,"Rp14,77Mlyr.",14770000000,2026-03-30
Van Toan Nguyen,Thep Xanh Nam Dinh FC,Vietnam,Sayap Kanan,0,"Rp4,78Mlyr.",4780000000,2026-03-30
Ti Phong Lam,Thep Xanh Nam Dinh FC,Vietnam,Sayap Kanan,39,"Rp3,48Mlyr.",3480000000,2026-03-30
Chadrac Akolo,Thep Xanh Nam Dinh FC,Vietnam,Depan-Tengah,0,"Rp13,91Mlyr.",13910000000,2026-03-30
Rafaelson,Thep Xanh Nam Dinh FC,Vietnam,Depan-Tengah,0,"Rp10,43Mlyr.",10430000000,2026-03-30
Brenner,Thep Xanh Nam Dinh FC,Vietnam,Depan-Tengah,35,"Rp6,52Mlyr.",6520000000,2026-03-30
Kyle Hudlin,Thep Xanh Nam Dinh FC,Vietnam,Depan-Tengah,37,"Rp3,91Mlyr.",3910000000,2026-03-30
Filip Nguyen,Cong An Ha Noi FC,Vietnam,Kiper,0,"Rp6,95Mlyr.",6950000000,2026-03-30
Tuyen Quang Vu,Cong An Ha Noi FC,Vietnam,Kiper,32,"Rp869,08Jt.",869080000,2026-03-30
Thanh Vinh Vu,Cong An Ha Noi FC,Vietnam,Kiper,23,"Rp434,54Jt.",434540000,2026-03-30
Dinh Minh Hoang Tran,Cong An Ha Noi FC,Vietnam,Kiper,25,"Rp434,54Jt.",434540000,2026-03-30
Manh Truong Ha,Cong An Ha Noi FC,Vietnam,Kiper,0,-,0,2026-03-30
Hugo Gomes,Cong An Ha Noi FC,Vietnam,Bek-Tengah,0,"Rp6,95Mlyr.",6950000000,2026-03-30
Hoang Viet Anh Bui,Cong An Ha Noi FC,Vietnam,Bek-Tengah,0,"Rp5,21Mlyr.",5210000000,2026-03-30
Dinh Trong Tran,Cong An Ha Noi FC,Vietnam,Bek-Tengah,21,"Rp3,48Mlyr.",3480000000,2026-03-30
Leygley Adou,Cong An Ha Noi FC,Vietnam,Bek-Tengah,38,"Rp3,48Mlyr.",3480000000,2026-03-30
Anh Thong Bui,Cong An Ha Noi FC,Vietnam,Bek-Tengah,0,-,0,2026-03-30
Jason Pendant,Cong An Ha Noi FC,Vietnam,Bek-Kiri,0,"Rp8,69Mlyr.",8690000000,2026-03-30
Van Hau Doan,Cong An Ha Noi FC,Vietnam,Bek-Kiri,0,"Rp2,61Mlyr.",2610000000,2026-03-30
Van Phuong Ha,Cong An Ha Noi FC,Vietnam,Bek-Kiri,26,"Rp869,08Jt.",869080000,2026-03-30
Van Thanh Vu,Cong An Ha Noi FC,Vietnam,Bek-Kanan,17,"Rp4,35Mlyr.",4350000000,2026-03-30
Van Duc Nguyen,Cong An Ha Noi FC,Vietnam,Bek-Kanan,28,"Rp2,61Mlyr.",2610000000,2026-03-30
Minh Phuc Pham,Cong An Ha Noi FC,Vietnam,Bek-Kanan,22,"Rp1,74Mlyr.",1740000000,2026-03-30
Pham Thanh Long Le,Cong An Ha Noi FC,Vietnam,Gel. Bertahan,0,"Rp4,35Mlyr.",4350000000,2026-03-30
Brandon Ly,Cong An Ha Noi FC,Vietnam,Gel. Bertahan,27,-,0,2026-03-30
Vítor Rosa Nascimento,Cong An Ha Noi FC,Vietnam,Gel. Tengah,0,"Rp2,61Mlyr.",2610000000,2026-03-30
Van Toan Hoang,Cong An Ha Noi FC,Vietnam,Gel. Tengah,0,"Rp2,61Mlyr.",2610000000,2026-03-30
Xuan Thinh Bui,Cong An Ha Noi FC,Vietnam,Gel. Tengah,0,"Rp869,08Jt.",869080000,2026-03-30
Van Do Le,Cong An Ha Noi FC,Vietnam,Gelandang Kanan,0,"Rp3,91Mlyr.",3910000000,2026-03-30
Dinh Tien Tran,Cong An Ha Noi FC,Vietnam,Gelandang Kanan,18,"Rp2,61Mlyr.",2610000000,2026-03-30
Stefan Mauk,Cong An Ha Noi FC,Vietnam,Gel. Serang,0,"Rp10,43Mlyr.",10430000000,2026-03-30
Léo Artur,Cong An Ha Noi FC,Vietnam,Gel. Serang,0,"Rp6,95Mlyr.",6950000000,2026-03-30
Quang Hai Nguyen,Cong An Ha Noi FC,Vietnam,Gel. Serang,19,"Rp6,95Mlyr.",6950000000,2026-03-30
Dinh Bac Nguyen,Cong An Ha Noi FC,Vietnam,Sayap Kiri,0,"Rp5,21Mlyr.",5210000000,2026-03-30
Van Duc Phan,Cong An Ha Noi FC,Vietnam,Sayap Kiri,20,"Rp3,48Mlyr.",3480000000,2026-03-30
China,Cong An Ha Noi FC,Vietnam,Sayap Kanan,30,"Rp6,08Mlyr.",6080000000,2026-03-30
Alan Grafite,Cong An Ha Noi FC,Vietnam,Depan-Tengah,0,"Rp6,52Mlyr.",6520000000,2026-03-30
Duc Nam Tran,Cong An Ha Noi FC,Vietnam,Depan-Tengah,0,"Rp869,08Jt.",869080000,2026-03-30
Dinh Trieu Nguyen,Hai Phong FC,Vietnam,Kiper,0,"Rp2,17Mlyr.",2170000000,2026-03-30
Van Luan Pham,Hai Phong FC,Vietnam,Kiper,36,"Rp434,54Jt.",434540000,2026-03-30
Dinh Tung Nguyen,Hai Phong FC,Vietnam,Kiper,35,-,0,2026-03-30
Tien Dung Bui,Hai Phong FC,Vietnam,Bek-Tengah,16,"Rp3,91Mlyr.",3910000000,2026-03-30
Nhat Minh Nguyen,Hai Phong FC,Vietnam,Bek-Tengah,27,"Rp2,61Mlyr.",2610000000,2026-03-30
Hoai Duong Pham,Hai Phong FC,Vietnam,Bek-Tengah,0,"Rp434,54Jt.",434540000,2026-03-30
Quoc Anh Vu,Hai Phong FC,Vietnam,Bek-Tengah,34,-,0,2026-03-30
Viet Hung Trieu,Hai Phong FC,Vietnam,Bek-Kiri,0,"Rp4,78Mlyr.",4780000000,2026-03-30
Tien Dung Dam,Hai Phong FC,Vietnam,Bek-Kiri,0,"Rp1,74Mlyr.",1740000000,2026-03-30
Van Bac Ngo,Hai Phong FC,Vietnam,Bek-Kiri,21,"Rp434,54Jt.",434540000,2026-03-30
Thai Hoc Nguyen,Hai Phong FC,Vietnam,Bek-Kiri,0,-,0,2026-03-30
Trung Hieu Pham,Hai Phong FC,Vietnam,Bek-Kanan,17,"Rp3,48Mlyr.",3480000000,2026-03-30
Van Minh Nguyen,Hai Phong FC,Vietnam,Bek-Kanan,29,"Rp869,08Jt.",869080000,2026-03-30
Bicou Bissainthe,Hai Phong FC,Vietnam,Gel. Bertahan,25,"Rp4,35Mlyr.",4350000000,2026-03-30
Luiz Antônio,Hai Phong FC,Vietnam,Gel. Bertahan,0,"Rp3,91Mlyr.",3910000000,2026-03-30
Hoang Thao Vu,Hai Phong FC,Vietnam,Gelandang,0,-,0,2026-03-30
Tuan Anh Nguyen,Hai Phong FC,Vietnam,Gel. Tengah,0,"Rp2,17Mlyr.",2170000000,2026-03-30
Manh Dung Le,Hai Phong FC,Vietnam,Gel. Tengah,19,"Rp1,30Mlyr.",1300000000,2026-03-30
Huu Son Nguyen,Hai Phong FC,Vietnam,Gelandang Kanan,0,"Rp2,61Mlyr.",2610000000,2026-03-30
Huu Nam Nguyen,Hai Phong FC,Vietnam,Gelandang Kanan,0,"Rp1,30Mlyr.",1300000000,2026-03-30
Huu Thai Bao Nguyen,Hai Phong FC,Vietnam,Gelandang Kanan,31,"Rp869,08Jt.",869080000,2026-03-30
Thanh Dong Nguyen,Hai Phong FC,Vietnam,Gelandang Kanan,0,"Rp434,54Jt.",434540000,2026-03-30
Minh Di Ho,Hai Phong FC,Vietnam,Gelandang Kiri,0,"Rp1,74Mlyr.",1740000000,2026-03-30
Hoang Nam Luong,Hai Phong FC,Vietnam,Gelandang Kiri,30,"Rp1,74Mlyr.",1740000000,2026-03-30
The Tai Hoang,Hai Phong FC,Vietnam,Gelandang Kiri,0,"Rp869,08Jt.",869080000,2026-03-30
Camilo Vasconcelos,Hai Phong FC,Vietnam,Sayap Kiri,0,"Rp434,54Jt.",434540000,2026-03-30
Joel Tagueu,Hai Phong FC,Vietnam,Depan-Tengah,0,"Rp5,21Mlyr.",5210000000,2026-03-30
Jucie Lupeta,Hai Phong FC,Vietnam,Depan-Tengah,42,"Rp1,74Mlyr.",1740000000,2026-03-30
Xuan Nam Nguyen,Hai Phong FC,Vietnam,Depan-Tengah,0,"Rp1,30Mlyr.",1300000000,2026-03-30
Jourdain Fletcher,Hai Phong FC,Vietnam,Depan-Tengah,0,-,0,2026-03-30
Van Hoang Nguyen,Ha Noi FC,Vietnam,Kiper,0,"Rp2,61Mlyr.",2610000000,2026-03-30
Van Chuan Quan,Ha Noi FC,Vietnam,Kiper,0,"Rp2,17Mlyr.",2170000000,2026-03-30
Duy Dung Nguyen,Ha Noi FC,Vietnam,Kiper,29,-,0,2026-03-30
Dinh Hai Pham,Ha Noi FC,Vietnam,Kiper,0,-,0,2026-03-30
Duy Manh Do,Ha Noi FC,Vietnam,Bek-Tengah,0,"Rp5,65Mlyr.",5650000000,2026-03-30
Thanh Chung Nguyen,Ha Noi FC,Vietnam,Bek-Tengah,16,"Rp5,21Mlyr.",5210000000,2026-03-30
Adriel,Ha Noi FC,Vietnam,Bek-Tengah,35,"Rp4,35Mlyr.",4350000000,2026-03-30
Anh Tiep Nguyen,Ha Noi FC,Vietnam,Bek-Tengah,33,-,0,2026-03-30
Van Xuan Le,Ha Noi FC,Vietnam,Bek-Kiri,0,"Rp2,61Mlyr.",2610000000,2026-03-30
Dinh Hai Vu,Ha Noi FC,Vietnam,Bek-Kiri,21,"Rp1,30Mlyr.",1300000000,2026-03-30
Cong Nhat Nguyen,Ha Noi FC,Vietnam,Bek-Kiri,22,"Rp869,08Jt.",869080000,2026-03-30
Xuan Kien Nguyen,Ha Noi FC,Vietnam,Bek-Kiri,26,"Rp869,08Jt.",869080000,2026-03-30
Xuan Manh Pham,Ha Noi FC,Vietnam,Bek-Kanan,0,"Rp4,35Mlyr.",4350000000,2026-03-30
Tien Long Vu,Ha Noi FC,Vietnam,Bek-Kanan,0,"Rp869,08Jt.",869080000,2026-03-30
Van Thang Tran,Ha Noi FC,Vietnam,Bek-Kanan,0,"Rp434,54Jt.",434540000,2026-03-30
Sy Duc Nguyen,Ha Noi FC,Vietnam,Bek-Kanan,0,-,0,2026-03-30
Van Toan Dau,Ha Noi FC,Vietnam,Gel. Bertahan,0,"Rp3,04Mlyr.",3040000000,2026-03-30
Trung Thanh Nguyen,Ha Noi FC,Vietnam,Gelandang,0,-,0,2026-03-30
Van Truong Nguyen,Ha Noi FC,Vietnam,Gel. Tengah,19,"Rp3,04Mlyr.",3040000000,2026-03-30
Hung Dung Do,Ha Noi FC,Vietnam,Gel. Tengah,0,"Rp3,04Mlyr.",3040000000,2026-03-30
Hai Long Nguyen,Ha Noi FC,Vietnam,Gelandang Kanan,0,"Rp4,35Mlyr.",4350000000,2026-03-30
Hêndrio,Ha Noi FC,Vietnam,Gel. Serang,0,"Rp5,65Mlyr.",5650000000,2026-03-30
Tuan Hai Pham,Ha Noi FC,Vietnam,Sayap Kiri,0,"Rp6,52Mlyr.",6520000000,2026-03-30
Fernando,Ha Noi FC,Vietnam,Sayap Kiri,0,"Rp4,35Mlyr.",4350000000,2026-03-30
Xuan Tu Le,Ha Noi FC,Vietnam,Sayap Kiri,25,"Rp3,04Mlyr.",3040000000,2026-03-30
Van Quyet Nguyen,Ha Noi FC,Vietnam,Depan-Kedua,0,"Rp3,04Mlyr.",3040000000,2026-03-30
Daniel Passira,Ha Noi FC,Vietnam,Depan-Tengah,0,"Rp7,82Mlyr.",7820000000,2026-03-30
Van Tung Nguyen,Ha Noi FC,Vietnam,Depan-Tengah,23,"Rp2,17Mlyr.",2170000000,2026-03-30
David Fisher,Ha Noi FC,Vietnam,Depan-Tengah,0,"Rp2,17Mlyr.",2170000000,2026-03-30
Anh Tuan Nguyen Ha,Ha Noi FC,Vietnam,Depan-Tengah,0,-,0,2026-03-30
Van Binh Cao,Song Lam Nghe An FC,Vietnam,Kiper,0,"Rp1,74Mlyr.",1740000000,2026-03-30
Bao Ngoc Nguyen,Song Lam Nghe An FC,Vietnam,Kiper,25,-,0,2026-03-30
Huu Hau Nguyen,Song Lam Nghe An FC,Vietnam,Kiper,26,-,0,2026-03-30
Tan Minh Nguyen,Song Lam Nghe An FC,Vietnam,Bek,0,-,0,2026-03-30
Van Khanh Hoang,Song Lam Nghe An FC,Vietnam,Bek-Tengah,0,"Rp2,61Mlyr.",2610000000,2026-03-30
Nam Hai Tran,Song Lam Nghe An FC,Vietnam,Bek-Tengah,17,"Rp2,17Mlyr.",2170000000,2026-03-30
Nguyen Hoang Le,Song Lam Nghe An FC,Vietnam,Bek-Tengah,0,"Rp1,74Mlyr.",1740000000,2026-03-30
Justin Garcia,Song Lam Nghe An FC,Vietnam,Bek-Tengah,0,"Rp1,74Mlyr.",1740000000,2026-03-30
Khac Luong Ho,Song Lam Nghe An FC,Vietnam,Bek-Tengah,0,"Rp434,54Jt.",434540000,2026-03-30
Van Thanh Phan,Song Lam Nghe An FC,Vietnam,Bek-Tengah,33,"Rp434,54Jt.",434540000,2026-03-30
Van Huy Vuong,Song Lam Nghe An FC,Vietnam,Bek-Kiri,0,"Rp2,61Mlyr.",2610000000,2026-03-30
Thanh Duc Bui,Song Lam Nghe An FC,Vietnam,Bek-Kiri,0,"Rp434,54Jt.",434540000,2026-03-30
Mai Hoang Nguyen,Song Lam Nghe An FC,Vietnam,Bek-Kiri,35,"Rp434,54Jt.",434540000,2026-03-30
Minh Hoi Hoang,Song Lam Nghe An FC,Vietnam,Bek-Kiri,23,-,0,2026-03-30
Van Cuong Ho,Song Lam Nghe An FC,Vietnam,Bek-Kanan,30,"Rp2,61Mlyr.",2610000000,2026-03-30
Ba Quyen Phan,Song Lam Nghe An FC,Vietnam,Gel. Bertahan,19,"Rp1,74Mlyr.",1740000000,2026-03-30
Quoc Trung Pham Nguyen,Song Lam Nghe An FC,Vietnam,Gel. Bertahan,27,-,0,2026-03-30
Quang Vinh Nguyen,Song Lam Nghe An FC,Vietnam,Gel. Tengah,16,"Rp2,61Mlyr.",2610000000,2026-03-30
Xuan Binh Nguyen,Song Lam Nghe An FC,Vietnam,Gel. Tengah,0,"Rp869,08Jt.",869080000,2026-03-30
Quang Tu Dang,Song Lam Nghe An FC,Vietnam,Gel. Tengah,29,"Rp869,08Jt.",869080000,2026-03-30
Khac Ngoc Ho,Song Lam Nghe An FC,Vietnam,Gel. Tengah,32,"Rp869,08Jt.",869080000,2026-03-30
Van Bach Nguyen,Song Lam Nghe An FC,Vietnam,Gelandang Kanan,0,"Rp869,08Jt.",869080000,2026-03-30
Trong Tuan Nguyen,Song Lam Nghe An FC,Vietnam,Gel. Serang,0,"Rp434,54Jt.",434540000,2026-03-30
Manh Quynh Tran,Song Lam Nghe An FC,Vietnam,Sayap Kiri,0,"Rp3,04Mlyr.",3040000000,2026-03-30
Van Luong Ngo,Song Lam Nghe An FC,Vietnam,Sayap Kiri,20,"Rp1,74Mlyr.",1740000000,2026-03-30
Van Nam Phung,Song Lam Nghe An FC,Vietnam,Sayap Kiri,0,-,0,2026-03-30
Long Vu Le Dinh,Song Lam Nghe An FC,Vietnam,Sayap Kanan,18,"Rp2,17Mlyr.",2170000000,2026-03-30
Phi-Long Tran,Song Lam Nghe An FC,Vietnam,Sayap Kanan,0,-,0,2026-03-30
Michael Olaha,Song Lam Nghe An FC,Vietnam,Depan-Tengah,0,"Rp5,65Mlyr.",5650000000,2026-03-30
Reon Moore,Song Lam Nghe An FC,Vietnam,Depan-Tengah,0,"Rp2,61Mlyr.",2610000000,2026-03-30
Carlos Fortes,Song Lam Nghe An FC,Vietnam,Depan-Tengah,27,"Rp1,74Mlyr.",1740000000,2026-03-30
