player_name,team,league_country,position,age,market_value_raw,market_value_est,scraped_date
Adi Satryo,Arema FC,Indonesia,Kiper,30,"Rp3,91Mlyr.",3910000000,2026-03-09
Gianluca Pandeynuwu,Arema FC,Indonesia,Kiper,18,"Rp2,61Mlyr.",2610000000,2026-03-09
Lucas Frigeri,Arema FC,Indonesia,Kiper,31,"Rp869,08Jt.",869080000,2026-03-09
Andrian Casvari,Arema FC,Indonesia,Kiper,0,"Rp173,82Jt.",173820000,2026-03-09
Hansamu Yama,Arema FC,Indonesia,Bek-Tengah,0,"Rp2,61Mlyr.",2610000000,2026-03-09
Luiz Gustavo,Arema FC,Indonesia,Bek-Tengah,26,"Rp2,17Mlyr.",2170000000,2026-03-09
Anwar Rifai,Arema FC,Indonesia,Bek-Tengah,23,"Rp1,30Mlyr.",1300000000,2026-03-09
Walisson Maia,Arema FC,Indonesia,Bek-Tengah,0,"Rp434,54Jt.",434540000,2026-03-09
Leo Guntara,Arema FC,Indonesia,Bek-Kiri,0,"Rp3,48Mlyr.",3480000000,2026-03-09
Iksan Lestaluhu,Arema FC,Indonesia,Bek-Kiri,0,"Rp1,30Mlyr.",1300000000,2026-03-09
Johan Alfarizi,Arema FC,Indonesia,Bek-Kiri,0,"Rp173,82Jt.",173820000,2026-03-09
Rio Fahmi,Arema FC,Indonesia,Bek-Kanan,0,"Rp5,21Mlyr.",5210000000,2026-03-09
Achmad Maulana,Arema FC,Indonesia,Bek-Kanan,19,"Rp3,04Mlyr.",3040000000,2026-03-09
Rifad Marasabessy,Arema FC,Indonesia,Bek-Kanan,0,"Rp1,74Mlyr.",1740000000,2026-03-09
Bayu Setiawan,Arema FC,Indonesia,Bek-Kanan,0,"Rp1,30Mlyr.",1300000000,2026-03-09
Matheus Blade,Arema FC,Indonesia,Gel. Bertahan,25,"Rp3,04Mlyr.",3040000000,2026-03-09
Betinho,Arema FC,Indonesia,Gel. Bertahan,28,"Rp1,74Mlyr.",1740000000,2026-03-09
Pablo Oliveira,Arema FC,Indonesia,Gel. Bertahan,32,"Rp1,74Mlyr.",1740000000,2026-03-09
Jayus Hariono,Arema FC,Indonesia,Gel. Bertahan,0,"Rp1,30Mlyr.",1300000000,2026-03-09
Aswin,Arema FC,Indonesia,Gel. Bertahan,22,-,0,2026-03-09
Arkhan Fikri,Arema FC,Indonesia,Gel. Tengah,0,"Rp4,78Mlyr.",4780000000,2026-03-09
Julián Guevara,Arema FC,Indonesia,Gel. Tengah,0,"Rp2,17Mlyr.",2170000000,2026-03-09
Samuel Balinsa,Arema FC,Indonesia,Gel. Tengah,0,"Rp1,30Mlyr.",1300000000,2026-03-09
Gustavo França,Arema FC,Indonesia,Gel. Serang,0,"Rp4,78Mlyr.",4780000000,2026-03-09
Valdeci,Arema FC,Indonesia,Gel. Serang,0,"Rp4,35Mlyr.",4350000000,2026-03-09
Gabriel Silva,Arema FC,Indonesia,Sayap Kiri,0,"Rp3,91Mlyr.",3910000000,2026-03-09
Salim Tuharea,Arema FC,Indonesia,Sayap Kanan,0,"Rp2,17Mlyr.",2170000000,2026-03-09
Dwiki Mardiyanto,Arema FC,Indonesia,Sayap Kanan,17,"Rp1,30Mlyr.",1300000000,2026-03-09
Fikri Arjidan,Arema FC,Indonesia,Sayap Kanan,0,"Rp434,54Jt.",434540000,2026-03-09
Dendi Santoso,Arema FC,Indonesia,Sayap Kanan,41,"Rp434,54Jt.",434540000,2026-03-09
Dalberto,Arema FC,Indonesia,Depan-Tengah,0,"Rp5,21Mlyr.",5210000000,2026-03-09
Joel Vinícius,Arema FC,Indonesia,Depan-Tengah,0,"Rp2,61Mlyr.",2610000000,2026-03-09
Dedik Setiawan,Arema FC,Indonesia,Depan-Tengah,27,"Rp2,17Mlyr.",2170000000,2026-03-09
Razzaa Fachrezi,Arema FC,Indonesia,Depan-Tengah,20,-,0,2026-03-09
Agusti Ardiansyah,Arema FC,Indonesia,Depan-Tengah,16,-,0,2026-03-09
Dimas Aryaguna,Arema FC,Indonesia,Depan-Tengah,0,-,0,2026-03-09
Arthur Augusto,Semen Padang FC,Indonesia,Kiper,0,"Rp3,91Mlyr.",3910000000,2026-03-09
Rendy Oscario,Semen Padang FC,Indonesia,Kiper,27,"Rp1,30Mlyr.",1300000000,2026-03-09
Teguh Amiruddin,Semen Padang FC,Indonesia,Kiper,0,"Rp869,08Jt.",869080000,2026-03-09
Farel Putra,Semen Padang FC,Indonesia,Kiper,0,"Rp173,82Jt.",173820000,2026-03-09
Iqbal Bachtiar,Semen Padang FC,Indonesia,Kiper,0,-,0,2026-03-09
Ângelo Meneses,Semen Padang FC,Indonesia,Bek-Tengah,24,"Rp4,35Mlyr.",4350000000,2026-03-09
Jaime Giraldo,Semen Padang FC,Indonesia,Bek-Tengah,0,"Rp3,48Mlyr.",3480000000,2026-03-09
Tin Martic,Semen Padang FC,Indonesia,Bek-Tengah,0,"Rp2,61Mlyr.",2610000000,2026-03-09
Rui Rampa,Semen Padang FC,Indonesia,Bek-Tengah,23,"Rp1,30Mlyr.",1300000000,2026-03-09
Ade Kristiano,Semen Padang FC,Indonesia,Bek-Tengah,0,-,0,2026-03-09
Asyraq Gufron,Semen Padang FC,Indonesia,Bek-Tengah,0,-,0,2026-03-09
Samuel Simanjuntak,Semen Padang FC,Indonesia,Bek-Kiri,0,"Rp1,30Mlyr.",1300000000,2026-03-09
Ravy Tsouka,Semen Padang FC,Indonesia,Bek-Kanan,0,"Rp5,21Mlyr.",5210000000,2026-03-09
Zidane Afandi,Semen Padang FC,Indonesia,Bek-Kanan,25,"Rp869,08Jt.",869080000,2026-03-09
Ghifari Azhhari,Semen Padang FC,Indonesia,Bek-Kanan,0,-,0,2026-03-09
Boubakary Diarra,Semen Padang FC,Indonesia,Gel. Bertahan,21,"Rp4,35Mlyr.",4350000000,2026-03-09
Rosad Setiawan,Semen Padang FC,Indonesia,Gel. Bertahan,31,"Rp3,04Mlyr.",3040000000,2026-03-09
Ripal Wahyudi,Semen Padang FC,Indonesia,Gel. Bertahan,0,"Rp2,17Mlyr.",2170000000,2026-03-09
Ricki Ariansyah,Semen Padang FC,Indonesia,Gel. Bertahan,0,"Rp1,74Mlyr.",1740000000,2026-03-09
Alhassan Wakaso,Semen Padang FC,Indonesia,Gel. Bertahan,30,"Rp869,08Jt.",869080000,2026-03-09
Dimas Saputra,Semen Padang FC,Indonesia,Gel. Bertahan,0,"Rp434,54Jt.",434540000,2026-03-09
Kazaki Nakagawa,Semen Padang FC,Indonesia,Gel. Serang,0,"Rp3,48Mlyr.",3480000000,2026-03-09
Kianz Froese,Semen Padang FC,Indonesia,Gel. Serang,0,"Rp2,61Mlyr.",2610000000,2026-03-09
Maicon,Semen Padang FC,Indonesia,Sayap Kiri,17,"Rp4,78Mlyr.",4780000000,2026-03-09
Firman Juliansyah,Semen Padang FC,Indonesia,Sayap Kiri,0,"Rp2,17Mlyr.",2170000000,2026-03-09
Armando Oropa,Semen Padang FC,Indonesia,Sayap Kiri,0,"Rp1,74Mlyr.",1740000000,2026-03-09
Irsyad Maulana,Semen Padang FC,Indonesia,Sayap Kiri,0,"Rp1,30Mlyr.",1300000000,2026-03-09
Kasim Botan,Semen Padang FC,Indonesia,Sayap Kanan,22,"Rp1,74Mlyr.",1740000000,2026-03-09
Ferdiansyah,Semen Padang FC,Indonesia,Sayap Kanan,0,"Rp869,08Jt.",869080000,2026-03-09
Guillermo Fernández,Semen Padang FC,Indonesia,Depan-Tengah,0,"Rp5,21Mlyr.",5210000000,2026-03-09
Diego Maurício,Semen Padang FC,Indonesia,Depan-Tengah,0,"Rp3,91Mlyr.",3910000000,2026-03-09
Wahyu Agong,Semen Padang FC,Indonesia,Depan-Tengah,26,-,0,2026-03-09
Syaiful Asri,Semen Padang FC,Indonesia,Depan-Tengah,0,-,0,2026-03-09
Aditya Sentosa,Semen Padang FC,Indonesia,Penyerang,0,-,0,2026-03-09
Kadú,PSBS Biak,Indonesia,Kiper,41,"Rp2,17Mlyr.",2170000000,2026-03-09
Andika Wisnu,PSBS Biak,Indonesia,Kiper,35,"Rp434,54Jt.",434540000,2026-03-09
Dimas Galih,PSBS Biak,Indonesia,Kiper,0,"Rp434,54Jt.",434540000,2026-03-09
Juan Madjar,PSBS Biak,Indonesia,Kiper,0,-,0,2026-03-09
Sandro Embaló,PSBS Biak,Indonesia,Bek-Tengah,0,"Rp3,48Mlyr.",3480000000,2026-03-09
Myung-hyun Hwang,PSBS Biak,Indonesia,Bek-Tengah,0,"Rp1,74Mlyr.",1740000000,2026-03-09
Nurhidayat,PSBS Biak,Indonesia,Bek-Tengah,0,"Rp1,74Mlyr.",1740000000,2026-03-09
Arif Budiyono,PSBS Biak,Indonesia,Bek-Tengah,0,"Rp869,08Jt.",869080000,2026-03-09
Hadi Ardiansyah,PSBS Biak,Indonesia,Bek-Tengah,0,"Rp434,54Jt.",434540000,2026-03-09
Iqbal Hadi,PSBS Biak,Indonesia,Bek-Tengah,0,"Rp434,54Jt.",434540000,2026-03-09
Pablo Andrade,PSBS Biak,Indonesia,Bek-Kiri,33,"Rp2,61Mlyr.",2610000000,2026-03-09
Urbanus Lasol,PSBS Biak,Indonesia,Bek-Kiri,0,"Rp869,08Jt.",869080000,2026-03-09
Moses Madjar,PSBS Biak,Indonesia,Bek-Kiri,44,"Rp434,54Jt.",434540000,2026-03-09
Patrias Rumere,PSBS Biak,Indonesia,Bek-Kiri,32,-,0,2026-03-09
Ians Rumbewas,PSBS Biak,Indonesia,Bek-Kiri,0,-,0,2026-03-09
Lucky Oktavianto,PSBS Biak,Indonesia,Bek-Kanan,23,"Rp1,30Mlyr.",1300000000,2026-03-09
George Brown,PSBS Biak,Indonesia,Bek-Kanan,26,"Rp1,30Mlyr.",1300000000,2026-03-09
Claudio Olivera,PSBS Biak,Indonesia,Bek-Kanan,28,-,0,2026-03-09
Kevin Lopez,PSBS Biak,Indonesia,Gel. Bertahan,16,"Rp1,74Mlyr.",1740000000,2026-03-09
Arjuna Agung,PSBS Biak,Indonesia,Gel. Bertahan,0,"Rp1,30Mlyr.",1300000000,2026-03-09
Nelson Alom,PSBS Biak,Indonesia,Gel. Bertahan,0,"Rp434,54Jt.",434540000,2026-03-09
Eduardo Barbosa,PSBS Biak,Indonesia,Gel. Tengah,20,"Rp2,61Mlyr.",2610000000,2026-03-09
Yano Putra,PSBS Biak,Indonesia,Gel. Tengah,27,"Rp1,74Mlyr.",1740000000,2026-03-09
Luquinhas,PSBS Biak,Indonesia,Sayap Kiri,0,"Rp3,48Mlyr.",3480000000,2026-03-09
Heri Susanto,PSBS Biak,Indonesia,Sayap Kiri,0,"Rp1,30Mlyr.",1300000000,2026-03-09
Muhammad Isa,PSBS Biak,Indonesia,Sayap Kiri,25,"Rp869,08Jt.",869080000,2026-03-09
Ilham Armaiyn,PSBS Biak,Indonesia,Sayap Kiri,30,"Rp869,08Jt.",869080000,2026-03-09
Alfan Tri,PSBS Biak,Indonesia,Sayap Kiri,0,-,0,2026-03-09
Raja Siregar,PSBS Biak,Indonesia,Sayap Kanan,0,"Rp869,08Jt.",869080000,2026-03-09
Ruyery Blanco,PSBS Biak,Indonesia,Depan-Tengah,0,"Rp4,35Mlyr.",4350000000,2026-03-09
Mohcine Hassan,PSBS Biak,Indonesia,Depan-Tengah,0,"Rp1,74Mlyr.",1740000000,2026-03-09
Tobias Solossa,PSBS Biak,Indonesia,Depan-Tengah,0,"Rp434,54Jt.",434540000,2026-03-09
Samuel Gwijangge,PSBS Biak,Indonesia,Depan-Tengah,0,"Rp434,54Jt.",434540000,2026-03-09
Sendri Johansah,Persijap Jepara,Indonesia,Kiper,20,"Rp1,30Mlyr.",1300000000,2026-03-09
Ardiansyah,Persijap Jepara,Indonesia,Kiper,0,"Rp869,08Jt.",869080000,2026-03-09
Sheva Sanggasi,Persijap Jepara,Indonesia,Kiper,0,"Rp434,54Jt.",434540000,2026-03-09
Raufa Aghastya,Persijap Jepara,Indonesia,Kiper,22,-,0,2026-03-09
Tiri,Persijap Jepara,Indonesia,Bek-Tengah,0,"Rp3,48Mlyr.",3480000000,2026-03-09
Diogo Brito,Persijap Jepara,Indonesia,Bek-Tengah,26,"Rp3,04Mlyr.",3040000000,2026-03-09
Akbar Arjunsyah,Persijap Jepara,Indonesia,Bek-Tengah,16,"Rp869,08Jt.",869080000,2026-03-09
Firman Ramadhan,Persijap Jepara,Indonesia,Bek-Kiri,17,"Rp869,08Jt.",869080000,2026-03-09
Buyung Ismu,Persijap Jepara,Indonesia,Bek-Kiri,0,"Rp869,08Jt.",869080000,2026-03-09
Rahmat Hidayat,Persijap Jepara,Indonesia,Bek-Kanan,0,"Rp1,74Mlyr.",1740000000,2026-03-09
Aly Ndom,Persijap Jepara,Indonesia,Gel. Bertahan,0,"Rp3,04Mlyr.",3040000000,2026-03-09
Wahyudi Hamisi,Persijap Jepara,Indonesia,Gel. Bertahan,33,"Rp2,17Mlyr.",2170000000,2026-03-09
Restu Akbar,Persijap Jepara,Indonesia,Gel. Bertahan,23,"Rp869,08Jt.",869080000,2026-03-09
Zahran Alamsah,Persijap Jepara,Indonesia,Gel. Bertahan,37,"Rp434,54Jt.",434540000,2026-03-09
Heriansyah Yan,Persijap Jepara,Indonesia,Gel. Bertahan,0,-,0,2026-03-09
Borja Martínez,Persijap Jepara,Indonesia,Gel. Tengah,0,"Rp4,78Mlyr.",4780000000,2026-03-09
Felix Marcelino,Persijap Jepara,Indonesia,Gel. Tengah,27,-,0,2026-03-09
Borja Herrera,Persijap Jepara,Indonesia,Gel. Serang,0,"Rp4,78Mlyr.",4780000000,2026-03-09
Alexis Gómez,Persijap Jepara,Indonesia,Gel. Serang,32,"Rp4,35Mlyr.",4350000000,2026-03-09
Adzikry Fadlillah,Persijap Jepara,Indonesia,Gel. Serang,0,"Rp1,30Mlyr.",1300000000,2026-03-09
Morelatto,Persijap Jepara,Indonesia,Gel. Serang,0,-,0,2026-03-09
Iker Guarrotxena,Persijap Jepara,Indonesia,Sayap Kiri,34,"Rp5,65Mlyr.",5650000000,2026-03-09
Indra Arya,Persijap Jepara,Indonesia,Sayap Kiri,0,"Rp2,17Mlyr.",2170000000,2026-03-09
Ardi Ardiana,Persijap Jepara,Indonesia,Sayap Kiri,19,"Rp869,08Jt.",869080000,2026-03-09
Najeeb Yakubu,Persijap Jepara,Indonesia,Sayap Kanan,0,"Rp6,08Mlyr.",6080000000,2026-03-09
Dicky Kurniawan,Persijap Jepara,Indonesia,Sayap Kanan,0,"Rp1,74Mlyr.",1740000000,2026-03-09
Ambrizal Umanailo,Persijap Jepara,Indonesia,Sayap Kanan,0,"Rp1,30Mlyr.",1300000000,2026-03-09
Rendi Saepul,Persijap Jepara,Indonesia,Sayap Kanan,21,"Rp869,08Jt.",869080000,2026-03-09
Prince Kallon,Persijap Jepara,Indonesia,Sayap Kanan,0,"Rp869,08Jt.",869080000,2026-03-09
Seva Setiadi,Persijap Jepara,Indonesia,Sayap Kanan,0,-,0,2026-03-09
Carlos França,Persijap Jepara,Indonesia,Depan-Tengah,0,"Rp6,95Mlyr.",6950000000,2026-03-09
Abdallah Sudi,Persijap Jepara,Indonesia,Depan-Tengah,0,"Rp2,17Mlyr.",2170000000,2026-03-09
Raia Irvanza,Persijap Jepara,Indonesia,Depan-Tengah,29,-,0,2026-03-09
Mike Hauptmeijer,Bali United FC,Indonesia,Kiper,0,"Rp3,48Mlyr.",3480000000,2026-03-09
Fitrul Rustapa,Bali United FC,Indonesia,Kiper,0,"Rp2,17Mlyr.",2170000000,2026-03-09
Dikri Yusron,Bali United FC,Indonesia,Kiper,31,"Rp1,30Mlyr.",1300000000,2026-03-09
Wayan Arta,Bali United FC,Indonesia,Kiper,21,"Rp173,82Jt.",173820000,2026-03-09
Kadek Arel,Bali United FC,Indonesia,Bek-Tengah,0,"Rp4,35Mlyr.",4350000000,2026-03-09
João Ferrari,Bali United FC,Indonesia,Bek-Tengah,0,"Rp2,61Mlyr.",2610000000,2026-03-09
Bagas Adi,Bali United FC,Indonesia,Bek-Tengah,0,"Rp1,74Mlyr.",1740000000,2026-03-09
Putu Panji,Bali United FC,Indonesia,Bek-Tengah,44,-,0,2026-03-09
Komang Dedi,Bali United FC,Indonesia,Bek-Tengah,0,-,0,2026-03-09
Ricky Fajrin,Bali United FC,Indonesia,Bek-Kiri,24,"Rp5,65Mlyr.",5650000000,2026-03-09
Yusuf Meilana,Bali United FC,Indonesia,Bek-Kiri,0,"Rp3,48Mlyr.",3480000000,2026-03-09
Agus Mahendra,Bali United FC,Indonesia,Bek-Kiri,0,"Rp434,54Jt.",434540000,2026-03-09
Made Andhika,Bali United FC,Indonesia,Bek-Kanan,33,"Rp4,35Mlyr.",4350000000,2026-03-09
Rizky Dwi,Bali United FC,Indonesia,Bek-Kanan,16,"Rp3,04Mlyr.",3040000000,2026-03-09
Brandon Wilson,Bali United FC,Indonesia,Gel. Bertahan,0,"Rp4,78Mlyr.",4780000000,2026-03-09
Made Tito,Bali United FC,Indonesia,Gel. Bertahan,0,"Rp2,17Mlyr.",2170000000,2026-03-09
Tim Receveur,Bali United FC,Indonesia,Gel. Bertahan,0,"Rp1,74Mlyr.",1740000000,2026-03-09
Aris Sanjaya,Bali United FC,Indonesia,Gel. Bertahan,0,-,0,2026-03-09
Reyner Barusu,Bali United FC,Indonesia,Gel. Bertahan,0,-,0,2026-03-09
Kadek Agung,Bali United FC,Indonesia,Gel. Tengah,18,"Rp3,91Mlyr.",3910000000,2026-03-09
Teppei Yachida,Bali United FC,Indonesia,Gel. Serang,17,"Rp10,43Mlyr.",10430000000,2026-03-09
Jordy Bruijn,Bali United FC,Indonesia,Gel. Serang,0,"Rp5,21Mlyr.",5210000000,2026-03-09
Mirza Mustafic,Bali United FC,Indonesia,Gel. Serang,0,"Rp5,21Mlyr.",5210000000,2026-03-09
Maouri Simon,Bali United FC,Indonesia,Gel. Serang,42,"Rp869,08Jt.",869080000,2026-03-09
Diego Campos,Bali United FC,Indonesia,Sayap Kiri,0,"Rp10,43Mlyr.",10430000000,2026-03-09
Rahmat,Bali United FC,Indonesia,Sayap Kiri,0,"Rp173,82Jt.",173820000,2026-03-09
Thijmen Goppel,Bali United FC,Indonesia,Sayap Kanan,0,"Rp10,43Mlyr.",10430000000,2026-03-09
Irfan Jaya,Bali United FC,Indonesia,Sayap Kanan,41,"Rp3,91Mlyr.",3910000000,2026-03-09
Rahmat Arjuna,Bali United FC,Indonesia,Sayap Kanan,0,"Rp2,61Mlyr.",2610000000,2026-03-09
Boris Kopitovic,Bali United FC,Indonesia,Depan-Tengah,0,"Rp4,78Mlyr.",4780000000,2026-03-09
Jens Raven,Bali United FC,Indonesia,Depan-Tengah,19,"Rp1,30Mlyr.",1300000000,2026-03-09
Nadeo Argawinata,Borneo FC Samarinda,Indonesia,Kiper,0,"Rp6,95Mlyr.",6950000000,2026-03-09
Syahrul Trisna,Borneo FC Samarinda,Indonesia,Kiper,30,"Rp2,61Mlyr.",2610000000,2026-03-09
Daffa Fasya,Borneo FC Samarinda,Indonesia,Kiper,0,"Rp1,74Mlyr.",1740000000,2026-03-09
Andhika Setiawan,Borneo FC Samarinda,Indonesia,Kiper,27,-,0,2026-03-09
Risnanda Rafa,Borneo FC Samarinda,Indonesia,Kiper,0,-,0,2026-03-09
Cleylton,Borneo FC Samarinda,Indonesia,Bek-Tengah,0,"Rp3,91Mlyr.",3910000000,2026-03-09
Komang Teguh,Borneo FC Samarinda,Indonesia,Bek-Tengah,16,"Rp3,48Mlyr.",3480000000,2026-03-09
Mohammad Al-Husseini,Borneo FC Samarinda,Indonesia,Bek-Tengah,0,"Rp3,04Mlyr.",3040000000,2026-03-09
Caxambu,Borneo FC Samarinda,Indonesia,Bek-Kiri,23,"Rp4,35Mlyr.",4350000000,2026-03-09
Ardi Idrus,Borneo FC Samarinda,Indonesia,Bek-Kiri,0,"Rp2,61Mlyr.",2610000000,2026-03-09
Rayhan Utina,Borneo FC Samarinda,Indonesia,Bek-Kiri,0,"Rp869,08Jt.",869080000,2026-03-09
Alfharezzi Buffon,Borneo FC Samarinda,Indonesia,Bek-Kanan,0,"Rp1,30Mlyr.",1300000000,2026-03-09
Diego Michiels,Borneo FC Samarinda,Indonesia,Bek-Kanan,24,"Rp869,08Jt.",869080000,2026-03-09
Dika Kuswardani,Borneo FC Samarinda,Indonesia,Bek-Kanan,0,"Rp434,54Jt.",434540000,2026-03-09
Christophe Nduwarugira,Borneo FC Samarinda,Indonesia,Gel. Bertahan,22,"Rp6,08Mlyr.",6080000000,2026-03-09
Rivaldo Pakpahan,Borneo FC Samarinda,Indonesia,Gel. Bertahan,0,"Rp3,04Mlyr.",3040000000,2026-03-09
Ahmad Agung,Borneo FC Samarinda,Indonesia,Gel. Bertahan,0,"Rp1,30Mlyr.",1300000000,2026-03-09
Kei Hirose,Borneo FC Samarinda,Indonesia,Gel. Tengah,0,"Rp6,95Mlyr.",6950000000,2026-03-09
Mohammad Anez,Borneo FC Samarinda,Indonesia,Gel. Tengah,0,"Rp6,08Mlyr.",6080000000,2026-03-09
Juan Felipe Villa,Borneo FC Samarinda,Indonesia,Gel. Serang,20,"Rp8,69Mlyr.",8690000000,2026-03-09
Marcos Astina,Borneo FC Samarinda,Indonesia,Gel. Serang,0,"Rp4,35Mlyr.",4350000000,2026-03-09
Ikhsanul Zikrak,Borneo FC Samarinda,Indonesia,Gel. Serang,0,"Rp1,30Mlyr.",1300000000,2026-03-09
Dwiky Hardiansyah,Borneo FC Samarinda,Indonesia,Gel. Serang,0,"Rp1,30Mlyr.",1300000000,2026-03-09
Tegar Islami,Borneo FC Samarinda,Indonesia,Gel. Serang,0,-,0,2026-03-09
Muhammad Sihran,Borneo FC Samarinda,Indonesia,Sayap Kiri,0,"Rp3,91Mlyr.",3910000000,2026-03-09
Redzuan Fachgi,Borneo FC Samarinda,Indonesia,Sayap Kiri,0,"Rp173,82Jt.",173820000,2026-03-09
Kaio Nunes,Borneo FC Samarinda,Indonesia,Sayap Kiri,0,-,0,2026-03-09
Mariano Peralta,Borneo FC Samarinda,Indonesia,Sayap Kanan,0,"Rp10,43Mlyr.",10430000000,2026-03-09
Reyki Fariz,Borneo FC Samarinda,Indonesia,Sayap Kanan,25,"Rp1,30Mlyr.",1300000000,2026-03-09
Koldo Obieta,Borneo FC Samarinda,Indonesia,Depan-Tengah,0,"Rp2,61Mlyr.",2610000000,2026-03-09
Mohammad Khanafi,Borneo FC Samarinda,Indonesia,Depan-Tengah,0,"Rp1,74Mlyr.",1740000000,2026-03-09
Habibi Jusuf,Borneo FC Samarinda,Indonesia,Depan-Tengah,0,"Rp1,30Mlyr.",1300000000,2026-03-09
Ousmane Camara,Borneo FC Samarinda,Indonesia,Depan-Tengah,19,-,0,2026-03-09
Dika Nurdiansyah,Borneo FC Samarinda,Indonesia,Depan-Tengah,0,-,0,2026-03-09
Muhamad Riyandi,PERSIS Solo,Indonesia,Kiper,0,"Rp3,04Mlyr.",3040000000,2026-03-09
Vukasin Vranes,PERSIS Solo,Indonesia,Kiper,0,"Rp1,74Mlyr.",1740000000,2026-03-09
Gede Aditya,PERSIS Solo,Indonesia,Kiper,23,"Rp173,82Jt.",173820000,2026-03-09
Faza Al Firdaus,PERSIS Solo,Indonesia,Kiper,20,-,0,2026-03-09
Luka Dumancic,PERSIS Solo,Indonesia,Bek-Tengah,0,"Rp3,48Mlyr.",3480000000,2026-03-09
Kadek Raditya,PERSIS Solo,Indonesia,Bek-Tengah,32,"Rp2,61Mlyr.",2610000000,2026-03-09
Agung Mannan,PERSIS Solo,Indonesia,Bek-Tengah,0,"Rp1,30Mlyr.",1300000000,2026-03-09
Rian Miziar,PERSIS Solo,Indonesia,Bek-Tengah,26,"Rp434,54Jt.",434540000,2026-03-09
Faqih Maulana,PERSIS Solo,Indonesia,Bek-Kiri,29,"Rp1,74Mlyr.",1740000000,2026-03-09
Dusan Mijic,PERSIS Solo,Indonesia,Bek-Kanan,44,"Rp3,48Mlyr.",3480000000,2026-03-09
Alfriyanto Nico,PERSIS Solo,Indonesia,Bek-Kanan,0,"Rp2,61Mlyr.",2610000000,2026-03-09
Alexvan Djin,PERSIS Solo,Indonesia,Bek-Kanan,0,"Rp2,17Mlyr.",2170000000,2026-03-09
Eky Taufik,PERSIS Solo,Indonesia,Bek-Kanan,30,"Rp869,08Jt.",869080000,2026-03-09
Rizky Syahputra,PERSIS Solo,Indonesia,Bek-Kanan,0,-,0,2026-03-09
Andrei Alba,PERSIS Solo,Indonesia,Gel. Bertahan,0,"Rp3,91Mlyr.",3910000000,2026-03-09
Sutanto Tan,PERSIS Solo,Indonesia,Gel. Bertahan,22,"Rp3,04Mlyr.",3040000000,2026-03-09
Miroslav Maricic,PERSIS Solo,Indonesia,Gel. Tengah,0,"Rp3,48Mlyr.",3480000000,2026-03-09
Zanadin Fariz,PERSIS Solo,Indonesia,Gel. Tengah,0,"Rp2,17Mlyr.",2170000000,2026-03-09
Dimitri,PERSIS Solo,Indonesia,Gel. Serang,0,"Rp1,74Mlyr.",1740000000,2026-03-09
Rexo Dolby,PERSIS Solo,Indonesia,Gel. Serang,0,-,0,2026-03-09
Irfan Jauhari,PERSIS Solo,Indonesia,Sayap Kiri,0,"Rp2,61Mlyr.",2610000000,2026-03-09
Jefferson Carioca,PERSIS Solo,Indonesia,Sayap Kiri,0,"Rp2,17Mlyr.",2170000000,2026-03-09
Yabes Roni,PERSIS Solo,Indonesia,Sayap Kiri,0,"Rp1,74Mlyr.",1740000000,2026-03-09
Althaf Alrizky,PERSIS Solo,Indonesia,Sayap Kanan,36,"Rp2,61Mlyr.",2610000000,2026-03-09
Febri Hariyadi,PERSIS Solo,Indonesia,Sayap Kanan,18,"Rp1,74Mlyr.",1740000000,2026-03-09
Ikhwan Tanamal,PERSIS Solo,Indonesia,Sayap Kanan,40,"Rp1,30Mlyr.",1300000000,2026-03-09
Abu Razard Kamara,PERSIS Solo,Indonesia,Depan-Tengah,0,"Rp4,35Mlyr.",4350000000,2026-03-09
Roman Paparyga,PERSIS Solo,Indonesia,Depan-Tengah,0,"Rp4,35Mlyr.",4350000000,2026-03-09
Dejan Tumbas,PERSIS Solo,Indonesia,Depan-Tengah,19,"Rp3,48Mlyr.",3480000000,2026-03-09
Septian Bagaskara,PERSIS Solo,Indonesia,Depan-Tengah,0,"Rp3,48Mlyr.",3480000000,2026-03-09
Bruno Gomes,PERSIS Solo,Indonesia,Depan-Tengah,0,"Rp2,17Mlyr.",2170000000,2026-03-09
Arkhan Kaka,PERSIS Solo,Indonesia,Depan-Tengah,0,"Rp1,30Mlyr.",1300000000,2026-03-09
Teja Paku Alam,PERSIB Bandung,Indonesia,Kiper,0,"Rp4,35Mlyr.",4350000000,2026-03-09
Adam Przybek,PERSIB Bandung,Indonesia,Kiper,0,"Rp1,74Mlyr.",1740000000,2026-03-09
Fitrah Maulana,PERSIB Bandung,Indonesia,Kiper,0,"Rp434,54Jt.",434540000,2026-03-09
Made Wirawan,PERSIB Bandung,Indonesia,Kiper,0,-,0,2026-03-09
Rhaka Syafaka,PERSIB Bandung,Indonesia,Kiper,0,-,0,2026-03-09
Federico Barba,PERSIB Bandung,Indonesia,Bek-Tengah,0,"Rp8,69Mlyr.",8690000000,2026-03-09
Patricio Matricardi,PERSIB Bandung,Indonesia,Bek-Tengah,0,"Rp6,95Mlyr.",6950000000,2026-03-09
Frans Putros,PERSIB Bandung,Indonesia,Bek-Tengah,0,"Rp6,08Mlyr.",6080000000,2026-03-09
Júlio César,PERSIB Bandung,Indonesia,Bek-Tengah,0,"Rp5,21Mlyr.",5210000000,2026-03-09
Kakang Rudianto,PERSIB Bandung,Indonesia,Bek-Tengah,0,"Rp3,91Mlyr.",3910000000,2026-03-09
Achmad Jufriyanto,PERSIB Bandung,Indonesia,Bek-Tengah,16,"Rp173,82Jt.",173820000,2026-03-09
Dion Markx,PERSIB Bandung,Indonesia,Bek-Tengah,44,-,0,2026-03-09
Layvin Kurzawa,PERSIB Bandung,Indonesia,Bek-Kiri,0,"Rp13,04Mlyr.",13040000000,2026-03-09
Kevin Pasha,PERSIB Bandung,Indonesia,Bek-Kanan,0,-,0,2026-03-09
Zulkifli Lukmansyah,PERSIB Bandung,Indonesia,Bek-Kanan,0,-,0,2026-03-09
Thom Haye,PERSIB Bandung,Indonesia,Gel. Bertahan,33,"Rp17,38Mlyr.",17380000000,2026-03-09
Alfeandra Dewangga,PERSIB Bandung,Indonesia,Gel. Bertahan,19,"Rp3,91Mlyr.",3910000000,2026-03-09
Robi Darwis,PERSIB Bandung,Indonesia,Gel. Bertahan,0,"Rp2,61Mlyr.",2610000000,2026-03-09
Dedi Kusnandar,PERSIB Bandung,Indonesia,Gel. Bertahan,0,"Rp1,74Mlyr.",1740000000,2026-03-09
Marc Klok,PERSIB Bandung,Indonesia,Gel. Tengah,23,"Rp6,95Mlyr.",6950000000,2026-03-09
Adam Alis,PERSIB Bandung,Indonesia,Gel. Tengah,18,"Rp4,78Mlyr.",4780000000,2026-03-09
Abdul Aziz,PERSIB Bandung,Indonesia,Gel. Tengah,0,"Rp869,08Jt.",869080000,2026-03-09
Nazriel Alfaro,PERSIB Bandung,Indonesia,Gel. Tengah,0,"Rp434,54Jt.",434540000,2026-03-09
Berguinho,PERSIB Bandung,Indonesia,Gel. Serang,0,"Rp4,35Mlyr.",4350000000,2026-03-09
Luciano Guaycochea,PERSIB Bandung,Indonesia,Gel. Serang,0,"Rp3,91Mlyr.",3910000000,2026-03-09
Saddil Ramdani,PERSIB Bandung,Indonesia,Sayap Kiri,0,"Rp5,65Mlyr.",5650000000,2026-03-09
Eliano Reijnders,PERSIB Bandung,Indonesia,Sayap Kanan,0,"Rp10,43Mlyr.",10430000000,2026-03-09
Beckham Putra,PERSIB Bandung,Indonesia,Sayap Kanan,0,"Rp6,08Mlyr.",6080000000,2026-03-09
Athaya Zahran,PERSIB Bandung,Indonesia,Sayap Kanan,36,-,0,2026-03-09
Andrew Jung,PERSIB Bandung,Indonesia,Depan-Tengah,0,"Rp8,69Mlyr.",8690000000,2026-03-09
Sergio Castel,PERSIB Bandung,Indonesia,Depan-Tengah,17,"Rp7,82Mlyr.",7820000000,2026-03-09
Uilliam,PERSIB Bandung,Indonesia,Depan-Tengah,0,"Rp4,35Mlyr.",4350000000,2026-03-09
Ramon Tanque,PERSIB Bandung,Indonesia,Depan-Tengah,0,"Rp3,91Mlyr.",3910000000,2026-03-09
Cyrus Margono,Persija Jakarta,Indonesia,Kiper,0,"Rp3,48Mlyr.",3480000000,2026-03-09
Andritany,Persija Jakarta,Indonesia,Kiper,26,"Rp2,61Mlyr.",2610000000,2026-03-09
Carlos Eduardo,Persija Jakarta,Indonesia,Kiper,0,"Rp1,30Mlyr.",1300000000,2026-03-09
Hafizh Rizkianur,Persija Jakarta,Indonesia,Kiper,22,-,0,2026-03-09
Irham Nadzhofa,Persija Jakarta,Indonesia,Kiper,27,-,0,2026-03-09
Rizky Ridho,Persija Jakarta,Indonesia,Bek-Tengah,0,"Rp11,30Mlyr.",11300000000,2026-03-09
Jordi Amat,Persija Jakarta,Indonesia,Bek-Tengah,21,"Rp10,43Mlyr.",10430000000,2026-03-09
Paulo Ricardo,Persija Jakarta,Indonesia,Bek-Tengah,0,"Rp5,21Mlyr.",5210000000,2026-03-09
Thales Lira,Persija Jakarta,Indonesia,Bek-Tengah,0,"Rp4,78Mlyr.",4780000000,2026-03-09
Dia Syayid,Persija Jakarta,Indonesia,Bek-Tengah,32,"Rp869,08Jt.",869080000,2026-03-09
Baihaqi Rifai,Persija Jakarta,Indonesia,Bek-Tengah,29,-,0,2026-03-09
Shayne Pattynama,Persija Jakarta,Indonesia,Bek-Kiri,25,"Rp6,08Mlyr.",6080000000,2026-03-09
Fajar Fathurrahman,Persija Jakarta,Indonesia,Bek-Kanan,0,"Rp6,08Mlyr.",6080000000,2026-03-09
Sousa,Persija Jakarta,Indonesia,Gel. Bertahan,0,"Rp4,35Mlyr.",4350000000,2026-03-09
Hanif Sjahbandi,Persija Jakarta,Indonesia,Gel. Bertahan,19,"Rp4,35Mlyr.",4350000000,2026-03-09
Fábio Silva,Persija Jakarta,Indonesia,Gel. Bertahan,0,"Rp4,35Mlyr.",4350000000,2026-03-09
Aditya Warman,Persija Jakarta,Indonesia,Gel. Bertahan,36,"Rp434,54Jt.",434540000,2026-03-09
Jean Mota,Persija Jakarta,Indonesia,Gel. Tengah,0,"Rp8,69Mlyr.",8690000000,2026-03-09
Rayhan Hannan,Persija Jakarta,Indonesia,Gel. Serang,0,"Rp2,61Mlyr.",2610000000,2026-03-09
Maxwell,Persija Jakarta,Indonesia,Sayap Kiri,0,"Rp8,69Mlyr.",8690000000,2026-03-09
Witan,Persija Jakarta,Indonesia,Sayap Kiri,0,"Rp5,21Mlyr.",5210000000,2026-03-09
Dony Tri Pamungkas,Persija Jakarta,Indonesia,Sayap Kiri,0,"Rp3,48Mlyr.",3480000000,2026-03-09
Arlyansyah Abdulmanan,Persija Jakarta,Indonesia,Sayap Kiri,0,"Rp1,30Mlyr.",1300000000,2026-03-09
Allano,Persija Jakarta,Indonesia,Sayap Kanan,17,"Rp6,95Mlyr.",6950000000,2026-03-09
Bruno Tubarão,Persija Jakarta,Indonesia,Sayap Kanan,0,"Rp6,95Mlyr.",6950000000,2026-03-09
Zahaby Gholy,Persija Jakarta,Indonesia,Sayap Kanan,0,-,0,2026-03-09
Alaeddine Ajaraie,Persija Jakarta,Indonesia,Depan-Tengah,41,"Rp6,08Mlyr.",6080000000,2026-03-09
Gustavo Almeida,Persija Jakarta,Indonesia,Depan-Tengah,0,"Rp5,21Mlyr.",5210000000,2026-03-09
Eksel Runtukahu,Persija Jakarta,Indonesia,Depan-Tengah,0,"Rp3,48Mlyr.",3480000000,2026-03-09
Mauro Zijlstra,Persija Jakarta,Indonesia,Depan-Tengah,0,"Rp1,30Mlyr.",1300000000,2026-03-09
Sonny Stevens,Dewa United Banten FC,Indonesia,Kiper,0,"Rp5,21Mlyr.",5210000000,2026-03-09
Muhammad Natshir,Dewa United Banten FC,Indonesia,Kiper,0,"Rp1,30Mlyr.",1300000000,2026-03-09
Yofandani Pranata,Dewa United Banten FC,Indonesia,Kiper,0,"Rp434,54Jt.",434540000,2026-03-09
Dafa Al Gasemi,Dewa United Banten FC,Indonesia,Kiper,31,-,0,2026-03-09
Tores Khadafi,Dewa United Banten FC,Indonesia,Bek,40,-,0,2026-03-09
Damion Lowe,Dewa United Banten FC,Indonesia,Bek-Tengah,17,"Rp5,21Mlyr.",5210000000,2026-03-09
Nick Kuipers,Dewa United Banten FC,Indonesia,Bek-Tengah,0,"Rp4,35Mlyr.",4350000000,2026-03-09
Wahyu Prasetyo,Dewa United Banten FC,Indonesia,Bek-Tengah,0,"Rp4,35Mlyr.",4350000000,2026-03-09
Brian Fatari,Dewa United Banten FC,Indonesia,Bek-Tengah,0,"Rp2,17Mlyr.",2170000000,2026-03-09
Edo Febriansyah,Dewa United Banten FC,Indonesia,Bek-Kiri,0,"Rp4,78Mlyr.",4780000000,2026-03-09
Alta Ballah,Dewa United Banten FC,Indonesia,Bek-Kiri,37,"Rp3,91Mlyr.",3910000000,2026-03-09
Johnathan,Dewa United Banten FC,Indonesia,Bek-Kanan,0,"Rp6,08Mlyr.",6080000000,2026-03-09
Ady Setiawan,Dewa United Banten FC,Indonesia,Bek-Kanan,23,"Rp1,74Mlyr.",1740000000,2026-03-09
Rizdjar Nurviat,Dewa United Banten FC,Indonesia,Bek-Kanan,0,"Rp1,30Mlyr.",1300000000,2026-03-09
Theo Numberi,Dewa United Banten FC,Indonesia,Gel. Bertahan,0,"Rp1,30Mlyr.",1300000000,2026-03-09
Tristan Ibrahim,Dewa United Banten FC,Indonesia,Gel. Bertahan,33,-,0,2026-03-09
Alexis Messidoro,Dewa United Banten FC,Indonesia,Gel. Tengah,28,"Rp6,95Mlyr.",6950000000,2026-03-09
Jajá,Dewa United Banten FC,Indonesia,Gel. Tengah,0,"Rp6,52Mlyr.",6520000000,2026-03-09
Ivar Jenner,Dewa United Banten FC,Indonesia,Gel. Tengah,18,"Rp5,21Mlyr.",5210000000,2026-03-09
Kafiatur Rizky,Dewa United Banten FC,Indonesia,Gel. Tengah,16,"Rp434,54Jt.",434540000,2026-03-09
Ricky Kambuaya,Dewa United Banten FC,Indonesia,Gel. Serang,19,"Rp5,65Mlyr.",5650000000,2026-03-09
Rangga Muslim,Dewa United Banten FC,Indonesia,Gel. Serang,0,"Rp869,08Jt.",869080000,2026-03-09
Noah Sadaoui,Dewa United Banten FC,Indonesia,Sayap Kiri,0,"Rp10,43Mlyr.",10430000000,2026-03-09
Taisei Marukawa,Dewa United Banten FC,Indonesia,Sayap Kiri,0,"Rp5,21Mlyr.",5210000000,2026-03-09
Stefano Lilipaly,Dewa United Banten FC,Indonesia,Sayap Kiri,0,"Rp3,48Mlyr.",3480000000,2026-03-09
Rafael Struick,Dewa United Banten FC,Indonesia,Sayap Kiri,27,"Rp2,61Mlyr.",2610000000,2026-03-09
Egy Maulana Vikri,Dewa United Banten FC,Indonesia,Sayap Kanan,0,"Rp5,65Mlyr.",5650000000,2026-03-09
Vico Duarte,Dewa United Banten FC,Indonesia,Sayap Kanan,0,"Rp1,74Mlyr.",1740000000,2026-03-09
Alex Martins,Dewa United Banten FC,Indonesia,Depan-Tengah,39,"Rp5,65Mlyr.",5650000000,2026-03-09
Kodai Tanaka,Dewa United Banten FC,Indonesia,Depan-Tengah,0,"Rp3,91Mlyr.",3910000000,2026-03-09
Igor Rodrigues,Persita Tangerang,Indonesia,Kiper,29,"Rp6,08Mlyr.",6080000000,2026-03-09
Kartika Ajie,Persita Tangerang,Indonesia,Kiper,0,"Rp1,74Mlyr.",1740000000,2026-03-09
Rizwan Haikal,Persita Tangerang,Indonesia,Kiper,21,-,0,2026-03-09
Rafi Pamungkas,Persita Tangerang,Indonesia,Kiper,0,-,0,2026-03-09
Tamirlan Kozubaev,Persita Tangerang,Indonesia,Bek-Tengah,0,"Rp7,82Mlyr.",7820000000,2026-03-09
Javlon Guseynov,Persita Tangerang,Indonesia,Bek-Tengah,19,"Rp3,04Mlyr.",3040000000,2026-03-09
Ryuji Utomo,Persita Tangerang,Indonesia,Bek-Tengah,0,"Rp2,61Mlyr.",2610000000,2026-03-09
Charisma Fathoni,Persita Tangerang,Indonesia,Bek-Tengah,0,"Rp1,30Mlyr.",1300000000,2026-03-09
Mario Jardel,Persita Tangerang,Indonesia,Bek-Kiri,0,"Rp3,04Mlyr.",3040000000,2026-03-09
Zalnando,Persita Tangerang,Indonesia,Bek-Kiri,27,"Rp1,74Mlyr.",1740000000,2026-03-09
Muhammad Toha,Persita Tangerang,Indonesia,Bek-Kanan,0,"Rp5,21Mlyr.",5210000000,2026-03-09
Fairuz Ohorella,Persita Tangerang,Indonesia,Bek-Kanan,0,-,0,2026-03-09
Aep Nursofyan,Persita Tangerang,Indonesia,Bek-Kanan,0,-,0,2026-03-09
Sin-young Bae,Persita Tangerang,Indonesia,Gel. Bertahan,33,"Rp3,04Mlyr.",3040000000,2026-03-09
Badrian Ilham,Persita Tangerang,Indonesia,Gel. Bertahan,23,"Rp1,30Mlyr.",1300000000,2026-03-09
Ahmad Fahd,Persita Tangerang,Indonesia,Gel. Bertahan,22,"Rp869,08Jt.",869080000,2026-03-09
Andrean Rindorindo,Persita Tangerang,Indonesia,Gel. Bertahan,0,"Rp869,08Jt.",869080000,2026-03-09
Zulfan Djiaulhaq,Persita Tangerang,Indonesia,Gel. Bertahan,36,-,0,2026-03-09
Pablo Ganet,Persita Tangerang,Indonesia,Gel. Tengah,0,"Rp5,21Mlyr.",5210000000,2026-03-09
Ramón Bueno,Persita Tangerang,Indonesia,Gel. Tengah,20,"Rp2,61Mlyr.",2610000000,2026-03-09
Éber Bessa,Persita Tangerang,Indonesia,Gel. Serang,0,"Rp1,74Mlyr.",1740000000,2026-03-09
Jack Brown,Persita Tangerang,Indonesia,Gel. Serang,0,"Rp869,08Jt.",869080000,2026-03-09
Aleksa Andrejic,Persita Tangerang,Indonesia,Sayap Kiri,0,"Rp2,61Mlyr.",2610000000,2026-03-09
Esal Sahrul,Persita Tangerang,Indonesia,Sayap Kiri,0,"Rp1,74Mlyr.",1740000000,2026-03-09
Yardan Yafi,Persita Tangerang,Indonesia,Sayap Kiri,25,"Rp1,30Mlyr.",1300000000,2026-03-09
Evan Tuhuteru,Persita Tangerang,Indonesia,Sayap Kiri,0,-,0,2026-03-09
Cois Artomoro,Persita Tangerang,Indonesia,Sayap Kiri,0,-,0,2026-03-09
Andriano Saputra,Persita Tangerang,Indonesia,Sayap Kiri,30,-,0,2026-03-09
Rayco Rodríguez,Persita Tangerang,Indonesia,Sayap Kanan,0,"Rp6,08Mlyr.",6080000000,2026-03-09
Dafiq Firdaus,Persita Tangerang,Indonesia,Sayap Kanan,17,-,0,2026-03-09
Hokky Caraka,Persita Tangerang,Indonesia,Depan-Tengah,0,"Rp3,48Mlyr.",3480000000,2026-03-09
Ahmad Nur Hardianto,Persita Tangerang,Indonesia,Depan-Tengah,0,"Rp2,61Mlyr.",2610000000,2026-03-09
Dejan Racic,Persita Tangerang,Indonesia,Depan-Tengah,44,"Rp2,61Mlyr.",2610000000,2026-03-09
Matheus Alves,Persita Tangerang,Indonesia,Depan-Tengah,0,"Rp2,17Mlyr.",2170000000,2026-03-09
Ernando Ari,Persebaya Surabaya,Indonesia,Kiper,21,"Rp5,21Mlyr.",5210000000,2026-03-09
Andhika Ramadhani,Persebaya Surabaya,Indonesia,Kiper,0,"Rp3,04Mlyr.",3040000000,2026-03-09
Adre Arido,Persebaya Surabaya,Indonesia,Kiper,0,-,0,2026-03-09
Muhammad Ilham,Persebaya Surabaya,Indonesia,Kiper,39,-,0,2026-03-09
Gustavo Fernandes,Persebaya Surabaya,Indonesia,Bek-Tengah,44,"Rp4,35Mlyr.",4350000000,2026-03-09
Léo Lelis,Persebaya Surabaya,Indonesia,Bek-Tengah,24,"Rp3,04Mlyr.",3040000000,2026-03-09
Risto Mitrevski,Persebaya Surabaya,Indonesia,Bek-Tengah,0,"Rp2,17Mlyr.",2170000000,2026-03-09
Randy May,Persebaya Surabaya,Indonesia,Bek-Tengah,18,"Rp434,54Jt.",434540000,2026-03-09
Sheva Kardanu,Persebaya Surabaya,Indonesia,Bek-Tengah,0,-,0,2026-03-09
Jefferson,Persebaya Surabaya,Indonesia,Bek-Kiri,17,"Rp4,35Mlyr.",4350000000,2026-03-09
Mikael Tata,Persebaya Surabaya,Indonesia,Bek-Kiri,0,"Rp2,61Mlyr.",2610000000,2026-03-09
Ahmad Mujtaba,Persebaya Surabaya,Indonesia,Bek-Kiri,0,-,0,2026-03-09
Arief Catur,Persebaya Surabaya,Indonesia,Bek-Kanan,0,"Rp3,48Mlyr.",3480000000,2026-03-09
Koko Ari,Persebaya Surabaya,Indonesia,Bek-Kanan,33,"Rp2,61Mlyr.",2610000000,2026-03-09
Rachmat Irianto,Persebaya Surabaya,Indonesia,Gel. Bertahan,0,"Rp4,35Mlyr.",4350000000,2026-03-09
Sadida Putra,Persebaya Surabaya,Indonesia,Gel. Bertahan,0,"Rp434,54Jt.",434540000,2026-03-09
Milos Raickovic,Persebaya Surabaya,Indonesia,Gel. Tengah,0,"Rp3,48Mlyr.",3480000000,2026-03-09
Bruno Paraíba,Persebaya Surabaya,Indonesia,Gel. Tengah,0,"Rp3,04Mlyr.",3040000000,2026-03-09
Toni Firmansyah,Persebaya Surabaya,Indonesia,Gel. Tengah,0,"Rp2,17Mlyr.",2170000000,2026-03-09
Ichsas Baihaqi,Persebaya Surabaya,Indonesia,Gel. Tengah,0,"Rp869,08Jt.",869080000,2026-03-09
Francisco Rivera,Persebaya Surabaya,Indonesia,Gel. Serang,0,"Rp6,95Mlyr.",6950000000,2026-03-09
Pedro Matos,Persebaya Surabaya,Indonesia,Gel. Serang,16,"Rp2,17Mlyr.",2170000000,2026-03-09
Bruno,Persebaya Surabaya,Indonesia,Sayap Kiri,0,"Rp6,95Mlyr.",6950000000,2026-03-09
Gali Freitas,Persebaya Surabaya,Indonesia,Sayap Kiri,22,"Rp3,48Mlyr.",3480000000,2026-03-09
Malik Risaldi,Persebaya Surabaya,Indonesia,Sayap Kanan,0,"Rp4,78Mlyr.",4780000000,2026-03-09
Riyan Ardiansyah,Persebaya Surabaya,Indonesia,Sayap Kanan,0,"Rp1,74Mlyr.",1740000000,2026-03-09
Oktafianus Fernando,Persebaya Surabaya,Indonesia,Sayap Kanan,0,"Rp869,08Jt.",869080000,2026-03-09
Alfan Suaib,Persebaya Surabaya,Indonesia,Sayap Kanan,0,"Rp869,08Jt.",869080000,2026-03-09
Dimas Wicaksono,Persebaya Surabaya,Indonesia,Sayap Kanan,26,"Rp434,54Jt.",434540000,2026-03-09
Mihailo Perovic,Persebaya Surabaya,Indonesia,Depan-Tengah,0,"Rp4,35Mlyr.",4350000000,2026-03-09
Aqil Savik,Bhayangkara Presisi Lampung FC,Indonesia,Kiper,0,"Rp2,61Mlyr.",2610000000,2026-03-09
Awan Setho,Bhayangkara Presisi Lampung FC,Indonesia,Kiper,0,"Rp2,61Mlyr.",2610000000,2026-03-09
Rakasurya Handika,Bhayangkara Presisi Lampung FC,Indonesia,Kiper,29,"Rp869,08Jt.",869080000,2026-03-09
Sultan Jabbar,Bhayangkara Presisi Lampung FC,Indonesia,Kiper,0,-,0,2026-03-09
Muhammad Ferarri,Bhayangkara Presisi Lampung FC,Indonesia,Bek-Tengah,41,"Rp4,78Mlyr.",4780000000,2026-03-09
Slavko Damjanovic,Bhayangkara Presisi Lampung FC,Indonesia,Bek-Tengah,0,"Rp3,91Mlyr.",3910000000,2026-03-09
Nehar Sadiki,Bhayangkara Presisi Lampung FC,Indonesia,Bek-Tengah,0,"Rp3,48Mlyr.",3480000000,2026-03-09
Léo,Bhayangkara Presisi Lampung FC,Indonesia,Bek-Tengah,0,"Rp2,61Mlyr.",2610000000,2026-03-09
Rahmat Syawal,Bhayangkara Presisi Lampung FC,Indonesia,Bek-Tengah,0,"Rp869,08Jt.",869080000,2026-03-09
Ferre Murari,Bhayangkara Presisi Lampung FC,Indonesia,Bek-Tengah,26,"Rp173,82Jt.",173820000,2026-03-09
Firza Andika,Bhayangkara Presisi Lampung FC,Indonesia,Bek-Kiri,0,"Rp4,35Mlyr.",4350000000,2026-03-09
Alan Cardoso,Bhayangkara Presisi Lampung FC,Indonesia,Bek-Kiri,0,"Rp3,91Mlyr.",3910000000,2026-03-09
Frengky Missa,Bhayangkara Presisi Lampung FC,Indonesia,Bek-Kiri,0,"Rp2,17Mlyr.",2170000000,2026-03-09
Putu Gede,Bhayangkara Presisi Lampung FC,Indonesia,Bek-Kanan,0,"Rp3,48Mlyr.",3480000000,2026-03-09
Moisés Gaúcho,Bhayangkara Presisi Lampung FC,Indonesia,Gel. Bertahan,0,"Rp3,48Mlyr.",3480000000,2026-03-09
Evandra Florasta,Bhayangkara Presisi Lampung FC,Indonesia,Gel. Bertahan,25,-,0,2026-03-09
Christian Ilic,Bhayangkara Presisi Lampung FC,Indonesia,Gel. Tengah,0,"Rp6,08Mlyr.",6080000000,2026-03-09
TM Ichsan,Bhayangkara Presisi Lampung FC,Indonesia,Gel. Tengah,19,"Rp1,30Mlyr.",1300000000,2026-03-09
Ryo Matsumura,Bhayangkara Presisi Lampung FC,Indonesia,Gel. Serang,0,"Rp5,21Mlyr.",5210000000,2026-03-09
Wahyu Subo Seto,Bhayangkara Presisi Lampung FC,Indonesia,Gel. Serang,23,"Rp1,74Mlyr.",1740000000,2026-03-09
Da-bin Ji,Bhayangkara Presisi Lampung FC,Indonesia,Gel. Serang,0,-,0,2026-03-09
Sho Yamamoto,Bhayangkara Presisi Lampung FC,Indonesia,Sayap Kiri,0,"Rp4,35Mlyr.",4350000000,2026-03-09
Sani Rizki,Bhayangkara Presisi Lampung FC,Indonesia,Sayap Kiri,20,"Rp2,61Mlyr.",2610000000,2026-03-09
Ginanjar Wahyu,Bhayangkara Presisi Lampung FC,Indonesia,Sayap Kiri,0,"Rp869,08Jt.",869080000,2026-03-09
Fadly Alberto,Bhayangkara Presisi Lampung FC,Indonesia,Sayap Kiri,24,-,0,2026-03-09
Moussa Sidibé,Bhayangkara Presisi Lampung FC,Indonesia,Sayap Kanan,17,"Rp4,78Mlyr.",4780000000,2026-03-09
Privat Mbarga,Bhayangkara Presisi Lampung FC,Indonesia,Sayap Kanan,37,"Rp4,35Mlyr.",4350000000,2026-03-09
Ryan Kurnia,Bhayangkara Presisi Lampung FC,Indonesia,Sayap Kanan,0,"Rp3,04Mlyr.",3040000000,2026-03-09
Fareed Sadat,Bhayangkara Presisi Lampung FC,Indonesia,Depan-Tengah,16,"Rp3,48Mlyr.",3480000000,2026-03-09
Dendy Sulistyawan,Bhayangkara Presisi Lampung FC,Indonesia,Depan-Tengah,22,"Rp3,04Mlyr.",3040000000,2026-03-09
Henri Doumbia,Bhayangkara Presisi Lampung FC,Indonesia,Depan-Tengah,0,"Rp1,74Mlyr.",1740000000,2026-03-09
Ilija Spasojević,Bhayangkara Presisi Lampung FC,Indonesia,Depan-Tengah,0,"Rp1,30Mlyr.",1300000000,2026-03-09
Miswar Saputra,Madura United FC,Indonesia,Kiper,30,"Rp1,74Mlyr.",1740000000,2026-03-09
Mochammad Diky,Madura United FC,Indonesia,Kiper,21,"Rp1,30Mlyr.",1300000000,2026-03-09
Satrio Azhar,Madura United FC,Indonesia,Kiper,27,"Rp434,54Jt.",434540000,2026-03-09
Adhitya Harlan,Madura United FC,Indonesia,Kiper,26,"Rp173,82Jt.",173820000,2026-03-09
Rendy Razzaqu,Madura United FC,Indonesia,Kiper,0,-,0,2026-03-09
Ruxi,Madura United FC,Indonesia,Bek-Tengah,0,"Rp5,21Mlyr.",5210000000,2026-03-09
Pedro Monteiro,Madura United FC,Indonesia,Bek-Tengah,0,"Rp4,35Mlyr.",4350000000,2026-03-09
Ahmad Rusadi,Madura United FC,Indonesia,Bek-Tengah,0,"Rp1,74Mlyr.",1740000000,2026-03-09
Mendonça,Madura United FC,Indonesia,Bek-Tengah,0,"Rp1,74Mlyr.",1740000000,2026-03-09
Nurdiansyah,Madura United FC,Indonesia,Bek-Tengah,44,"Rp1,30Mlyr.",1300000000,2026-03-09
Taufik Hidayat,Madura United FC,Indonesia,Bek-Kiri,0,"Rp1,74Mlyr.",1740000000,2026-03-09
Novan Sasongko,Madura United FC,Indonesia,Bek-Kiri,0,"Rp173,82Jt.",173820000,2026-03-09
Giovani Numberi,Madura United FC,Indonesia,Bek-Kanan,0,"Rp2,17Mlyr.",2170000000,2026-03-09
Ferian Rizki,Madura United FC,Indonesia,Bek-Kanan,0,"Rp1,74Mlyr.",1740000000,2026-03-09
Kartika Vedhayanto,Madura United FC,Indonesia,Bek-Kanan,28,"Rp869,08Jt.",869080000,2026-03-09
Kerim Palic,Madura United FC,Indonesia,Gel. Bertahan,0,"Rp3,04Mlyr.",3040000000,2026-03-09
Ilhamsyah,Madura United FC,Indonesia,Gel. Bertahan,36,"Rp1,30Mlyr.",1300000000,2026-03-09
Jordy Wehrmann,Madura United FC,Indonesia,Gel. Tengah,0,"Rp5,65Mlyr.",5650000000,2026-03-09
Paulo Sitanggang,Madura United FC,Indonesia,Gel. Tengah,17,"Rp2,17Mlyr.",2170000000,2026-03-09
Emerson Souza,Madura United FC,Indonesia,Gel. Tengah,23,"Rp1,74Mlyr.",1740000000,2026-03-09
Iran Júnior,Madura United FC,Indonesia,Gel. Serang,0,"Rp3,91Mlyr.",3910000000,2026-03-09
Taufany Muslihuddin,Madura United FC,Indonesia,Gel. Serang,24,"Rp2,17Mlyr.",2170000000,2026-03-09
Lulinha,Madura United FC,Indonesia,Sayap Kiri,0,"Rp2,17Mlyr.",2170000000,2026-03-09
Riski Afrisal,Madura United FC,Indonesia,Sayap Kiri,25,"Rp1,30Mlyr.",1300000000,2026-03-09
Fransiskus Alesandro,Madura United FC,Indonesia,Sayap Kiri,0,"Rp1,30Mlyr.",1300000000,2026-03-09
Jasey Wehrmann,Madura United FC,Indonesia,Sayap Kiri,37,-,0,2026-03-09
Ahmad Nufiandani,Madura United FC,Indonesia,Sayap Kanan,0,"Rp2,61Mlyr.",2610000000,2026-03-09
Arsan Makarin,Madura United FC,Indonesia,Sayap Kanan,0,"Rp869,08Jt.",869080000,2026-03-09
Riquelme,Madura United FC,Indonesia,Depan-Tengah,19,"Rp6,08Mlyr.",6080000000,2026-03-09
Aji Kusuma,Madura United FC,Indonesia,Depan-Tengah,0,"Rp1,74Mlyr.",1740000000,2026-03-09
Yuda Editya Pratama,Madura United FC,Indonesia,Depan-Tengah,31,"Rp434,54Jt.",434540000,2026-03-09
Aldo Maulidino,Madura United FC,Indonesia,Depan-Tengah,0,"Rp434,54Jt.",434540000,2026-03-09
Junior Brandão,Madura United FC,Indonesia,Depan-Tengah,0,-,0,2026-03-09
Cahya Supriadi,PSIM Yogyakarta,Indonesia,Kiper,19,"Rp3,91Mlyr.",3910000000,2026-03-09
Harlan Suardi,PSIM Yogyakarta,Indonesia,Kiper,26,"Rp2,61Mlyr.",2610000000,2026-03-09
Khairul Fikri,PSIM Yogyakarta,Indonesia,Kiper,0,"Rp869,08Jt.",869080000,2026-03-09
Gilang Ardha,PSIM Yogyakarta,Indonesia,Kiper,0,-,0,2026-03-09
Franco Ramos Mingo,PSIM Yogyakarta,Indonesia,Bek-Tengah,0,"Rp6,08Mlyr.",6080000000,2026-03-09
Yusaku Yamadera,PSIM Yogyakarta,Indonesia,Bek-Tengah,0,"Rp4,78Mlyr.",4780000000,2026-03-09
Jop van der Avert,PSIM Yogyakarta,Indonesia,Bek-Tengah,0,"Rp3,91Mlyr.",3910000000,2026-03-09
Andy Setyo,PSIM Yogyakarta,Indonesia,Bek-Tengah,0,"Rp2,17Mlyr.",2170000000,2026-03-09
Rendra Teddy,PSIM Yogyakarta,Indonesia,Bek-Tengah,0,"Rp2,17Mlyr.",2170000000,2026-03-09
Reva Adi,PSIM Yogyakarta,Indonesia,Bek-Kiri,35,"Rp4,35Mlyr.",4350000000,2026-03-09
Dede Sapari,PSIM Yogyakarta,Indonesia,Bek-Kiri,0,"Rp1,74Mlyr.",1740000000,2026-03-09
Raka Cahyana,PSIM Yogyakarta,Indonesia,Bek-Kanan,0,"Rp2,61Mlyr.",2610000000,2026-03-09
Donny Warmerdam,PSIM Yogyakarta,Indonesia,Gel. Bertahan,0,"Rp6,95Mlyr.",6950000000,2026-03-09
Rakhmatsho Rakhmatzoda,PSIM Yogyakarta,Indonesia,Gel. Bertahan,0,"Rp3,48Mlyr.",3480000000,2026-03-09
Rio Hardiawan,PSIM Yogyakarta,Indonesia,Gel. Tengah,29,"Rp2,17Mlyr.",2170000000,2026-03-09
Ghulam Fatkur,PSIM Yogyakarta,Indonesia,Gel. Tengah,23,"Rp1,74Mlyr.",1740000000,2026-03-09
Ezequiel Vidal,PSIM Yogyakarta,Indonesia,Gel. Serang,0,"Rp7,82Mlyr.",7820000000,2026-03-09
Zé Valente,PSIM Yogyakarta,Indonesia,Gel. Serang,0,"Rp6,52Mlyr.",6520000000,2026-03-09
Fahreza Sudin,PSIM Yogyakarta,Indonesia,Gel. Serang,0,"Rp2,61Mlyr.",2610000000,2026-03-09
Savio Sheva,PSIM Yogyakarta,Indonesia,Gel. Serang,0,"Rp2,17Mlyr.",2170000000,2026-03-09
Muhammad Iqbal,PSIM Yogyakarta,Indonesia,Gel. Serang,0,"Rp869,08Jt.",869080000,2026-03-09
Anton Fase,PSIM Yogyakarta,Indonesia,Sayap Kiri,0,"Rp3,04Mlyr.",3040000000,2026-03-09
Riyatno Abiyoso,PSIM Yogyakarta,Indonesia,Sayap Kiri,27,"Rp2,17Mlyr.",2170000000,2026-03-09
Andi Irfan,PSIM Yogyakarta,Indonesia,Sayap Kanan,17,"Rp2,61Mlyr.",2610000000,2026-03-09
Nermin Haljeta,PSIM Yogyakarta,Indonesia,Depan-Tengah,0,"Rp6,52Mlyr.",6520000000,2026-03-09
Deri Corfe,PSIM Yogyakarta,Indonesia,Depan-Tengah,0,"Rp3,48Mlyr.",3480000000,2026-03-09
Angga Saputro,Malut United FC,Indonesia,Kiper,0,"Rp2,61Mlyr.",2610000000,2026-03-09
Alan,Malut United FC,Indonesia,Kiper,0,"Rp2,61Mlyr.",2610000000,2026-03-09
Muhammad Ridwan,Malut United FC,Indonesia,Kiper,22,"Rp869,08Jt.",869080000,2026-03-09
Zahir Fazya,Malut United FC,Indonesia,Kiper,28,-,0,2026-03-09
Gustavo França,Malut United FC,Indonesia,Bek-Tengah,0,"Rp6,08Mlyr.",6080000000,2026-03-09
Safrudin Tahar,Malut United FC,Indonesia,Bek-Tengah,27,"Rp3,91Mlyr.",3910000000,2026-03-09
Nilson Júnior,Malut United FC,Indonesia,Bek-Tengah,0,"Rp1,74Mlyr.",1740000000,2026-03-09
Riswan Lauhin,Malut United FC,Indonesia,Bek-Tengah,32,"Rp1,30Mlyr.",1300000000,2026-03-09
Kanavaro Burere,Malut United FC,Indonesia,Bek-Tengah,0,-,0,2026-03-09
Rangga Bolang,Malut United FC,Indonesia,Bek-Tengah,0,-,0,2026-03-09
Ali Syafiq,Malut United FC,Indonesia,Bek-Tengah,0,-,0,2026-03-09
Yance Sayuri,Malut United FC,Indonesia,Bek-Kiri,23,"Rp5,65Mlyr.",5650000000,2026-03-09
Abduh Lestaluhu,Malut United FC,Indonesia,Bek-Kiri,0,"Rp2,17Mlyr.",2170000000,2026-03-09
Igor Inocêncio,Malut United FC,Indonesia,Bek-Kanan,0,"Rp4,35Mlyr.",4350000000,2026-03-09
Fredyan Wahyu,Malut United FC,Indonesia,Bek-Kanan,0,"Rp1,74Mlyr.",1740000000,2026-03-09
Mardani Majid,Malut United FC,Indonesia,Bek-Kanan,0,-,0,2026-03-09
Manahati Lestusen,Malut United FC,Indonesia,Gel. Bertahan,0,"Rp3,04Mlyr.",3040000000,2026-03-09
Wbeymar Angulo,Malut United FC,Indonesia,Gel. Bertahan,16,"Rp2,61Mlyr.",2610000000,2026-03-09
Alwi Slamat,Malut United FC,Indonesia,Gel. Bertahan,0,"Rp2,61Mlyr.",2610000000,2026-03-09
Tri Setiawan,Malut United FC,Indonesia,Gel. Bertahan,0,"Rp1,74Mlyr.",1740000000,2026-03-09
Ridho Syuhada,Malut United FC,Indonesia,Gel. Bertahan,0,"Rp1,30Mlyr.",1300000000,2026-03-09
Lucas Cardoso,Malut United FC,Indonesia,Gel. Tengah,0,"Rp6,08Mlyr.",6080000000,2026-03-09
Rizky Pellu,Malut United FC,Indonesia,Gel. Tengah,0,-,0,2026-03-09
Septian David,Malut United FC,Indonesia,Gel. Serang,29,"Rp3,04Mlyr.",3040000000,2026-03-09
Tyronne,Malut United FC,Indonesia,Gel. Serang,0,"Rp1,74Mlyr.",1740000000,2026-03-09
Frets Butuan,Malut United FC,Indonesia,Sayap Kiri,21,"Rp2,61Mlyr.",2610000000,2026-03-09
Yakob Sayuri,Malut United FC,Indonesia,Sayap Kanan,0,"Rp6,95Mlyr.",6950000000,2026-03-09
Ciro Alves,Malut United FC,Indonesia,Sayap Kanan,0,"Rp3,48Mlyr.",3480000000,2026-03-09
Taufik Rustam,Malut United FC,Indonesia,Sayap Kanan,19,"Rp434,54Jt.",434540000,2026-03-09
Fahran Darwan,Malut United FC,Indonesia,Sayap Kanan,0,-,0,2026-03-09
Dimas Drajad,Malut United FC,Indonesia,Depan-Tengah,0,"Rp3,04Mlyr.",3040000000,2026-03-09
David da Silva,Malut United FC,Indonesia,Depan-Tengah,17,"Rp2,17Mlyr.",2170000000,2026-03-09
Risky Safri,Malut United FC,Indonesia,Depan-Tengah,0,-,0,2026-03-09
Husna Al Malik,Persik Kediri,Indonesia,Kiper,33,"Rp2,17Mlyr.",2170000000,2026-03-09
Léo Navacchio,Persik Kediri,Indonesia,Kiper,0,"Rp1,74Mlyr.",1740000000,2026-03-09
Rizqi Abhirama,Persik Kediri,Indonesia,Kiper,27,"Rp869,08Jt.",869080000,2026-03-09
Zidane Afreza,Persik Kediri,Indonesia,Kiper,0,-,0,2026-03-09
Kiko,Persik Kediri,Indonesia,Bek-Tengah,0,"Rp3,91Mlyr.",3910000000,2026-03-09
Hamra Hehanussa,Persik Kediri,Indonesia,Bek-Tengah,16,"Rp3,48Mlyr.",3480000000,2026-03-09
Chechu Meneses,Persik Kediri,Indonesia,Bek-Tengah,0,"Rp3,48Mlyr.",3480000000,2026-03-09
Mario Yagalo,Persik Kediri,Indonesia,Bek-Tengah,42,"Rp1,30Mlyr.",1300000000,2026-03-09
Muhamad Firly,Persik Kediri,Indonesia,Bek-Tengah,0,"Rp1,30Mlyr.",1300000000,2026-03-09
Rezaldi Hehanussa,Persik Kediri,Indonesia,Bek-Kiri,0,"Rp2,61Mlyr.",2610000000,2026-03-09
Yoga Adiatama,Persik Kediri,Indonesia,Bek-Kiri,24,"Rp1,74Mlyr.",1740000000,2026-03-09
Henhen Herdiana,Persik Kediri,Indonesia,Bek-Kanan,22,"Rp2,61Mlyr.",2610000000,2026-03-09
Novri Setiawan,Persik Kediri,Indonesia,Bek-Kanan,25,"Rp2,17Mlyr.",2170000000,2026-03-09
Gavin Kwan,Persik Kediri,Indonesia,Bek-Kanan,18,"Rp1,30Mlyr.",1300000000,2026-03-09
Imanol García,Persik Kediri,Indonesia,Gel. Tengah,0,"Rp5,21Mlyr.",5210000000,2026-03-09
Bayu Otto,Persik Kediri,Indonesia,Gel. Tengah,0,"Rp3,48Mlyr.",3480000000,2026-03-09
Syahrian Abimanyu,Persik Kediri,Indonesia,Gel. Tengah,17,"Rp2,61Mlyr.",2610000000,2026-03-09
Telmo Castanheira,Persik Kediri,Indonesia,Gel. Tengah,0,"Rp1,74Mlyr.",1740000000,2026-03-09
Adi Eko,Persik Kediri,Indonesia,Gel. Tengah,0,"Rp1,30Mlyr.",1300000000,2026-03-09
Rifqi Ray,Persik Kediri,Indonesia,Gel. Tengah,0,"Rp1,30Mlyr.",1300000000,2026-03-09
Adrián Luna,Persik Kediri,Indonesia,Gel. Serang,0,"Rp10,43Mlyr.",10430000000,2026-03-09
Jon Toral,Persik Kediri,Indonesia,Gel. Serang,0,"Rp8,69Mlyr.",8690000000,2026-03-09
Ezra Walian,Persik Kediri,Indonesia,Sayap Kiri,0,"Rp6,08Mlyr.",6080000000,2026-03-09
Rendy Sanjaya,Persik Kediri,Indonesia,Sayap Kiri,19,"Rp869,08Jt.",869080000,2026-03-09
Wigi Pratama,Persik Kediri,Indonesia,Sayap Kiri,37,"Rp869,08Jt.",869080000,2026-03-09
Faris Aditama,Persik Kediri,Indonesia,Sayap Kiri,0,"Rp173,82Jt.",173820000,2026-03-09
Ernesto Gómez,Persik Kediri,Indonesia,Sayap Kanan,0,"Rp3,48Mlyr.",3480000000,2026-03-09
Irkham Mila,Persik Kediri,Indonesia,Sayap Kanan,29,"Rp1,74Mlyr.",1740000000,2026-03-09
Supriadi,Persik Kediri,Indonesia,Sayap Kanan,23,"Rp1,30Mlyr.",1300000000,2026-03-09
José Enrique,Persik Kediri,Indonesia,Depan-Tengah,21,"Rp4,35Mlyr.",4350000000,2026-03-09
Rodrigo Dias,Persik Kediri,Indonesia,Depan-Tengah,0,"Rp3,48Mlyr.",3480000000,2026-03-09
Yandi Sofyan,Persik Kediri,Indonesia,Depan-Tengah,0,"Rp1,30Mlyr.",1300000000,2026-03-09
Hilmansyah,PSM Makassar,Indonesia,Kiper,0,"Rp3,48Mlyr.",3480000000,2026-03-09
Reza Arya,PSM Makassar,Indonesia,Kiper,30,"Rp2,61Mlyr.",2610000000,2026-03-09
Poetro Negoro,PSM Makassar,Indonesia,Kiper,20,-,0,2026-03-09
Agus Al Faris,PSM Makassar,Indonesia,Kiper,0,-,0,2026-03-09
Dusan Lagator,PSM Makassar,Indonesia,Bek-Tengah,0,"Rp7,82Mlyr.",7820000000,2026-03-09
Yuran Fernandes,PSM Makassar,Indonesia,Bek-Tengah,0,"Rp6,95Mlyr.",6950000000,2026-03-09
Aloísio Neto,PSM Makassar,Indonesia,Bek-Tengah,0,"Rp5,21Mlyr.",5210000000,2026-03-09
Syahrul Lasinari,PSM Makassar,Indonesia,Bek-Tengah,0,"Rp3,48Mlyr.",3480000000,2026-03-09
Daffa Salman,PSM Makassar,Indonesia,Bek-Tengah,0,"Rp1,74Mlyr.",1740000000,2026-03-09
Jamil Al Rahman,PSM Makassar,Indonesia,Bek-Tengah,0,-,0,2026-03-09
Victor Luiz,PSM Makassar,Indonesia,Bek-Kiri,22,"Rp6,08Mlyr.",6080000000,2026-03-09
Mufli Hidayat,PSM Makassar,Indonesia,Bek-Kanan,0,"Rp869,08Jt.",869080000,2026-03-09
Akbar Tanjung,PSM Makassar,Indonesia,Gel. Bertahan,0,"Rp3,91Mlyr.",3910000000,2026-03-09
Ananda Raehan,PSM Makassar,Indonesia,Gel. Bertahan,0,"Rp3,04Mlyr.",3040000000,2026-03-09
Muhammad Arfan,PSM Makassar,Indonesia,Gel. Bertahan,0,"Rp2,61Mlyr.",2610000000,2026-03-09
Rifky Dwi Septiawan,PSM Makassar,Indonesia,Gel. Bertahan,32,"Rp1,74Mlyr.",1740000000,2026-03-09
Gledson,PSM Makassar,Indonesia,Gel. Bertahan,40,"Rp1,74Mlyr.",1740000000,2026-03-09
Resky Fandi,PSM Makassar,Indonesia,Gel. Bertahan,0,"Rp1,30Mlyr.",1300000000,2026-03-09
Rasyid Bakri,PSM Makassar,Indonesia,Gel. Tengah,17,"Rp869,08Jt.",869080000,2026-03-09
Kaka Amrullah,PSM Makassar,Indonesia,Gel. Tengah,19,-,0,2026-03-09
Sávio Roberto,PSM Makassar,Indonesia,Gel. Serang,0,"Rp6,08Mlyr.",6080000000,2026-03-09
Daisuke Sakai,PSM Makassar,Indonesia,Gel. Serang,0,"Rp4,35Mlyr.",4350000000,2026-03-09
Fahrul Aditia,PSM Makassar,Indonesia,Gel. Serang,29,"Rp1,30Mlyr.",1300000000,2026-03-09
Rizky Eka Pratama,PSM Makassar,Indonesia,Sayap Kiri,24,"Rp3,48Mlyr.",3480000000,2026-03-09
Victor Dethan,PSM Makassar,Indonesia,Sayap Kanan,0,"Rp3,91Mlyr.",3910000000,2026-03-09
Abdul Rahman,PSM Makassar,Indonesia,Sayap Kanan,0,"Rp2,17Mlyr.",2170000000,2026-03-09
Dzaky Asraf,PSM Makassar,Indonesia,Sayap Kanan,27,"Rp1,74Mlyr.",1740000000,2026-03-09
Gala Pagamo,PSM Makassar,Indonesia,Sayap Kanan,18,"Rp869,08Jt.",869080000,2026-03-09
Muh Fahrul,PSM Makassar,Indonesia,Sayap Kanan,0,-,0,2026-03-09
Luka Cumic,PSM Makassar,Indonesia,Depan-Tengah,0,"Rp6,08Mlyr.",6080000000,2026-03-09
Alex Tanque,PSM Makassar,Indonesia,Depan-Tengah,0,"Rp5,65Mlyr.",5650000000,2026-03-09
Sheriddin Boboev,PSM Makassar,Indonesia,Depan-Tengah,21,"Rp4,35Mlyr.",4350000000,2026-03-09
Ricky Pratama,PSM Makassar,Indonesia,Depan-Tengah,0,"Rp2,61Mlyr.",2610000000,2026-03-09
Jacques Thémopelé,PSM Makassar,Indonesia,Depan-Tengah,0,"Rp2,17Mlyr.",2170000000,2026-03-09
Chirawat Wangthaphan,Uthai Thani FC,Thailand,Kiper,26,"Rp2,17Mlyr.",2170000000,2026-03-09
Boonyakait Wongsajaem,Uthai Thani FC,Thailand,Kiper,18,"Rp1,74Mlyr.",1740000000,2026-03-09
Worawut Sukhuna,Uthai Thani FC,Thailand,Kiper,24,"Rp1,30Mlyr.",1300000000,2026-03-09
Thanakorn Waiyawut,Uthai Thani FC,Thailand,Kiper,0,"Rp434,54Jt.",434540000,2026-03-09
Martin Angha,Uthai Thani FC,Thailand,Bek-Tengah,0,"Rp6,08Mlyr.",6080000000,2026-03-09
Marcelo Djaló,Uthai Thani FC,Thailand,Bek-Tengah,0,"Rp4,35Mlyr.",4350000000,2026-03-09
Soe Moe Kyaw,Uthai Thani FC,Thailand,Bek-Tengah,0,"Rp1,74Mlyr.",1740000000,2026-03-09
Wattana Playnum,Uthai Thani FC,Thailand,Bek-Tengah,19,"Rp1,30Mlyr.",1300000000,2026-03-09
Thitathorn Auksornsri,Uthai Thani FC,Thailand,Bek-Kiri,0,"Rp3,48Mlyr.",3480000000,2026-03-09
Thanison Paibulkijcharoen,Uthai Thani FC,Thailand,Bek-Kiri,0,"Rp2,61Mlyr.",2610000000,2026-03-09
James Beresford,Uthai Thani FC,Thailand,Bek-Kanan,27,"Rp4,35Mlyr.",4350000000,2026-03-09
Jakkit Wachpirom,Uthai Thani FC,Thailand,Bek-Kanan,17,"Rp1,30Mlyr.",1300000000,2026-03-09
Possawee Muanmart,Uthai Thani FC,Thailand,Bek-Kanan,0,-,0,2026-03-09
Christian Gomis,Uthai Thani FC,Thailand,Gel. Bertahan,0,"Rp6,95Mlyr.",6950000000,2026-03-09
William Weidersjö,Uthai Thani FC,Thailand,Gel. Bertahan,0,"Rp5,21Mlyr.",5210000000,2026-03-09
Atikhun Meethoum,Uthai Thani FC,Thailand,Gel. Bertahan,0,"Rp1,74Mlyr.",1740000000,2026-03-09
Harhys Stewart,Uthai Thani FC,Thailand,Gel. Tengah,30,"Rp5,21Mlyr.",5210000000,2026-03-09
Airfan Doloh,Uthai Thani FC,Thailand,Gel. Tengah,0,"Rp3,48Mlyr.",3480000000,2026-03-09
Sirimongkol Rattanapoom,Uthai Thani FC,Thailand,Gel. Tengah,21,"Rp1,30Mlyr.",1300000000,2026-03-09
Narakorn Noomchansakool,Uthai Thani FC,Thailand,Gel. Tengah,23,"Rp869,08Jt.",869080000,2026-03-09
Kristoffer Ryberg,Uthai Thani FC,Thailand,Gel. Tengah,0,"Rp434,54Jt.",434540000,2026-03-09
Ben Davis,Uthai Thani FC,Thailand,Gel. Serang,0,"Rp6,08Mlyr.",6080000000,2026-03-09
Pavarit Boonmalert,Uthai Thani FC,Thailand,Gel. Serang,0,"Rp434,54Jt.",434540000,2026-03-09
Sumanya Purisay,Uthai Thani FC,Thailand,Gel. Serang,0,-,0,2026-03-09
Leandro Ribeiro,Uthai Thani FC,Thailand,Sayap Kiri,0,"Rp6,08Mlyr.",6080000000,2026-03-09
Kelvin Oliveira,Uthai Thani FC,Thailand,Sayap Kanan,22,"Rp1,74Mlyr.",1740000000,2026-03-09
Amornthep Maundee,Uthai Thani FC,Thailand,Sayap Kanan,0,"Rp1,30Mlyr.",1300000000,2026-03-09
Nontapat Naksawat,Uthai Thani FC,Thailand,Sayap Kanan,20,"Rp1,30Mlyr.",1300000000,2026-03-09
Bruno Baio,Uthai Thani FC,Thailand,Depan-Tengah,0,"Rp6,95Mlyr.",6950000000,2026-03-09
Mo Eisa,Uthai Thani FC,Thailand,Depan-Tengah,0,"Rp5,21Mlyr.",5210000000,2026-03-09
Danai Smart,Uthai Thani FC,Thailand,Depan-Tengah,0,"Rp434,54Jt.",434540000,2026-03-09
Kittipong Phuthawchueak,Kanchanaburi Power FC,Thailand,Kiper,26,"Rp1,74Mlyr.",1740000000,2026-03-09
Sarut Nasri,Kanchanaburi Power FC,Thailand,Kiper,35,"Rp1,74Mlyr.",1740000000,2026-03-09
Sumethee Khokpho,Kanchanaburi Power FC,Thailand,Kiper,31,"Rp1,30Mlyr.",1300000000,2026-03-09
Kritsana Pummarrin,Kanchanaburi Power FC,Thailand,Kiper,0,"Rp869,08Jt.",869080000,2026-03-09
Nalubate Boonyarat,Kanchanaburi Power FC,Thailand,Kiper,22,-,0,2026-03-09
Aaron Gurd,Kanchanaburi Power FC,Thailand,Bek-Tengah,0,"Rp2,61Mlyr.",2610000000,2026-03-09
Prachya Fudsuparp,Kanchanaburi Power FC,Thailand,Bek-Tengah,28,"Rp2,61Mlyr.",2610000000,2026-03-09
Pawee Tanthatemee,Kanchanaburi Power FC,Thailand,Bek-Tengah,25,"Rp2,17Mlyr.",2170000000,2026-03-09
Mehdi Tahrat,Kanchanaburi Power FC,Thailand,Bek-Tengah,0,"Rp2,17Mlyr.",2170000000,2026-03-09
Diego Bardanca,Kanchanaburi Power FC,Thailand,Bek-Tengah,44,"Rp1,74Mlyr.",1740000000,2026-03-09
Peerapat Notchaiya,Kanchanaburi Power FC,Thailand,Bek-Kiri,0,"Rp3,04Mlyr.",3040000000,2026-03-09
Satsanapong Wattayuchutikul,Kanchanaburi Power FC,Thailand,Bek-Kiri,29,"Rp869,08Jt.",869080000,2026-03-09
Kitinun Suttiwiriyakul,Kanchanaburi Power FC,Thailand,Bek-Kiri,32,"Rp434,54Jt.",434540000,2026-03-09
Ryhan Stewart,Kanchanaburi Power FC,Thailand,Bek-Kanan,16,"Rp4,35Mlyr.",4350000000,2026-03-09
Wattana Klomjit,Kanchanaburi Power FC,Thailand,Bek-Kanan,0,"Rp1,30Mlyr.",1300000000,2026-03-09
Tony Laurent-Gonnet,Kanchanaburi Power FC,Thailand,Bek-Kanan,27,-,0,2026-03-09
Anumanthan Kumar,Kanchanaburi Power FC,Thailand,Gel. Bertahan,0,"Rp1,30Mlyr.",1300000000,2026-03-09
Chayapipat Supunpasuch,Kanchanaburi Power FC,Thailand,Gel. Bertahan,0,"Rp1,30Mlyr.",1300000000,2026-03-09
John Lucero,Kanchanaburi Power FC,Thailand,Gel. Tengah,0,"Rp2,17Mlyr.",2170000000,2026-03-09
Ewerton,Kanchanaburi Power FC,Thailand,Gel. Tengah,0,"Rp1,74Mlyr.",1740000000,2026-03-09
Pongpat Liorungrueangkit,Kanchanaburi Power FC,Thailand,Gel. Tengah,18,"Rp1,74Mlyr.",1740000000,2026-03-09
Santipap Ratniyom,Kanchanaburi Power FC,Thailand,Gel. Tengah,42,"Rp1,30Mlyr.",1300000000,2026-03-09
Suchao Nutnum,Kanchanaburi Power FC,Thailand,Gel. Tengah,0,-,0,2026-03-09
Alain Oyarzun,Kanchanaburi Power FC,Thailand,Gel. Serang,19,"Rp4,35Mlyr.",4350000000,2026-03-09
Sergio Aguero,Kanchanaburi Power FC,Thailand,Gel. Serang,20,"Rp2,61Mlyr.",2610000000,2026-03-09
Mohamed Mara,Kanchanaburi Power FC,Thailand,Sayap Kiri,21,"Rp5,21Mlyr.",5210000000,2026-03-09
Tanasith Siripala,Kanchanaburi Power FC,Thailand,Sayap Kiri,0,"Rp1,74Mlyr.",1740000000,2026-03-09
Andros Townsend,Kanchanaburi Power FC,Thailand,Sayap Kanan,30,"Rp8,69Mlyr.",8690000000,2026-03-09
Gerson Rodrigues,Kanchanaburi Power FC,Thailand,Depan-Tengah,0,"Rp6,08Mlyr.",6080000000,2026-03-09
Aboubakar Kamara,Kanchanaburi Power FC,Thailand,Depan-Tengah,0,"Rp6,08Mlyr.",6080000000,2026-03-09
Chenrop Samphaodi,Kanchanaburi Power FC,Thailand,Depan-Tengah,0,"Rp2,17Mlyr.",2170000000,2026-03-09
Kittiphod Sathiphanuwat,Kanchanaburi Power FC,Thailand,Penyerang,0,-,0,2026-03-09
Tanachai Noorach,Nakhonratchasima Mazda FC,Thailand,Kiper,36,"Rp2,17Mlyr.",2170000000,2026-03-09
Nopphon Lakhonphon,Nakhonratchasima Mazda FC,Thailand,Kiper,18,"Rp1,74Mlyr.",1740000000,2026-03-09
Phatcharaphong Prathumma,Nakhonratchasima Mazda FC,Thailand,Kiper,0,"Rp434,54Jt.",434540000,2026-03-09
Achirawit Natsanthia,Nakhonratchasima Mazda FC,Thailand,Kiper,34,-,0,2026-03-09
Sorawis Srifah,Nakhonratchasima Mazda FC,Thailand,Kiper,0,-,0,2026-03-09
Nenad Lalic,Nakhonratchasima Mazda FC,Thailand,Bek-Tengah,43,"Rp3,48Mlyr.",3480000000,2026-03-09
Bill Mamadou,Nakhonratchasima Mazda FC,Thailand,Bek-Tengah,0,"Rp2,17Mlyr.",2170000000,2026-03-09
Anusak Jaiphet,Nakhonratchasima Mazda FC,Thailand,Bek-Tengah,0,"Rp2,17Mlyr.",2170000000,2026-03-09
Sarawut Inpaen,Nakhonratchasima Mazda FC,Thailand,Bek-Tengah,0,"Rp1,30Mlyr.",1300000000,2026-03-09
Pichitchai Sienkrathok,Nakhonratchasima Mazda FC,Thailand,Bek-Tengah,16,"Rp1,30Mlyr.",1300000000,2026-03-09
Watcharin Nuengprakaew,Nakhonratchasima Mazda FC,Thailand,Bek-Tengah,39,"Rp1,30Mlyr.",1300000000,2026-03-09
Woraphob Thaweesuk,Nakhonratchasima Mazda FC,Thailand,Bek-Tengah,0,-,0,2026-03-09
Narongsak Phetnok,Nakhonratchasima Mazda FC,Thailand,Bek-Tengah,0,-,0,2026-03-09
Wendel,Nakhonratchasima Mazda FC,Thailand,Bek-Kiri,35,"Rp3,48Mlyr.",3480000000,2026-03-09
Charalampos Charalampous,Nakhonratchasima Mazda FC,Thailand,Bek-Kiri,33,"Rp2,61Mlyr.",2610000000,2026-03-09
Hein Phyo Win,Nakhonratchasima Mazda FC,Thailand,Bek-Kanan,0,"Rp3,04Mlyr.",3040000000,2026-03-09
Jork Becerra,Nakhonratchasima Mazda FC,Thailand,Gel. Bertahan,0,"Rp4,35Mlyr.",4350000000,2026-03-09
Leon James,Nakhonratchasima Mazda FC,Thailand,Gel. Bertahan,0,"Rp2,17Mlyr.",2170000000,2026-03-09
Jared Gallagher,Nakhonratchasima Mazda FC,Thailand,Gel. Bertahan,0,"Rp1,30Mlyr.",1300000000,2026-03-09
Nattawut Jaroenboot,Nakhonratchasima Mazda FC,Thailand,Gel. Tengah,21,"Rp869,08Jt.",869080000,2026-03-09
Pongsakron Hanrattana,Nakhonratchasima Mazda FC,Thailand,Gel. Tengah,22,"Rp434,54Jt.",434540000,2026-03-09
Noppakorn Kanhabang,Nakhonratchasima Mazda FC,Thailand,Gel. Tengah,0,-,0,2026-03-09
Rattasat Bangsungnoen,Nakhonratchasima Mazda FC,Thailand,Gel. Serang,19,"Rp2,17Mlyr.",2170000000,2026-03-09
Hirotaka Mita,Nakhonratchasima Mazda FC,Thailand,Gel. Serang,0,"Rp869,08Jt.",869080000,2026-03-09
Anurak Mungdee,Nakhonratchasima Mazda FC,Thailand,Sayap Kanan,17,"Rp1,30Mlyr.",1300000000,2026-03-09
Pannatat Prempree,Nakhonratchasima Mazda FC,Thailand,Sayap Kanan,30,-,0,2026-03-09
Dennis Murillo,Nakhonratchasima Mazda FC,Thailand,Depan-Tengah,23,"Rp3,48Mlyr.",3480000000,2026-03-09
Yuki Kusano,Nakhonratchasima Mazda FC,Thailand,Depan-Tengah,25,"Rp3,48Mlyr.",3480000000,2026-03-09
Mateus,Nakhonratchasima Mazda FC,Thailand,Depan-Tengah,0,"Rp1,74Mlyr.",1740000000,2026-03-09
Prakiattichai Singsook,Nakhonratchasima Mazda FC,Thailand,Depan-Tengah,0,-,0,2026-03-09
Kittipun Saensuk,Sukhothai FC,Thailand,Kiper,0,"Rp2,61Mlyr.",2610000000,2026-03-09
Supazin Hnupichai,Sukhothai FC,Thailand,Kiper,18,"Rp1,30Mlyr.",1300000000,2026-03-09
Phanuphong Sunon,Sukhothai FC,Thailand,Kiper,16,-,0,2026-03-09
Thitikit Samerjai,Sukhothai FC,Thailand,Kiper,28,-,0,2026-03-09
Saringkan Promsupa,Sukhothai FC,Thailand,Bek-Tengah,0,"Rp4,35Mlyr.",4350000000,2026-03-09
Cláudio,Sukhothai FC,Thailand,Bek-Tengah,0,"Rp3,48Mlyr.",3480000000,2026-03-09
Sarawut Kanlayanabandit,Sukhothai FC,Thailand,Bek-Tengah,22,"Rp1,30Mlyr.",1300000000,2026-03-09
Pattarapon Suksakit,Sukhothai FC,Thailand,Bek-Tengah,0,"Rp869,08Jt.",869080000,2026-03-09
Chaiyaphon Otton,Sukhothai FC,Thailand,Bek-Kiri,25,"Rp2,61Mlyr.",2610000000,2026-03-09
Pharadon Phatthaphon,Sukhothai FC,Thailand,Bek-Kiri,19,"Rp869,08Jt.",869080000,2026-03-09
Thiti Thumporn,Sukhothai FC,Thailand,Bek-Kanan,27,"Rp2,17Mlyr.",2170000000,2026-03-09
Surawich Logarwit,Sukhothai FC,Thailand,Bek-Kanan,0,"Rp1,30Mlyr.",1300000000,2026-03-09
Romeu,Sukhothai FC,Thailand,Gel. Bertahan,0,"Rp4,35Mlyr.",4350000000,2026-03-09
Tassanapong Mhuaddarak,Sukhothai FC,Thailand,Gel. Bertahan,17,"Rp1,74Mlyr.",1740000000,2026-03-09
Lursan Thiamrat,Sukhothai FC,Thailand,Gel. Tengah,0,"Rp1,30Mlyr.",1300000000,2026-03-09
Athirat Jantrapho,Sukhothai FC,Thailand,Gel. Tengah,39,"Rp434,54Jt.",434540000,2026-03-09
Nalu Jandke,Sukhothai FC,Thailand,Gel. Tengah,20,-,0,2026-03-09
John Baggio,Sukhothai FC,Thailand,Gel. Serang,0,"Rp4,78Mlyr.",4780000000,2026-03-09
Lucas Barreto,Sukhothai FC,Thailand,Gel. Serang,0,"Rp4,35Mlyr.",4350000000,2026-03-09
Ratchanat Aranpiroj,Sukhothai FC,Thailand,Gel. Serang,0,"Rp1,30Mlyr.",1300000000,2026-03-09
Siroch Chatthong,Sukhothai FC,Thailand,Sayap Kiri,35,"Rp2,17Mlyr.",2170000000,2026-03-09
Mateusinho,Sukhothai FC,Thailand,Sayap Kanan,0,"Rp4,35Mlyr.",4350000000,2026-03-09
Apichart Denman,Sukhothai FC,Thailand,Sayap Kanan,21,"Rp2,17Mlyr.",2170000000,2026-03-09
Eito Ishimoto,Sukhothai FC,Thailand,Sayap Kanan,0,"Rp1,30Mlyr.",1300000000,2026-03-09
Phattharaphon Jansuwan,Sukhothai FC,Thailand,Sayap Kanan,24,"Rp869,08Jt.",869080000,2026-03-09
Gildo,Sukhothai FC,Thailand,Depan-Tengah,0,"Rp2,17Mlyr.",2170000000,2026-03-09
João Paredes,Sukhothai FC,Thailand,Depan-Tengah,0,"Rp1,74Mlyr.",1740000000,2026-03-09
Phiraphat Khamphaeng,Sukhothai FC,Thailand,Depan-Tengah,29,"Rp434,54Jt.",434540000,2026-03-09
Worawut Srisupha,Rayong FC,Thailand,Kiper,36,"Rp2,17Mlyr.",2170000000,2026-03-09
Wichaya Ganthong,Rayong FC,Thailand,Kiper,30,"Rp1,74Mlyr.",1740000000,2026-03-09
Chainarong Boonkerd,Rayong FC,Thailand,Kiper,0,"Rp869,08Jt.",869080000,2026-03-09
Ketanuson Junrung,Rayong FC,Thailand,Kiper,0,-,0,2026-03-09
Leonardo Justiniano,Rayong FC,Thailand,Bek-Tengah,20,"Rp7,82Mlyr.",7820000000,2026-03-09
Kritsada Nontharat,Rayong FC,Thailand,Bek-Tengah,35,"Rp3,48Mlyr.",3480000000,2026-03-09
Stefan Cebara,Rayong FC,Thailand,Bek-Tengah,0,"Rp1,74Mlyr.",1740000000,2026-03-09
Maxx Creevey,Rayong FC,Thailand,Bek-Tengah,23,"Rp1,74Mlyr.",1740000000,2026-03-09
Saharat Pongsuwan,Rayong FC,Thailand,Bek-Kiri,0,"Rp2,17Mlyr.",2170000000,2026-03-09
Jaturapat Sattham,Rayong FC,Thailand,Bek-Kiri,24,"Rp1,74Mlyr.",1740000000,2026-03-09
Parkin Harape,Rayong FC,Thailand,Bek-Kiri,31,"Rp1,30Mlyr.",1300000000,2026-03-09
Supawit Romphopak,Rayong FC,Thailand,Bek-Kanan,19,"Rp2,17Mlyr.",2170000000,2026-03-09
Wasusiwakit Phusirit,Rayong FC,Thailand,Bek-Kanan,0,"Rp1,74Mlyr.",1740000000,2026-03-09
Saharat Sontisawat,Rayong FC,Thailand,Gel. Bertahan,0,"Rp3,48Mlyr.",3480000000,2026-03-09
João Afonso,Rayong FC,Thailand,Gel. Bertahan,0,"Rp2,61Mlyr.",2610000000,2026-03-09
Hiromichi Katano,Rayong FC,Thailand,Gel. Bertahan,0,"Rp869,08Jt.",869080000,2026-03-09
Nonthawat Bathong,Rayong FC,Thailand,Gel. Bertahan,0,-,0,2026-03-09
Wattanapong Withunat,Rayong FC,Thailand,Gel. Bertahan,0,-,0,2026-03-09
Porrameth Ittiprasert,Rayong FC,Thailand,Gel. Bertahan,0,-,0,2026-03-09
Manuel Ott,Rayong FC,Thailand,Gel. Tengah,0,"Rp3,48Mlyr.",3480000000,2026-03-09
Seksan Ratree,Rayong FC,Thailand,Gel. Serang,22,"Rp6,08Mlyr.",6080000000,2026-03-09
Somkaet Kunmee,Rayong FC,Thailand,Gel. Serang,0,"Rp1,74Mlyr.",1740000000,2026-03-09
Peerapat Kaminthong,Rayong FC,Thailand,Gel. Serang,0,"Rp869,08Jt.",869080000,2026-03-09
Ryoma Ito,Rayong FC,Thailand,Sayap Kiri,41,"Rp4,35Mlyr.",4350000000,2026-03-09
Matee Sarakum,Rayong FC,Thailand,Sayap Kiri,0,"Rp1,74Mlyr.",1740000000,2026-03-09
Keven Alemán,Rayong FC,Thailand,Sayap Kanan,0,"Rp2,61Mlyr.",2610000000,2026-03-09
Anon Amornlerdsak,Rayong FC,Thailand,Sayap Kanan,27,"Rp2,17Mlyr.",2170000000,2026-03-09
Weslen Junior,Rayong FC,Thailand,Depan-Tengah,0,"Rp5,21Mlyr.",5210000000,2026-03-09
Stenio Junior,Rayong FC,Thailand,Depan-Tengah,18,"Rp2,17Mlyr.",2170000000,2026-03-09
Thanphisit Hempandan,Rayong FC,Thailand,Depan-Tengah,0,"Rp869,08Jt.",869080000,2026-03-09
Armin Gremsl,Muangthong United,Thailand,Kiper,0,"Rp3,48Mlyr.",3480000000,2026-03-09
Korrakot Pipatnadda,Muangthong United,Thailand,Kiper,33,"Rp3,48Mlyr.",3480000000,2026-03-09
Rithisak Kalaya,Muangthong United,Thailand,Kiper,38,-,0,2026-03-09
Khomsan Sanphiphan,Muangthong United,Thailand,Kiper,31,-,0,2026-03-09
Stefan Tsonkov,Muangthong United,Thailand,Bek-Tengah,0,"Rp4,35Mlyr.",4350000000,2026-03-09
Nelson Orji,Muangthong United,Thailand,Bek-Tengah,0,"Rp3,48Mlyr.",3480000000,2026-03-09
Songwut Kraikruan,Muangthong United,Thailand,Bek-Tengah,29,"Rp2,61Mlyr.",2610000000,2026-03-09
Dong-su Kim,Muangthong United,Thailand,Bek-Tengah,28,"Rp1,74Mlyr.",1740000000,2026-03-09
Theekawin Chansri,Muangthong United,Thailand,Bek-Tengah,35,"Rp1,30Mlyr.",1300000000,2026-03-09
James Falconer,Muangthong United,Thailand,Bek-Tengah,0,"Rp434,54Jt.",434540000,2026-03-09
Michael Kempter,Muangthong United,Thailand,Bek-Kiri,27,"Rp3,48Mlyr.",3480000000,2026-03-09
Wattanakorn Sawatlakhorn,Muangthong United,Thailand,Bek-Kiri,0,"Rp1,30Mlyr.",1300000000,2026-03-09
Kittapak Seangsawat,Muangthong United,Thailand,Bek-Kiri,39,"Rp434,54Jt.",434540000,2026-03-09
Tristan Do,Muangthong United,Thailand,Bek-Kanan,19,"Rp2,61Mlyr.",2610000000,2026-03-09
John-Patrick Strauß,Muangthong United,Thailand,Gel. Bertahan,0,"Rp5,21Mlyr.",5210000000,2026-03-09
Siradanai Phosri,Muangthong United,Thailand,Gel. Bertahan,23,"Rp869,08Jt.",869080000,2026-03-09
Nitisak Anulun,Muangthong United,Thailand,Gel. Bertahan,30,-,0,2026-03-09
Sorawit Panthong,Muangthong United,Thailand,Gel. Tengah,0,"Rp2,61Mlyr.",2610000000,2026-03-09
Wongsakorn Chaikultewin,Muangthong United,Thailand,Gel. Tengah,16,"Rp1,30Mlyr.",1300000000,2026-03-09
Thiraphat Nuntagowat,Muangthong United,Thailand,Gel. Tengah,22,"Rp1,30Mlyr.",1300000000,2026-03-09
Danuphon Buppha,Muangthong United,Thailand,Gel. Tengah,18,"Rp434,54Jt.",434540000,2026-03-09
Kakana Khamyok,Muangthong United,Thailand,Gel. Serang,34,"Rp4,35Mlyr.",4350000000,2026-03-09
Anass Ahannach,Muangthong United,Thailand,Gel. Serang,24,"Rp3,04Mlyr.",3040000000,2026-03-09
Piyanat Thodsanid,Muangthong United,Thailand,Gel. Serang,17,"Rp434,54Jt.",434540000,2026-03-09
Willian Popp,Muangthong United,Thailand,Sayap Kiri,0,"Rp6,95Mlyr.",6950000000,2026-03-09
Melvyn Lorenzen,Muangthong United,Thailand,Sayap Kiri,0,"Rp5,21Mlyr.",5210000000,2026-03-09
Emil Roback,Muangthong United,Thailand,Sayap Kiri,0,"Rp4,35Mlyr.",4350000000,2026-03-09
Korawich Tasa,Muangthong United,Thailand,Sayap Kanan,0,"Rp2,61Mlyr.",2610000000,2026-03-09
Purachet Thodsanid,Muangthong United,Thailand,Sayap Kanan,21,"Rp2,61Mlyr.",2610000000,2026-03-09
Marko Saric,Muangthong United,Thailand,Depan-Tengah,0,"Rp6,08Mlyr.",6080000000,2026-03-09
Sarayut Yoosuebchuea,Muangthong United,Thailand,Depan-Tengah,20,"Rp1,30Mlyr.",1300000000,2026-03-09
Patiwat Khammai,True Bangkok United,Thailand,Kiper,0,"Rp6,95Mlyr.",6950000000,2026-03-09
Phuwadol Pholsongkram,True Bangkok United,Thailand,Kiper,29,"Rp2,61Mlyr.",2610000000,2026-03-09
Chinnapong Raksri,True Bangkok United,Thailand,Kiper,38,"Rp869,08Jt.",869080000,2026-03-09
Supanut Sudathip,True Bangkok United,Thailand,Kiper,0,-,0,2026-03-09
Philipe Maia,True Bangkok United,Thailand,Bek-Tengah,0,"Rp6,08Mlyr.",6080000000,2026-03-09
Suphan Thongsong,True Bangkok United,Thailand,Bek-Tengah,26,"Rp5,21Mlyr.",5210000000,2026-03-09
Jakkaphan Praisuwan,True Bangkok United,Thailand,Bek-Tengah,36,"Rp3,48Mlyr.",3480000000,2026-03-09
Everton,True Bangkok United,Thailand,Bek-Tengah,0,"Rp3,04Mlyr.",3040000000,2026-03-09
Manuel Bihr,True Bangkok United,Thailand,Bek-Tengah,0,"Rp2,17Mlyr.",2170000000,2026-03-09
Wichan Inaram,True Bangkok United,Thailand,Bek-Tengah,0,"Rp434,54Jt.",434540000,2026-03-09
Pratama Arhan,True Bangkok United,Thailand,Bek-Kiri,21,"Rp3,48Mlyr.",3480000000,2026-03-09
Wanchai Jarunongkran,True Bangkok United,Thailand,Bek-Kiri,24,"Rp3,48Mlyr.",3480000000,2026-03-09
Surachai Booncharee,True Bangkok United,Thailand,Bek-Kiri,43,-,0,2026-03-09
Nitipong Selanon,True Bangkok United,Thailand,Bek-Kanan,0,"Rp3,48Mlyr.",3480000000,2026-03-09
Boontawee Thepwong,True Bangkok United,Thailand,Bek-Kanan,0,"Rp1,74Mlyr.",1740000000,2026-03-09
Nontapat Ploymee,True Bangkok United,Thailand,Bek-Kanan,0,-,0,2026-03-09
Weerathep Pomphun,True Bangkok United,Thailand,Gel. Bertahan,27,"Rp6,08Mlyr.",6080000000,2026-03-09
Wisarut Imura,True Bangkok United,Thailand,Gel. Bertahan,0,"Rp2,17Mlyr.",2170000000,2026-03-09
Pichaya Kongsri,True Bangkok United,Thailand,Gel. Bertahan,0,-,0,2026-03-09
Nebojsa Kosovic,True Bangkok United,Thailand,Gel. Tengah,33,"Rp8,69Mlyr.",8690000000,2026-03-09
Thitiphan Puangchan,True Bangkok United,Thailand,Gel. Tengah,18,"Rp5,21Mlyr.",5210000000,2026-03-09
Picha Autra,True Bangkok United,Thailand,Gel. Tengah,37,"Rp4,35Mlyr.",4350000000,2026-03-09
Pokklaw Anan,True Bangkok United,Thailand,Gel. Tengah,39,"Rp2,61Mlyr.",2610000000,2026-03-09
Aekkarat Sansuwan,True Bangkok United,Thailand,Gel. Tengah,0,-,0,2026-03-09
Pachara Wangsawat,True Bangkok United,Thailand,Gel. Tengah,0,-,0,2026-03-09
Arthur,True Bangkok United,Thailand,Sayap Kiri,0,"Rp3,91Mlyr.",3910000000,2026-03-09
Chayawat Srinawong,True Bangkok United,Thailand,Sayap Kiri,19,"Rp1,74Mlyr.",1740000000,2026-03-09
Achita Nawathit,True Bangkok United,Thailand,Sayap Kiri,0,-,0,2026-03-09
Ilias Alhaft,True Bangkok United,Thailand,Sayap Kanan,0,"Rp6,08Mlyr.",6080000000,2026-03-09
Rungrath Poomchantuek,True Bangkok United,Thailand,Sayap Kanan,0,"Rp3,04Mlyr.",3040000000,2026-03-09
Narakorn Kangkratok,True Bangkok United,Thailand,Sayap Kanan,32,"Rp1,74Mlyr.",1740000000,2026-03-09
Krit Klangpan,True Bangkok United,Thailand,Sayap Kanan,0,-,0,2026-03-09
Seia Kunori,True Bangkok United,Thailand,Depan-Kedua,17,"Rp7,82Mlyr.",7820000000,2026-03-09
Muhsen Al-Ghassani,True Bangkok United,Thailand,Depan-Tengah,16,"Rp15,64Mlyr.",15640000000,2026-03-09
Richairo Zivkovic,True Bangkok United,Thailand,Depan-Tengah,30,"Rp13,91Mlyr.",13910000000,2026-03-09
Rivaldinho,True Bangkok United,Thailand,Depan-Tengah,0,"Rp6,95Mlyr.",6950000000,2026-03-09
Guntapon Keereeleang,True Bangkok United,Thailand,Depan-Tengah,20,"Rp2,61Mlyr.",2610000000,2026-03-09
Teerasil Dangda,True Bangkok United,Thailand,Depan-Tengah,0,"Rp1,74Mlyr.",1740000000,2026-03-09
Thanawat Deelert,True Bangkok United,Thailand,Depan-Tengah,0,-,0,2026-03-09
Apirak Worawong,Singha Chiangrai United,Thailand,Kiper,0,"Rp2,61Mlyr.",2610000000,2026-03-09
Sirassawut Wongruankhum,Singha Chiangrai United,Thailand,Kiper,34,"Rp1,30Mlyr.",1300000000,2026-03-09
Farus Patee,Singha Chiangrai United,Thailand,Kiper,19,"Rp434,54Jt.",434540000,2026-03-09
Jetnipat Khomsom,Singha Chiangrai United,Thailand,Kiper,40,-,0,2026-03-09
Marco Ballini,Singha Chiangrai United,Thailand,Bek-Tengah,0,"Rp3,48Mlyr.",3480000000,2026-03-09
Victor Cardozo,Singha Chiangrai United,Thailand,Bek-Tengah,23,"Rp2,61Mlyr.",2610000000,2026-03-09
Hélio,Singha Chiangrai United,Thailand,Bek-Tengah,28,"Rp1,74Mlyr.",1740000000,2026-03-09
Banphakit Phrmanee,Singha Chiangrai United,Thailand,Bek-Tengah,0,"Rp1,30Mlyr.",1300000000,2026-03-09
Tanasak Srisai,Singha Chiangrai United,Thailand,Bek-Tengah,0,"Rp1,30Mlyr.",1300000000,2026-03-09
Santipap Yaemsaen,Singha Chiangrai United,Thailand,Bek-Tengah,24,"Rp869,08Jt.",869080000,2026-03-09
Thawatchai Inprakhon,Singha Chiangrai United,Thailand,Bek-Kiri,0,"Rp1,74Mlyr.",1740000000,2026-03-09
Gionata Verzura,Singha Chiangrai United,Thailand,Bek-Kanan,17,"Rp1,30Mlyr.",1300000000,2026-03-09
Piyaphon Phanichakul,Singha Chiangrai United,Thailand,Bek-Kanan,0,"Rp869,08Jt.",869080000,2026-03-09
Gabriel Henrique,Singha Chiangrai United,Thailand,Gel. Bertahan,0,"Rp4,35Mlyr.",4350000000,2026-03-09
Settasit Suvannaseat,Singha Chiangrai United,Thailand,Gel. Tengah,0,"Rp2,61Mlyr.",2610000000,2026-03-09
Sanukran Thinjom,Singha Chiangrai United,Thailand,Gel. Tengah,0,"Rp2,17Mlyr.",2170000000,2026-03-09
Phoptham Pornkod,Singha Chiangrai United,Thailand,Gel. Tengah,37,"Rp434,54Jt.",434540000,2026-03-09
Dudu,Singha Chiangrai United,Thailand,Gel. Serang,0,"Rp2,17Mlyr.",2170000000,2026-03-09
Thakdanai Jaihan,Singha Chiangrai United,Thailand,Gel. Serang,20,"Rp2,17Mlyr.",2170000000,2026-03-09
Carlos Iury,Singha Chiangrai United,Thailand,Sayap Kiri,0,"Rp4,35Mlyr.",4350000000,2026-03-09
Chinngoen Phutonyong,Singha Chiangrai United,Thailand,Sayap Kiri,39,"Rp1,30Mlyr.",1300000000,2026-03-09
Ongsa Singthong,Singha Chiangrai United,Thailand,Sayap Kiri,0,"Rp869,08Jt.",869080000,2026-03-09
Seung-won Lee,Singha Chiangrai United,Thailand,Sayap Kanan,0,"Rp2,17Mlyr.",2170000000,2026-03-09
Montree Promsawat,Singha Chiangrai United,Thailand,Sayap Kanan,32,"Rp1,74Mlyr.",1740000000,2026-03-09
Seung-hyeon Sim,Singha Chiangrai United,Thailand,Sayap Kanan,22,"Rp1,30Mlyr.",1300000000,2026-03-09
Nanthiphat Chaiman,Singha Chiangrai United,Thailand,Sayap Kanan,0,"Rp434,54Jt.",434540000,2026-03-09
Itsuki Enomoto,Singha Chiangrai United,Thailand,Depan-Tengah,0,"Rp6,95Mlyr.",6950000000,2026-03-09
Jordan Emaviwe,Singha Chiangrai United,Thailand,Depan-Tengah,0,"Rp2,61Mlyr.",2610000000,2026-03-09
Sittichok Kannoo,Singha Chiangrai United,Thailand,Depan-Tengah,0,"Rp2,61Mlyr.",2610000000,2026-03-09
Warut Makemusik,Ayutthaya United,Thailand,Kiper,0,"Rp1,74Mlyr.",1740000000,2026-03-09
Narongsak Naengwongsa,Ayutthaya United,Thailand,Kiper,25,"Rp869,08Jt.",869080000,2026-03-09
Suthipong Pisansub,Ayutthaya United,Thailand,Kiper,39,"Rp434,54Jt.",434540000,2026-03-09
Teerat Nakchamnan,Ayutthaya United,Thailand,Kiper,27,-,0,2026-03-09
Hyun-soo Hwang,Ayutthaya United,Thailand,Bek-Tengah,0,"Rp5,21Mlyr.",5210000000,2026-03-09
Noah Leddel,Ayutthaya United,Thailand,Bek-Tengah,0,"Rp2,17Mlyr.",2170000000,2026-03-09
Wellington Priori,Ayutthaya United,Thailand,Bek-Tengah,0,"Rp1,74Mlyr.",1740000000,2026-03-09
Worawut Namvech,Ayutthaya United,Thailand,Bek-Tengah,24,"Rp1,30Mlyr.",1300000000,2026-03-09
Worawut Sataporn,Ayutthaya United,Thailand,Bek-Tengah,26,"Rp1,30Mlyr.",1300000000,2026-03-09
Chiraphong Raksongkham,Ayutthaya United,Thailand,Bek-Tengah,0,"Rp434,54Jt.",434540000,2026-03-09
Bhumchanok Kamkla,Ayutthaya United,Thailand,Bek-Kiri,16,"Rp2,17Mlyr.",2170000000,2026-03-09
Chanon Tamma,Ayutthaya United,Thailand,Bek-Kiri,0,"Rp2,17Mlyr.",2170000000,2026-03-09
Kitphom Bunsan,Ayutthaya United,Thailand,Bek-Kiri,0,"Rp1,30Mlyr.",1300000000,2026-03-09
Jirawat Janpong,Ayutthaya United,Thailand,Bek-Kanan,0,"Rp1,74Mlyr.",1740000000,2026-03-09
Atsadawut Changthong,Ayutthaya United,Thailand,Bek-Kanan,0,"Rp869,08Jt.",869080000,2026-03-09
Thanet Suknate,Ayutthaya United,Thailand,Bek-Kanan,0,"Rp434,54Jt.",434540000,2026-03-09
Natcha Promsomboon,Ayutthaya United,Thailand,Gel. Bertahan,28,"Rp1,74Mlyr.",1740000000,2026-03-09
Anuwat Noicheunphan,Ayutthaya United,Thailand,Gel. Bertahan,31,"Rp869,08Jt.",869080000,2026-03-09
Nattapon Worasut,Ayutthaya United,Thailand,Gel. Tengah,0,"Rp2,61Mlyr.",2610000000,2026-03-09
Passakorn Biaothungoi,Ayutthaya United,Thailand,Gel. Tengah,23,"Rp2,17Mlyr.",2170000000,2026-03-09
Sanrawat Dechmitr,Ayutthaya United,Thailand,Gel. Tengah,29,"Rp434,54Jt.",434540000,2026-03-09
Yashir Islame,Ayutthaya United,Thailand,Gel. Serang,36,"Rp1,74Mlyr.",1740000000,2026-03-09
Sung-dong Paik,Ayutthaya United,Thailand,Sayap Kiri,0,"Rp4,78Mlyr.",4780000000,2026-03-09
Chakkit Laptrakul,Ayutthaya United,Thailand,Sayap Kiri,17,"Rp2,17Mlyr.",2170000000,2026-03-09
Verot Pombuppha,Ayutthaya United,Thailand,Sayap Kiri,22,"Rp1,30Mlyr.",1300000000,2026-03-09
Anucha Sakaekum,Ayutthaya United,Thailand,Sayap Kiri,0,-,0,2026-03-09
Diego Carioca,Ayutthaya United,Thailand,Sayap Kanan,0,"Rp4,35Mlyr.",4350000000,2026-03-09
Veeraphong Aon-pean,Ayutthaya United,Thailand,Sayap Kanan,34,"Rp2,61Mlyr.",2610000000,2026-03-09
Yotsak Chaowana,Ayutthaya United,Thailand,Sayap Kanan,18,"Rp434,54Jt.",434540000,2026-03-09
Conrado,Ayutthaya United,Thailand,Depan-Tengah,0,"Rp2,61Mlyr.",2610000000,2026-03-09
Caíque Lemes,Ayutthaya United,Thailand,Depan-Tengah,0,"Rp2,61Mlyr.",2610000000,2026-03-09
Kitsana Kasemkulwirai,Ayutthaya United,Thailand,Depan-Tengah,0,"Rp1,30Mlyr.",1300000000,2026-03-09
Rattanai Songsangchan,PT Prachuap FC,Thailand,Kiper,0,"Rp1,74Mlyr.",1740000000,2026-03-09
Wattanachai Srathongjan,PT Prachuap FC,Thailand,Kiper,39,"Rp1,74Mlyr.",1740000000,2026-03-09
Soponwit Rakyart,PT Prachuap FC,Thailand,Kiper,18,"Rp1,30Mlyr.",1300000000,2026-03-09
Bernardo Vilar,PT Prachuap FC,Thailand,Bek-Tengah,0,"Rp6,08Mlyr.",6080000000,2026-03-09
Jesper Nyholm,PT Prachuap FC,Thailand,Bek-Tengah,0,"Rp2,61Mlyr.",2610000000,2026-03-09
Adrian Ugelvik,PT Prachuap FC,Thailand,Bek-Tengah,0,"Rp2,17Mlyr.",2170000000,2026-03-09
Airton Tirabassi,PT Prachuap FC,Thailand,Bek-Tengah,0,"Rp2,17Mlyr.",2170000000,2026-03-09
Wanchat Choosong,PT Prachuap FC,Thailand,Bek-Tengah,0,"Rp1,30Mlyr.",1300000000,2026-03-09
Apisit Sorada,PT Prachuap FC,Thailand,Bek-Kiri,21,"Rp3,48Mlyr.",3480000000,2026-03-09
Nick Taylor,PT Prachuap FC,Thailand,Bek-Kiri,0,"Rp2,61Mlyr.",2610000000,2026-03-09
Phon-Ek Maneekorn,PT Prachuap FC,Thailand,Bek-Kiri,0,"Rp2,17Mlyr.",2170000000,2026-03-09
Oussama Thiangkham,PT Prachuap FC,Thailand,Bek-Kiri,0,"Rp434,54Jt.",434540000,2026-03-09
Jirapan Phasukihan,PT Prachuap FC,Thailand,Bek-Kanan,0,"Rp2,61Mlyr.",2610000000,2026-03-09
Kannarin Thawornsak,PT Prachuap FC,Thailand,Gel. Bertahan,23,"Rp3,48Mlyr.",3480000000,2026-03-09
Wuttikai Sritong,PT Prachuap FC,Thailand,Gelandang,44,-,0,2026-03-09
Koki Tsukagawa,PT Prachuap FC,Thailand,Gel. Tengah,0,"Rp3,48Mlyr.",3480000000,2026-03-09
Chaowat Veerachart,PT Prachuap FC,Thailand,Gel. Tengah,40,"Rp3,48Mlyr.",3480000000,2026-03-09
Prasid Jantum,PT Prachuap FC,Thailand,Gel. Tengah,0,"Rp1,74Mlyr.",1740000000,2026-03-09
Jittiphat Wasungnoen,PT Prachuap FC,Thailand,Gel. Tengah,30,"Rp1,30Mlyr.",1300000000,2026-03-09
Saharat Kanyaroj,PT Prachuap FC,Thailand,Gel. Serang,0,"Rp2,17Mlyr.",2170000000,2026-03-09
Tauã,PT Prachuap FC,Thailand,Sayap Kiri,0,"Rp5,21Mlyr.",5210000000,2026-03-09
Iklas Sanron,PT Prachuap FC,Thailand,Sayap Kiri,0,"Rp2,61Mlyr.",2610000000,2026-03-09
Chitsanuphong Phimpsang,PT Prachuap FC,Thailand,Sayap Kiri,0,"Rp2,17Mlyr.",2170000000,2026-03-09
Phanthamit Praphanth,PT Prachuap FC,Thailand,Sayap Kanan,41,"Rp2,61Mlyr.",2610000000,2026-03-09
Michel,PT Prachuap FC,Thailand,Depan-Tengah,20,"Rp5,21Mlyr.",5210000000,2026-03-09
Edgar Méndez,PT Prachuap FC,Thailand,Depan-Tengah,17,"Rp4,35Mlyr.",4350000000,2026-03-09
Jeong-hyeop Lee,PT Prachuap FC,Thailand,Depan-Tengah,0,"Rp2,17Mlyr.",2170000000,2026-03-09
Jehhanafee Mamah,PT Prachuap FC,Thailand,Depan-Tengah,0,"Rp869,08Jt.",869080000,2026-03-09
Soffan Sanron,PT Prachuap FC,Thailand,Penyerang,28,-,0,2026-03-09
Neil Etheridge,Buriram United,Thailand,Kiper,0,"Rp3,91Mlyr.",3910000000,2026-03-09
Korraphat Nareechan,Buriram United,Thailand,Kiper,29,"Rp1,74Mlyr.",1740000000,2026-03-09
Chatchai Bootprom,Buriram United,Thailand,Kiper,34,"Rp1,30Mlyr.",1300000000,2026-03-09
Prapot Chongcharoen,Buriram United,Thailand,Kiper,0,-,0,2026-03-09
Myeong-seok Ko,Buriram United,Thailand,Bek-Tengah,22,"Rp6,95Mlyr.",6950000000,2026-03-09
Edu Mancha,Buriram United,Thailand,Bek-Tengah,40,"Rp6,95Mlyr.",6950000000,2026-03-09
Curtis Good,Buriram United,Thailand,Bek-Tengah,0,"Rp5,21Mlyr.",5210000000,2026-03-09
Shinnaphat Leeaoh,Buriram United,Thailand,Bek-Tengah,0,"Rp4,35Mlyr.",4350000000,2026-03-09
Pansa Hemviboon,Buriram United,Thailand,Bek-Tengah,0,"Rp1,74Mlyr.",1740000000,2026-03-09
Sasalak Haiprakhon,Buriram United,Thailand,Bek-Kiri,0,"Rp6,95Mlyr.",6950000000,2026-03-09
Theerathon Bunmathan,Buriram United,Thailand,Bek-Kiri,0,"Rp3,48Mlyr.",3480000000,2026-03-09
Sandy Walsh,Buriram United,Thailand,Bek-Kanan,0,"Rp12,17Mlyr.",12170000000,2026-03-09
Filip Stojkovic,Buriram United,Thailand,Bek-Kanan,30,"Rp4,78Mlyr.",4780000000,2026-03-09
Narubadin Weerawatnodom,Buriram United,Thailand,Bek-Kanan,0,"Rp4,35Mlyr.",4350000000,2026-03-09
Kenny Dougall,Buriram United,Thailand,Gel. Bertahan,16,"Rp6,95Mlyr.",6950000000,2026-03-09
Phitiwat Sookjitthammakul,Buriram United,Thailand,Gel. Bertahan,27,"Rp6,08Mlyr.",6080000000,2026-03-09
Ratthanakorn Maikami,Buriram United,Thailand,Gel. Bertahan,0,"Rp3,48Mlyr.",3480000000,2026-03-09
Goran Causic,Buriram United,Thailand,Gel. Tengah,23,"Rp8,69Mlyr.",8690000000,2026-03-09
Peter Zulj,Buriram United,Thailand,Gel. Tengah,44,"Rp7,82Mlyr.",7820000000,2026-03-09
Emmanuel Toku,Buriram United,Thailand,Gel. Serang,26,"Rp6,95Mlyr.",6950000000,2026-03-09
Thanakrit Chotmuangpak,Buriram United,Thailand,Gel. Serang,33,"Rp3,48Mlyr.",3480000000,2026-03-09
Kingsley Schindler,Buriram United,Thailand,Sayap Kanan,19,"Rp12,17Mlyr.",12170000000,2026-03-09
Robert Zulj,Buriram United,Thailand,Depan-Kedua,32,"Rp13,91Mlyr.",13910000000,2026-03-09
Bissoli,Buriram United,Thailand,Depan-Tengah,0,"Rp34,76Mlyr.",34760000000,2026-03-09
Suphanat Mueanta,Buriram United,Thailand,Depan-Tengah,0,"Rp17,38Mlyr.",17380000000,2026-03-09
Supachai Chaided,Buriram United,Thailand,Depan-Tengah,0,"Rp15,64Mlyr.",15640000000,2026-03-09
Kasper Junker,Buriram United,Thailand,Depan-Tengah,0,"Rp12,17Mlyr.",12170000000,2026-03-09
Rubén Sánchez,Buriram United,Thailand,Depan-Tengah,28,"Rp6,08Mlyr.",6080000000,2026-03-09
Ilhan Fandi,Buriram United,Thailand,Depan-Tengah,17,"Rp3,48Mlyr.",3480000000,2026-03-09
Nathakorn Rattanasuwan,Buriram United,Thailand,Depan-Tengah,0,-,0,2026-03-09
Kampol Pathomakkakul,Ratchaburi FC,Thailand,Kiper,0,"Rp3,48Mlyr.",3480000000,2026-03-09
Ukrit Wongmeema,Ratchaburi FC,Thailand,Kiper,0,"Rp869,08Jt.",869080000,2026-03-09
Peerapong Watjanapayon,Ratchaburi FC,Thailand,Kiper,0,-,0,2026-03-09
Atituch Chankar,Ratchaburi FC,Thailand,Kiper,39,-,0,2026-03-09
Jonathan Khemdee,Ratchaburi FC,Thailand,Bek-Tengah,0,"Rp7,82Mlyr.",7820000000,2026-03-09
Gabriel Mutombo,Ratchaburi FC,Thailand,Bek-Tengah,0,"Rp6,08Mlyr.",6080000000,2026-03-09
Adisorn Promrak,Ratchaburi FC,Thailand,Bek-Tengah,0,"Rp2,61Mlyr.",2610000000,2026-03-09
Pethay Promjan,Ratchaburi FC,Thailand,Bek-Tengah,33,"Rp434,54Jt.",434540000,2026-03-09
Kevin Deeromram,Ratchaburi FC,Thailand,Bek-Kiri,23,"Rp7,82Mlyr.",7820000000,2026-03-09
Sidcley,Ratchaburi FC,Thailand,Bek-Kiri,0,"Rp3,04Mlyr.",3040000000,2026-03-09
Daniel Ting,Ratchaburi FC,Thailand,Bek-Kiri,0,"Rp2,61Mlyr.",2610000000,2026-03-09
Kiatisak Chiamudom,Ratchaburi FC,Thailand,Bek-Kiri,29,"Rp2,61Mlyr.",2610000000,2026-03-09
Jesse Curran,Ratchaburi FC,Thailand,Bek-Kanan,27,"Rp5,21Mlyr.",5210000000,2026-03-09
Suporn Peenagatapho,Ratchaburi FC,Thailand,Bek-Kanan,19,"Rp2,61Mlyr.",2610000000,2026-03-09
Kritsananon Srisuwan,Ratchaburi FC,Thailand,Gel. Bertahan,37,"Rp3,48Mlyr.",3480000000,2026-03-09
Thossawat Limwannasthian,Ratchaburi FC,Thailand,Gel. Bertahan,28,"Rp3,04Mlyr.",3040000000,2026-03-09
Thanawat Suengchitthawon,Ratchaburi FC,Thailand,Gel. Tengah,0,"Rp6,08Mlyr.",6080000000,2026-03-09
Roque Mesa,Ratchaburi FC,Thailand,Gel. Tengah,0,"Rp5,21Mlyr.",5210000000,2026-03-09
Jakkaphan Kaewprom,Ratchaburi FC,Thailand,Gel. Tengah,0,"Rp1,74Mlyr.",1740000000,2026-03-09
Siwakorn Jakkuprasat,Ratchaburi FC,Thailand,Gel. Tengah,16,"Rp1,74Mlyr.",1740000000,2026-03-09
Tana,Ratchaburi FC,Thailand,Gel. Serang,0,"Rp1,74Mlyr.",1740000000,2026-03-09
Teeraphol Yoryoei,Ratchaburi FC,Thailand,Gel. Serang,18,"Rp1,74Mlyr.",1740000000,2026-03-09
Njiva Rakotoharimalala,Ratchaburi FC,Thailand,Sayap Kiri,0,"Rp3,91Mlyr.",3910000000,2026-03-09
Faiq Bolkiah,Ratchaburi FC,Thailand,Sayap Kiri,0,"Rp2,61Mlyr.",2610000000,2026-03-09
Jaroensak Wonggorn,Ratchaburi FC,Thailand,Sayap Kanan,24,"Rp5,21Mlyr.",5210000000,2026-03-09
Negueba,Ratchaburi FC,Thailand,Sayap Kanan,0,"Rp3,91Mlyr.",3910000000,2026-03-09
Chotipat Poomkaew,Ratchaburi FC,Thailand,Sayap Kanan,0,"Rp2,17Mlyr.",2170000000,2026-03-09
Denilson Junior,Ratchaburi FC,Thailand,Depan-Tengah,0,"Rp8,69Mlyr.",8690000000,2026-03-09
Gleyson,Ratchaburi FC,Thailand,Depan-Tengah,0,"Rp3,48Mlyr.",3480000000,2026-03-09
Saranon Anuin,BG Pathum United,Thailand,Kiper,28,"Rp4,35Mlyr.",4350000000,2026-03-09
Nalawich Inthacharoen,BG Pathum United,Thailand,Kiper,0,"Rp869,08Jt.",869080000,2026-03-09
Pisan Dorkmaikaew,BG Pathum United,Thailand,Kiper,0,"Rp869,08Jt.",869080000,2026-03-09
Chanasorn Kaewyos,BG Pathum United,Thailand,Kiper,0,-,0,2026-03-09
Elias Dolah,BG Pathum United,Thailand,Bek-Tengah,44,"Rp5,21Mlyr.",5210000000,2026-03-09
Takaki Ose,BG Pathum United,Thailand,Bek-Tengah,0,"Rp3,48Mlyr.",3480000000,2026-03-09
Nika Sandokhadze,BG Pathum United,Thailand,Bek-Tengah,16,"Rp3,48Mlyr.",3480000000,2026-03-09
Chanapach Buaphan,BG Pathum United,Thailand,Bek-Tengah,0,"Rp2,17Mlyr.",2170000000,2026-03-09
Nattawut Wongsawang,BG Pathum United,Thailand,Bek-Tengah,0,"Rp869,08Jt.",869080000,2026-03-09
Nathan James,BG Pathum United,Thailand,Bek-Tengah,22,"Rp434,54Jt.",434540000,2026-03-09
Sanchai Nonthasila,BG Pathum United,Thailand,Bek-Kiri,0,"Rp2,61Mlyr.",2610000000,2026-03-09
Warinthon Jamnongwat,BG Pathum United,Thailand,Bek-Kiri,29,"Rp2,17Mlyr.",2170000000,2026-03-09
Thanawat Pimyotha,BG Pathum United,Thailand,Bek-Kiri,24,"Rp1,74Mlyr.",1740000000,2026-03-09
Photthavong Sangvilay,BG Pathum United,Thailand,Bek-Kiri,33,"Rp1,74Mlyr.",1740000000,2026-03-09
Waris Choolthong,BG Pathum United,Thailand,Bek-Kanan,0,"Rp3,48Mlyr.",3480000000,2026-03-09
Riku Matsuda,BG Pathum United,Thailand,Bek-Kanan,0,"Rp2,61Mlyr.",2610000000,2026-03-09
Kritsada Kaman,BG Pathum United,Thailand,Gel. Bertahan,0,"Rp6,95Mlyr.",6950000000,2026-03-09
Sarach Yooyen,BG Pathum United,Thailand,Gel. Bertahan,0,"Rp4,35Mlyr.",4350000000,2026-03-09
Gakuto Notsuda,BG Pathum United,Thailand,Gel. Tengah,17,"Rp6,95Mlyr.",6950000000,2026-03-09
Chatmongkol Tongkiri,BG Pathum United,Thailand,Gel. Tengah,0,"Rp2,61Mlyr.",2610000000,2026-03-09
Pongrawit Jantawong,BG Pathum United,Thailand,Gel. Tengah,27,"Rp1,74Mlyr.",1740000000,2026-03-09
Chanathip Songkrasin,BG Pathum United,Thailand,Gel. Serang,18,"Rp13,91Mlyr.",13910000000,2026-03-09
Ekanit Panya,BG Pathum United,Thailand,Gel. Serang,0,"Rp6,08Mlyr.",6080000000,2026-03-09
Yoshiaki Takagi,BG Pathum United,Thailand,Gel. Serang,31,"Rp4,35Mlyr.",4350000000,2026-03-09
Itthimon Tippanet,BG Pathum United,Thailand,Sayap Kiri,30,-,0,2026-03-09
Surachat Sareepim,BG Pathum United,Thailand,Sayap Kanan,0,"Rp869,08Jt.",869080000,2026-03-09
Pichaya Chaiwarangkun,BG Pathum United,Thailand,Sayap Kanan,19,-,0,2026-03-09
Witthawat Phraothaisong,BG Pathum United,Thailand,Sayap Kanan,0,-,0,2026-03-09
Raniel,BG Pathum United,Thailand,Depan-Tengah,0,"Rp13,04Mlyr.",13040000000,2026-03-09
Tomoyuki Doi,BG Pathum United,Thailand,Depan-Tengah,0,"Rp8,69Mlyr.",8690000000,2026-03-09
Patrik Gustavsson,BG Pathum United,Thailand,Depan-Tengah,0,"Rp6,95Mlyr.",6950000000,2026-03-09
Matheus Fornazari,BG Pathum United,Thailand,Depan-Tengah,0,"Rp6,08Mlyr.",6080000000,2026-03-09
Ikhsan Fandi,BG Pathum United,Thailand,Depan-Tengah,0,"Rp4,35Mlyr.",4350000000,2026-03-09
Siwakorn Ponsan,BG Pathum United,Thailand,Depan-Tengah,0,"Rp434,54Jt.",434540000,2026-03-09
Nont Muangngam,Lamphun Warriors,Thailand,Kiper,20,"Rp2,17Mlyr.",2170000000,2026-03-09
Kwanchai Suklom,Lamphun Warriors,Thailand,Kiper,26,"Rp1,74Mlyr.",1740000000,2026-03-09
Thirawooth Sruanson,Lamphun Warriors,Thailand,Kiper,31,"Rp1,30Mlyr.",1300000000,2026-03-09
Aly Cissokho,Lamphun Warriors,Thailand,Bek-Tengah,22,"Rp1,74Mlyr.",1740000000,2026-03-09
Charlie Clough,Lamphun Warriors,Thailand,Bek-Tengah,23,"Rp1,74Mlyr.",1740000000,2026-03-09
Jonas Schwabe,Lamphun Warriors,Thailand,Bek-Tengah,0,"Rp1,30Mlyr.",1300000000,2026-03-09
Noppol Kerdkaew,Lamphun Warriors,Thailand,Bek-Tengah,24,"Rp1,30Mlyr.",1300000000,2026-03-09
Todsapol Lated,Lamphun Warriors,Thailand,Bek-Tengah,0,"Rp869,08Jt.",869080000,2026-03-09
Wittaya Moonwong,Lamphun Warriors,Thailand,Bek-Kiri,0,"Rp1,74Mlyr.",1740000000,2026-03-09
Suriya Singmui,Lamphun Warriors,Thailand,Bek-Kiri,30,"Rp1,74Mlyr.",1740000000,2026-03-09
Dominik Schad,Lamphun Warriors,Thailand,Bek-Kanan,0,"Rp4,78Mlyr.",4780000000,2026-03-09
Nuttee Noiwilai,Lamphun Warriors,Thailand,Bek-Kanan,27,"Rp2,17Mlyr.",2170000000,2026-03-09
Tossaporn Chuchin,Lamphun Warriors,Thailand,Bek-Kanan,21,"Rp1,30Mlyr.",1300000000,2026-03-09
Tanakorn Navanich,Lamphun Warriors,Thailand,Bek-Kanan,0,"Rp869,08Jt.",869080000,2026-03-09
Teerawut Churok,Lamphun Warriors,Thailand,Gel. Bertahan,0,"Rp1,74Mlyr.",1740000000,2026-03-09
Akarapong Pumwisat,Lamphun Warriors,Thailand,Gel. Tengah,0,"Rp4,35Mlyr.",4350000000,2026-03-09
Ralph,Lamphun Warriors,Thailand,Gel. Tengah,17,"Rp4,35Mlyr.",4350000000,2026-03-09
Oskari Kekkonen,Lamphun Warriors,Thailand,Gel. Tengah,0,"Rp2,17Mlyr.",2170000000,2026-03-09
Baworn Tapla,Lamphun Warriors,Thailand,Gel. Tengah,32,"Rp869,08Jt.",869080000,2026-03-09
Mohammed Osman,Lamphun Warriors,Thailand,Gel. Serang,0,"Rp6,08Mlyr.",6080000000,2026-03-09
Anan Yodsangwal,Lamphun Warriors,Thailand,Sayap Kiri,0,"Rp5,21Mlyr.",5210000000,2026-03-09
Tawan Khotrsupho,Lamphun Warriors,Thailand,Sayap Kiri,19,"Rp1,30Mlyr.",1300000000,2026-03-09
Surat Suriyachai,Lamphun Warriors,Thailand,Sayap Kanan,25,"Rp1,30Mlyr.",1300000000,2026-03-09
Peniel Mlapa,Lamphun Warriors,Thailand,Depan-Tengah,18,"Rp3,48Mlyr.",3480000000,2026-03-09
Willen Mota,Lamphun Warriors,Thailand,Depan-Tengah,29,"Rp3,04Mlyr.",3040000000,2026-03-09
Kenshiro Daniels,Lamphun Warriors,Thailand,Depan-Tengah,0,"Rp2,17Mlyr.",2170000000,2026-03-09
Somporn Yos,Port FC,Thailand,Kiper,0,"Rp2,61Mlyr.",2610000000,2026-03-09
Michael Falkesgaard,Port FC,Thailand,Kiper,0,"Rp1,30Mlyr.",1300000000,2026-03-09
Sarawut Konglap,Port FC,Thailand,Kiper,35,-,0,2026-03-09
Rangsiman Kemmueang,Port FC,Thailand,Kiper,40,-,0,2026-03-09
Matheus Lins,Port FC,Thailand,Bek-Tengah,0,"Rp6,08Mlyr.",6080000000,2026-03-09
Irfan Fandi,Port FC,Thailand,Bek-Tengah,17,"Rp4,35Mlyr.",4350000000,2026-03-09
Peerawat Akkratum,Port FC,Thailand,Bek-Tengah,36,"Rp3,48Mlyr.",3480000000,2026-03-09
Chinnawat Wongchai,Port FC,Thailand,Bek-Tengah,16,"Rp1,74Mlyr.",1740000000,2026-03-09
Rebin Sulaka,Port FC,Thailand,Bek-Tengah,22,"Rp1,74Mlyr.",1740000000,2026-03-09
Chaiyawat Buran,Port FC,Thailand,Bek-Kiri,26,"Rp2,61Mlyr.",2610000000,2026-03-09
Hugo Boutsingkham,Port FC,Thailand,Bek-Kiri,23,"Rp1,30Mlyr.",1300000000,2026-03-09
Asnawi Mangkualam,Port FC,Thailand,Bek-Kanan,0,"Rp7,82Mlyr.",7820000000,2026-03-09
Suphanan Bureerat,Port FC,Thailand,Bek-Kanan,0,"Rp4,35Mlyr.",4350000000,2026-03-09
Noboru Shimura,Port FC,Thailand,Gel. Bertahan,33,"Rp5,21Mlyr.",5210000000,2026-03-09
Tanaboon Kesarat,Port FC,Thailand,Gel. Bertahan,0,"Rp2,61Mlyr.",2610000000,2026-03-09
Sittha Boonlha,Port FC,Thailand,Gel. Bertahan,0,"Rp2,17Mlyr.",2170000000,2026-03-09
Peeradol Chamrasamee,Port FC,Thailand,Gel. Tengah,0,"Rp4,35Mlyr.",4350000000,2026-03-09
Worachit Kanitsribumphen,Port FC,Thailand,Gel. Serang,44,"Rp6,08Mlyr.",6080000000,2026-03-09
Sivakorn Tiatrakul,Port FC,Thailand,Gel. Serang,21,"Rp3,48Mlyr.",3480000000,2026-03-09
Chanukan Karin,Port FC,Thailand,Gel. Serang,0,"Rp2,61Mlyr.",2610000000,2026-03-09
Athit Berg,Port FC,Thailand,Gel. Serang,0,"Rp2,61Mlyr.",2610000000,2026-03-09
Tanapat Hongkhiao,Port FC,Thailand,Gel. Serang,30,-,0,2026-03-09
Bordin Phala,Port FC,Thailand,Sayap Kiri,0,"Rp6,95Mlyr.",6950000000,2026-03-09
Kaká Mendes,Port FC,Thailand,Sayap Kiri,0,"Rp3,48Mlyr.",3480000000,2026-03-09
Natthakit Phosri,Port FC,Thailand,Sayap Kiri,38,"Rp869,08Jt.",869080000,2026-03-09
Lucas Tocantins,Port FC,Thailand,Sayap Kanan,27,"Rp3,04Mlyr.",3040000000,2026-03-09
Teerasak Poeiphimai,Port FC,Thailand,Depan-Tengah,0,"Rp7,82Mlyr.",7820000000,2026-03-09
Brayan Perea,Port FC,Thailand,Depan-Tengah,18,"Rp6,08Mlyr.",6080000000,2026-03-09
Leo Kalil,Port FC,Thailand,Depan-Tengah,0,"Rp2,17Mlyr.",2170000000,2026-03-09
Kevin Ray Mendoza,Chonburi FC,Thailand,Kiper,0,"Rp5,21Mlyr.",5210000000,2026-03-09
Noppakun Kadtoon,Chonburi FC,Thailand,Kiper,0,"Rp2,17Mlyr.",2170000000,2026-03-09
Thanawat Panthong,Chonburi FC,Thailand,Kiper,0,"Rp434,54Jt.",434540000,2026-03-09
Siwat Chomphooviset,Chonburi FC,Thailand,Kiper,0,-,0,2026-03-09
Ratchanon Phoonpatanasab,Chonburi FC,Thailand,Bek,0,-,0,2026-03-09
Jefferson Tabinas,Chonburi FC,Thailand,Bek-Tengah,0,"Rp5,21Mlyr.",5210000000,2026-03-09
Kike Linares,Chonburi FC,Thailand,Bek-Tengah,0,"Rp2,61Mlyr.",2610000000,2026-03-09
Nattapong Sayriya,Chonburi FC,Thailand,Bek-Tengah,37,"Rp2,17Mlyr.",2170000000,2026-03-09
Jorge Fellipe,Chonburi FC,Thailand,Bek-Tengah,0,"Rp1,74Mlyr.",1740000000,2026-03-09
Chatmongkol Rueangthanarot,Chonburi FC,Thailand,Bek-Kiri,0,"Rp2,61Mlyr.",2610000000,2026-03-09
Kittipong Sansanit,Chonburi FC,Thailand,Bek-Kiri,0,"Rp1,74Mlyr.",1740000000,2026-03-09
Thanphisit Peanksikum,Chonburi FC,Thailand,Bek-Kiri,0,-,0,2026-03-09
Wathanyu Nairatsami,Chonburi FC,Thailand,Bek-Kiri,0,-,0,2026-03-09
Santiphap Channgom,Chonburi FC,Thailand,Bek-Kanan,23,"Rp3,48Mlyr.",3480000000,2026-03-09
Thanaset Sujarit,Chonburi FC,Thailand,Bek-Kanan,36,"Rp1,74Mlyr.",1740000000,2026-03-09
Suksan Bunta,Chonburi FC,Thailand,Bek-Kanan,20,"Rp869,08Jt.",869080000,2026-03-09
Nattanan Biesamrit,Chonburi FC,Thailand,Gel. Bertahan,30,"Rp2,61Mlyr.",2610000000,2026-03-09
Richmond Darko,Chonburi FC,Thailand,Gel. Bertahan,28,"Rp1,30Mlyr.",1300000000,2026-03-09
Pathomchai Seaisakul,Chonburi FC,Thailand,Gel. Bertahan,31,"Rp869,08Jt.",869080000,2026-03-09
Tanakon Pinkaew,Chonburi FC,Thailand,Gelandang,0,-,0,2026-03-09
Queven,Chonburi FC,Thailand,Gel. Tengah,0,"Rp4,35Mlyr.",4350000000,2026-03-09
Rachata Moraksa,Chonburi FC,Thailand,Gel. Tengah,32,"Rp1,74Mlyr.",1740000000,2026-03-09
Chayathorn Tapsuvanavon,Chonburi FC,Thailand,Gel. Tengah,0,"Rp1,74Mlyr.",1740000000,2026-03-09
Channarong Promsrikaew,Chonburi FC,Thailand,Gel. Serang,0,"Rp4,35Mlyr.",4350000000,2026-03-09
Estefano Arango,Chonburi FC,Thailand,Sayap Kiri,19,"Rp2,61Mlyr.",2610000000,2026-03-09
Abo Eisa,Chonburi FC,Thailand,Sayap Kanan,0,"Rp4,35Mlyr.",4350000000,2026-03-09
Siraphop Wandee,Chonburi FC,Thailand,Sayap Kanan,21,"Rp1,30Mlyr.",1300000000,2026-03-09
Oege-Sietse van Lingen,Chonburi FC,Thailand,Depan-Tengah,0,"Rp5,21Mlyr.",5210000000,2026-03-09
Jonathan Bolingi,Chonburi FC,Thailand,Depan-Tengah,17,"Rp4,35Mlyr.",4350000000,2026-03-09
Yotsakon Burapha,Chonburi FC,Thailand,Depan-Tengah,0,"Rp1,74Mlyr.",1740000000,2026-03-09
Adisak Kraisorn,Chonburi FC,Thailand,Depan-Tengah,0,"Rp1,74Mlyr.",1740000000,2026-03-09
Kalamullah Al-Hafiz,Selangor FC,Malaysia,Kiper,33,"Rp4,78Mlyr.",4780000000,2026-03-09
Sikh Izhan Nazrel,Selangor FC,Malaysia,Kiper,31,"Rp3,48Mlyr.",3480000000,2026-03-09
Azim Al-Amin,Selangor FC,Malaysia,Kiper,20,"Rp1,74Mlyr.",1740000000,2026-03-09
Mamadou Diarra,Selangor FC,Malaysia,Bek-Tengah,0,"Rp10,43Mlyr.",10430000000,2026-03-09
Harith Haiqal,Selangor FC,Malaysia,Bek-Tengah,0,"Rp4,78Mlyr.",4780000000,2026-03-09
Richmond Tetteh Ankrah,Selangor FC,Malaysia,Bek-Tengah,0,"Rp4,35Mlyr.",4350000000,2026-03-09
Mohammad Abualnadi,Selangor FC,Malaysia,Bek-Tengah,0,"Rp3,91Mlyr.",3910000000,2026-03-09
Sharul Nazeem,Selangor FC,Malaysia,Bek-Tengah,44,"Rp3,91Mlyr.",3910000000,2026-03-09
Safuwan Baharudin,Selangor FC,Malaysia,Bek-Tengah,21,"Rp2,17Mlyr.",2170000000,2026-03-09
Moses Raj,Selangor FC,Malaysia,Bek-Tengah,22,-,0,2026-03-09
Fazly Mazlan,Selangor FC,Malaysia,Bek-Kiri,0,"Rp2,17Mlyr.",2170000000,2026-03-09
Quentin Cheng,Selangor FC,Malaysia,Bek-Kanan,0,"Rp5,65Mlyr.",5650000000,2026-03-09
Zikri Khalili,Selangor FC,Malaysia,Bek-Kanan,0,"Rp3,04Mlyr.",3040000000,2026-03-09
Raimi Shamsul,Selangor FC,Malaysia,Bek-Kanan,32,-,0,2026-03-09
Mahamé Siby,Selangor FC,Malaysia,Gel. Bertahan,0,"Rp4,78Mlyr.",4780000000,2026-03-09
Muhammad Abu Khalil,Selangor FC,Malaysia,Gel. Bertahan,28,"Rp1,30Mlyr.",1300000000,2026-03-09
Noor Al-Rawabdeh,Selangor FC,Malaysia,Gel. Tengah,0,"Rp7,82Mlyr.",7820000000,2026-03-09
Nooa Laine,Selangor FC,Malaysia,Gel. Tengah,0,"Rp6,08Mlyr.",6080000000,2026-03-09
Mukhairi Ajmal,Selangor FC,Malaysia,Gel. Tengah,0,"Rp3,04Mlyr.",3040000000,2026-03-09
Alex Agyarkwa,Selangor FC,Malaysia,Gel. Tengah,24,"Rp3,04Mlyr.",3040000000,2026-03-09
Aliff Haiqal,Selangor FC,Malaysia,Gel. Tengah,0,"Rp3,04Mlyr.",3040000000,2026-03-09
Syahir Bashah,Selangor FC,Malaysia,Gel. Tengah,43,"Rp2,17Mlyr.",2170000000,2026-03-09
Seung-min Jeon,Selangor FC,Malaysia,Gel. Tengah,19,"Rp1,74Mlyr.",1740000000,2026-03-09
Danish Iskandar,Selangor FC,Malaysia,Gel. Tengah,39,-,0,2026-03-09
Hugo Boumous,Selangor FC,Malaysia,Gel. Serang,0,"Rp12,17Mlyr.",12170000000,2026-03-09
Aliff Izwan,Selangor FC,Malaysia,Gel. Serang,0,"Rp2,61Mlyr.",2610000000,2026-03-09
Faisal Halim,Selangor FC,Malaysia,Sayap Kiri,0,"Rp6,08Mlyr.",6080000000,2026-03-09
Ji-ho Kim,Selangor FC,Malaysia,Sayap Kiri,17,"Rp1,30Mlyr.",1300000000,2026-03-09
Alvin Fortes,Selangor FC,Malaysia,Sayap Kanan,0,"Rp6,95Mlyr.",6950000000,2026-03-09
Vitor Pernambuco,Selangor FC,Malaysia,Sayap Kanan,0,"Rp1,74Mlyr.",1740000000,2026-03-09
Harry Danish,Selangor FC,Malaysia,Sayap Kanan,42,"Rp869,08Jt.",869080000,2026-03-09
Chrigor Moraes,Selangor FC,Malaysia,Depan-Tengah,0,"Rp13,91Mlyr.",13910000000,2026-03-09
Zarif Irfan,Immigration FC,Malaysia,Kiper,0,"Rp2,61Mlyr.",2610000000,2026-03-09
Shaiful Wazizi,Immigration FC,Malaysia,Kiper,35,"Rp434,54Jt.",434540000,2026-03-09
Farhan Abdul Majid,Immigration FC,Malaysia,Kiper,43,"Rp173,82Jt.",173820000,2026-03-09
Amirali Chegini,Immigration FC,Malaysia,Bek-Tengah,0,"Rp4,35Mlyr.",4350000000,2026-03-09
Milani,Immigration FC,Malaysia,Bek-Tengah,0,"Rp1,30Mlyr.",1300000000,2026-03-09
Loqman Hakim,Immigration FC,Malaysia,Bek-Tengah,0,"Rp1,30Mlyr.",1300000000,2026-03-09
Nicholas Swirad,Immigration FC,Malaysia,Bek-Tengah,16,"Rp1,30Mlyr.",1300000000,2026-03-09
Farid Nezal,Immigration FC,Malaysia,Bek-Tengah,0,"Rp1,30Mlyr.",1300000000,2026-03-09
Hanafie Tokyo,Immigration FC,Malaysia,Bek-Tengah,22,"Rp434,54Jt.",434540000,2026-03-09
Keron Ornchaiyaphum,Immigration FC,Malaysia,Bek-Kiri,0,"Rp2,17Mlyr.",2170000000,2026-03-09
Azmeer Aris,Immigration FC,Malaysia,Bek-Kiri,37,"Rp434,54Jt.",434540000,2026-03-09
Aiman Yusni,Immigration FC,Malaysia,Bek-Kanan,0,"Rp2,17Mlyr.",2170000000,2026-03-09
Rizal Ghazali,Immigration FC,Malaysia,Bek-Kanan,0,"Rp2,17Mlyr.",2170000000,2026-03-09
Heshamudin Ahmad,Immigration FC,Malaysia,Bek-Kanan,30,"Rp173,82Jt.",173820000,2026-03-09
Pedro Santos,Immigration FC,Malaysia,Gel. Bertahan,0,"Rp1,30Mlyr.",1300000000,2026-03-09
Zulfahmi Arifin,Immigration FC,Malaysia,Gel. Bertahan,23,"Rp869,08Jt.",869080000,2026-03-09
Fadzrul Danel,Immigration FC,Malaysia,Gel. Tengah,20,"Rp2,61Mlyr.",2610000000,2026-03-09
Halim Saari,Immigration FC,Malaysia,Gel. Tengah,18,"Rp1,74Mlyr.",1740000000,2026-03-09
Mior Dani,Immigration FC,Malaysia,Gel. Tengah,19,"Rp1,30Mlyr.",1300000000,2026-03-09
Eduardo Sosa,Immigration FC,Malaysia,Gel. Serang,0,"Rp4,78Mlyr.",4780000000,2026-03-09
Nik Akif,Immigration FC,Malaysia,Gel. Serang,33,"Rp3,04Mlyr.",3040000000,2026-03-09
Rafael Holstein,Immigration FC,Malaysia,Gel. Serang,25,"Rp1,30Mlyr.",1300000000,2026-03-09
Fayadh Zulkifi,Immigration FC,Malaysia,Sayap Kiri,21,"Rp2,61Mlyr.",2610000000,2026-03-09
Syahmi Shamsudin,Immigration FC,Malaysia,Sayap Kiri,27,"Rp434,54Jt.",434540000,2026-03-09
Elvis Kamsoba,Immigration FC,Malaysia,Sayap Kanan,0,"Rp3,48Mlyr.",3480000000,2026-03-09
Nur Azfar Fikri,Immigration FC,Malaysia,Sayap Kanan,0,"Rp3,04Mlyr.",3040000000,2026-03-09
Nik Sharif Haseefy,Immigration FC,Malaysia,Sayap Kanan,0,"Rp1,30Mlyr.",1300000000,2026-03-09
Al-Hafiz Harun,Immigration FC,Malaysia,Sayap Kanan,0,"Rp1,30Mlyr.",1300000000,2026-03-09
João Pedro,Immigration FC,Malaysia,Depan-Tengah,0,"Rp3,91Mlyr.",3910000000,2026-03-09
Wilmar Jordán Gil,Immigration FC,Malaysia,Depan-Tengah,0,"Rp3,04Mlyr.",3040000000,2026-03-09
Babacar Gueye,Immigration FC,Malaysia,Depan-Tengah,24,-,0,2026-03-09
Haziq Nadzli,Kuching City,Malaysia,Kiper,20,"Rp4,78Mlyr.",4780000000,2026-03-09
Wan Azraie,Kuching City,Malaysia,Kiper,39,"Rp434,54Jt.",434540000,2026-03-09
Shahril Sa'ari,Kuching City,Malaysia,Kiper,0,"Rp434,54Jt.",434540000,2026-03-09
Syafie Mursalim,Kuching City,Malaysia,Kiper,0,-,0,2026-03-09
Yuki Tanigawa,Kuching City,Malaysia,Bek-Tengah,0,"Rp5,21Mlyr.",5210000000,2026-03-09
Rodney Celvin,Kuching City,Malaysia,Bek-Tengah,0,"Rp3,48Mlyr.",3480000000,2026-03-09
James Okwuosa,Kuching City,Malaysia,Bek-Tengah,35,"Rp1,30Mlyr.",1300000000,2026-03-09
Yohanis Daniel,Kuching City,Malaysia,Bek-Tengah,0,-,0,2026-03-09
Scott Woods,Kuching City,Malaysia,Bek-Kiri,0,"Rp3,04Mlyr.",3040000000,2026-03-09
Arif Fadzilah,Kuching City,Malaysia,Bek-Kiri,0,"Rp3,04Mlyr.",3040000000,2026-03-09
Filemon Anyie,Kuching City,Malaysia,Bek-Kiri,27,"Rp1,74Mlyr.",1740000000,2026-03-09
Gabriel Palmero,Kuching City,Malaysia,Bek-Kiri,33,-,0,2026-03-09
Jimmy Raymond,Kuching City,Malaysia,Bek-Kanan,0,"Rp3,91Mlyr.",3910000000,2026-03-09
Ariff Farhan,Kuching City,Malaysia,Bek-Kanan,23,"Rp3,48Mlyr.",3480000000,2026-03-09
Moses Atede,Kuching City,Malaysia,Gel. Bertahan,25,"Rp6,08Mlyr.",6080000000,2026-03-09
Danial Amier,Kuching City,Malaysia,Gel. Tengah,21,"Rp3,04Mlyr.",3040000000,2026-03-09
Petrus Shitembi,Kuching City,Malaysia,Gel. Tengah,0,"Rp2,17Mlyr.",2170000000,2026-03-09
Alif Hassan,Kuching City,Malaysia,Gel. Tengah,44,"Rp2,17Mlyr.",2170000000,2026-03-09
Diego Baggio,Kuching City,Malaysia,Gel. Tengah,0,"Rp1,74Mlyr.",1740000000,2026-03-09
Ahmed Israiwah,Kuching City,Malaysia,Gel. Serang,0,"Rp3,91Mlyr.",3910000000,2026-03-09
Wesley Azcang Milkias,Kuching City,Malaysia,Gel. Serang,0,-,0,2026-03-09
Ramadhan Saifullah,Kuching City,Malaysia,Sayap Kiri,0,"Rp3,91Mlyr.",3910000000,2026-03-09
Zharmien Ashraf,Kuching City,Malaysia,Sayap Kiri,29,-,0,2026-03-09
Danial Asri,Kuching City,Malaysia,Sayap Kanan,17,"Rp2,61Mlyr.",2610000000,2026-03-09
João Pedro,Kuching City,Malaysia,Sayap Kanan,22,"Rp2,61Mlyr.",2610000000,2026-03-09
Zahrul Zulkeflee,Kuching City,Malaysia,Sayap Kanan,0,"Rp1,74Mlyr.",1740000000,2026-03-09
Amir Amri Salleh,Kuching City,Malaysia,Sayap Kanan,0,"Rp869,08Jt.",869080000,2026-03-09
Jordan Mintah,Kuching City,Malaysia,Depan-Tengah,28,"Rp4,78Mlyr.",4780000000,2026-03-09
Jerome Mpacko Etame,Kuching City,Malaysia,Depan-Tengah,0,"Rp2,61Mlyr.",2610000000,2026-03-09
Ronald Ngah,Kuching City,Malaysia,Depan-Tengah,18,"Rp2,61Mlyr.",2610000000,2026-03-09
Gabriel Nistelrooy,Kuching City,Malaysia,Depan-Tengah,19,"Rp869,08Jt.",869080000,2026-03-09
Hazwan Bakri,Kuching City,Malaysia,Depan-Tengah,0,"Rp434,54Jt.",434540000,2026-03-09
Quincy Kammeraad,Kuala Lumpur City FC,Malaysia,Kiper,0,"Rp3,48Mlyr.",3480000000,2026-03-09
Hafizul Hakim,Kuala Lumpur City FC,Malaysia,Kiper,22,"Rp1,30Mlyr.",1300000000,2026-03-09
Asyraaf Omar,Kuala Lumpur City FC,Malaysia,Kiper,30,-,0,2026-03-09
Giancarlo Gallifuoco,Kuala Lumpur City FC,Malaysia,Bek-Tengah,0,"Rp5,21Mlyr.",5210000000,2026-03-09
Dmytro Lytvyn,Kuala Lumpur City FC,Malaysia,Bek-Tengah,0,"Rp4,78Mlyr.",4780000000,2026-03-09
Adam Nor Azlin,Kuala Lumpur City FC,Malaysia,Bek-Tengah,0,"Rp3,04Mlyr.",3040000000,2026-03-09
Declan Lambert,Kuala Lumpur City FC,Malaysia,Bek-Kiri,0,"Rp4,78Mlyr.",4780000000,2026-03-09
Syazwan Andik,Kuala Lumpur City FC,Malaysia,Bek-Kiri,23,"Rp2,17Mlyr.",2170000000,2026-03-09
Kamal Azizi,Kuala Lumpur City FC,Malaysia,Bek-Kanan,0,"Rp3,04Mlyr.",3040000000,2026-03-09
Azrif Nasrulhaq,Kuala Lumpur City FC,Malaysia,Bek-Kanan,20,"Rp1,30Mlyr.",1300000000,2026-03-09
Kenny Pallraj,Kuala Lumpur City FC,Malaysia,Gel. Bertahan,21,"Rp2,61Mlyr.",2610000000,2026-03-09
Ryan Lambert,Kuala Lumpur City FC,Malaysia,Gel. Tengah,0,"Rp4,78Mlyr.",4780000000,2026-03-09
Zhafri Yahya,Kuala Lumpur City FC,Malaysia,Gel. Tengah,0,"Rp4,35Mlyr.",4350000000,2026-03-09
Gorka Larrucea,Kuala Lumpur City FC,Malaysia,Gel. Tengah,24,"Rp3,48Mlyr.",3480000000,2026-03-09
Amirul Aiman,Kuala Lumpur City FC,Malaysia,Gel. Tengah,34,"Rp434,54Jt.",434540000,2026-03-09
Madger Gomes,Kuala Lumpur City FC,Malaysia,Gel. Tengah,0,-,0,2026-03-09
Víctor Ruiz,Kuala Lumpur City FC,Malaysia,Gel. Serang,0,"Rp3,04Mlyr.",3040000000,2026-03-09
Fazrul Amir,Kuala Lumpur City FC,Malaysia,Sayap Kiri,17,"Rp2,17Mlyr.",2170000000,2026-03-09
Nicolao Cardoso,Kuala Lumpur City FC,Malaysia,Sayap Kiri,0,"Rp2,17Mlyr.",2170000000,2026-03-09
Enzo Cora,Kuala Lumpur City FC,Malaysia,Sayap Kiri,0,"Rp434,54Jt.",434540000,2026-03-09
Safawi Rasid,Kuala Lumpur City FC,Malaysia,Sayap Kanan,0,"Rp5,21Mlyr.",5210000000,2026-03-09
S. Sharvin,Kuala Lumpur City FC,Malaysia,Sayap Kanan,0,"Rp869,08Jt.",869080000,2026-03-09
Kpah Sherman,Kuala Lumpur City FC,Malaysia,Depan-Tengah,0,"Rp3,91Mlyr.",3910000000,2026-03-09
Paulo Josué,Kuala Lumpur City FC,Malaysia,Depan-Tengah,28,"Rp3,48Mlyr.",3480000000,2026-03-09
Suhaimi Husin,Terengganu FC,Malaysia,Kiper,38,"Rp2,61Mlyr.",2610000000,2026-03-09
Rahadiazli Rahalim,Terengganu FC,Malaysia,Kiper,0,"Rp1,74Mlyr.",1740000000,2026-03-09
Syed Nasrulhaq,Terengganu FC,Malaysia,Kiper,29,"Rp1,30Mlyr.",1300000000,2026-03-09
Nazul Izamil,Terengganu FC,Malaysia,Kiper,28,-,0,2026-03-09
Shahrul Nizam Ros Hasni,Terengganu FC,Malaysia,Bek-Tengah,0,"Rp4,78Mlyr.",4780000000,2026-03-09
Kyaw Min Oo,Terengganu FC,Malaysia,Bek-Tengah,23,"Rp4,78Mlyr.",4780000000,2026-03-09
Diego Landis,Terengganu FC,Malaysia,Bek-Tengah,0,"Rp4,35Mlyr.",4350000000,2026-03-09
Safwan Mazlan,Terengganu FC,Malaysia,Bek-Tengah,24,"Rp4,35Mlyr.",4350000000,2026-03-09
Ubaidullah Shamsul,Terengganu FC,Malaysia,Bek-Tengah,0,"Rp3,91Mlyr.",3910000000,2026-03-09
Alif Zakaria,Terengganu FC,Malaysia,Bek-Kiri,25,"Rp3,48Mlyr.",3480000000,2026-03-09
Faris Rifqi,Terengganu FC,Malaysia,Bek-Kiri,0,"Rp869,08Jt.",869080000,2026-03-09
Hairiey Hakim Mamat,Terengganu FC,Malaysia,Bek-Kiri,22,"Rp434,54Jt.",434540000,2026-03-09
Azam Azmi,Terengganu FC,Malaysia,Bek-Kanan,0,"Rp5,21Mlyr.",5210000000,2026-03-09
Saiful Jamaluddin,Terengganu FC,Malaysia,Gel. Bertahan,33,"Rp2,17Mlyr.",2170000000,2026-03-09
Syafiq Danial Romzi,Terengganu FC,Malaysia,Gel. Bertahan,21,-,0,2026-03-09
Danial Mohd Nor,Terengganu FC,Malaysia,Gel. Bertahan,0,-,0,2026-03-09
Ekhson Pandzhshanbe,Terengganu FC,Malaysia,Gel. Tengah,0,"Rp10,43Mlyr.",10430000000,2026-03-09
Akram Mahinan,Terengganu FC,Malaysia,Gel. Tengah,0,"Rp2,17Mlyr.",2170000000,2026-03-09
Careca,Terengganu FC,Malaysia,Gel. Serang,26,"Rp3,48Mlyr.",3480000000,2026-03-09
Engku Shakir,Terengganu FC,Malaysia,Gel. Serang,17,"Rp2,17Mlyr.",2170000000,2026-03-09
Shervoni Mabatshoev,Terengganu FC,Malaysia,Sayap Kiri,0,"Rp6,08Mlyr.",6080000000,2026-03-09
Akhyar Rashid,Terengganu FC,Malaysia,Sayap Kiri,0,"Rp4,78Mlyr.",4780000000,2026-03-09
Baqiuddin Shamsudin,Terengganu FC,Malaysia,Sayap Kanan,0,"Rp3,04Mlyr.",3040000000,2026-03-09
Khala'if Naskam,Terengganu FC,Malaysia,Sayap Kanan,0,"Rp869,08Jt.",869080000,2026-03-09
Azziq Zahazani,Terengganu FC,Malaysia,Sayap Kanan,0,-,0,2026-03-09
Yann Mabella,Terengganu FC,Malaysia,Depan-Tengah,0,"Rp5,21Mlyr.",5210000000,2026-03-09
Haqimi Azim,Terengganu FC,Malaysia,Depan-Tengah,37,"Rp3,91Mlyr.",3910000000,2026-03-09
Gervane Kastaneer,Terengganu FC,Malaysia,Depan-Tengah,0,"Rp3,04Mlyr.",3040000000,2026-03-09
Junior Ngong Sam,Terengganu FC,Malaysia,Depan-Tengah,19,"Rp1,74Mlyr.",1740000000,2026-03-09
Syahmi Zamri,Terengganu FC,Malaysia,Depan-Tengah,0,"Rp1,74Mlyr.",1740000000,2026-03-09
Haimie Nyaring,Brunei DPMM FC,Malaysia,Kiper,0,"Rp1,30Mlyr.",1300000000,2026-03-09
Ishyra Asmin,Brunei DPMM FC,Malaysia,Kiper,25,"Rp434,54Jt.",434540000,2026-03-09
Michel,Brunei DPMM FC,Malaysia,Kiper,24,"Rp173,82Jt.",173820000,2026-03-09
Amani Aguinaldo,Brunei DPMM FC,Malaysia,Bek-Tengah,0,"Rp3,04Mlyr.",3040000000,2026-03-09
Yura Indera Putera,Brunei DPMM FC,Malaysia,Bek-Tengah,23,"Rp1,74Mlyr.",1740000000,2026-03-09
Nur Ikhwan Othman,Brunei DPMM FC,Malaysia,Bek-Tengah,19,"Rp1,30Mlyr.",1300000000,2026-03-09
Jordan,Brunei DPMM FC,Malaysia,Bek-Tengah,0,"Rp869,08Jt.",869080000,2026-03-09
Hanif Hamir,Brunei DPMM FC,Malaysia,Bek-Tengah,0,"Rp434,54Jt.",434540000,2026-03-09
Tommy Mawat,Brunei DPMM FC,Malaysia,Bek-Kiri,0,"Rp3,04Mlyr.",3040000000,2026-03-09
Najib Tarif,Brunei DPMM FC,Malaysia,Bek-Kiri,0,"Rp434,54Jt.",434540000,2026-03-09
Fairuz Zakaria,Brunei DPMM FC,Malaysia,Bek-Kanan,18,"Rp3,04Mlyr.",3040000000,2026-03-09
Nazry Azaman,Brunei DPMM FC,Malaysia,Bek-Kanan,21,"Rp1,30Mlyr.",1300000000,2026-03-09
Syafiq Safiuddin Shariff,Brunei DPMM FC,Malaysia,Bek-Kanan,0,"Rp869,08Jt.",869080000,2026-03-09
Martin Haddy,Brunei DPMM FC,Malaysia,Bek-Kanan,0,-,0,2026-03-09
Prosper Boakye Owusu,Brunei DPMM FC,Malaysia,Gel. Bertahan,20,"Rp2,61Mlyr.",2610000000,2026-03-09
Azwan Ali Rahman,Brunei DPMM FC,Malaysia,Gel. Tengah,0,"Rp869,08Jt.",869080000,2026-03-09
Abdul Hariz,Brunei DPMM FC,Malaysia,Gel. Tengah,16,"Rp869,08Jt.",869080000,2026-03-09
Hanif Farhan Azman,Brunei DPMM FC,Malaysia,Gel. Tengah,0,"Rp434,54Jt.",434540000,2026-03-09
Ibrahim Sulley,Brunei DPMM FC,Malaysia,Gel. Serang,26,-,0,2026-03-09
Hakeme Yazid Said,Brunei DPMM FC,Malaysia,Sayap Kiri,17,"Rp2,17Mlyr.",2170000000,2026-03-09
Nazirrudin Ismail,Brunei DPMM FC,Malaysia,Sayap Kiri,22,"Rp869,08Jt.",869080000,2026-03-09
Miguel Oliveira,Brunei DPMM FC,Malaysia,Sayap Kanan,0,"Rp3,48Mlyr.",3480000000,2026-03-09
Faturrahman Embran,Brunei DPMM FC,Malaysia,Sayap Kanan,0,"Rp434,54Jt.",434540000,2026-03-09
Jordan Murray,Brunei DPMM FC,Malaysia,Depan-Tengah,27,"Rp5,65Mlyr.",5650000000,2026-03-09
Ramadhan Sananta,Brunei DPMM FC,Malaysia,Depan-Tengah,0,"Rp4,78Mlyr.",4780000000,2026-03-09
Syafiq Ahmad,Brunei DPMM FC,Malaysia,Depan-Tengah,28,"Rp2,61Mlyr.",2610000000,2026-03-09
Christian Irobiso,Brunei DPMM FC,Malaysia,Depan-Tengah,30,"Rp2,61Mlyr.",2610000000,2026-03-09
Hariz Danial,Brunei DPMM FC,Malaysia,Depan-Tengah,0,"Rp434,54Jt.",434540000,2026-03-09
Syihan Hazmi,Johor Darul Ta'zim,Malaysia,Kiper,16,"Rp6,52Mlyr.",6520000000,2026-03-09
Andoni Zubiaurre,Johor Darul Ta'zim,Malaysia,Kiper,0,"Rp4,78Mlyr.",4780000000,2026-03-09
Christian Abad,Johor Darul Ta'zim,Malaysia,Kiper,0,"Rp434,54Jt.",434540000,2026-03-09
Antonio Glauder,Johor Darul Ta'zim,Malaysia,Bek-Tengah,0,"Rp11,30Mlyr.",11300000000,2026-03-09
Jon Irazábal,Johor Darul Ta'zim,Malaysia,Bek-Tengah,17,"Rp8,69Mlyr.",8690000000,2026-03-09
Jun-heong Park,Johor Darul Ta'zim,Malaysia,Bek-Tengah,0,"Rp4,78Mlyr.",4780000000,2026-03-09
Shahrul Saad,Johor Darul Ta'zim,Malaysia,Bek-Tengah,0,"Rp3,48Mlyr.",3480000000,2026-03-09
Feroz Baharudin,Johor Darul Ta'zim,Malaysia,Bek-Tengah,0,"Rp3,48Mlyr.",3480000000,2026-03-09
Eddy Israfilov,Johor Darul Ta'zim,Malaysia,Bek-Tengah,23,"Rp3,48Mlyr.",3480000000,2026-03-09
Shane Lowry,Johor Darul Ta'zim,Malaysia,Bek-Tengah,0,"Rp1,74Mlyr.",1740000000,2026-03-09
Miquel Cuesta,Johor Darul Ta'zim,Malaysia,Bek-Tengah,44,-,0,2026-03-09
Jonathan Silva,Johor Darul Ta'zim,Malaysia,Bek-Kiri,33,"Rp9,56Mlyr.",9560000000,2026-03-09
La'Vere Corbin-Ong,Johor Darul Ta'zim,Malaysia,Bek-Kiri,22,"Rp2,61Mlyr.",2610000000,2026-03-09
Matthew Davies,Johor Darul Ta'zim,Malaysia,Bek-Kanan,0,"Rp7,82Mlyr.",7820000000,2026-03-09
Raúl Parra,Johor Darul Ta'zim,Malaysia,Bek-Kanan,36,"Rp3,48Mlyr.",3480000000,2026-03-09
Syahmi Safari,Johor Darul Ta'zim,Malaysia,Bek-Kanan,0,"Rp1,30Mlyr.",1300000000,2026-03-09
Nené,Johor Darul Ta'zim,Malaysia,Gel. Bertahan,18,"Rp17,38Mlyr.",17380000000,2026-03-09
Syamer Kutty,Johor Darul Ta'zim,Malaysia,Gel. Bertahan,41,"Rp3,48Mlyr.",3480000000,2026-03-09
Hong Wan,Johor Darul Ta'zim,Malaysia,Gel. Bertahan,0,"Rp3,04Mlyr.",3040000000,2026-03-09
Ibrahim Manusi,Johor Darul Ta'zim,Malaysia,Gel. Bertahan,27,"Rp1,74Mlyr.",1740000000,2026-03-09
Nacho Méndez,Johor Darul Ta'zim,Malaysia,Gel. Tengah,28,"Rp22,60Mlyr.",22600000000,2026-03-09
Hector Hevel,Johor Darul Ta'zim,Malaysia,Gel. Tengah,0,"Rp6,08Mlyr.",6080000000,2026-03-09
Stuart Wilkin,Johor Darul Ta'zim,Malaysia,Gel. Tengah,0,"Rp6,08Mlyr.",6080000000,2026-03-09
Afiq Fazail,Johor Darul Ta'zim,Malaysia,Gel. Tengah,0,"Rp5,21Mlyr.",5210000000,2026-03-09
Nazmi Faiz,Johor Darul Ta'zim,Malaysia,Gel. Tengah,21,"Rp3,04Mlyr.",3040000000,2026-03-09
Natxo Insa,Johor Darul Ta'zim,Malaysia,Gel. Tengah,30,"Rp869,08Jt.",869080000,2026-03-09
Óscar Arribas,Johor Darul Ta'zim,Malaysia,Sayap Kiri,24,"Rp8,69Mlyr.",8690000000,2026-03-09
Teto Martín,Johor Darul Ta'zim,Malaysia,Sayap Kiri,20,"Rp7,82Mlyr.",7820000000,2026-03-09
Yago César,Johor Darul Ta'zim,Malaysia,Sayap Kiri,0,"Rp5,21Mlyr.",5210000000,2026-03-09
Enzo Lombardo,Johor Darul Ta'zim,Malaysia,Sayap Kiri,0,"Rp4,78Mlyr.",4780000000,2026-03-09
Ager Aketxe,Johor Darul Ta'zim,Malaysia,Sayap Kanan,0,"Rp13,04Mlyr.",13040000000,2026-03-09
Marcos Guilherme,Johor Darul Ta'zim,Malaysia,Sayap Kanan,0,"Rp13,04Mlyr.",13040000000,2026-03-09
Arif Aiman,Johor Darul Ta'zim,Malaysia,Sayap Kanan,42,"Rp12,17Mlyr.",12170000000,2026-03-09
Samu Castillejo,Johor Darul Ta'zim,Malaysia,Sayap Kanan,0,"Rp6,52Mlyr.",6520000000,2026-03-09
Manuel Hidalgo,Johor Darul Ta'zim,Malaysia,Sayap Kanan,0,"Rp5,65Mlyr.",5650000000,2026-03-09
Heberty,Johor Darul Ta'zim,Malaysia,Depan-Kedua,37,"Rp3,91Mlyr.",3910000000,2026-03-09
João Figueiredo,Johor Darul Ta'zim,Malaysia,Depan-Tengah,25,"Rp20,86Mlyr.",20860000000,2026-03-09
Jairo,Johor Darul Ta'zim,Malaysia,Depan-Tengah,0,"Rp13,91Mlyr.",13910000000,2026-03-09
Ajdin Mujagic,Johor Darul Ta'zim,Malaysia,Depan-Tengah,29,"Rp6,95Mlyr.",6950000000,2026-03-09
Bérgson,Johor Darul Ta'zim,Malaysia,Depan-Tengah,0,"Rp6,08Mlyr.",6080000000,2026-03-09
Romel Morales,Johor Darul Ta'zim,Malaysia,Depan-Tengah,19,"Rp5,65Mlyr.",5650000000,2026-03-09
Celso Bermejo,Johor Darul Ta'zim,Malaysia,Depan-Tengah,0,-,0,2026-03-09
Ramadhan Hamid,Penang FC,Malaysia,Kiper,22,"Rp1,74Mlyr.",1740000000,2026-03-09
Khairulazhan Khalid,Penang FC,Malaysia,Kiper,0,"Rp1,30Mlyr.",1300000000,2026-03-09
Khatul Anuar,Penang FC,Malaysia,Kiper,0,"Rp434,54Jt.",434540000,2026-03-09
Ashriq Izzat,Penang FC,Malaysia,Kiper,36,-,0,2026-03-09
Stefano Brundo,Penang FC,Malaysia,Bek-Tengah,0,"Rp4,35Mlyr.",4350000000,2026-03-09
Akmal Zahir,Penang FC,Malaysia,Bek-Tengah,0,"Rp2,61Mlyr.",2610000000,2026-03-09
Khairul Akmal Rokisham,Penang FC,Malaysia,Bek-Tengah,0,"Rp2,17Mlyr.",2170000000,2026-03-09
Faith Obilor,Penang FC,Malaysia,Bek-Tengah,0,"Rp1,74Mlyr.",1740000000,2026-03-09
Aidil Wafiy,Penang FC,Malaysia,Bek-Tengah,0,-,0,2026-03-09
Adib Ra'op,Penang FC,Malaysia,Bek-Kiri,0,"Rp4,35Mlyr.",4350000000,2026-03-09
Kamil Amirul,Penang FC,Malaysia,Bek-Kanan,0,"Rp1,74Mlyr.",1740000000,2026-03-09
Ahmad Irfan,Penang FC,Malaysia,Bek-Kanan,16,"Rp1,30Mlyr.",1300000000,2026-03-09
Hasbullah Abu Bakar,Penang FC,Malaysia,Gel. Bertahan,35,"Rp3,04Mlyr.",3040000000,2026-03-09
Haziq Kutty,Penang FC,Malaysia,Gel. Bertahan,0,"Rp1,74Mlyr.",1740000000,2026-03-09
Erick Brendon,Penang FC,Malaysia,Gel. Tengah,0,"Rp4,78Mlyr.",4780000000,2026-03-09
Amirul Hisyam,Penang FC,Malaysia,Gel. Tengah,0,"Rp3,04Mlyr.",3040000000,2026-03-09
Izzat Zikri Iziruddin,Penang FC,Malaysia,Gel. Tengah,0,"Rp2,61Mlyr.",2610000000,2026-03-09
Firdaus Saiyadi,Penang FC,Malaysia,Gel. Tengah,0,"Rp2,17Mlyr.",2170000000,2026-03-09
Ruo Han,Penang FC,Malaysia,Gel. Serang,19,"Rp434,54Jt.",434540000,2026-03-09
Alif Ikmalrizal,Penang FC,Malaysia,Sayap Kiri,0,"Rp1,74Mlyr.",1740000000,2026-03-09
OJ Porteria,Penang FC,Malaysia,Sayap Kiri,0,"Rp1,30Mlyr.",1300000000,2026-03-09
Akid Zamri,Penang FC,Malaysia,Sayap Kiri,28,"Rp1,30Mlyr.",1300000000,2026-03-09
Omid Musawi,Penang FC,Malaysia,Sayap Kiri,17,"Rp434,54Jt.",434540000,2026-03-09
Syakirin Fadzli,Penang FC,Malaysia,Sayap Kiri,0,-,0,2026-03-09
Dylan Wenzel-Halls,Penang FC,Malaysia,Sayap Kanan,0,"Rp4,78Mlyr.",4780000000,2026-03-09
Shamie Iszuan,Penang FC,Malaysia,Sayap Kanan,0,"Rp2,61Mlyr.",2610000000,2026-03-09
Arif Shaqirin,Penang FC,Malaysia,Sayap Kanan,29,"Rp1,30Mlyr.",1300000000,2026-03-09
Douglas Coutinho,Penang FC,Malaysia,Depan-Tengah,32,"Rp3,48Mlyr.",3480000000,2026-03-09
Kipré Tchetche,Penang FC,Malaysia,Depan-Tengah,23,"Rp1,74Mlyr.",1740000000,2026-03-09
Bruno Suzuki,Penang FC,Malaysia,Depan-Tengah,0,"Rp1,30Mlyr.",1300000000,2026-03-09
Azri Ghani,Negeri Sembilan FC,Malaysia,Kiper,30,"Rp3,91Mlyr.",3910000000,2026-03-09
Aqil Razak,Negeri Sembilan FC,Malaysia,Kiper,22,"Rp1,74Mlyr.",1740000000,2026-03-09
Syahmi Adib,Negeri Sembilan FC,Malaysia,Kiper,0,"Rp434,54Jt.",434540000,2026-03-09
Fareez Safwan,Negeri Sembilan FC,Malaysia,Kiper,31,-,0,2026-03-09
Luis Enrique Nsue,Negeri Sembilan FC,Malaysia,Bek-Tengah,0,"Rp3,48Mlyr.",3480000000,2026-03-09
Zainal Abidin Jamil,Negeri Sembilan FC,Malaysia,Bek-Tengah,0,"Rp2,61Mlyr.",2610000000,2026-03-09
Khuzaimi Piee,Negeri Sembilan FC,Malaysia,Bek-Tengah,18,"Rp1,74Mlyr.",1740000000,2026-03-09
Filip Andersen,Negeri Sembilan FC,Malaysia,Bek-Tengah,23,"Rp1,74Mlyr.",1740000000,2026-03-09
Kei Oshiro,Negeri Sembilan FC,Malaysia,Bek-Tengah,0,-,0,2026-03-09
Harith Samsuri,Negeri Sembilan FC,Malaysia,Bek-Kiri,0,"Rp2,17Mlyr.",2170000000,2026-03-09
Azrin Afiq,Negeri Sembilan FC,Malaysia,Bek-Kiri,0,"Rp1,30Mlyr.",1300000000,2026-03-09
Ariff Ar-Rasyid,Negeri Sembilan FC,Malaysia,Bek-Kanan,28,"Rp2,61Mlyr.",2610000000,2026-03-09
Amirul Adli Azmi,Negeri Sembilan FC,Malaysia,Bek-Kanan,0,"Rp2,17Mlyr.",2170000000,2026-03-09
Anwar Ibrahim,Negeri Sembilan FC,Malaysia,Bek-Kanan,25,"Rp1,30Mlyr.",1300000000,2026-03-09
Syed Zaris Irfan,Negeri Sembilan FC,Malaysia,Bek-Kanan,0,-,0,2026-03-09
Oday Kharoub,Negeri Sembilan FC,Malaysia,Gel. Bertahan,21,"Rp3,48Mlyr.",3480000000,2026-03-09
Wai Lin Aung,Negeri Sembilan FC,Malaysia,Gel. Bertahan,0,"Rp2,61Mlyr.",2610000000,2026-03-09
Zahril Azri,Negeri Sembilan FC,Malaysia,Gel. Bertahan,0,"Rp869,08Jt.",869080000,2026-03-09
Haiqal Danish,Negeri Sembilan FC,Malaysia,Gel. Bertahan,35,"Rp434,54Jt.",434540000,2026-03-09
Yuichi Hirano,Negeri Sembilan FC,Malaysia,Gel. Tengah,24,"Rp1,74Mlyr.",1740000000,2026-03-09
Sang-su An,Negeri Sembilan FC,Malaysia,Gel. Tengah,0,"Rp1,30Mlyr.",1300000000,2026-03-09
Haiqal Haqeemi,Negeri Sembilan FC,Malaysia,Gel. Tengah,0,-,0,2026-03-09
Afiq Fitri,Negeri Sembilan FC,Malaysia,Gel. Tengah,0,-,0,2026-03-09
Takumi Sasaki,Negeri Sembilan FC,Malaysia,Gel. Serang,0,"Rp3,91Mlyr.",3910000000,2026-03-09
Jovan Motika,Negeri Sembilan FC,Malaysia,Sayap Kiri,0,"Rp3,91Mlyr.",3910000000,2026-03-09
Hakimi Abdullah,Negeri Sembilan FC,Malaysia,Sayap Kiri,17,"Rp2,17Mlyr.",2170000000,2026-03-09
Hadin Azman,Negeri Sembilan FC,Malaysia,Sayap Kiri,27,"Rp1,30Mlyr.",1300000000,2026-03-09
Anuar Ceesay,Negeri Sembilan FC,Malaysia,Sayap Kiri,29,-,0,2026-03-09
A. Selvan,Negeri Sembilan FC,Malaysia,Sayap Kanan,16,"Rp2,17Mlyr.",2170000000,2026-03-09
Mio Tsuneyasu,Negeri Sembilan FC,Malaysia,Sayap Kanan,20,"Rp1,30Mlyr.",1300000000,2026-03-09
Joseph Esso,Negeri Sembilan FC,Malaysia,Depan-Tengah,0,"Rp2,61Mlyr.",2610000000,2026-03-09
Luqman Hakim,Negeri Sembilan FC,Malaysia,Depan-Tengah,0,"Rp2,17Mlyr.",2170000000,2026-03-09
N. Javabilaarivin,Negeri Sembilan FC,Malaysia,Depan-Tengah,19,"Rp434,54Jt.",434540000,2026-03-09
Samuel Somerville,Melaka FC,Malaysia,Kiper,0,"Rp1,74Mlyr.",1740000000,2026-03-09
Haziq Aiman,Melaka FC,Malaysia,Kiper,23,"Rp1,30Mlyr.",1300000000,2026-03-09
Firdaus Irman,Melaka FC,Malaysia,Kiper,31,"Rp434,54Jt.",434540000,2026-03-09
Noel Agbre,Melaka FC,Malaysia,Bek-Tengah,33,"Rp3,91Mlyr.",3910000000,2026-03-09
Irfan Zakaria,Melaka FC,Malaysia,Bek-Tengah,17,"Rp3,04Mlyr.",3040000000,2026-03-09
Dae-yeob Gu,Melaka FC,Malaysia,Bek-Tengah,37,"Rp1,30Mlyr.",1300000000,2026-03-09
Zulkhairi Zulkeply,Melaka FC,Malaysia,Bek-Tengah,42,"Rp434,54Jt.",434540000,2026-03-09
Argzim Redzovic,Melaka FC,Malaysia,Bek-Tengah,24,-,0,2026-03-09
V. Ruventhiran,Melaka FC,Malaysia,Bek-Kiri,0,"Rp1,30Mlyr.",1300000000,2026-03-09
G. Durrkeswaran,Melaka FC,Malaysia,Bek-Kiri,19,"Rp869,08Jt.",869080000,2026-03-09
Khairul Anwar,Melaka FC,Malaysia,Bek-Kiri,25,"Rp869,08Jt.",869080000,2026-03-09
Simen Lyngbø,Melaka FC,Malaysia,Bek-Kanan,0,"Rp3,04Mlyr.",3040000000,2026-03-09
Kwang-il Park,Melaka FC,Malaysia,Bek-Kanan,0,"Rp2,17Mlyr.",2170000000,2026-03-09
Che Rashid Che Halim,Melaka FC,Malaysia,Bek-Kanan,0,"Rp1,74Mlyr.",1740000000,2026-03-09
Aroon Kumar,Melaka FC,Malaysia,Bek-Kanan,18,"Rp1,30Mlyr.",1300000000,2026-03-09
Muhamad Hafiz Johar,Melaka FC,Malaysia,Bek-Kanan,27,"Rp434,54Jt.",434540000,2026-03-09
Michael Ozor,Melaka FC,Malaysia,Gel. Bertahan,16,"Rp1,30Mlyr.",1300000000,2026-03-09
Dino Kalesic,Melaka FC,Malaysia,Gel. Tengah,20,"Rp2,17Mlyr.",2170000000,2026-03-09
Nasir Basharudin,Melaka FC,Malaysia,Gel. Tengah,0,"Rp869,08Jt.",869080000,2026-03-09
Faiz Mazlan,Melaka FC,Malaysia,Gel. Tengah,0,"Rp434,54Jt.",434540000,2026-03-09
Nizarruddin Jazi,Melaka FC,Malaysia,Gel. Tengah,0,"Rp434,54Jt.",434540000,2026-03-09
Fahmi Faizal,Melaka FC,Malaysia,Gel. Tengah,28,-,0,2026-03-09
Aiman Danish,Melaka FC,Malaysia,Sayap Kiri,0,"Rp434,54Jt.",434540000,2026-03-09
Umar Hakeem,Melaka FC,Malaysia,Sayap Kiri,26,"Rp434,54Jt.",434540000,2026-03-09
Dong-hyeon Do,Melaka FC,Malaysia,Sayap Kanan,0,"Rp1,74Mlyr.",1740000000,2026-03-09
Mahali Jasuli,Melaka FC,Malaysia,Depan-Kedua,0,-,0,2026-03-09
Shahrel Fikri,Melaka FC,Malaysia,Depan-Tengah,0,"Rp2,17Mlyr.",2170000000,2026-03-09
Azim Rahim,Melaka FC,Malaysia,Depan-Tengah,0,"Rp1,30Mlyr.",1300000000,2026-03-09
Bernard Arthur,Melaka FC,Malaysia,Depan-Tengah,0,"Rp869,08Jt.",869080000,2026-03-09
Ahmed Shamsaldin,Melaka FC,Malaysia,Depan-Tengah,0,"Rp869,08Jt.",869080000,2026-03-09
Damien Lim,Sabah FC,Malaysia,Kiper,31,"Rp3,04Mlyr.",3040000000,2026-03-09
Khairul Fahmi,Sabah FC,Malaysia,Kiper,19,"Rp1,30Mlyr.",1300000000,2026-03-09
Ramzi Mustakim,Sabah FC,Malaysia,Kiper,0,"Rp434,54Jt.",434540000,2026-03-09
Azlizan Azlan,Sabah FC,Malaysia,Kiper,25,-,0,2026-03-09
Amir Jef,Sabah FC,Malaysia,Kiper,36,-,0,2026-03-09
Dominic Tan,Sabah FC,Malaysia,Bek-Tengah,33,"Rp5,65Mlyr.",5650000000,2026-03-09
Gabriel Peres,Sabah FC,Malaysia,Bek-Tengah,0,"Rp4,35Mlyr.",4350000000,2026-03-09
Rawilson Batuil,Sabah FC,Malaysia,Bek-Tengah,0,"Rp3,04Mlyr.",3040000000,2026-03-09
José Ángel,Sabah FC,Malaysia,Bek-Tengah,0,-,0,2026-03-09
Ritchie Svenson,Sabah FC,Malaysia,Bek-Tengah,34,-,0,2026-03-09
R. Dinesh,Sabah FC,Malaysia,Bek-Kiri,0,"Rp1,30Mlyr.",1300000000,2026-03-09
Ernesto Phumipha,Sabah FC,Malaysia,Bek-Kiri,0,"Rp1,30Mlyr.",1300000000,2026-03-09
Rozacklye Yanam,Sabah FC,Malaysia,Bek-Kiri,0,-,0,2026-03-09
Dane Ingham,Sabah FC,Malaysia,Bek-Kanan,23,"Rp6,52Mlyr.",6520000000,2026-03-09
Harith Naem Jaineh,Sabah FC,Malaysia,Bek-Kanan,0,"Rp869,08Jt.",869080000,2026-03-09
Gary Steven,Sabah FC,Malaysia,Gel. Bertahan,20,"Rp1,30Mlyr.",1300000000,2026-03-09
Miguel Cifuentes,Sabah FC,Malaysia,Gel. Tengah,0,"Rp3,04Mlyr.",3040000000,2026-03-09
Dean Pelekanos,Sabah FC,Malaysia,Gel. Tengah,0,"Rp3,04Mlyr.",3040000000,2026-03-09
Fakrul Iman,Sabah FC,Malaysia,Gel. Tengah,0,"Rp434,54Jt.",434540000,2026-03-09
Rusdi Roslan,Sabah FC,Malaysia,Gel. Tengah,0,-,0,2026-03-09
Duje Ljubic,Sabah FC,Malaysia,Gel. Serang,22,"Rp2,17Mlyr.",2170000000,2026-03-09
Farhan Roslan,Sabah FC,Malaysia,Sayap Kiri,0,"Rp2,17Mlyr.",2170000000,2026-03-09
Shahrol Nizam,Sabah FC,Malaysia,Sayap Kiri,30,-,0,2026-03-09
S. Kumaahran,Sabah FC,Malaysia,Sayap Kanan,0,"Rp2,61Mlyr.",2610000000,2026-03-09
Maxsius Musa,Sabah FC,Malaysia,Sayap Kanan,27,-,0,2026-03-09
Faheed Naqqeu,Sabah FC,Malaysia,Sayap Kanan,35,-,0,2026-03-09
Chris Marlon Ondong Mba,Sabah FC,Malaysia,Depan-Tengah,0,"Rp3,48Mlyr.",3480000000,2026-03-09
Fergus Tierney,Sabah FC,Malaysia,Depan-Tengah,0,"Rp3,48Mlyr.",3480000000,2026-03-09
Jafri Firdaus Chew,Sabah FC,Malaysia,Depan-Tengah,0,"Rp3,04Mlyr.",3040000000,2026-03-09
Darren Lok,Sabah FC,Malaysia,Depan-Tengah,28,"Rp2,17Mlyr.",2170000000,2026-03-09
Azhad Harraz,Sabah FC,Malaysia,Depan-Tengah,0,"Rp1,30Mlyr.",1300000000,2026-03-09
Kervens Belfort,Sabah FC,Malaysia,Depan-Tengah,0,-,0,2026-03-09
Ifwat Akmal,PDRM FC,Malaysia,Kiper,30,"Rp1,74Mlyr.",1740000000,2026-03-09
Nor Hakeem Hamidun,PDRM FC,Malaysia,Kiper,0,"Rp1,74Mlyr.",1740000000,2026-03-09
Fahmi Ikhwan,PDRM FC,Malaysia,Kiper,28,"Rp173,82Jt.",173820000,2026-03-09
Asri Muhamad,PDRM FC,Malaysia,Kiper,20,-,0,2026-03-09
Tae-su Park,PDRM FC,Malaysia,Bek-Tengah,0,"Rp2,17Mlyr.",2170000000,2026-03-09
Badrul Affendy,PDRM FC,Malaysia,Bek-Tengah,0,"Rp1,74Mlyr.",1740000000,2026-03-09
Amir Saiful,PDRM FC,Malaysia,Bek-Kiri,19,"Rp3,04Mlyr.",3040000000,2026-03-09
Alif Naquiddin,PDRM FC,Malaysia,Bek-Kiri,26,"Rp2,61Mlyr.",2610000000,2026-03-09
Safiee Ahmad,PDRM FC,Malaysia,Bek-Kanan,32,"Rp3,04Mlyr.",3040000000,2026-03-09
Zazrir Naim,PDRM FC,Malaysia,Bek-Kanan,21,"Rp434,54Jt.",434540000,2026-03-09
Fakhrullah Yusoff,PDRM FC,Malaysia,Bek-Kanan,0,"Rp434,54Jt.",434540000,2026-03-09
Fadi Awad,PDRM FC,Malaysia,Gel. Bertahan,0,"Rp3,48Mlyr.",3480000000,2026-03-09
Eizrul Ashraf,PDRM FC,Malaysia,Gel. Tengah,34,"Rp2,17Mlyr.",2170000000,2026-03-09
Irfan Fazail,PDRM FC,Malaysia,Gel. Tengah,0,"Rp869,08Jt.",869080000,2026-03-09
Syafiq Azmi,PDRM FC,Malaysia,Gel. Tengah,16,"Rp434,54Jt.",434540000,2026-03-09
Adam Farhan Mustaffa,PDRM FC,Malaysia,Gel. Tengah,18,-,0,2026-03-09
Fakhrul Azim,PDRM FC,Malaysia,Sayap Kiri,0,"Rp2,61Mlyr.",2610000000,2026-03-09
Amirul Waie Yaacob,PDRM FC,Malaysia,Sayap Kiri,17,"Rp1,30Mlyr.",1300000000,2026-03-09
Hafiz A. Aziz,PDRM FC,Malaysia,Sayap Kiri,24,-,0,2026-03-09
Imran Samso,PDRM FC,Malaysia,Sayap Kanan,27,"Rp1,30Mlyr.",1300000000,2026-03-09
Afiq Saluddin,PDRM FC,Malaysia,Sayap Kanan,22,"Rp434,54Jt.",434540000,2026-03-09
Aiman Sufi Radzai,PDRM FC,Malaysia,Sayap Kanan,29,"Rp434,54Jt.",434540000,2026-03-09
Dick Cheny Waili,PDRM FC,Malaysia,Sayap Kanan,0,-,0,2026-03-09
Hadi Fayyadh,PDRM FC,Malaysia,Depan-Tengah,0,"Rp1,74Mlyr.",1740000000,2026-03-09
Elisha Kashim,PDRM FC,Malaysia,Depan-Tengah,0,"Rp434,54Jt.",434540000,2026-03-09
Damyan Damyanov,Kelantan The Real Warriors,Malaysia,Kiper,0,"Rp2,61Mlyr.",2610000000,2026-03-09
Azfar Arif,Kelantan The Real Warriors,Malaysia,Kiper,18,"Rp1,74Mlyr.",1740000000,2026-03-09
Fikri Che Soh,Kelantan The Real Warriors,Malaysia,Kiper,33,"Rp869,08Jt.",869080000,2026-03-09
Alexandre Yeoulé,Kelantan The Real Warriors,Malaysia,Bek-Tengah,0,"Rp4,35Mlyr.",4350000000,2026-03-09
Yohanes Kandaimu,Kelantan The Real Warriors,Malaysia,Bek-Tengah,0,"Rp1,30Mlyr.",1300000000,2026-03-09
Rakesh Munusamy,Kelantan The Real Warriors,Malaysia,Bek-Tengah,0,"Rp434,54Jt.",434540000,2026-03-09
Nik Umar Nik Aziz,Kelantan The Real Warriors,Malaysia,Bek-Tengah,0,-,0,2026-03-09
Yusuf Sesay,Kelantan The Real Warriors,Malaysia,Bek-Tengah,0,-,0,2026-03-09
Azwan Aripin,Kelantan The Real Warriors,Malaysia,Bek-Kiri,23,"Rp3,04Mlyr.",3040000000,2026-03-09
Wan Amirul Afiq,Kelantan The Real Warriors,Malaysia,Bek-Kanan,0,"Rp1,74Mlyr.",1740000000,2026-03-09
Faris Shah Rosli,Kelantan The Real Warriors,Malaysia,Bek-Kanan,0,"Rp1,30Mlyr.",1300000000,2026-03-09
Sebastian Avanzini,Kelantan The Real Warriors,Malaysia,Gel. Bertahan,0,"Rp3,04Mlyr.",3040000000,2026-03-09
Azam Azih,Kelantan The Real Warriors,Malaysia,Gel. Tengah,0,"Rp4,35Mlyr.",4350000000,2026-03-09
Habib Haroon,Kelantan The Real Warriors,Malaysia,Gel. Tengah,0,"Rp3,91Mlyr.",3910000000,2026-03-09
Albert Kang,Kelantan The Real Warriors,Malaysia,Gel. Tengah,0,"Rp3,04Mlyr.",3040000000,2026-03-09
Danial Haqim Deraman,Kelantan The Real Warriors,Malaysia,Gel. Tengah,20,"Rp869,08Jt.",869080000,2026-03-09
Asraff Aliffuddin Yasin,Kelantan The Real Warriors,Malaysia,Gel. Tengah,0,"Rp869,08Jt.",869080000,2026-03-09
Kosuke Yoshida,Kelantan The Real Warriors,Malaysia,Gel. Tengah,0,-,0,2026-03-09
Syahir Abdul Rashid,Kelantan The Real Warriors,Malaysia,Gel. Serang,25,"Rp1,30Mlyr.",1300000000,2026-03-09
T. Saravanan,Kelantan The Real Warriors,Malaysia,Sayap Kiri,26,"Rp2,61Mlyr.",2610000000,2026-03-09
Farris Izdiham,Kelantan The Real Warriors,Malaysia,Sayap Kiri,29,"Rp2,17Mlyr.",2170000000,2026-03-09
Syafik Ismail,Kelantan The Real Warriors,Malaysia,Sayap Kiri,17,"Rp1,30Mlyr.",1300000000,2026-03-09
Hein Htet Aung,Kelantan The Real Warriors,Malaysia,Sayap Kanan,30,"Rp3,91Mlyr.",3910000000,2026-03-09
Sean Selvaraj,Kelantan The Real Warriors,Malaysia,Sayap Kanan,0,"Rp1,30Mlyr.",1300000000,2026-03-09
Saifu Izamander,Kelantan The Real Warriors,Malaysia,Sayap Kanan,27,-,0,2026-03-09
Khairul Izuan Rosli,Kelantan The Real Warriors,Malaysia,Depan-Kedua,21,-,0,2026-03-09
Enzo Célestine,Kelantan The Real Warriors,Malaysia,Depan-Tengah,0,"Rp2,61Mlyr.",2610000000,2026-03-09
Ifedayo Olusegun,Kelantan The Real Warriors,Malaysia,Depan-Tengah,0,"Rp2,17Mlyr.",2170000000,2026-03-09
Abdul Sesay,Kelantan The Real Warriors,Malaysia,Depan-Tengah,24,"Rp869,08Jt.",869080000,2026-03-09
Syaahir Saiful Nizam,Kelantan The Real Warriors,Malaysia,Depan-Tengah,19,"Rp434,54Jt.",434540000,2026-03-09
Minh Toan Tran,Becamex Ho Chi Minh City FC,Vietnam,Kiper,25,"Rp2,61Mlyr.",2610000000,2026-03-09
Van Cong Nguyen,Becamex Ho Chi Minh City FC,Vietnam,Kiper,30,"Rp869,08Jt.",869080000,2026-03-09
Huu Loi Nguyen,Becamex Ho Chi Minh City FC,Vietnam,Kiper,0,-,0,2026-03-09
Nhat Ha Tran,Becamex Ho Chi Minh City FC,Vietnam,Kiper,0,-,0,2026-03-09
Milos Zlatkovic,Becamex Ho Chi Minh City FC,Vietnam,Bek-Tengah,24,"Rp3,91Mlyr.",3910000000,2026-03-09
Adriano Schmidt,Becamex Ho Chi Minh City FC,Vietnam,Bek-Tengah,0,"Rp2,17Mlyr.",2170000000,2026-03-09
Dinh Khuong Tran,Becamex Ho Chi Minh City FC,Vietnam,Bek-Tengah,21,"Rp1,74Mlyr.",1740000000,2026-03-09
Khac Vu Nguyen,Becamex Ho Chi Minh City FC,Vietnam,Bek-Tengah,27,"Rp434,54Jt.",434540000,2026-03-09
Thanh Kien Nguyen,Becamex Ho Chi Minh City FC,Vietnam,Bek-Tengah,33,"Rp434,54Jt.",434540000,2026-03-09
Hoang Bao Tran,Becamex Ho Chi Minh City FC,Vietnam,Bek-Kiri,0,"Rp434,54Jt.",434540000,2026-03-09
Tan Tai Ho,Becamex Ho Chi Minh City FC,Vietnam,Bek-Kanan,0,"Rp4,35Mlyr.",4350000000,2026-03-09
Tung Quoc Ngo,Becamex Ho Chi Minh City FC,Vietnam,Bek-Kanan,0,"Rp3,91Mlyr.",3910000000,2026-03-09
Hoang Hung Tran,Becamex Ho Chi Minh City FC,Vietnam,Bek-Kanan,0,"Rp869,08Jt.",869080000,2026-03-09
Tuan Canh Doan,Becamex Ho Chi Minh City FC,Vietnam,Bek-Kanan,19,"Rp434,54Jt.",434540000,2026-03-09
Geoffrey Kizito,Becamex Ho Chi Minh City FC,Vietnam,Gel. Bertahan,39,"Rp2,17Mlyr.",2170000000,2026-03-09
Ngoc Chien Nguyen,Becamex Ho Chi Minh City FC,Vietnam,Gel. Bertahan,35,-,0,2026-03-09
The Hieu Huynh,Becamex Ho Chi Minh City FC,Vietnam,Gelandang,29,-,0,2026-03-09
Hoang Anh Ngo,Becamex Ho Chi Minh City FC,Vietnam,Gelandang,0,-,0,2026-03-09
Hoang Minh Khoa Vo,Becamex Ho Chi Minh City FC,Vietnam,Gel. Tengah,0,"Rp4,78Mlyr.",4780000000,2026-03-09
Hugo Alves,Becamex Ho Chi Minh City FC,Vietnam,Gel. Tengah,0,"Rp3,48Mlyr.",3480000000,2026-03-09
Thanh Hau Phan,Becamex Ho Chi Minh City FC,Vietnam,Gel. Tengah,0,"Rp1,74Mlyr.",1740000000,2026-03-09
Trong Phu Nguyen,Becamex Ho Chi Minh City FC,Vietnam,Gel. Tengah,0,"Rp434,54Jt.",434540000,2026-03-09
Hong Quan Mac,Becamex Ho Chi Minh City FC,Vietnam,Gel. Tengah,0,-,0,2026-03-09
Thanh Long Phan Nhat,Becamex Ho Chi Minh City FC,Vietnam,Gelandang Kanan,38,"Rp1,30Mlyr.",1300000000,2026-03-09
Trong Hung Nguyen,Becamex Ho Chi Minh City FC,Vietnam,Gelandang Kiri,20,"Rp1,30Mlyr.",1300000000,2026-03-09
Quoc Khanh Cao,Becamex Ho Chi Minh City FC,Vietnam,Gel. Serang,0,"Rp434,54Jt.",434540000,2026-03-09
Trung Hau Ha,Becamex Ho Chi Minh City FC,Vietnam,Gel. Serang,23,-,0,2026-03-09
Vi Hao Bui,Becamex Ho Chi Minh City FC,Vietnam,Sayap Kiri,0,"Rp5,21Mlyr.",5210000000,2026-03-09
Tran Viet Cuong Nguyen,Becamex Ho Chi Minh City FC,Vietnam,Sayap Kiri,0,"Rp3,48Mlyr.",3480000000,2026-03-09
Van Anh Nguyen,Becamex Ho Chi Minh City FC,Vietnam,Sayap Kiri,28,"Rp869,08Jt.",869080000,2026-03-09
Thanh Nhan Nguyen,Becamex Ho Chi Minh City FC,Vietnam,Sayap Kanan,16,"Rp1,30Mlyr.",1300000000,2026-03-09
Ugochukwu Oduenyi,Becamex Ho Chi Minh City FC,Vietnam,Depan-Tengah,0,"Rp2,61Mlyr.",2610000000,2026-03-09
Elisha Sam,Becamex Ho Chi Minh City FC,Vietnam,Depan-Tengah,0,"Rp2,17Mlyr.",2170000000,2026-03-09
Minh Binh Le,Becamex Ho Chi Minh City FC,Vietnam,Depan-Tengah,0,"Rp1,30Mlyr.",1300000000,2026-03-09
Tuan Tai Ho,Becamex Ho Chi Minh City FC,Vietnam,Depan-Tengah,18,"Rp869,08Jt.",869080000,2026-03-09
Tony Pham,Becamex Ho Chi Minh City FC,Vietnam,Depan-Tengah,0,-,0,2026-03-09
Nhu Y Nguyen,Becamex Ho Chi Minh City FC,Vietnam,Penyerang,0,-,0,2026-03-09
Van Lam Dang,Ninh Binh FC,Vietnam,Kiper,0,"Rp3,48Mlyr.",3480000000,2026-03-09
The Tai Quang,Ninh Binh FC,Vietnam,Kiper,25,"Rp434,54Jt.",434540000,2026-03-09
Minh Duc Nguyen,Ninh Binh FC,Vietnam,Kiper,0,-,0,2026-03-09
Phong Chaloongphum,Ninh Binh FC,Vietnam,Kiper,0,-,0,2026-03-09
Patrick Marcelino,Ninh Binh FC,Vietnam,Bek-Tengah,0,"Rp3,91Mlyr.",3910000000,2026-03-09
Ngoc Bao Le,Ninh Binh FC,Vietnam,Bek-Tengah,17,"Rp2,17Mlyr.",2170000000,2026-03-09
Janclesio,Ninh Binh FC,Vietnam,Bek-Tengah,0,"Rp1,74Mlyr.",1740000000,2026-03-09
Hai Duc Le,Ninh Binh FC,Vietnam,Bek-Tengah,26,"Rp869,08Jt.",869080000,2026-03-09
Quang Vinh Dung,Ninh Binh FC,Vietnam,Bek-Tengah,23,-,0,2026-03-09
Thanh Thinh Do,Ninh Binh FC,Vietnam,Bek-Kiri,0,"Rp3,04Mlyr.",3040000000,2026-03-09
Thai Binh Hoang,Ninh Binh FC,Vietnam,Bek-Kiri,0,"Rp2,61Mlyr.",2610000000,2026-03-09
Quang Nho Dung,Ninh Binh FC,Vietnam,Bek-Kanan,0,"Rp3,91Mlyr.",3910000000,2026-03-09
Duc Chien Nguyen,Ninh Binh FC,Vietnam,Gel. Bertahan,0,"Rp4,78Mlyr.",4780000000,2026-03-09
Thai Son Nguyen,Ninh Binh FC,Vietnam,Gel. Bertahan,21,"Rp4,35Mlyr.",4350000000,2026-03-09
Quang Vinh Tran,Ninh Binh FC,Vietnam,Gelandang,0,-,0,2026-03-09
Chung Nguyen Do,Ninh Binh FC,Vietnam,Gel. Tengah,0,"Rp6,08Mlyr.",6080000000,2026-03-09
Hoang Duc Nguyen,Ninh Binh FC,Vietnam,Gel. Tengah,28,"Rp5,65Mlyr.",5650000000,2026-03-09
Trong Long Nguyen,Ninh Binh FC,Vietnam,Gel. Tengah,29,"Rp1,30Mlyr.",1300000000,2026-03-09
Tien Anh Truong,Ninh Binh FC,Vietnam,Gelandang Kanan,0,"Rp4,35Mlyr.",4350000000,2026-03-09
Ngoc Quang Chau,Ninh Binh FC,Vietnam,Gelandang Kanan,0,"Rp3,91Mlyr.",3910000000,2026-03-09
Bao Trung La Nguyen,Ninh Binh FC,Vietnam,Gelandang Kanan,27,"Rp434,54Jt.",434540000,2026-03-09
Bao Toan Tran,Ninh Binh FC,Vietnam,Gelandang Kiri,0,"Rp3,48Mlyr.",3480000000,2026-03-09
Geovane Magno,Ninh Binh FC,Vietnam,Gel. Serang,0,"Rp5,21Mlyr.",5210000000,2026-03-09
Van Thuan Le,Ninh Binh FC,Vietnam,Sayap Kanan,0,"Rp2,61Mlyr.",2610000000,2026-03-09
Gustavo Henrique,Ninh Binh FC,Vietnam,Depan-Tengah,0,"Rp6,95Mlyr.",6950000000,2026-03-09
Daniel dos Anjos,Ninh Binh FC,Vietnam,Depan-Tengah,0,"Rp6,08Mlyr.",6080000000,2026-03-09
Fred Friday,Ninh Binh FC,Vietnam,Depan-Tengah,0,"Rp3,91Mlyr.",3910000000,2026-03-09
Gia Hung Pham,Ninh Binh FC,Vietnam,Depan-Tengah,18,"Rp1,30Mlyr.",1300000000,2026-03-09
Quoc Viet Nguyen,Ninh Binh FC,Vietnam,Depan-Tengah,0,"Rp1,30Mlyr.",1300000000,2026-03-09
Le Phat Nguyen,Ninh Binh FC,Vietnam,Depan-Tengah,16,"Rp869,08Jt.",869080000,2026-03-09
Sy Huy Do,PVF-CAND FC,Vietnam,Kiper,0,"Rp869,08Jt.",869080000,2026-03-09
Minh Long Phi,PVF-CAND FC,Vietnam,Kiper,33,"Rp869,08Jt.",869080000,2026-03-09
Thai Hieu Truong,PVF-CAND FC,Vietnam,Kiper,0,-,0,2026-03-09
Phuong Nam Nguyen,PVF-CAND FC,Vietnam,Bek,0,-,0,2026-03-09
Lucas Turci,PVF-CAND FC,Vietnam,Bek-Tengah,0,"Rp4,35Mlyr.",4350000000,2026-03-09
Alain Eyenga,PVF-CAND FC,Vietnam,Bek-Tengah,24,"Rp3,04Mlyr.",3040000000,2026-03-09
Ly Duc Pham,PVF-CAND FC,Vietnam,Bek-Tengah,0,"Rp2,17Mlyr.",2170000000,2026-03-09
Hieu Minh Nguyen,PVF-CAND FC,Vietnam,Bek-Tengah,0,"Rp1,74Mlyr.",1740000000,2026-03-09
Anh Viet Doan,PVF-CAND FC,Vietnam,Bek-Tengah,0,"Rp434,54Jt.",434540000,2026-03-09
Duc Anh Nguyen Nhu,PVF-CAND FC,Vietnam,Bek-Tengah,0,-,0,2026-03-09
Bao Long Nguyen,PVF-CAND FC,Vietnam,Bek-Kiri,0,"Rp1,30Mlyr.",1300000000,2026-03-09
Van Chuong Dao,PVF-CAND FC,Vietnam,Bek-Kiri,31,"Rp434,54Jt.",434540000,2026-03-09
Van Dung Nguyen,PVF-CAND FC,Vietnam,Bek-Kiri,0,"Rp434,54Jt.",434540000,2026-03-09
Anh Quan Vo,PVF-CAND FC,Vietnam,Bek-Kanan,20,"Rp2,17Mlyr.",2170000000,2026-03-09
Van Thai Quy Truong,PVF-CAND FC,Vietnam,Bek-Kanan,0,"Rp1,74Mlyr.",1740000000,2026-03-09
Viet Truong Phung,PVF-CAND FC,Vietnam,Bek-Kanan,37,"Rp869,08Jt.",869080000,2026-03-09
Van Viet Ha,PVF-CAND FC,Vietnam,Bek-Kanan,0,-,0,2026-03-09
Alastair Reynolds,PVF-CAND FC,Vietnam,Gel. Bertahan,0,"Rp3,91Mlyr.",3910000000,2026-03-09
Joseph Mpande,PVF-CAND FC,Vietnam,Gel. Tengah,0,"Rp4,78Mlyr.",4780000000,2026-03-09
Marco Antônio,PVF-CAND FC,Vietnam,Gel. Tengah,0,"Rp3,04Mlyr.",3040000000,2026-03-09
Xuan Bac Nguyen,PVF-CAND FC,Vietnam,Gel. Tengah,0,"Rp2,61Mlyr.",2610000000,2026-03-09
Cong Den Huynh,PVF-CAND FC,Vietnam,Gel. Tengah,0,"Rp1,30Mlyr.",1300000000,2026-03-09
Van Thuan Do,PVF-CAND FC,Vietnam,Gel. Tengah,0,"Rp869,08Jt.",869080000,2026-03-09
Huy Hung Nguyen,PVF-CAND FC,Vietnam,Gel. Tengah,29,"Rp434,54Jt.",434540000,2026-03-09
Vu Tin Nguyen,PVF-CAND FC,Vietnam,Gelandang Kiri,28,"Rp1,30Mlyr.",1300000000,2026-03-09
Trung Phong Phu,PVF-CAND FC,Vietnam,Gelandang Kiri,30,"Rp434,54Jt.",434540000,2026-03-09
Ba Dat Thai,PVF-CAND FC,Vietnam,Gel. Serang,17,"Rp869,08Jt.",869080000,2026-03-09
Thanh Nhan Nguyen,PVF-CAND FC,Vietnam,Sayap Kanan,0,"Rp2,17Mlyr.",2170000000,2026-03-09
Van Trang Nguyen,PVF-CAND FC,Vietnam,Sayap Kanan,0,"Rp869,08Jt.",869080000,2026-03-09
Amarildo,PVF-CAND FC,Vietnam,Depan-Tengah,0,"Rp3,04Mlyr.",3040000000,2026-03-09
Samson Olaleye,PVF-CAND FC,Vietnam,Depan-Tengah,39,"Rp434,54Jt.",434540000,2026-03-09
Van Vinh Nguyen,PVF-CAND FC,Vietnam,Depan-Tengah,0,"Rp434,54Jt.",434540000,2026-03-09
Anh Tuan Nguyen,PVF-CAND FC,Vietnam,Depan-Tengah,36,-,0,2026-03-09
Caíque,Thep Xanh Nam Dinh FC,Vietnam,Kiper,0,"Rp10,43Mlyr.",10430000000,2026-03-09
Nguyen Manh Tran,Thep Xanh Nam Dinh FC,Vietnam,Kiper,26,"Rp2,61Mlyr.",2610000000,2026-03-09
Vu Phong Le,Thep Xanh Nam Dinh FC,Vietnam,Kiper,23,"Rp434,54Jt.",434540000,2026-03-09
Duc Dung Tran,Thep Xanh Nam Dinh FC,Vietnam,Kiper,29,"Rp434,54Jt.",434540000,2026-03-09
Liem Dieu Tran,Thep Xanh Nam Dinh FC,Vietnam,Kiper,0,"Rp434,54Jt.",434540000,2026-03-09
Van Toi Dang,Thep Xanh Nam Dinh FC,Vietnam,Bek-Tengah,0,"Rp3,91Mlyr.",3910000000,2026-03-09
Lucas,Thep Xanh Nam Dinh FC,Vietnam,Bek-Tengah,0,"Rp3,48Mlyr.",3480000000,2026-03-09
Wálber,Thep Xanh Nam Dinh FC,Vietnam,Bek-Tengah,34,"Rp1,74Mlyr.",1740000000,2026-03-09
Thanh Hao Duong,Thep Xanh Nam Dinh FC,Vietnam,Bek-Tengah,0,"Rp1,30Mlyr.",1300000000,2026-03-09
Duc Huy Ngo,Thep Xanh Nam Dinh FC,Vietnam,Bek-Tengah,32,"Rp1,30Mlyr.",1300000000,2026-03-09
Xuan Khai Dinh,Thep Xanh Nam Dinh FC,Vietnam,Bek-Tengah,0,-,0,2026-03-09
Mitchell Dijks,Thep Xanh Nam Dinh FC,Vietnam,Bek-Kiri,24,"Rp8,69Mlyr.",8690000000,2026-03-09
Van Vi Nguyen,Thep Xanh Nam Dinh FC,Vietnam,Bek-Kiri,17,"Rp3,91Mlyr.",3910000000,2026-03-09
Phong Hong Duy Nguyen,Thep Xanh Nam Dinh FC,Vietnam,Bek-Kiri,0,"Rp3,04Mlyr.",3040000000,2026-03-09
Van Kien Tran,Thep Xanh Nam Dinh FC,Vietnam,Bek-Kanan,0,"Rp3,04Mlyr.",3040000000,2026-03-09
Kévin Pham Ba,Thep Xanh Nam Dinh FC,Vietnam,Bek-Kanan,0,"Rp2,61Mlyr.",2610000000,2026-03-09
Dang Duc Anh Tran,Thep Xanh Nam Dinh FC,Vietnam,Bek-Kanan,0,-,0,2026-03-09
Njabulo Blom,Thep Xanh Nam Dinh FC,Vietnam,Gel. Bertahan,0,"Rp13,04Mlyr.",13040000000,2026-03-09
Rômulo,Thep Xanh Nam Dinh FC,Vietnam,Gel. Bertahan,0,"Rp7,82Mlyr.",7820000000,2026-03-09
Van Cong Tran,Thep Xanh Nam Dinh FC,Vietnam,Gel. Bertahan,16,"Rp3,48Mlyr.",3480000000,2026-03-09
Trong Bao Nguyen,Thep Xanh Nam Dinh FC,Vietnam,Gelandang,20,-,0,2026-03-09
Arnaud Lusamba,Thep Xanh Nam Dinh FC,Vietnam,Gel. Tengah,0,"Rp13,91Mlyr.",13910000000,2026-03-09
Caio César,Thep Xanh Nam Dinh FC,Vietnam,Gel. Tengah,0,"Rp9,56Mlyr.",9560000000,2026-03-09
Cong Hoang Anh Ly,Thep Xanh Nam Dinh FC,Vietnam,Gel. Tengah,0,"Rp4,35Mlyr.",4350000000,2026-03-09
Tuan Anh Nguyen,Thep Xanh Nam Dinh FC,Vietnam,Gel. Tengah,0,"Rp3,48Mlyr.",3480000000,2026-03-09
Mit A,Thep Xanh Nam Dinh FC,Vietnam,Gelandang Kanan,0,"Rp2,61Mlyr.",2610000000,2026-03-09
Van Vu To,Thep Xanh Nam Dinh FC,Vietnam,Gelandang Kanan,28,"Rp2,61Mlyr.",2610000000,2026-03-09
Dinh Son Nguyen,Thep Xanh Nam Dinh FC,Vietnam,Gelandang Kanan,0,"Rp869,08Jt.",869080000,2026-03-09
Ngoc Son Tran,Thep Xanh Nam Dinh FC,Vietnam,Gelandang Kiri,27,"Rp1,30Mlyr.",1300000000,2026-03-09
Van Dat Tran,Thep Xanh Nam Dinh FC,Vietnam,Sayap Kiri,19,"Rp2,61Mlyr.",2610000000,2026-03-09
Percy Tau,Thep Xanh Nam Dinh FC,Vietnam,Sayap Kanan,22,"Rp14,77Mlyr.",14770000000,2026-03-09
Mahmoud Eid,Thep Xanh Nam Dinh FC,Vietnam,Sayap Kanan,0,"Rp6,95Mlyr.",6950000000,2026-03-09
Van Toan Nguyen,Thep Xanh Nam Dinh FC,Vietnam,Sayap Kanan,0,"Rp4,78Mlyr.",4780000000,2026-03-09
Ti Phong Lam,Thep Xanh Nam Dinh FC,Vietnam,Sayap Kanan,39,"Rp3,48Mlyr.",3480000000,2026-03-09
Chadrac Akolo,Thep Xanh Nam Dinh FC,Vietnam,Depan-Tengah,0,"Rp13,91Mlyr.",13910000000,2026-03-09
Rafaelson,Thep Xanh Nam Dinh FC,Vietnam,Depan-Tengah,0,"Rp10,43Mlyr.",10430000000,2026-03-09
Brenner,Thep Xanh Nam Dinh FC,Vietnam,Depan-Tengah,35,"Rp6,52Mlyr.",6520000000,2026-03-09
Kyle Hudlin,Thep Xanh Nam Dinh FC,Vietnam,Depan-Tengah,37,"Rp3,91Mlyr.",3910000000,2026-03-09
Trung Kien Tran,Hoang Anh Gia Lai FC,Vietnam,Kiper,25,"Rp3,48Mlyr.",3480000000,2026-03-09
Bao Duy Huynh Tran,Hoang Anh Gia Lai FC,Vietnam,Kiper,0,-,0,2026-03-09
Vu Khang Nguyen,Hoang Anh Gia Lai FC,Vietnam,Kiper,0,-,0,2026-03-09
Phuoc Sang Dinh,Hoang Anh Gia Lai FC,Vietnam,Kiper,0,-,0,2026-03-09
Trung Thang Ngo,Hoang Anh Gia Lai FC,Vietnam,Bek,0,-,0,2026-03-09
Tuan Vu Huynh,Hoang Anh Gia Lai FC,Vietnam,Bek,27,-,0,2026-03-09
Jairo Rodrigues,Hoang Anh Gia Lai FC,Vietnam,Bek-Tengah,33,"Rp2,17Mlyr.",2170000000,2026-03-09
Quang Kiet Dinh,Hoang Anh Gia Lai FC,Vietnam,Bek-Tengah,0,"Rp1,74Mlyr.",1740000000,2026-03-09
Van Trieu Nguyen,Hoang Anh Gia Lai FC,Vietnam,Bek-Tengah,0,"Rp869,08Jt.",869080000,2026-03-09
Du Hoc Phan,Hoang Anh Gia Lai FC,Vietnam,Bek-Kiri,0,"Rp1,74Mlyr.",1740000000,2026-03-09
Anh Tai Nguyen Huu,Hoang Anh Gia Lai FC,Vietnam,Bek-Kiri,28,"Rp434,54Jt.",434540000,2026-03-09
Phuoc Bao Vo,Hoang Anh Gia Lai FC,Vietnam,Bek-Kanan,38,"Rp869,08Jt.",869080000,2026-03-09
Khevin Fraga,Hoang Anh Gia Lai FC,Vietnam,Gel. Bertahan,0,"Rp4,35Mlyr.",4350000000,2026-03-09
Thanh Son Tran,Hoang Anh Gia Lai FC,Vietnam,Gel. Bertahan,0,"Rp1,74Mlyr.",1740000000,2026-03-09
Huy Kiet Le,Hoang Anh Gia Lai FC,Vietnam,Gelandang,34,-,0,2026-03-09
Minh Quyen Ho,Hoang Anh Gia Lai FC,Vietnam,Gelandang,0,-,0,2026-03-09
Marciel,Hoang Anh Gia Lai FC,Vietnam,Gel. Tengah,0,"Rp4,78Mlyr.",4780000000,2026-03-09
Hoang Minh Cao,Hoang Anh Gia Lai FC,Vietnam,Gel. Tengah,20,"Rp1,30Mlyr.",1300000000,2026-03-09
Se Moi,Hoang Anh Gia Lai FC,Vietnam,Gel. Tengah,26,-,0,2026-03-09
Thanh Nhan Nguyen,Hoang Anh Gia Lai FC,Vietnam,Gelandang Kiri,0,"Rp2,17Mlyr.",2170000000,2026-03-09
Dinh Lam Vo,Hoang Anh Gia Lai FC,Vietnam,Gelandang Kiri,0,"Rp1,30Mlyr.",1300000000,2026-03-09
Thanh Ngoc Lam Luong,Hoang Anh Gia Lai FC,Vietnam,Gelandang Kiri,17,"Rp434,54Jt.",434540000,2026-03-09
Vinh Nguyen Hoang,Hoang Anh Gia Lai FC,Vietnam,Gel. Serang,23,"Rp2,61Mlyr.",2610000000,2026-03-09
Duy Tam Nguyen,Hoang Anh Gia Lai FC,Vietnam,Sayap Kiri,19,"Rp434,54Jt.",434540000,2026-03-09
Gia Bao Tran,Hoang Anh Gia Lai FC,Vietnam,Sayap Kanan,16,"Rp1,30Mlyr.",1300000000,2026-03-09
Ryan Ha,Hoang Anh Gia Lai FC,Vietnam,Sayap Kanan,0,"Rp1,30Mlyr.",1300000000,2026-03-09
Júnior Batista,Hoang Anh Gia Lai FC,Vietnam,Depan-Tengah,29,"Rp2,61Mlyr.",2610000000,2026-03-09
Gabriel Conceição,Hoang Anh Gia Lai FC,Vietnam,Depan-Tengah,0,"Rp1,74Mlyr.",1740000000,2026-03-09
Minh Tam Nguyen,Hoang Anh Gia Lai FC,Vietnam,Depan-Tengah,0,"Rp869,08Jt.",869080000,2026-03-09
Hoang Tu Cao,Hoang Anh Gia Lai FC,Vietnam,Penyerang,0,-,0,2026-03-09
Van Binh Cao,Song Lam Nghe An FC,Vietnam,Kiper,0,"Rp1,74Mlyr.",1740000000,2026-03-09
Bao Ngoc Nguyen,Song Lam Nghe An FC,Vietnam,Kiper,25,-,0,2026-03-09
Huu Hau Nguyen,Song Lam Nghe An FC,Vietnam,Kiper,26,-,0,2026-03-09
Tan Minh Nguyen,Song Lam Nghe An FC,Vietnam,Bek,0,-,0,2026-03-09
Van Khanh Hoang,Song Lam Nghe An FC,Vietnam,Bek-Tengah,0,"Rp2,61Mlyr.",2610000000,2026-03-09
Nam Hai Tran,Song Lam Nghe An FC,Vietnam,Bek-Tengah,17,"Rp2,17Mlyr.",2170000000,2026-03-09
Nguyen Hoang Le,Song Lam Nghe An FC,Vietnam,Bek-Tengah,0,"Rp1,74Mlyr.",1740000000,2026-03-09
Justin Garcia,Song Lam Nghe An FC,Vietnam,Bek-Tengah,0,"Rp1,74Mlyr.",1740000000,2026-03-09
Van Thanh Le,Song Lam Nghe An FC,Vietnam,Bek-Tengah,0,"Rp1,30Mlyr.",1300000000,2026-03-09
Khac Luong Ho,Song Lam Nghe An FC,Vietnam,Bek-Tengah,0,"Rp434,54Jt.",434540000,2026-03-09
Van Thanh Phan,Song Lam Nghe An FC,Vietnam,Bek-Tengah,33,"Rp434,54Jt.",434540000,2026-03-09
Van Huy Vuong,Song Lam Nghe An FC,Vietnam,Bek-Kiri,0,"Rp2,61Mlyr.",2610000000,2026-03-09
Thanh Duc Bui,Song Lam Nghe An FC,Vietnam,Bek-Kiri,0,"Rp434,54Jt.",434540000,2026-03-09
Mai Hoang Nguyen,Song Lam Nghe An FC,Vietnam,Bek-Kiri,35,"Rp434,54Jt.",434540000,2026-03-09
Minh Hoi Hoang,Song Lam Nghe An FC,Vietnam,Bek-Kiri,23,-,0,2026-03-09
Van Cuong Ho,Song Lam Nghe An FC,Vietnam,Bek-Kanan,30,"Rp2,61Mlyr.",2610000000,2026-03-09
Ba Quyen Phan,Song Lam Nghe An FC,Vietnam,Gel. Bertahan,19,"Rp1,74Mlyr.",1740000000,2026-03-09
Quoc Trung Pham Nguyen,Song Lam Nghe An FC,Vietnam,Gel. Bertahan,27,-,0,2026-03-09
Quang Vinh Nguyen,Song Lam Nghe An FC,Vietnam,Gel. Tengah,16,"Rp2,61Mlyr.",2610000000,2026-03-09
Xuan Binh Nguyen,Song Lam Nghe An FC,Vietnam,Gel. Tengah,0,"Rp869,08Jt.",869080000,2026-03-09
Quang Tu Dang,Song Lam Nghe An FC,Vietnam,Gel. Tengah,29,"Rp869,08Jt.",869080000,2026-03-09
Khac Ngoc Ho,Song Lam Nghe An FC,Vietnam,Gel. Tengah,32,"Rp869,08Jt.",869080000,2026-03-09
Van Bach Nguyen,Song Lam Nghe An FC,Vietnam,Gelandang Kanan,0,"Rp869,08Jt.",869080000,2026-03-09
Van Quy Le,Song Lam Nghe An FC,Vietnam,Gelandang Kiri,24,"Rp434,54Jt.",434540000,2026-03-09
Trong Tuan Nguyen,Song Lam Nghe An FC,Vietnam,Gel. Serang,0,"Rp434,54Jt.",434540000,2026-03-09
Manh Quynh Tran,Song Lam Nghe An FC,Vietnam,Sayap Kiri,0,"Rp3,04Mlyr.",3040000000,2026-03-09
Van Luong Ngo,Song Lam Nghe An FC,Vietnam,Sayap Kiri,20,"Rp1,74Mlyr.",1740000000,2026-03-09
Van Nam Phung,Song Lam Nghe An FC,Vietnam,Sayap Kiri,0,-,0,2026-03-09
Long Vu Le Dinh,Song Lam Nghe An FC,Vietnam,Sayap Kanan,18,"Rp2,17Mlyr.",2170000000,2026-03-09
Xuan Dai Phan,Song Lam Nghe An FC,Vietnam,Sayap Kanan,21,"Rp869,08Jt.",869080000,2026-03-09
Phi-Long Tran,Song Lam Nghe An FC,Vietnam,Sayap Kanan,0,-,0,2026-03-09
Michael Olaha,Song Lam Nghe An FC,Vietnam,Depan-Tengah,0,"Rp5,65Mlyr.",5650000000,2026-03-09
Reon Moore,Song Lam Nghe An FC,Vietnam,Depan-Tengah,0,"Rp2,61Mlyr.",2610000000,2026-03-09
Carlos Fortes,Song Lam Nghe An FC,Vietnam,Depan-Tengah,27,"Rp1,74Mlyr.",1740000000,2026-03-09
Tien Dung Bui,SHB Da Nang FC,Vietnam,Kiper,0,"Rp2,17Mlyr.",2170000000,2026-03-09
Van Bieu Phan,SHB Da Nang FC,Vietnam,Kiper,0,"Rp1,30Mlyr.",1300000000,2026-03-09
Van Toan Nguyen,SHB Da Nang FC,Vietnam,Kiper,0,"Rp869,08Jt.",869080000,2026-03-09
Tung Han Ho,SHB Da Nang FC,Vietnam,Kiper,0,"Rp434,54Jt.",434540000,2026-03-09
Tuan Hung Dang,SHB Da Nang FC,Vietnam,Kiper,30,"Rp434,54Jt.",434540000,2026-03-09
Quoc Bao Huynh Tran,SHB Da Nang FC,Vietnam,Kiper,25,-,0,2026-03-09
Ngoc Hai Que,SHB Da Nang FC,Vietnam,Bek-Tengah,0,"Rp3,48Mlyr.",3480000000,2026-03-09
Gustavo Sant'Ana,SHB Da Nang FC,Vietnam,Bek-Tengah,0,"Rp2,61Mlyr.",2610000000,2026-03-09
Duy Cuong Luong,SHB Da Nang FC,Vietnam,Bek-Tengah,20,"Rp2,17Mlyr.",2170000000,2026-03-09
Duc Anh Nguyen,SHB Da Nang FC,Vietnam,Bek-Tengah,0,"Rp1,30Mlyr.",1300000000,2026-03-09
Ngoc Hiep Tran,SHB Da Nang FC,Vietnam,Bek-Tengah,0,"Rp869,08Jt.",869080000,2026-03-09
Ngoc Son Tran,SHB Da Nang FC,Vietnam,Bek-Tengah,27,"Rp434,54Jt.",434540000,2026-03-09
Van Son Vu,SHB Da Nang FC,Vietnam,Bek-Tengah,0,"Rp434,54Jt.",434540000,2026-03-09
Thanh Khai Nguyen,SHB Da Nang FC,Vietnam,Bek-Tengah,0,-,0,2026-03-09
Duy Duong Nguyen,SHB Da Nang FC,Vietnam,Bek-Kiri,35,"Rp869,08Jt.",869080000,2026-03-09
Duy Thang Nguyen,SHB Da Nang FC,Vietnam,Bek-Kiri,0,"Rp434,54Jt.",434540000,2026-03-09
Hong Phuc Nguyen,SHB Da Nang FC,Vietnam,Bek-Kanan,23,"Rp869,08Jt.",869080000,2026-03-09
The Hung Phan,SHB Da Nang FC,Vietnam,Gelandang,17,-,0,2026-03-09
Pierre Lamothe,SHB Da Nang FC,Vietnam,Gel. Tengah,0,"Rp1,74Mlyr.",1740000000,2026-03-09
Anh Tuan Dang,SHB Da Nang FC,Vietnam,Gel. Tengah,0,"Rp1,30Mlyr.",1300000000,2026-03-09
Vu Quoc Nhat Le,SHB Da Nang FC,Vietnam,Gel. Tengah,22,"Rp869,08Jt.",869080000,2026-03-09
Van Toan Vo,SHB Da Nang FC,Vietnam,Gel. Tengah,0,"Rp869,08Jt.",869080000,2026-03-09
Van Hoa Tran,SHB Da Nang FC,Vietnam,Gel. Tengah,0,"Rp434,54Jt.",434540000,2026-03-09
Phi Hoang Nguyen,SHB Da Nang FC,Vietnam,Gelandang Kiri,21,"Rp3,48Mlyr.",3480000000,2026-03-09
Vadim Nguyen,SHB Da Nang FC,Vietnam,Gelandang Kiri,0,"Rp869,08Jt.",869080000,2026-03-09
Joel López Pissano,SHB Da Nang FC,Vietnam,Gel. Serang,19,"Rp8,69Mlyr.",8690000000,2026-03-09
David Henen,SHB Da Nang FC,Vietnam,Sayap Kiri,0,"Rp4,78Mlyr.",4780000000,2026-03-09
Van Long Phan,SHB Da Nang FC,Vietnam,Sayap Kanan,0,"Rp2,61Mlyr.",2610000000,2026-03-09
Dinh Duy Pham,SHB Da Nang FC,Vietnam,Sayap Kanan,18,"Rp2,61Mlyr.",2610000000,2026-03-09
Minh Quang Nguyen,SHB Da Nang FC,Vietnam,Sayap Kanan,38,"Rp1,74Mlyr.",1740000000,2026-03-09
Van Huu Pham,SHB Da Nang FC,Vietnam,Sayap Kanan,16,"Rp869,08Jt.",869080000,2026-03-09
Hong Phuoc Ngo,SHB Da Nang FC,Vietnam,Sayap Kanan,0,"Rp869,08Jt.",869080000,2026-03-09
Milan Makaric,SHB Da Nang FC,Vietnam,Depan-Tengah,0,"Rp4,35Mlyr.",4350000000,2026-03-09
Ribamar,SHB Da Nang FC,Vietnam,Depan-Tengah,0,"Rp3,48Mlyr.",3480000000,2026-03-09
Nguyen Hoang Vo,SHB Da Nang FC,Vietnam,Depan-Tengah,28,"Rp2,17Mlyr.",2170000000,2026-03-09
Van Hoang Nguyen,Ha Noi FC,Vietnam,Kiper,0,"Rp2,61Mlyr.",2610000000,2026-03-09
Van Chuan Quan,Ha Noi FC,Vietnam,Kiper,0,"Rp2,17Mlyr.",2170000000,2026-03-09
Duy Dung Nguyen,Ha Noi FC,Vietnam,Kiper,29,-,0,2026-03-09
Dinh Hai Pham,Ha Noi FC,Vietnam,Kiper,0,-,0,2026-03-09
Duy Manh Do,Ha Noi FC,Vietnam,Bek-Tengah,0,"Rp5,65Mlyr.",5650000000,2026-03-09
Thanh Chung Nguyen,Ha Noi FC,Vietnam,Bek-Tengah,16,"Rp5,21Mlyr.",5210000000,2026-03-09
Adriel,Ha Noi FC,Vietnam,Bek-Tengah,35,"Rp4,35Mlyr.",4350000000,2026-03-09
Van Nam Dao,Ha Noi FC,Vietnam,Bek-Tengah,17,"Rp2,61Mlyr.",2610000000,2026-03-09
Van Xuan Le,Ha Noi FC,Vietnam,Bek-Kiri,0,"Rp2,61Mlyr.",2610000000,2026-03-09
Dinh Hai Vu,Ha Noi FC,Vietnam,Bek-Kiri,21,"Rp1,30Mlyr.",1300000000,2026-03-09
Cong Nhat Nguyen,Ha Noi FC,Vietnam,Bek-Kiri,22,"Rp869,08Jt.",869080000,2026-03-09
Xuan Kien Nguyen,Ha Noi FC,Vietnam,Bek-Kiri,26,"Rp869,08Jt.",869080000,2026-03-09
Xuan Manh Pham,Ha Noi FC,Vietnam,Bek-Kanan,0,"Rp4,35Mlyr.",4350000000,2026-03-09
Tien Long Vu,Ha Noi FC,Vietnam,Bek-Kanan,0,"Rp869,08Jt.",869080000,2026-03-09
Van Thang Tran,Ha Noi FC,Vietnam,Bek-Kanan,0,"Rp434,54Jt.",434540000,2026-03-09
Sy Duc Nguyen,Ha Noi FC,Vietnam,Bek-Kanan,0,-,0,2026-03-09
Van Toan Dau,Ha Noi FC,Vietnam,Gel. Bertahan,0,"Rp3,04Mlyr.",3040000000,2026-03-09
Trung Thanh Nguyen,Ha Noi FC,Vietnam,Gelandang,0,-,0,2026-03-09
Van Truong Nguyen,Ha Noi FC,Vietnam,Gel. Tengah,19,"Rp3,04Mlyr.",3040000000,2026-03-09
Hung Dung Do,Ha Noi FC,Vietnam,Gel. Tengah,0,"Rp3,04Mlyr.",3040000000,2026-03-09
Duc Hoang Ngo,Ha Noi FC,Vietnam,Gel. Tengah,0,"Rp434,54Jt.",434540000,2026-03-09
Hai Long Nguyen,Ha Noi FC,Vietnam,Gelandang Kanan,0,"Rp4,35Mlyr.",4350000000,2026-03-09
Hêndrio,Ha Noi FC,Vietnam,Gel. Serang,0,"Rp5,65Mlyr.",5650000000,2026-03-09
Tuan Hai Pham,Ha Noi FC,Vietnam,Sayap Kiri,0,"Rp6,52Mlyr.",6520000000,2026-03-09
Fernando,Ha Noi FC,Vietnam,Sayap Kiri,0,"Rp4,35Mlyr.",4350000000,2026-03-09
Xuan Tu Le,Ha Noi FC,Vietnam,Sayap Kiri,25,"Rp3,04Mlyr.",3040000000,2026-03-09
Van Quyet Nguyen,Ha Noi FC,Vietnam,Depan-Kedua,0,"Rp3,04Mlyr.",3040000000,2026-03-09
Daniel Passira,Ha Noi FC,Vietnam,Depan-Tengah,0,"Rp7,82Mlyr.",7820000000,2026-03-09
Van Tung Nguyen,Ha Noi FC,Vietnam,Depan-Tengah,23,"Rp2,17Mlyr.",2170000000,2026-03-09
David Fisher,Ha Noi FC,Vietnam,Depan-Tengah,0,"Rp2,17Mlyr.",2170000000,2026-03-09
Anh Tuan Nguyen Ha,Ha Noi FC,Vietnam,Depan-Tengah,0,-,0,2026-03-09
Xuan Hoang Trinh,Dong A Thanh Hoa FC,Vietnam,Kiper,0,"Rp2,17Mlyr.",2170000000,2026-03-09
Y Eli Nie,Dong A Thanh Hoa FC,Vietnam,Kiper,30,"Rp869,08Jt.",869080000,2026-03-09
Anh Tuan Le,Dong A Thanh Hoa FC,Vietnam,Kiper,0,-,0,2026-03-09
Van Loi Trinh,Dong A Thanh Hoa FC,Vietnam,Bek-Tengah,0,"Rp1,74Mlyr.",1740000000,2026-03-09
Dinh Huyen Nguyen,Dong A Thanh Hoa FC,Vietnam,Bek-Tengah,16,"Rp869,08Jt.",869080000,2026-03-09
Van Hung Le,Dong A Thanh Hoa FC,Vietnam,Bek-Tengah,43,"Rp869,08Jt.",869080000,2026-03-09
Xuan Hung Luc,Dong A Thanh Hoa FC,Vietnam,Bek-Tengah,0,"Rp434,54Jt.",434540000,2026-03-09
Minh Doan Huynh,Dong A Thanh Hoa FC,Vietnam,Bek-Kanan,0,"Rp869,08Jt.",869080000,2026-03-09
Ba Tien Nguyen,Dong A Thanh Hoa FC,Vietnam,Bek-Kanan,0,"Rp869,08Jt.",869080000,2026-03-09
Thanh Nam Truong,Dong A Thanh Hoa FC,Vietnam,Bek-Kanan,0,"Rp434,54Jt.",434540000,2026-03-09
Duc Tung Nguyen,Dong A Thanh Hoa FC,Vietnam,Bek-Kanan,0,-,0,2026-03-09
Ngoc Ha Doan,Dong A Thanh Hoa FC,Vietnam,Gel. Bertahan,29,"Rp1,30Mlyr.",1300000000,2026-03-09
Odilzhon Abdurakhmanov,Dong A Thanh Hoa FC,Vietnam,Gel. Tengah,0,"Rp4,35Mlyr.",4350000000,2026-03-09
Damoth Thongkhamsavath,Dong A Thanh Hoa FC,Vietnam,Gel. Tengah,22,"Rp2,61Mlyr.",2610000000,2026-03-09
Ngoc Tan Doan,Dong A Thanh Hoa FC,Vietnam,Gel. Tengah,34,"Rp2,17Mlyr.",2170000000,2026-03-09
Huu Dung Nguyen,Dong A Thanh Hoa FC,Vietnam,Gel. Tengah,18,"Rp434,54Jt.",434540000,2026-03-09
Quoc Phuong Le,Dong A Thanh Hoa FC,Vietnam,Gelandang Kiri,19,"Rp434,54Jt.",434540000,2026-03-09
Trum Tinh Pham,Dong A Thanh Hoa FC,Vietnam,Gel. Serang,23,"Rp869,08Jt.",869080000,2026-03-09
Ngoc Quy Tran,Dong A Thanh Hoa FC,Vietnam,Gel. Serang,21,-,0,2026-03-09
Ngoc My Nguyen,Dong A Thanh Hoa FC,Vietnam,Sayap Kiri,24,"Rp2,17Mlyr.",2170000000,2026-03-09
Amar Catic,Dong A Thanh Hoa FC,Vietnam,Sayap Kanan,0,"Rp4,35Mlyr.",4350000000,2026-03-09
Van Thang Le,Dong A Thanh Hoa FC,Vietnam,Sayap Kanan,0,"Rp434,54Jt.",434540000,2026-03-09
Rimario Gordon,Dong A Thanh Hoa FC,Vietnam,Depan-Tengah,0,"Rp3,91Mlyr.",3910000000,2026-03-09
Van Tung Nguyen,Dong A Thanh Hoa FC,Vietnam,Penyerang,17,"Rp434,54Jt.",434540000,2026-03-09
Patrik Le Giang,Cong An Ho Chi Minh City FC,Vietnam,Kiper,0,"Rp2,61Mlyr.",2610000000,2026-03-09
Van Tien Tran,Cong An Ho Chi Minh City FC,Vietnam,Kiper,25,"Rp434,54Jt.",434540000,2026-03-09
Manh Cuong Nguyen,Cong An Ho Chi Minh City FC,Vietnam,Kiper,0,"Rp434,54Jt.",434540000,2026-03-09
Tan Nguyen,Cong An Ho Chi Minh City FC,Vietnam,Kiper,0,-,0,2026-03-09
Matheus Felipe,Cong An Ho Chi Minh City FC,Vietnam,Bek-Tengah,0,"Rp14,77Mlyr.",14770000000,2026-03-09
Minh Gia Bao Khong,Cong An Ho Chi Minh City FC,Vietnam,Bek-Tengah,0,"Rp2,17Mlyr.",2170000000,2026-03-09
Hoang Phuc Tran,Cong An Ho Chi Minh City FC,Vietnam,Bek-Tengah,28,"Rp2,17Mlyr.",2170000000,2026-03-09
Minh Trong Vo,Cong An Ho Chi Minh City FC,Vietnam,Bek-Kiri,17,"Rp4,35Mlyr.",4350000000,2026-03-09
Kha Duc Le,Cong An Ho Chi Minh City FC,Vietnam,Bek-Kiri,0,"Rp1,30Mlyr.",1300000000,2026-03-09
Viet Hoang Vo Huu,Cong An Ho Chi Minh City FC,Vietnam,Bek-Kanan,20,"Rp1,74Mlyr.",1740000000,2026-03-09
Quang Hung Le,Cong An Ho Chi Minh City FC,Vietnam,Bek-Kanan,34,"Rp869,08Jt.",869080000,2026-03-09
Manh Cuong Tran,Cong An Ho Chi Minh City FC,Vietnam,Bek-Kanan,0,"Rp869,08Jt.",869080000,2026-03-09
Duc Huy Pham,Cong An Ho Chi Minh City FC,Vietnam,Gel. Bertahan,0,"Rp2,17Mlyr.",2170000000,2026-03-09
Van Luan Pham,Cong An Ho Chi Minh City FC,Vietnam,Gel. Bertahan,0,"Rp1,74Mlyr.",1740000000,2026-03-09
Peter Makrillos,Cong An Ho Chi Minh City FC,Vietnam,Gel. Tengah,0,"Rp4,35Mlyr.",4350000000,2026-03-09
Quoc Cuong Nguyen Thai,Cong An Ho Chi Minh City FC,Vietnam,Gel. Tengah,19,"Rp2,17Mlyr.",2170000000,2026-03-09
Duc Phu Nguyen,Cong An Ho Chi Minh City FC,Vietnam,Gel. Tengah,39,"Rp2,17Mlyr.",2170000000,2026-03-09
Quoc Gia Dao,Cong An Ho Chi Minh City FC,Vietnam,Gel. Tengah,21,"Rp1,74Mlyr.",1740000000,2026-03-09
Van Lam Dang,Cong An Ho Chi Minh City FC,Vietnam,Gel. Tengah,23,"Rp1,30Mlyr.",1300000000,2026-03-09
Ngoc Long Bui,Cong An Ho Chi Minh City FC,Vietnam,Gelandang Kanan,18,"Rp2,17Mlyr.",2170000000,2026-03-09
Ngoc Ha Mach,Cong An Ho Chi Minh City FC,Vietnam,Gelandang Kanan,0,"Rp1,74Mlyr.",1740000000,2026-03-09
Van Hao Duong,Cong An Ho Chi Minh City FC,Vietnam,Gelandang Kiri,36,"Rp1,30Mlyr.",1300000000,2026-03-09
Huy Toan Vo,Cong An Ho Chi Minh City FC,Vietnam,Gelandang Kiri,0,"Rp869,08Jt.",869080000,2026-03-09
Endrick,Cong An Ho Chi Minh City FC,Vietnam,Gel. Serang,0,"Rp3,48Mlyr.",3480000000,2026-03-09
Raphael Utzig,Cong An Ho Chi Minh City FC,Vietnam,Sayap Kiri,0,"Rp13,04Mlyr.",13040000000,2026-03-09
Khoa Ngo,Cong An Ho Chi Minh City FC,Vietnam,Sayap Kiri,26,"Rp2,61Mlyr.",2610000000,2026-03-09
Van Toan Tay,Cong An Ho Chi Minh City FC,Vietnam,Sayap Kanan,0,"Rp1,30Mlyr.",1300000000,2026-03-09
Van Binh Bui,Cong An Ho Chi Minh City FC,Vietnam,Sayap Kanan,27,"Rp1,30Mlyr.",1300000000,2026-03-09
Tien Linh Nguyen,Cong An Ho Chi Minh City FC,Vietnam,Depan-Tengah,22,"Rp5,65Mlyr.",5650000000,2026-03-09
Thanh Binh Dinh,Cong An Ho Chi Minh City FC,Vietnam,Depan-Tengah,0,"Rp1,74Mlyr.",1740000000,2026-03-09
Lee Williams,Cong An Ho Chi Minh City FC,Vietnam,Depan-Tengah,0,"Rp869,08Jt.",869080000,2026-03-09
Van Viet Nguyen,The Cong - Viettel FC,Vietnam,Kiper,28,"Rp3,48Mlyr.",3480000000,2026-03-09
Van Phong Pham,The Cong - Viettel FC,Vietnam,Kiper,36,"Rp869,08Jt.",869080000,2026-03-09
Xuan Son Ngo,The Cong - Viettel FC,Vietnam,Kiper,0,"Rp434,54Jt.",434540000,2026-03-09
Hoang An Pham,The Cong - Viettel FC,Vietnam,Kiper,0,-,0,2026-03-09
Tien Dung Bui,The Cong - Viettel FC,Vietnam,Bek-Tengah,0,"Rp4,78Mlyr.",4780000000,2026-03-09
Thanh Binh Nguyen,The Cong - Viettel FC,Vietnam,Bek-Tengah,0,"Rp4,35Mlyr.",4350000000,2026-03-09
Kyle Colonna,The Cong - Viettel FC,Vietnam,Bek-Tengah,0,"Rp3,48Mlyr.",3480000000,2026-03-09
Minh Tung Nguyen,The Cong - Viettel FC,Vietnam,Bek-Tengah,0,"Rp1,74Mlyr.",1740000000,2026-03-09
Tuan Phong Dang,The Cong - Viettel FC,Vietnam,Bek-Tengah,0,"Rp869,08Jt.",869080000,2026-03-09
Tuan Tai Phan,The Cong - Viettel FC,Vietnam,Bek-Kiri,0,"Rp4,35Mlyr.",4350000000,2026-03-09
Van Duc Bui,The Cong - Viettel FC,Vietnam,Bek-Kiri,26,"Rp2,17Mlyr.",2170000000,2026-03-09
Viet Tu Dinh,The Cong - Viettel FC,Vietnam,Bek-Kiri,18,"Rp1,30Mlyr.",1300000000,2026-03-09
Van Quyet Vu,The Cong - Viettel FC,Vietnam,Bek-Kanan,21,-,0,2026-03-09
Paulinho Curuá,The Cong - Viettel FC,Vietnam,Gel. Bertahan,0,"Rp1,74Mlyr.",1740000000,2026-03-09
Van Tram Dang,The Cong - Viettel FC,Vietnam,Gel. Bertahan,29,"Rp1,30Mlyr.",1300000000,2026-03-09
Damian Vu Thanh,The Cong - Viettel FC,Vietnam,Gel. Bertahan,0,"Rp869,08Jt.",869080000,2026-03-09
Thanh Tung Duong,The Cong - Viettel FC,Vietnam,Gelandang,22,"Rp434,54Jt.",434540000,2026-03-09
Wesley Natã,The Cong - Viettel FC,Vietnam,Gel. Tengah,25,"Rp5,65Mlyr.",5650000000,2026-03-09
Xuan Tien Dinh,The Cong - Viettel FC,Vietnam,Gel. Tengah,19,"Rp2,61Mlyr.",2610000000,2026-03-09
Van Tu Nguyen,The Cong - Viettel FC,Vietnam,Gel. Tengah,0,"Rp1,74Mlyr.",1740000000,2026-03-09
Quoc Nhat Nam Le,The Cong - Viettel FC,Vietnam,Gel. Tengah,16,"Rp1,30Mlyr.",1300000000,2026-03-09
Duc Hoang Minh Nguyen,The Cong - Viettel FC,Vietnam,Gelandang Kanan,17,"Rp1,30Mlyr.",1300000000,2026-03-09
Ngoc Tu Nguyen,The Cong - Viettel FC,Vietnam,Gelandang Kanan,0,"Rp869,08Jt.",869080000,2026-03-09
Van Khang Khuat,The Cong - Viettel FC,Vietnam,Gelandang Kiri,0,"Rp5,21Mlyr.",5210000000,2026-03-09
Huu Thang Nguyen,The Cong - Viettel FC,Vietnam,Gel. Serang,0,"Rp2,17Mlyr.",2170000000,2026-03-09
Hoang Khanh Nguyen,The Cong - Viettel FC,Vietnam,Sayap Kiri,30,-,0,2026-03-09
Pedro Henrique,The Cong - Viettel FC,Vietnam,Sayap Kanan,0,"Rp3,48Mlyr.",3480000000,2026-03-09
Cong Phuong Nguyen,The Cong - Viettel FC,Vietnam,Sayap Kanan,0,"Rp1,30Mlyr.",1300000000,2026-03-09
Lucão,The Cong - Viettel FC,Vietnam,Depan-Tengah,0,"Rp3,91Mlyr.",3910000000,2026-03-09
Manh Dung Nham,The Cong - Viettel FC,Vietnam,Depan-Tengah,23,"Rp3,04Mlyr.",3040000000,2026-03-09
Danh Trung Tran,The Cong - Viettel FC,Vietnam,Depan-Tengah,0,"Rp2,17Mlyr.",2170000000,2026-03-09
Si Chien Nguyen,The Cong - Viettel FC,Vietnam,Penyerang,0,-,0,2026-03-09
Dang Duong Nguyen,The Cong - Viettel FC,Vietnam,Penyerang,0,-,0,2026-03-09
Filip Nguyen,Cong An Ha Noi FC,Vietnam,Kiper,0,"Rp6,95Mlyr.",6950000000,2026-03-09
Tuyen Quang Vu,Cong An Ha Noi FC,Vietnam,Kiper,32,"Rp869,08Jt.",869080000,2026-03-09
Thanh Vinh Vu,Cong An Ha Noi FC,Vietnam,Kiper,23,"Rp434,54Jt.",434540000,2026-03-09
Dinh Minh Hoang Tran,Cong An Ha Noi FC,Vietnam,Kiper,25,"Rp434,54Jt.",434540000,2026-03-09
Manh Truong Ha,Cong An Ha Noi FC,Vietnam,Kiper,0,-,0,2026-03-09
Hugo Gomes,Cong An Ha Noi FC,Vietnam,Bek-Tengah,0,"Rp6,95Mlyr.",6950000000,2026-03-09
Hoang Viet Anh Bui,Cong An Ha Noi FC,Vietnam,Bek-Tengah,0,"Rp5,21Mlyr.",5210000000,2026-03-09
Dinh Trong Tran,Cong An Ha Noi FC,Vietnam,Bek-Tengah,21,"Rp3,48Mlyr.",3480000000,2026-03-09
Leygley Adou,Cong An Ha Noi FC,Vietnam,Bek-Tengah,38,"Rp3,48Mlyr.",3480000000,2026-03-09
Tuan Duong Giap,Cong An Ha Noi FC,Vietnam,Bek-Tengah,0,"Rp2,61Mlyr.",2610000000,2026-03-09
Anh Thong Bui,Cong An Ha Noi FC,Vietnam,Bek-Tengah,0,-,0,2026-03-09
Jason Pendant,Cong An Ha Noi FC,Vietnam,Bek-Kiri,0,"Rp8,69Mlyr.",8690000000,2026-03-09
Van Hau Doan,Cong An Ha Noi FC,Vietnam,Bek-Kiri,0,"Rp2,61Mlyr.",2610000000,2026-03-09
Van Phuong Ha,Cong An Ha Noi FC,Vietnam,Bek-Kiri,26,"Rp869,08Jt.",869080000,2026-03-09
Van Thanh Vu,Cong An Ha Noi FC,Vietnam,Bek-Kanan,17,"Rp4,35Mlyr.",4350000000,2026-03-09
Van Duc Nguyen,Cong An Ha Noi FC,Vietnam,Bek-Kanan,28,"Rp2,61Mlyr.",2610000000,2026-03-09
Minh Phuc Pham,Cong An Ha Noi FC,Vietnam,Bek-Kanan,22,"Rp1,74Mlyr.",1740000000,2026-03-09
Pham Thanh Long Le,Cong An Ha Noi FC,Vietnam,Gel. Bertahan,0,"Rp4,35Mlyr.",4350000000,2026-03-09
Brandon Ly,Cong An Ha Noi FC,Vietnam,Gel. Bertahan,27,-,0,2026-03-09
Vitão,Cong An Ha Noi FC,Vietnam,Gel. Tengah,0,"Rp2,61Mlyr.",2610000000,2026-03-09
Van Toan Hoang,Cong An Ha Noi FC,Vietnam,Gel. Tengah,0,"Rp2,61Mlyr.",2610000000,2026-03-09
Xuan Thinh Bui,Cong An Ha Noi FC,Vietnam,Gel. Tengah,0,"Rp869,08Jt.",869080000,2026-03-09
Dinh Tien Tran,Cong An Ha Noi FC,Vietnam,Gelandang Kanan,18,"Rp2,61Mlyr.",2610000000,2026-03-09
Van Do Le,Cong An Ha Noi FC,Vietnam,Gelandang Kiri,0,"Rp3,91Mlyr.",3910000000,2026-03-09
Stefan Mauk,Cong An Ha Noi FC,Vietnam,Gel. Serang,0,"Rp10,43Mlyr.",10430000000,2026-03-09
Léo Artur,Cong An Ha Noi FC,Vietnam,Gel. Serang,0,"Rp6,95Mlyr.",6950000000,2026-03-09
Quang Hai Nguyen,Cong An Ha Noi FC,Vietnam,Gel. Serang,19,"Rp6,95Mlyr.",6950000000,2026-03-09
Dinh Bac Nguyen,Cong An Ha Noi FC,Vietnam,Sayap Kiri,0,"Rp5,21Mlyr.",5210000000,2026-03-09
Van Duc Phan,Cong An Ha Noi FC,Vietnam,Sayap Kiri,20,"Rp3,48Mlyr.",3480000000,2026-03-09
China,Cong An Ha Noi FC,Vietnam,Sayap Kanan,30,"Rp6,08Mlyr.",6080000000,2026-03-09
Alan Grafite,Cong An Ha Noi FC,Vietnam,Depan-Tengah,0,"Rp6,52Mlyr.",6520000000,2026-03-09
Duc Nam Tran,Cong An Ha Noi FC,Vietnam,Depan-Tengah,0,"Rp869,08Jt.",869080000,2026-03-09
Thanh Tung Nguyen,Hong Linh Ha Tinh FC,Vietnam,Kiper,0,"Rp2,17Mlyr.",2170000000,2026-03-09
Tung Lam Duong,Hong Linh Ha Tinh FC,Vietnam,Kiper,29,"Rp434,54Jt.",434540000,2026-03-09
Ngoc Cuong Vo,Hong Linh Ha Tinh FC,Vietnam,Kiper,0,-,0,2026-03-09
Helerson,Hong Linh Ha Tinh FC,Vietnam,Bek-Tengah,0,"Rp4,35Mlyr.",4350000000,2026-03-09
Van Hanh Nguyen,Hong Linh Ha Tinh FC,Vietnam,Bek-Tengah,0,"Rp1,30Mlyr.",1300000000,2026-03-09
Cong Thanh Doan,Hong Linh Ha Tinh FC,Vietnam,Bek-Tengah,19,"Rp869,08Jt.",869080000,2026-03-09
Quoc Dan Vo,Hong Linh Ha Tinh FC,Vietnam,Bek-Tengah,38,"Rp434,54Jt.",434540000,2026-03-09
Manh Hung Nguyen,Hong Linh Ha Tinh FC,Vietnam,Bek-Tengah,0,"Rp434,54Jt.",434540000,2026-03-09
Anh Tuan Nguyen,Hong Linh Ha Tinh FC,Vietnam,Bek-Tengah,0,-,0,2026-03-09
Sy Hoang Mai,Hong Linh Ha Tinh FC,Vietnam,Bek-Kiri,0,"Rp3,04Mlyr.",3040000000,2026-03-09
Viet Trieu Vu,Hong Linh Ha Tinh FC,Vietnam,Bek-Kiri,30,"Rp1,74Mlyr.",1740000000,2026-03-09
Duy Thuong Bui,Hong Linh Ha Tinh FC,Vietnam,Bek-Kanan,0,"Rp2,17Mlyr.",2170000000,2026-03-09
Van Nhuan Nguyen,Hong Linh Ha Tinh FC,Vietnam,Bek-Kanan,0,"Rp434,54Jt.",434540000,2026-03-09
The Hung Nguyen,Hong Linh Ha Tinh FC,Vietnam,Gelandang,27,-,0,2026-03-09
Joseph Onoja,Hong Linh Ha Tinh FC,Vietnam,Gel. Tengah,0,"Rp3,48Mlyr.",3480000000,2026-03-09
Duc Viet Nguyen,Hong Linh Ha Tinh FC,Vietnam,Gel. Tengah,0,"Rp1,30Mlyr.",1300000000,2026-03-09
Hoang Trung Nguyen Nguyen,Hong Linh Ha Tinh FC,Vietnam,Gel. Tengah,24,"Rp869,08Jt.",869080000,2026-03-09
Trong Hoang Nguyen,Hong Linh Ha Tinh FC,Vietnam,Gel. Tengah,0,"Rp434,54Jt.",434540000,2026-03-09
Van Buu Tran,Hong Linh Ha Tinh FC,Vietnam,Gel. Tengah,17,"Rp434,54Jt.",434540000,2026-03-09
Tuan Tai Dinh,Hong Linh Ha Tinh FC,Vietnam,Gel. Tengah,25,"Rp434,54Jt.",434540000,2026-03-09
Van Khanh Nguyen,Hong Linh Ha Tinh FC,Vietnam,Gel. Tengah,37,"Rp434,54Jt.",434540000,2026-03-09
Tan Tai Huynh,Hong Linh Ha Tinh FC,Vietnam,Gelandang Kanan,39,"Rp1,74Mlyr.",1740000000,2026-03-09
Van Long Pham,Hong Linh Ha Tinh FC,Vietnam,Gelandang Kanan,16,"Rp1,30Mlyr.",1300000000,2026-03-09
Viktor Le,Hong Linh Ha Tinh FC,Vietnam,Gelandang Kiri,0,"Rp3,48Mlyr.",3480000000,2026-03-09
Tien Dat Huynh,Hong Linh Ha Tinh FC,Vietnam,Gelandang Kiri,20,"Rp869,08Jt.",869080000,2026-03-09
Van Huy Nguyen,Hong Linh Ha Tinh FC,Vietnam,Gelandang Kiri,21,"Rp434,54Jt.",434540000,2026-03-09
Van Hiep Nguyen,Hong Linh Ha Tinh FC,Vietnam,Sayap Kanan,0,"Rp869,08Jt.",869080000,2026-03-09
Yevgeniy Serdyuk,Hong Linh Ha Tinh FC,Vietnam,Depan-Tengah,0,"Rp10,43Mlyr.",10430000000,2026-03-09
Charles Atshimene,Hong Linh Ha Tinh FC,Vietnam,Depan-Tengah,0,"Rp4,78Mlyr.",4780000000,2026-03-09
Balotelli,Hong Linh Ha Tinh FC,Vietnam,Depan-Tengah,0,"Rp2,17Mlyr.",2170000000,2026-03-09
Quang Nam Vu,Hong Linh Ha Tinh FC,Vietnam,Depan-Tengah,18,"Rp869,08Jt.",869080000,2026-03-09
Dinh Trieu Nguyen,Hai Phong FC,Vietnam,Kiper,0,"Rp2,17Mlyr.",2170000000,2026-03-09
Van Luan Pham,Hai Phong FC,Vietnam,Kiper,36,"Rp434,54Jt.",434540000,2026-03-09
Dinh Tung Nguyen,Hai Phong FC,Vietnam,Kiper,35,-,0,2026-03-09
Tien Dung Bui,Hai Phong FC,Vietnam,Bek-Tengah,16,"Rp3,91Mlyr.",3910000000,2026-03-09
Nhat Minh Nguyen,Hai Phong FC,Vietnam,Bek-Tengah,27,"Rp2,61Mlyr.",2610000000,2026-03-09
Hoai Duong Pham,Hai Phong FC,Vietnam,Bek-Tengah,0,"Rp434,54Jt.",434540000,2026-03-09
Quoc Anh Vu,Hai Phong FC,Vietnam,Bek-Tengah,34,-,0,2026-03-09
Viet Hung Trieu,Hai Phong FC,Vietnam,Bek-Kiri,0,"Rp4,78Mlyr.",4780000000,2026-03-09
Tien Dung Dam,Hai Phong FC,Vietnam,Bek-Kiri,0,"Rp1,74Mlyr.",1740000000,2026-03-09
Van Bac Ngo,Hai Phong FC,Vietnam,Bek-Kiri,21,"Rp434,54Jt.",434540000,2026-03-09
Thai Hoc Nguyen,Hai Phong FC,Vietnam,Bek-Kiri,0,-,0,2026-03-09
Trung Hieu Pham,Hai Phong FC,Vietnam,Bek-Kanan,17,"Rp3,48Mlyr.",3480000000,2026-03-09
Van Minh Nguyen,Hai Phong FC,Vietnam,Bek-Kanan,29,"Rp869,08Jt.",869080000,2026-03-09
Bicou Bissainthe,Hai Phong FC,Vietnam,Gel. Bertahan,25,"Rp4,35Mlyr.",4350000000,2026-03-09
Luiz Antônio,Hai Phong FC,Vietnam,Gel. Bertahan,0,"Rp3,91Mlyr.",3910000000,2026-03-09
Moses Oloya,Hai Phong FC,Vietnam,Gel. Bertahan,0,"Rp869,08Jt.",869080000,2026-03-09
Tuan Anh Nguyen,Hai Phong FC,Vietnam,Gel. Tengah,0,"Rp2,17Mlyr.",2170000000,2026-03-09
Manh Dung Le,Hai Phong FC,Vietnam,Gel. Tengah,19,"Rp1,30Mlyr.",1300000000,2026-03-09
Huu Son Nguyen,Hai Phong FC,Vietnam,Gelandang Kanan,0,"Rp2,61Mlyr.",2610000000,2026-03-09
Huu Nam Nguyen,Hai Phong FC,Vietnam,Gelandang Kanan,0,"Rp1,30Mlyr.",1300000000,2026-03-09
Huu Thai Bao Nguyen,Hai Phong FC,Vietnam,Gelandang Kanan,31,"Rp869,08Jt.",869080000,2026-03-09
Thanh Dong Nguyen,Hai Phong FC,Vietnam,Gelandang Kanan,0,"Rp434,54Jt.",434540000,2026-03-09
Minh Di Ho,Hai Phong FC,Vietnam,Gelandang Kiri,0,"Rp1,74Mlyr.",1740000000,2026-03-09
Hoang Nam Luong,Hai Phong FC,Vietnam,Gelandang Kiri,30,"Rp1,74Mlyr.",1740000000,2026-03-09
The Tai Hoang,Hai Phong FC,Vietnam,Gelandang Kiri,0,"Rp869,08Jt.",869080000,2026-03-09
Camilo Vasconcelos,Hai Phong FC,Vietnam,Sayap Kiri,0,"Rp434,54Jt.",434540000,2026-03-09
Joel Tagueu,Hai Phong FC,Vietnam,Depan-Tengah,0,"Rp5,21Mlyr.",5210000000,2026-03-09
Xuan Nam Nguyen,Hai Phong FC,Vietnam,Depan-Tengah,0,"Rp1,30Mlyr.",1300000000,2026-03-09
Jourdain Fletcher,Hai Phong FC,Vietnam,Depan-Tengah,0,-,0,2026-03-09
