player_name,team,league_country,position,age,market_value_raw,market_value_est,scraped_date
Ernando Ari,Persebaya Surabaya,Indonesia,Kiper,21,"Rp4,78Mlyr.",4780000000,2026-07-13
Reza Arya,Persebaya Surabaya,Indonesia,Kiper,0,"Rp2,61Mlyr.",2610000000,2026-07-13
Adre Arido,Persebaya Surabaya,Indonesia,Kiper,0,-,0,2026-07-13
Muhammad Ilham,Persebaya Surabaya,Indonesia,Kiper,39,-,0,2026-07-13
Yuran Fernandes,Persebaya Surabaya,Indonesia,Bek-Tengah,0,"Rp6,52Mlyr.",6520000000,2026-07-13
Syahrul Lasinari,Persebaya Surabaya,Indonesia,Bek-Tengah,0,"Rp3,04Mlyr.",3040000000,2026-07-13
Risto Mitrevski,Persebaya Surabaya,Indonesia,Bek-Tengah,0,"Rp1,74Mlyr.",1740000000,2026-07-13
Wálber,Persebaya Surabaya,Indonesia,Bek-Tengah,0,"Rp1,30Mlyr.",1300000000,2026-07-13
Randy May,Persebaya Surabaya,Indonesia,Bek-Tengah,18,"Rp434,54Jt.",434540000,2026-07-13
Sheva Kardanu,Persebaya Surabaya,Indonesia,Bek-Tengah,0,-,0,2026-07-13
Jefferson,Persebaya Surabaya,Indonesia,Bek-Kiri,17,"Rp4,78Mlyr.",4780000000,2026-07-13
Yusuf Meilana,Persebaya Surabaya,Indonesia,Bek-Kiri,0,"Rp3,04Mlyr.",3040000000,2026-07-13
Mikael Tata,Persebaya Surabaya,Indonesia,Bek-Kiri,0,"Rp2,61Mlyr.",2610000000,2026-07-13
Ahmad Mujtaba,Persebaya Surabaya,Indonesia,Bek-Kiri,0,-,0,2026-07-13
Arief Catur,Persebaya Surabaya,Indonesia,Bek-Kanan,0,"Rp3,91Mlyr.",3910000000,2026-07-13
Koko Ari,Persebaya Surabaya,Indonesia,Bek-Kanan,33,"Rp2,61Mlyr.",2610000000,2026-07-13
Rachmat Irianto,Persebaya Surabaya,Indonesia,Gel. Bertahan,0,"Rp4,35Mlyr.",4350000000,2026-07-13
Gledson,Persebaya Surabaya,Indonesia,Gel. Bertahan,0,"Rp1,74Mlyr.",1740000000,2026-07-13
Sadida Putra,Persebaya Surabaya,Indonesia,Gel. Bertahan,0,"Rp1,30Mlyr.",1300000000,2026-07-13
Ramalho,Persebaya Surabaya,Indonesia,Gel. Tengah,0,"Rp6,95Mlyr.",6950000000,2026-07-13
Toni Firmansyah,Persebaya Surabaya,Indonesia,Gel. Tengah,0,"Rp2,61Mlyr.",2610000000,2026-07-13
Ichsas Baihaqi,Persebaya Surabaya,Indonesia,Gel. Tengah,0,"Rp869,08Jt.",869080000,2026-07-13
Francisco Rivera,Persebaya Surabaya,Indonesia,Gel. Serang,0,"Rp6,95Mlyr.",6950000000,2026-07-13
Miguel Pereira,Persebaya Surabaya,Indonesia,Sayap Kanan,0,"Rp12,17Mlyr.",12170000000,2026-07-13
Malik Risaldi,Persebaya Surabaya,Indonesia,Sayap Kanan,0,"Rp4,78Mlyr.",4780000000,2026-07-13
Dicky Kurniawan,Persebaya Surabaya,Indonesia,Sayap Kanan,0,"Rp1,74Mlyr.",1740000000,2026-07-13
Alfan Suaib,Persebaya Surabaya,Indonesia,Sayap Kanan,0,"Rp869,08Jt.",869080000,2026-07-13
Dimas Wicaksono,Persebaya Surabaya,Indonesia,Sayap Kanan,26,"Rp869,08Jt.",869080000,2026-07-13
Alex Martins,Persebaya Surabaya,Indonesia,Depan-Tengah,0,"Rp5,65Mlyr.",5650000000,2026-07-13
Yann Mabella,Persebaya Surabaya,Indonesia,Depan-Tengah,0,"Rp5,21Mlyr.",5210000000,2026-07-13
Ramadhan Sananta,Persebaya Surabaya,Indonesia,Depan-Tengah,0,"Rp4,78Mlyr.",4780000000,2026-07-13
Mihailo Perovic,Persebaya Surabaya,Indonesia,Depan-Tengah,0,"Rp3,91Mlyr.",3910000000,2026-07-13
Ricky Pratama,Persebaya Surabaya,Indonesia,Depan-Tengah,0,"Rp2,17Mlyr.",2170000000,2026-07-13
Dimas Adi,Persebaya Surabaya,Indonesia,Depan-Tengah,0,-,0,2026-07-13
Cyrus Margono,Persija Jakarta,Indonesia,Kiper,0,"Rp3,04Mlyr.",3040000000,2026-07-13
Aqil Savik,Persija Jakarta,Indonesia,Kiper,0,"Rp2,61Mlyr.",2610000000,2026-07-13
Hafizh Rizkianur,Persija Jakarta,Indonesia,Kiper,22,-,0,2026-07-13
Irham Nadzhofa,Persija Jakarta,Indonesia,Kiper,27,-,0,2026-07-13
Rizky Ridho,Persija Jakarta,Indonesia,Bek-Tengah,0,"Rp11,30Mlyr.",11300000000,2026-07-13
Jordi Amat,Persija Jakarta,Indonesia,Bek-Tengah,21,"Rp9,56Mlyr.",9560000000,2026-07-13
Denis Kolinger,Persija Jakarta,Indonesia,Bek-Tengah,0,"Rp7,82Mlyr.",7820000000,2026-07-13
Dia Syayid,Persija Jakarta,Indonesia,Bek-Tengah,32,"Rp869,08Jt.",869080000,2026-07-13
Baihaqi Rifai,Persija Jakarta,Indonesia,Bek-Tengah,29,-,0,2026-07-13
Shayne Pattynama,Persija Jakarta,Indonesia,Bek-Kiri,25,"Rp6,08Mlyr.",6080000000,2026-07-13
Dony Tri Pamungkas,Persija Jakarta,Indonesia,Bek-Kiri,0,"Rp5,21Mlyr.",5210000000,2026-07-13
Pratama Arhan,Persija Jakarta,Indonesia,Bek-Kiri,0,"Rp4,35Mlyr.",4350000000,2026-07-13
Fajar Fathurrahman,Persija Jakarta,Indonesia,Bek-Kanan,0,"Rp5,65Mlyr.",5650000000,2026-07-13
Kerim Memija,Persija Jakarta,Indonesia,Bek-Kanan,0,"Rp5,21Mlyr.",5210000000,2026-07-13
Rio Fahmi,Persija Jakarta,Indonesia,Bek-Kanan,0,"Rp5,21Mlyr.",5210000000,2026-07-13
Fafa Sheva,Persija Jakarta,Indonesia,Bek-Kanan,0,"Rp869,08Jt.",869080000,2026-07-13
Fábio Silva,Persija Jakarta,Indonesia,Gel. Bertahan,0,"Rp5,21Mlyr.",5210000000,2026-07-13
Sousa,Persija Jakarta,Indonesia,Gel. Bertahan,0,"Rp4,35Mlyr.",4350000000,2026-07-13
Aditya Warman,Persija Jakarta,Indonesia,Gel. Bertahan,36,"Rp1,30Mlyr.",1300000000,2026-07-13
Figo Dennis,Persija Jakarta,Indonesia,Gel. Bertahan,0,"Rp869,08Jt.",869080000,2026-07-13
Refan Nadief,Persija Jakarta,Indonesia,Gel. Tengah,0,-,0,2026-07-13
Rayhan Hannan,Persija Jakarta,Indonesia,Gel. Serang,0,"Rp3,04Mlyr.",3040000000,2026-07-13
Witan,Persija Jakarta,Indonesia,Sayap Kiri,0,"Rp4,78Mlyr.",4780000000,2026-07-13
Arlyansyah Abdulmanan,Persija Jakarta,Indonesia,Sayap Kiri,0,"Rp1,74Mlyr.",1740000000,2026-07-13
Victor Dethan,Persija Jakarta,Indonesia,Sayap Kanan,0,"Rp3,91Mlyr.",3910000000,2026-07-13
Jehan Pahlevi,Persija Jakarta,Indonesia,Sayap Kanan,0,"Rp434,54Jt.",434540000,2026-07-13
Agi Firmansyah,Persija Jakarta,Indonesia,Sayap Kanan,0,-,0,2026-07-13
Zahaby Gholy,Persija Jakarta,Indonesia,Sayap Kanan,0,-,0,2026-07-13
Gustavo Almeida,Persija Jakarta,Indonesia,Depan-Tengah,0,"Rp4,78Mlyr.",4780000000,2026-07-13
Eksel Runtukahu,Persija Jakarta,Indonesia,Depan-Tengah,0,"Rp4,78Mlyr.",4780000000,2026-07-13
Mauro Zijlstra,Persija Jakarta,Indonesia,Depan-Tengah,0,"Rp1,30Mlyr.",1300000000,2026-07-13
Igor Rodrigues,Persita Tangerang,Indonesia,Kiper,29,"Rp6,52Mlyr.",6520000000,2026-07-13
Kartika Ajie,Persita Tangerang,Indonesia,Kiper,0,"Rp1,74Mlyr.",1740000000,2026-07-13
Rizwan Haikal,Persita Tangerang,Indonesia,Kiper,21,-,0,2026-07-13
Tamirlan Kozubaev,Persita Tangerang,Indonesia,Bek-Tengah,0,"Rp7,82Mlyr.",7820000000,2026-07-13
Javlon Guseynov,Persita Tangerang,Indonesia,Bek-Tengah,19,"Rp2,61Mlyr.",2610000000,2026-07-13
Ryuji Utomo,Persita Tangerang,Indonesia,Bek-Tengah,0,"Rp2,17Mlyr.",2170000000,2026-07-13
Charisma Fathoni,Persita Tangerang,Indonesia,Bek-Tengah,0,"Rp1,74Mlyr.",1740000000,2026-07-13
Mario Jardel,Persita Tangerang,Indonesia,Bek-Kiri,0,"Rp3,48Mlyr.",3480000000,2026-07-13
Zalnando,Persita Tangerang,Indonesia,Bek-Kiri,0,"Rp1,74Mlyr.",1740000000,2026-07-13
Aep Nursofyan,Persita Tangerang,Indonesia,Bek-Kanan,0,"Rp434,54Jt.",434540000,2026-07-13
Diovani Rafly,Persita Tangerang,Indonesia,Bek-Kanan,0,-,0,2026-07-13
Sutanto Tan,Persita Tangerang,Indonesia,Gel. Bertahan,0,"Rp2,61Mlyr.",2610000000,2026-07-13
Wahyudi Hamisi,Persita Tangerang,Indonesia,Gel. Bertahan,0,"Rp2,17Mlyr.",2170000000,2026-07-13
Rifky Dwi Septiawan,Persita Tangerang,Indonesia,Gel. Bertahan,0,"Rp1,74Mlyr.",1740000000,2026-07-13
Zulfan Djiaulhaq,Persita Tangerang,Indonesia,Gel. Bertahan,36,"Rp1,30Mlyr.",1300000000,2026-07-13
Pablo Ganet,Persita Tangerang,Indonesia,Gel. Tengah,0,"Rp5,21Mlyr.",5210000000,2026-07-13
Éber Bessa,Persita Tangerang,Indonesia,Gel. Serang,0,"Rp1,74Mlyr.",1740000000,2026-07-13
Aleksa Andrejic,Persita Tangerang,Indonesia,Sayap Kiri,0,"Rp2,17Mlyr.",2170000000,2026-07-13
Esal Sahrul,Persita Tangerang,Indonesia,Sayap Kiri,0,"Rp1,74Mlyr.",1740000000,2026-07-13
Yardan Yafi,Persita Tangerang,Indonesia,Sayap Kiri,25,"Rp869,08Jt.",869080000,2026-07-13
Andriano Saputra,Persita Tangerang,Indonesia,Sayap Kiri,30,"Rp434,54Jt.",434540000,2026-07-13
Evan Tuhuteru,Persita Tangerang,Indonesia,Sayap Kiri,0,-,0,2026-07-13
Rayco Rodríguez,Persita Tangerang,Indonesia,Sayap Kanan,0,"Rp7,82Mlyr.",7820000000,2026-07-13
Dafiq Firdaus,Persita Tangerang,Indonesia,Sayap Kanan,17,-,0,2026-07-13
Alexandre Ramalingom,Persita Tangerang,Indonesia,Depan-Tengah,0,"Rp6,08Mlyr.",6080000000,2026-07-13
Hokky Caraka,Persita Tangerang,Indonesia,Depan-Tengah,0,"Rp3,48Mlyr.",3480000000,2026-07-13
Ahmad Nur Hardianto,Persita Tangerang,Indonesia,Depan-Tengah,0,"Rp2,61Mlyr.",2610000000,2026-07-13
Hilmansyah,PSM Makassar,Indonesia,Kiper,0,"Rp3,48Mlyr.",3480000000,2026-07-13
Ardiansyah,PSM Makassar,Indonesia,Kiper,0,"Rp869,08Jt.",869080000,2026-07-13
Syamil Bahij,PSM Makassar,Indonesia,Kiper,0,-,0,2026-07-13
Poetro Negoro,PSM Makassar,Indonesia,Kiper,20,-,0,2026-07-13
Agus Al Faris,PSM Makassar,Indonesia,Kiper,0,-,0,2026-07-13
Dusan Lagator,PSM Makassar,Indonesia,Bek-Tengah,0,"Rp6,95Mlyr.",6950000000,2026-07-13
Aloísio Neto,PSM Makassar,Indonesia,Bek-Tengah,0,"Rp5,21Mlyr.",5210000000,2026-07-13
Victor Luiz,PSM Makassar,Indonesia,Bek-Kiri,22,"Rp6,08Mlyr.",6080000000,2026-07-13
Mufli Hidayat,PSM Makassar,Indonesia,Bek-Kanan,0,"Rp1,30Mlyr.",1300000000,2026-07-13
Akbar Tanjung,PSM Makassar,Indonesia,Gel. Bertahan,0,"Rp3,48Mlyr.",3480000000,2026-07-13
Ananda Raehan,PSM Makassar,Indonesia,Gel. Bertahan,0,"Rp3,04Mlyr.",3040000000,2026-07-13
Muhammad Arfan,PSM Makassar,Indonesia,Gel. Bertahan,0,"Rp2,61Mlyr.",2610000000,2026-07-13
Resky Fandi,PSM Makassar,Indonesia,Gel. Bertahan,0,"Rp1,30Mlyr.",1300000000,2026-07-13
Adil Nur,PSM Makassar,Indonesia,Gel. Bertahan,0,-,0,2026-07-13
Rasyid Bakri,PSM Makassar,Indonesia,Gel. Tengah,17,"Rp434,54Jt.",434540000,2026-07-13
Fahrul Aditia,PSM Makassar,Indonesia,Gel. Serang,29,"Rp1,30Mlyr.",1300000000,2026-07-13
Kaka Amrullah,PSM Makassar,Indonesia,Gel. Serang,19,-,0,2026-07-13
Rizky Eka Pratama,PSM Makassar,Indonesia,Sayap Kiri,24,"Rp3,48Mlyr.",3480000000,2026-07-13
Arham Darmawan,PSM Makassar,Indonesia,Sayap Kiri,0,"Rp869,08Jt.",869080000,2026-07-13
Tedja Kusuma,PSM Makassar,Indonesia,Sayap Kiri,0,"Rp869,08Jt.",869080000,2026-07-13
Dzaky Asraf,PSM Makassar,Indonesia,Sayap Kanan,27,"Rp1,30Mlyr.",1300000000,2026-07-13
Karel Ridzald,PSM Makassar,Indonesia,Sayap Kanan,0,"Rp869,08Jt.",869080000,2026-07-13
Gala Pagamo,PSM Makassar,Indonesia,Sayap Kanan,18,"Rp869,08Jt.",869080000,2026-07-13
Muh Fahrul,PSM Makassar,Indonesia,Sayap Kanan,0,-,0,2026-07-13
Luka Cumic,PSM Makassar,Indonesia,Depan-Tengah,0,"Rp5,21Mlyr.",5210000000,2026-07-13
Awan Setho,Bhayangkara Presisi Lampung FC,Indonesia,Kiper,0,"Rp2,17Mlyr.",2170000000,2026-07-13
Rakasurya Handika,Bhayangkara Presisi Lampung FC,Indonesia,Kiper,29,"Rp869,08Jt.",869080000,2026-07-13
Sultan Jabbar,Bhayangkara Presisi Lampung FC,Indonesia,Kiper,0,-,0,2026-07-13
Muhammad Ferarri,Bhayangkara Presisi Lampung FC,Indonesia,Bek-Tengah,41,"Rp4,35Mlyr.",4350000000,2026-07-13
Nehar Sadiki,Bhayangkara Presisi Lampung FC,Indonesia,Bek-Tengah,0,"Rp3,91Mlyr.",3910000000,2026-07-13
Léo,Bhayangkara Presisi Lampung FC,Indonesia,Bek-Tengah,0,"Rp2,61Mlyr.",2610000000,2026-07-13
Rahmat Syawal,Bhayangkara Presisi Lampung FC,Indonesia,Bek-Tengah,0,"Rp869,08Jt.",869080000,2026-07-13
Ferre Murari,Bhayangkara Presisi Lampung FC,Indonesia,Bek-Tengah,26,"Rp173,82Jt.",173820000,2026-07-13
Firza Andika,Bhayangkara Presisi Lampung FC,Indonesia,Bek-Kiri,0,"Rp3,91Mlyr.",3910000000,2026-07-13
Alan Cardoso,Bhayangkara Presisi Lampung FC,Indonesia,Bek-Kiri,0,"Rp3,48Mlyr.",3480000000,2026-07-13
Frengky Missa,Bhayangkara Presisi Lampung FC,Indonesia,Bek-Kiri,0,"Rp2,61Mlyr.",2610000000,2026-07-13
Ardi Idrus,Bhayangkara Presisi Lampung FC,Indonesia,Bek-Kiri,0,"Rp2,17Mlyr.",2170000000,2026-07-13
Putu Gede,Bhayangkara Presisi Lampung FC,Indonesia,Bek-Kanan,0,"Rp3,91Mlyr.",3910000000,2026-07-13
Moisés Gaúcho,Bhayangkara Presisi Lampung FC,Indonesia,Gel. Bertahan,0,"Rp3,48Mlyr.",3480000000,2026-07-13
Evandra Florasta,Bhayangkara Presisi Lampung FC,Indonesia,Gel. Bertahan,25,-,0,2026-07-13
Christian Ilic,Bhayangkara Presisi Lampung FC,Indonesia,Gel. Tengah,0,"Rp5,65Mlyr.",5650000000,2026-07-13
Reza Kusuma,Bhayangkara Presisi Lampung FC,Indonesia,Gel. Tengah,0,"Rp1,30Mlyr.",1300000000,2026-07-13
TM Ichsan,Bhayangkara Presisi Lampung FC,Indonesia,Gel. Tengah,19,"Rp1,30Mlyr.",1300000000,2026-07-13
Wahyu Subo Seto,Bhayangkara Presisi Lampung FC,Indonesia,Gel. Serang,23,"Rp1,74Mlyr.",1740000000,2026-07-13
Da-bin Ji,Bhayangkara Presisi Lampung FC,Indonesia,Gel. Serang,0,-,0,2026-07-13
Sani Rizki,Bhayangkara Presisi Lampung FC,Indonesia,Sayap Kiri,20,"Rp2,61Mlyr.",2610000000,2026-07-13
Ginanjar Wahyu,Bhayangkara Presisi Lampung FC,Indonesia,Sayap Kiri,0,"Rp869,08Jt.",869080000,2026-07-13
Fadly Alberto,Bhayangkara Presisi Lampung FC,Indonesia,Sayap Kiri,24,-,0,2026-07-13
Ryan Kurnia,Bhayangkara Presisi Lampung FC,Indonesia,Sayap Kanan,0,"Rp2,61Mlyr.",2610000000,2026-07-13
Fareed Sadat,Bhayangkara Presisi Lampung FC,Indonesia,Depan-Tengah,16,"Rp3,04Mlyr.",3040000000,2026-07-13
Muhammad Ragil,Bhayangkara Presisi Lampung FC,Indonesia,Depan-Tengah,0,"Rp1,74Mlyr.",1740000000,2026-07-13
Titan Agung,Bhayangkara Presisi Lampung FC,Indonesia,Depan-Tengah,0,"Rp1,30Mlyr.",1300000000,2026-07-13
Angga Saputro,Madura United FC,Indonesia,Kiper,0,"Rp2,61Mlyr.",2610000000,2026-07-13
Diky Indriyana,Madura United FC,Indonesia,Kiper,21,"Rp1,30Mlyr.",1300000000,2026-07-13
Bima Koto,Madura United FC,Indonesia,Kiper,0,"Rp869,08Jt.",869080000,2026-07-13
Adhitya Harlan,Madura United FC,Indonesia,Kiper,26,"Rp173,82Jt.",173820000,2026-07-13
Rendy Razzaqu,Madura United FC,Indonesia,Kiper,0,-,0,2026-07-13
Pedro Monteiro,Madura United FC,Indonesia,Bek-Tengah,0,"Rp3,91Mlyr.",3910000000,2026-07-13
Mendonça,Madura United FC,Indonesia,Bek-Tengah,0,"Rp2,17Mlyr.",2170000000,2026-07-13
Ahmad Rusadi,Madura United FC,Indonesia,Bek-Tengah,0,"Rp1,74Mlyr.",1740000000,2026-07-13
Giovani Numberi,Madura United FC,Indonesia,Bek-Kanan,0,"Rp2,17Mlyr.",2170000000,2026-07-13
Kerim Palic,Madura United FC,Indonesia,Gel. Bertahan,0,"Rp3,48Mlyr.",3480000000,2026-07-13
Ilhamsyah,Madura United FC,Indonesia,Gel. Bertahan,36,"Rp869,08Jt.",869080000,2026-07-13
Feby Ramzy,Madura United FC,Indonesia,Gel. Bertahan,0,"Rp434,54Jt.",434540000,2026-07-13
Jordy Wehrmann,Madura United FC,Indonesia,Gel. Tengah,0,"Rp6,08Mlyr.",6080000000,2026-07-13
Paulo Sitanggang,Madura United FC,Indonesia,Gel. Tengah,17,"Rp2,17Mlyr.",2170000000,2026-07-13
Fauzan Hanif,Madura United FC,Indonesia,Gel. Tengah,0,"Rp434,54Jt.",434540000,2026-07-13
Iran Júnior,Madura United FC,Indonesia,Gel. Serang,0,"Rp4,35Mlyr.",4350000000,2026-07-13
Danilo Santacruz,Madura United FC,Indonesia,Gel. Serang,0,"Rp2,61Mlyr.",2610000000,2026-07-13
Taufany Muslihuddin,Madura United FC,Indonesia,Gel. Serang,24,"Rp2,17Mlyr.",2170000000,2026-07-13
Rifqi Ray,Madura United FC,Indonesia,Gel. Serang,0,"Rp869,08Jt.",869080000,2026-07-13
Gali Freitas,Madura United FC,Indonesia,Sayap Kiri,0,"Rp4,35Mlyr.",4350000000,2026-07-13
Lulinha,Madura United FC,Indonesia,Sayap Kiri,0,"Rp1,74Mlyr.",1740000000,2026-07-13
Riski Afrisal,Madura United FC,Indonesia,Sayap Kiri,25,"Rp1,30Mlyr.",1300000000,2026-07-13
Jasey Wehrmann,Madura United FC,Indonesia,Sayap Kiri,37,-,0,2026-07-13
Arsan Makarin,Madura United FC,Indonesia,Sayap Kanan,0,"Rp434,54Jt.",434540000,2026-07-13
Balotelli,Madura United FC,Indonesia,Depan-Tengah,0,"Rp1,74Mlyr.",1740000000,2026-07-13
Aji Kusuma,Madura United FC,Indonesia,Depan-Tengah,0,"Rp1,74Mlyr.",1740000000,2026-07-13
Alan,Malut United FC,Indonesia,Kiper,0,"Rp3,04Mlyr.",3040000000,2026-07-13
Muhammad Ridwan,Malut United FC,Indonesia,Kiper,22,"Rp869,08Jt.",869080000,2026-07-13
Zahir Fazya,Malut United FC,Indonesia,Kiper,28,-,0,2026-07-13
Gustavo França,Malut United FC,Indonesia,Bek-Tengah,0,"Rp6,52Mlyr.",6520000000,2026-07-13
Chechu Meneses,Malut United FC,Indonesia,Bek-Tengah,0,"Rp2,61Mlyr.",2610000000,2026-07-13
Ariel Kurung,Malut United FC,Indonesia,Bek-Tengah,0,"Rp2,17Mlyr.",2170000000,2026-07-13
Nilson Júnior,Malut United FC,Indonesia,Bek-Tengah,0,"Rp1,74Mlyr.",1740000000,2026-07-13
Kanavaro Burere,Malut United FC,Indonesia,Bek-Tengah,0,-,0,2026-07-13
Rangga Bolang,Malut United FC,Indonesia,Bek-Tengah,0,-,0,2026-07-13
Ali Syafiq,Malut United FC,Indonesia,Bek-Tengah,0,-,0,2026-07-13
Mardani Majid,Malut United FC,Indonesia,Bek-Kanan,0,-,0,2026-07-13
Ridho Syuhada,Malut United FC,Indonesia,Gel. Bertahan,0,"Rp1,30Mlyr.",1300000000,2026-07-13
Tri Setiawan,Malut United FC,Indonesia,Gel. Bertahan,0,"Rp1,30Mlyr.",1300000000,2026-07-13
Riki Togubu,Malut United FC,Indonesia,Gel. Bertahan,0,"Rp869,08Jt.",869080000,2026-07-13
Lucas Cardoso,Malut United FC,Indonesia,Gel. Tengah,0,"Rp5,21Mlyr.",5210000000,2026-07-13
Rizky Pellu,Malut United FC,Indonesia,Gel. Tengah,0,"Rp173,82Jt.",173820000,2026-07-13
Tyronne,Malut United FC,Indonesia,Gel. Serang,0,"Rp1,74Mlyr.",1740000000,2026-07-13
Frets Butuan,Malut United FC,Indonesia,Sayap Kiri,21,"Rp2,61Mlyr.",2610000000,2026-07-13
Rifal Lastori,Malut United FC,Indonesia,Sayap Kiri,0,"Rp2,17Mlyr.",2170000000,2026-07-13
Rafly Selang,Malut United FC,Indonesia,Sayap Kiri,0,"Rp2,17Mlyr.",2170000000,2026-07-13
Ciro Alves,Malut United FC,Indonesia,Sayap Kanan,0,"Rp3,04Mlyr.",3040000000,2026-07-13
Vico Duarte,Malut United FC,Indonesia,Sayap Kanan,0,"Rp1,74Mlyr.",1740000000,2026-07-13
Riyan Ardiansyah,Malut United FC,Indonesia,Sayap Kanan,0,"Rp1,74Mlyr.",1740000000,2026-07-13
Taufik Rustam,Malut United FC,Indonesia,Sayap Kanan,19,"Rp1,30Mlyr.",1300000000,2026-07-13
Ahmad Wadil,Malut United FC,Indonesia,Sayap Kanan,0,"Rp869,08Jt.",869080000,2026-07-13
Aprilian Bernadus,Malut United FC,Indonesia,Sayap Kanan,0,"Rp173,82Jt.",173820000,2026-07-13
David da Silva,Malut United FC,Indonesia,Depan-Tengah,17,"Rp1,74Mlyr.",1740000000,2026-07-13
Rifael Salmon,Malut United FC,Indonesia,Depan-Tengah,0,"Rp173,82Jt.",173820000,2026-07-13
Risky Safri,Malut United FC,Indonesia,Depan-Tengah,0,-,0,2026-07-13
Ega Rizky,PSS Sleman,Indonesia,Kiper,32,"Rp1,30Mlyr.",1300000000,2026-07-13
Safaat Romadhona,PSS Sleman,Indonesia,Kiper,31,"Rp434,54Jt.",434540000,2026-07-13
Fidelis Davin,PSS Sleman,Indonesia,Kiper,0,-,0,2026-07-13
Yuniar Anif,PSS Sleman,Indonesia,Kiper,30,-,0,2026-07-13
Cleberson,PSS Sleman,Indonesia,Bek-Tengah,0,"Rp3,04Mlyr.",3040000000,2026-07-13
Fachruddin Aryanto,PSS Sleman,Indonesia,Bek-Tengah,19,"Rp869,08Jt.",869080000,2026-07-13
Nur Aziz,PSS Sleman,Indonesia,Bek-Tengah,0,"Rp869,08Jt.",869080000,2026-07-13
Jajang Mulyana,PSS Sleman,Indonesia,Bek-Tengah,0,"Rp173,82Jt.",173820000,2026-07-13
Joseph Kurniawan,PSS Sleman,Indonesia,Bek-Tengah,0,-,0,2026-07-13
Kevin Gomes,PSS Sleman,Indonesia,Bek-Kiri,0,"Rp3,04Mlyr.",3040000000,2026-07-13
Salman Alfarid,PSS Sleman,Indonesia,Bek-Kiri,16,"Rp869,08Jt.",869080000,2026-07-13
Bima Zawawi,PSS Sleman,Indonesia,Bek-Kiri,0,-,0,2026-07-13
Saiful Djoge,PSS Sleman,Indonesia,Bek-Kanan,17,"Rp1,74Mlyr.",1740000000,2026-07-13
Muhammad Fariz,PSS Sleman,Indonesia,Bek-Kanan,0,"Rp869,08Jt.",869080000,2026-07-13
Fadel Ahmad,PSS Sleman,Indonesia,Bek-Kanan,0,-,0,2026-07-13
Frédéric Injaï,PSS Sleman,Indonesia,Gel. Bertahan,0,"Rp3,91Mlyr.",3910000000,2026-07-13
Arda Alfareza,PSS Sleman,Indonesia,Gel. Bertahan,0,"Rp1,74Mlyr.",1740000000,2026-07-13
Mohammad Kanu,PSS Sleman,Indonesia,Gel. Bertahan,27,"Rp869,08Jt.",869080000,2026-07-13
Relosa Rivan,PSS Sleman,Indonesia,Gel. Bertahan,36,"Rp434,54Jt.",434540000,2026-07-13
Dominikus Dion,PSS Sleman,Indonesia,Gel. Tengah,0,"Rp3,48Mlyr.",3480000000,2026-07-13
Ferrel Arda,PSS Sleman,Indonesia,Gel. Tengah,26,-,0,2026-07-13
Zidan Arrosyid,PSS Sleman,Indonesia,Gel. Serang,0,"Rp173,82Jt.",173820000,2026-07-13
Junior Haqi,PSS Sleman,Indonesia,Sayap Kiri,22,"Rp1,30Mlyr.",1300000000,2026-07-13
Claudio Mutzi,PSS Sleman,Indonesia,Sayap Kiri,0,"Rp173,82Jt.",173820000,2026-07-13
Terens Puhiri,PSS Sleman,Indonesia,Sayap Kanan,28,"Rp2,61Mlyr.",2610000000,2026-07-13
Angga Sangaji,PSS Sleman,Indonesia,Sayap Kanan,0,-,0,2026-07-13
Raustananta Destalova,PSS Sleman,Indonesia,Sayap Kanan,0,-,0,2026-07-13
Gustavo Tocantins,PSS Sleman,Indonesia,Depan-Tengah,0,"Rp5,65Mlyr.",5650000000,2026-07-13
Mike Hauptmeijer,Bali United FC,Indonesia,Kiper,0,"Rp4,78Mlyr.",4780000000,2026-07-13
Fitrul Rustapa,Bali United FC,Indonesia,Kiper,0,"Rp1,74Mlyr.",1740000000,2026-07-13
Wayan Arta,Bali United FC,Indonesia,Kiper,21,"Rp173,82Jt.",173820000,2026-07-13
Kadek Arel,Bali United FC,Indonesia,Bek-Tengah,0,"Rp4,35Mlyr.",4350000000,2026-07-13
João Ferrari,Bali United FC,Indonesia,Bek-Tengah,0,"Rp3,48Mlyr.",3480000000,2026-07-13
Bagas Adi,Bali United FC,Indonesia,Bek-Tengah,0,"Rp1,74Mlyr.",1740000000,2026-07-13
Putu Panji,Bali United FC,Indonesia,Bek-Tengah,44,-,0,2026-07-13
Komang Dedi,Bali United FC,Indonesia,Bek-Tengah,0,-,0,2026-07-13
Ricky Fajrin,Bali United FC,Indonesia,Bek-Kiri,24,"Rp5,65Mlyr.",5650000000,2026-07-13
Agus Mahendra,Bali United FC,Indonesia,Bek-Kiri,0,"Rp434,54Jt.",434540000,2026-07-13
Made Andhika,Bali United FC,Indonesia,Bek-Kanan,33,"Rp3,48Mlyr.",3480000000,2026-07-13
Rizky Dwi,Bali United FC,Indonesia,Bek-Kanan,16,"Rp2,61Mlyr.",2610000000,2026-07-13
Brandon Wilson,Bali United FC,Indonesia,Gel. Bertahan,0,"Rp4,35Mlyr.",4350000000,2026-07-13
Tim Receveur,Bali United FC,Indonesia,Gel. Bertahan,0,"Rp1,74Mlyr.",1740000000,2026-07-13
Made Tito,Bali United FC,Indonesia,Gel. Bertahan,0,"Rp1,74Mlyr.",1740000000,2026-07-13
Ananta Krisna,Bali United FC,Indonesia,Gel. Bertahan,0,"Rp434,54Jt.",434540000,2026-07-13
Reyner Barusu,Bali United FC,Indonesia,Gel. Bertahan,0,"Rp434,54Jt.",434540000,2026-07-13
Aris Sanjaya,Bali United FC,Indonesia,Gel. Bertahan,0,-,0,2026-07-13
Kadek Agung,Bali United FC,Indonesia,Gel. Tengah,18,"Rp4,35Mlyr.",4350000000,2026-07-13
Teppei Yachida,Bali United FC,Indonesia,Gel. Serang,17,"Rp10,43Mlyr.",10430000000,2026-07-13
Jordy Bruijn,Bali United FC,Indonesia,Gel. Serang,0,"Rp5,65Mlyr.",5650000000,2026-07-13
Maouri Simon,Bali United FC,Indonesia,Gel. Serang,42,"Rp1,30Mlyr.",1300000000,2026-07-13
Remco Balk,Bali United FC,Indonesia,Sayap Kanan,0,"Rp11,30Mlyr.",11300000000,2026-07-13
Thijmen Goppel,Bali United FC,Indonesia,Sayap Kanan,0,"Rp10,43Mlyr.",10430000000,2026-07-13
Irfan Jaya,Bali United FC,Indonesia,Sayap Kanan,41,"Rp4,35Mlyr.",4350000000,2026-07-13
Rahmat Arjuna,Bali United FC,Indonesia,Sayap Kanan,0,"Rp3,04Mlyr.",3040000000,2026-07-13
Nathan Ari,Bali United FC,Indonesia,Sayap Kanan,0,"Rp173,82Jt.",173820000,2026-07-13
Dillan Rinaldi,Bali United FC,Indonesia,Sayap Kanan,0,-,0,2026-07-13
Jort van der Sande,Bali United FC,Indonesia,Depan-Tengah,0,"Rp6,95Mlyr.",6950000000,2026-07-13
Jens Raven,Bali United FC,Indonesia,Depan-Tengah,19,"Rp1,30Mlyr.",1300000000,2026-07-13
Cahya Supriadi,PSIM Yogyakarta,Indonesia,Kiper,19,"Rp4,35Mlyr.",4350000000,2026-07-13
Harlan Suardi,PSIM Yogyakarta,Indonesia,Kiper,26,"Rp2,17Mlyr.",2170000000,2026-07-13
Khairul Fikri,PSIM Yogyakarta,Indonesia,Kiper,0,"Rp869,08Jt.",869080000,2026-07-13
Gilang Ardha,PSIM Yogyakarta,Indonesia,Kiper,0,-,0,2026-07-13
Franco Ramos Mingo,PSIM Yogyakarta,Indonesia,Bek-Tengah,0,"Rp6,52Mlyr.",6520000000,2026-07-13
Yusaku Yamadera,PSIM Yogyakarta,Indonesia,Bek-Tengah,0,"Rp5,21Mlyr.",5210000000,2026-07-13
Jop van der Avert,PSIM Yogyakarta,Indonesia,Bek-Tengah,0,"Rp3,48Mlyr.",3480000000,2026-07-13
Reva Adi,PSIM Yogyakarta,Indonesia,Bek-Kiri,35,"Rp4,35Mlyr.",4350000000,2026-07-13
Dede Sapari,PSIM Yogyakarta,Indonesia,Bek-Kiri,0,"Rp1,30Mlyr.",1300000000,2026-07-13
Raka Cahyana,PSIM Yogyakarta,Indonesia,Bek-Kanan,0,"Rp2,61Mlyr.",2610000000,2026-07-13
Rakhmatsho Rakhmatzoda,PSIM Yogyakarta,Indonesia,Gel. Bertahan,0,"Rp3,91Mlyr.",3910000000,2026-07-13
Diandra Diaz,PSIM Yogyakarta,Indonesia,Gel. Bertahan,0,"Rp1,30Mlyr.",1300000000,2026-07-13
Rio Hardiawan,PSIM Yogyakarta,Indonesia,Gel. Tengah,29,"Rp2,17Mlyr.",2170000000,2026-07-13
Ghulam Fatkur,PSIM Yogyakarta,Indonesia,Gel. Tengah,23,"Rp1,74Mlyr.",1740000000,2026-07-13
Ezequiel Vidal,PSIM Yogyakarta,Indonesia,Gel. Serang,0,"Rp7,82Mlyr.",7820000000,2026-07-13
Zé Valente,PSIM Yogyakarta,Indonesia,Gel. Serang,0,"Rp6,08Mlyr.",6080000000,2026-07-13
Savio Sheva,PSIM Yogyakarta,Indonesia,Gel. Serang,0,"Rp2,61Mlyr.",2610000000,2026-07-13
Muhammad Iqbal,PSIM Yogyakarta,Indonesia,Gel. Serang,0,"Rp1,74Mlyr.",1740000000,2026-07-13
Riyatno Abiyoso,PSIM Yogyakarta,Indonesia,Sayap Kiri,27,"Rp2,17Mlyr.",2170000000,2026-07-13
Andi Irfan,PSIM Yogyakarta,Indonesia,Sayap Kanan,17,"Rp2,17Mlyr.",2170000000,2026-07-13
Nermin Haljeta,PSIM Yogyakarta,Indonesia,Depan-Tengah,0,"Rp6,08Mlyr.",6080000000,2026-07-13
Jefri Wibowo,Adhyaksa FC Banten,Indonesia,Kiper,0,"Rp1,30Mlyr.",1300000000,2026-07-13
Diaz Priambodo,Adhyaksa FC Banten,Indonesia,Kiper,20,"Rp869,08Jt.",869080000,2026-07-13
Bintang Marwah,Adhyaksa FC Banten,Indonesia,Kiper,0,-,0,2026-07-13
Abdul Malik,Adhyaksa FC Banten,Indonesia,Bek,0,-,0,2026-07-13
Sebastian Zidane,Adhyaksa FC Banten,Indonesia,Bek,27,-,0,2026-07-13
Ardi Ramdani,Adhyaksa FC Banten,Indonesia,Bek-Tengah,0,"Rp2,17Mlyr.",2170000000,2026-07-13
Fayrushi,Adhyaksa FC Banten,Indonesia,Bek-Tengah,0,"Rp2,17Mlyr.",2170000000,2026-07-13
Harli Cahya,Adhyaksa FC Banten,Indonesia,Bek-Tengah,0,"Rp434,54Jt.",434540000,2026-07-13
Galuh Nata,Adhyaksa FC Banten,Indonesia,Gel. Bertahan,34,"Rp1,30Mlyr.",1300000000,2026-07-13
Shafa Abdillah,Adhyaksa FC Banten,Indonesia,Gel. Bertahan,0,"Rp869,08Jt.",869080000,2026-07-13
Brayen Pondaag,Adhyaksa FC Banten,Indonesia,Gel. Serang,30,"Rp2,61Mlyr.",2610000000,2026-07-13
Dandy Sonriza,Adhyaksa FC Banten,Indonesia,Sayap Kiri,0,"Rp1,74Mlyr.",1740000000,2026-07-13
Satrio Mega,Adhyaksa FC Banten,Indonesia,Sayap Kanan,0,"Rp869,08Jt.",869080000,2026-07-13
Adilson Silva,Adhyaksa FC Banten,Indonesia,Depan-Tengah,0,"Rp4,35Mlyr.",4350000000,2026-07-13
Rafly Ariyanto,Adhyaksa FC Banten,Indonesia,Depan-Tengah,0,"Rp1,74Mlyr.",1740000000,2026-07-13
Ramiro Fergonzi,Adhyaksa FC Banten,Indonesia,Depan-Tengah,22,"Rp869,08Jt.",869080000,2026-07-13
Januar Eka,Adhyaksa FC Banten,Indonesia,Depan-Tengah,0,-,0,2026-07-13
Sheva Sanggasi,Persijap Jepara,Indonesia,Kiper,0,"Rp434,54Jt.",434540000,2026-07-13
Raufa Aghastya,Persijap Jepara,Indonesia,Kiper,22,-,0,2026-07-13
Tiri,Persijap Jepara,Indonesia,Bek-Tengah,0,"Rp3,04Mlyr.",3040000000,2026-07-13
Fikron Afriyanto,Persijap Jepara,Indonesia,Bek-Tengah,0,"Rp1,74Mlyr.",1740000000,2026-07-13
Frank Sokoy,Persijap Jepara,Indonesia,Bek-Kiri,0,"Rp869,08Jt.",869080000,2026-07-13
Buyung Ismu,Persijap Jepara,Indonesia,Bek-Kiri,0,"Rp869,08Jt.",869080000,2026-07-13
Heriansyah Yan,Persijap Jepara,Indonesia,Gel. Bertahan,0,-,0,2026-07-13
Borja Martínez,Persijap Jepara,Indonesia,Gel. Tengah,0,"Rp4,35Mlyr.",4350000000,2026-07-13
Felix Marcelino,Persijap Jepara,Indonesia,Gel. Tengah,27,-,0,2026-07-13
Borja Herrera,Persijap Jepara,Indonesia,Gel. Serang,0,"Rp4,35Mlyr.",4350000000,2026-07-13
David Laly,Persijap Jepara,Indonesia,Sayap Kiri,0,"Rp434,54Jt.",434540000,2026-07-13
Seva Setiadi,Persijap Jepara,Indonesia,Sayap Kanan,0,-,0,2026-07-13
Raia Irvanza,Persijap Jepara,Indonesia,Depan-Tengah,29,-,0,2026-07-13
Daffa Fasya,Garudayaksa FC,Indonesia,Kiper,0,"Rp1,30Mlyr.",1300000000,2026-07-13
Yoewanto Beny,Garudayaksa FC,Indonesia,Kiper,23,"Rp1,30Mlyr.",1300000000,2026-07-13
Wahyu Prasetyo,Garudayaksa FC,Indonesia,Bek-Tengah,0,"Rp4,35Mlyr.",4350000000,2026-07-13
Alfin Kelilauw,Garudayaksa FC,Indonesia,Bek-Kiri,0,"Rp2,61Mlyr.",2610000000,2026-07-13
Alfriyanto Nico,Garudayaksa FC,Indonesia,Bek-Kanan,0,"Rp2,17Mlyr.",2170000000,2026-07-13
Alfharezzi Buffon,Garudayaksa FC,Indonesia,Bek-Kanan,0,"Rp1,74Mlyr.",1740000000,2026-07-13
Adittia Gigis,Garudayaksa FC,Indonesia,Gel. Bertahan,0,"Rp3,04Mlyr.",3040000000,2026-07-13
Sidik Saimima,Garudayaksa FC,Indonesia,Gel. Tengah,0,"Rp1,74Mlyr.",1740000000,2026-07-13
Septian David,Garudayaksa FC,Indonesia,Gel. Serang,0,"Rp2,61Mlyr.",2610000000,2026-07-13
Arapenta Poerba,Garudayaksa FC,Indonesia,Gel. Serang,0,"Rp1,30Mlyr.",1300000000,2026-07-13
Dheco Zacky,Garudayaksa FC,Indonesia,Sayap Kiri,21,"Rp1,30Mlyr.",1300000000,2026-07-13
Andik Vermansyah,Garudayaksa FC,Indonesia,Sayap Kanan,0,"Rp869,08Jt.",869080000,2026-07-13
Rizqi Abhirama,Persik Kediri,Indonesia,Kiper,27,"Rp869,08Jt.",869080000,2026-07-13
Kiko,Persik Kediri,Indonesia,Bek-Tengah,0,"Rp3,91Mlyr.",3910000000,2026-07-13
Lucão,Persik Kediri,Indonesia,Bek-Tengah,0,"Rp3,04Mlyr.",3040000000,2026-07-13
Yoga Adiatama,Persik Kediri,Indonesia,Bek-Kiri,24,"Rp1,30Mlyr.",1300000000,2026-07-13
Imanol García,Persik Kediri,Indonesia,Gel. Tengah,0,"Rp5,21Mlyr.",5210000000,2026-07-13
Bayu Otto,Persik Kediri,Indonesia,Gel. Tengah,0,"Rp3,48Mlyr.",3480000000,2026-07-13
Adi Eko,Persik Kediri,Indonesia,Gel. Tengah,0,"Rp1,30Mlyr.",1300000000,2026-07-13
Jon Toral,Persik Kediri,Indonesia,Gel. Serang,0,"Rp7,82Mlyr.",7820000000,2026-07-13
Ezra Walian,Persik Kediri,Indonesia,Sayap Kiri,0,"Rp6,95Mlyr.",6950000000,2026-07-13
Rendy Sanjaya,Persik Kediri,Indonesia,Sayap Kiri,19,"Rp1,30Mlyr.",1300000000,2026-07-13
Wigi Pratama,Persik Kediri,Indonesia,Sayap Kiri,37,"Rp869,08Jt.",869080000,2026-07-13
Faris Aditama,Persik Kediri,Indonesia,Sayap Kiri,0,"Rp173,82Jt.",173820000,2026-07-13
Ernesto Gómez,Persik Kediri,Indonesia,Sayap Kanan,0,"Rp3,48Mlyr.",3480000000,2026-07-13
José Enrique,Persik Kediri,Indonesia,Depan-Tengah,21,"Rp5,21Mlyr.",5210000000,2026-07-13
Sylvain Atieda,Persik Kediri,Indonesia,Depan-Tengah,0,"Rp2,17Mlyr.",2170000000,2026-07-13
Mohammad Khanafi,Persik Kediri,Indonesia,Depan-Tengah,0,"Rp1,30Mlyr.",1300000000,2026-07-13
Nadeo Argawinata,Borneo FC Samarinda,Indonesia,Kiper,0,"Rp7,82Mlyr.",7820000000,2026-07-13
Andhika Setiawan,Borneo FC Samarinda,Indonesia,Kiper,27,-,0,2026-07-13
Risnanda Rafa,Borneo FC Samarinda,Indonesia,Kiper,0,-,0,2026-07-13
Komang Teguh,Borneo FC Samarinda,Indonesia,Bek-Tengah,16,"Rp4,35Mlyr.",4350000000,2026-07-13
Mohammad Al-Husseini,Borneo FC Samarinda,Indonesia,Bek-Tengah,0,"Rp2,61Mlyr.",2610000000,2026-07-13
Aldair Simanca,Borneo FC Samarinda,Indonesia,Bek-Tengah,0,"Rp1,74Mlyr.",1740000000,2026-07-13
Jody Kurniady,Borneo FC Samarinda,Indonesia,Bek-Tengah,0,"Rp869,08Jt.",869080000,2026-07-13
Caxambu,Borneo FC Samarinda,Indonesia,Bek-Kiri,23,"Rp6,08Mlyr.",6080000000,2026-07-13
Leo Guntara,Borneo FC Samarinda,Indonesia,Bek-Kiri,0,"Rp3,48Mlyr.",3480000000,2026-07-13
Haykal Alhafiz,Borneo FC Samarinda,Indonesia,Bek-Kiri,0,"Rp869,08Jt.",869080000,2026-07-13
Gavin Kwan,Borneo FC Samarinda,Indonesia,Bek-Kanan,0,"Rp869,08Jt.",869080000,2026-07-13
Diego Michiels,Borneo FC Samarinda,Indonesia,Bek-Kanan,24,"Rp869,08Jt.",869080000,2026-07-13
Dika Kuswardani,Borneo FC Samarinda,Indonesia,Bek-Kanan,0,"Rp434,54Jt.",434540000,2026-07-13
Rivaldo Pakpahan,Borneo FC Samarinda,Indonesia,Gel. Bertahan,0,"Rp3,04Mlyr.",3040000000,2026-07-13
Faris Adit,Borneo FC Samarinda,Indonesia,Gel. Bertahan,0,"Rp869,08Jt.",869080000,2026-07-13
Juan Felipe Villa,Borneo FC Samarinda,Indonesia,Gel. Serang,20,"Rp11,30Mlyr.",11300000000,2026-07-13
Marcos Astina,Borneo FC Samarinda,Indonesia,Gel. Serang,0,"Rp5,21Mlyr.",5210000000,2026-07-13
Dwiky Hardiansyah,Borneo FC Samarinda,Indonesia,Gel. Serang,0,"Rp1,30Mlyr.",1300000000,2026-07-13
Tegar Islami,Borneo FC Samarinda,Indonesia,Gel. Serang,0,-,0,2026-07-13
Asgal Habib,Borneo FC Samarinda,Indonesia,Sayap Kiri,0,"Rp869,08Jt.",869080000,2026-07-13
Rangga Sumarna,Borneo FC Samarinda,Indonesia,Sayap Kiri,0,"Rp173,82Jt.",173820000,2026-07-13
Redzuan Fachgi,Borneo FC Samarinda,Indonesia,Sayap Kiri,0,"Rp173,82Jt.",173820000,2026-07-13
Reyki Fariz,Borneo FC Samarinda,Indonesia,Sayap Kanan,25,"Rp869,08Jt.",869080000,2026-07-13
Habibi Jusuf,Borneo FC Samarinda,Indonesia,Depan-Tengah,0,"Rp869,08Jt.",869080000,2026-07-13
Ousmane Camara,Borneo FC Samarinda,Indonesia,Depan-Tengah,19,-,0,2026-07-13
Dika Nurdiansyah,Borneo FC Samarinda,Indonesia,Depan-Tengah,0,-,0,2026-07-13
Sonny Stevens,Dewa United Banten FC,Indonesia,Kiper,0,"Rp4,78Mlyr.",4780000000,2026-07-13
Dafa Al Gasemi,Dewa United Banten FC,Indonesia,Kiper,31,-,0,2026-07-13
Tores Khadafi,Dewa United Banten FC,Indonesia,Bek,40,-,0,2026-07-13
Nick Kuipers,Dewa United Banten FC,Indonesia,Bek-Tengah,0,"Rp3,91Mlyr.",3910000000,2026-07-13
Brian Fatari,Dewa United Banten FC,Indonesia,Bek-Tengah,0,"Rp2,17Mlyr.",2170000000,2026-07-13
Edo Febriansyah,Dewa United Banten FC,Indonesia,Bek-Kiri,0,"Rp4,35Mlyr.",4350000000,2026-07-13
Alta Ballah,Dewa United Banten FC,Indonesia,Bek-Kiri,37,"Rp3,48Mlyr.",3480000000,2026-07-13
Johnathan,Dewa United Banten FC,Indonesia,Bek-Kanan,0,"Rp6,08Mlyr.",6080000000,2026-07-13
Ady Setiawan,Dewa United Banten FC,Indonesia,Bek-Kanan,23,"Rp1,30Mlyr.",1300000000,2026-07-13
Tristan Ibrahim,Dewa United Banten FC,Indonesia,Gel. Bertahan,33,-,0,2026-07-13
Alexis Messidoro,Dewa United Banten FC,Indonesia,Gel. Tengah,0,"Rp8,69Mlyr.",8690000000,2026-07-13
Kafiatur Rizky,Dewa United Banten FC,Indonesia,Gel. Tengah,16,"Rp434,54Jt.",434540000,2026-07-13
Husain Anshori,Dewa United Banten FC,Indonesia,Gel. Tengah,0,-,0,2026-07-13
Ricky Kambuaya,Dewa United Banten FC,Indonesia,Gel. Serang,19,"Rp6,52Mlyr.",6520000000,2026-07-13
Rafael Struick,Dewa United Banten FC,Indonesia,Sayap Kiri,27,"Rp2,17Mlyr.",2170000000,2026-07-13
Egy Maulana Vikri,Dewa United Banten FC,Indonesia,Sayap Kanan,0,"Rp5,21Mlyr.",5210000000,2026-07-13
Adi Satryo,Arema FC,Indonesia,Kiper,30,"Rp3,91Mlyr.",3910000000,2026-07-13
Syahrul Trisna,Arema FC,Indonesia,Kiper,0,"Rp2,17Mlyr.",2170000000,2026-07-13
Gianluca Pandeynuwu,Arema FC,Indonesia,Kiper,0,"Rp2,17Mlyr.",2170000000,2026-07-13
Erlangga Setyo,Arema FC,Indonesia,Kiper,0,"Rp869,08Jt.",869080000,2026-07-13
Diego Landis,Arema FC,Indonesia,Bek-Tengah,0,"Rp5,21Mlyr.",5210000000,2026-07-13
Thales Lira,Arema FC,Indonesia,Bek-Tengah,0,"Rp4,35Mlyr.",4350000000,2026-07-13
Hansamu Yama,Arema FC,Indonesia,Bek-Tengah,0,"Rp2,61Mlyr.",2610000000,2026-07-13
Walisson Maia,Arema FC,Indonesia,Bek-Tengah,0,"Rp434,54Jt.",434540000,2026-07-13
Azmiy Aziz,Arema FC,Indonesia,Bek-Tengah,0,-,0,2026-07-13
Johan Alfarizi,Arema FC,Indonesia,Bek-Kiri,0,"Rp173,82Jt.",173820000,2026-07-13
Achmad Maulana,Arema FC,Indonesia,Bek-Kanan,19,"Rp2,17Mlyr.",2170000000,2026-07-13
Bayu Setiawan,Arema FC,Indonesia,Bek-Kanan,0,"Rp1,30Mlyr.",1300000000,2026-07-13
Alfiansyah,Arema FC,Indonesia,Bek-Kanan,0,-,0,2026-07-13
Alfeandra Dewangga,Arema FC,Indonesia,Gel. Bertahan,0,"Rp3,48Mlyr.",3480000000,2026-07-13
Matheus Blade,Arema FC,Indonesia,Gel. Bertahan,25,"Rp3,48Mlyr.",3480000000,2026-07-13
Robi Darwis,Arema FC,Indonesia,Gel. Bertahan,0,"Rp2,61Mlyr.",2610000000,2026-07-13
Betinho,Arema FC,Indonesia,Gel. Bertahan,28,"Rp1,74Mlyr.",1740000000,2026-07-13
Jayus Hariono,Arema FC,Indonesia,Gel. Bertahan,0,"Rp1,30Mlyr.",1300000000,2026-07-13
Arkhan Fikri,Arema FC,Indonesia,Gel. Tengah,0,"Rp4,78Mlyr.",4780000000,2026-07-13
Julián Guevara,Arema FC,Indonesia,Gel. Tengah,0,"Rp1,74Mlyr.",1740000000,2026-07-13
Abyan Pratista,Arema FC,Indonesia,Gel. Tengah,0,-,0,2026-07-13
Gustavo França,Arema FC,Indonesia,Gel. Serang,0,"Rp4,78Mlyr.",4780000000,2026-07-13
Muhammad Rafli,Arema FC,Indonesia,Gel. Serang,0,"Rp1,30Mlyr.",1300000000,2026-07-13
Gabriel Silva,Arema FC,Indonesia,Sayap Kiri,0,"Rp4,78Mlyr.",4780000000,2026-07-13
Tito Hamzah,Arema FC,Indonesia,Sayap Kanan,0,"Rp3,04Mlyr.",3040000000,2026-07-13
Salim Tuharea,Arema FC,Indonesia,Sayap Kanan,0,"Rp2,17Mlyr.",2170000000,2026-07-13
Dwiki Mardiyanto,Arema FC,Indonesia,Sayap Kanan,17,"Rp1,30Mlyr.",1300000000,2026-07-13
Dendi Santoso,Arema FC,Indonesia,Sayap Kanan,41,"Rp434,54Jt.",434540000,2026-07-13
Joel Vinícius,Arema FC,Indonesia,Depan-Tengah,0,"Rp2,61Mlyr.",2610000000,2026-07-13
Razzaa Fachrezi,Arema FC,Indonesia,Depan-Tengah,20,"Rp173,82Jt.",173820000,2026-07-13
Dimas Aryaguna,Arema FC,Indonesia,Depan-Tengah,0,-,0,2026-07-13
Teja Paku Alam,PERSIB Bandung,Indonesia,Kiper,0,"Rp4,35Mlyr.",4350000000,2026-07-13
Fitrah Maulana,PERSIB Bandung,Indonesia,Kiper,0,"Rp869,08Jt.",869080000,2026-07-13
Made Wirawan,PERSIB Bandung,Indonesia,Kiper,0,-,0,2026-07-13
Rhaka Syafaka,PERSIB Bandung,Indonesia,Kiper,0,-,0,2026-07-13
Gabriel Mutombo,PERSIB Bandung,Indonesia,Bek-Tengah,0,"Rp6,95Mlyr.",6950000000,2026-07-13
Júlio César,PERSIB Bandung,Indonesia,Bek-Tengah,0,"Rp5,21Mlyr.",5210000000,2026-07-13
Kakang Rudianto,PERSIB Bandung,Indonesia,Bek-Tengah,0,"Rp4,35Mlyr.",4350000000,2026-07-13
Hamra Hehanussa,PERSIB Bandung,Indonesia,Bek-Tengah,0,"Rp3,48Mlyr.",3480000000,2026-07-13
Achmad Jufriyanto,PERSIB Bandung,Indonesia,Bek-Tengah,16,"Rp173,82Jt.",173820000,2026-07-13
Dion Markx,PERSIB Bandung,Indonesia,Bek-Tengah,44,"Rp173,82Jt.",173820000,2026-07-13
Sandy Walsh,PERSIB Bandung,Indonesia,Bek-Kanan,0,"Rp10,43Mlyr.",10430000000,2026-07-13
Henhen Herdiana,PERSIB Bandung,Indonesia,Bek-Kanan,0,"Rp2,61Mlyr.",2610000000,2026-07-13
Kevin Pasha,PERSIB Bandung,Indonesia,Bek-Kanan,0,-,0,2026-07-13
Thom Haye,PERSIB Bandung,Indonesia,Gel. Bertahan,33,"Rp15,64Mlyr.",15640000000,2026-07-13
Dedi Kusnandar,PERSIB Bandung,Indonesia,Gel. Bertahan,0,"Rp1,30Mlyr.",1300000000,2026-07-13
Gakuto Notsuda,PERSIB Bandung,Indonesia,Gel. Tengah,0,"Rp6,95Mlyr.",6950000000,2026-07-13
Marc Klok,PERSIB Bandung,Indonesia,Gel. Tengah,23,"Rp6,52Mlyr.",6520000000,2026-07-13
Adam Alis,PERSIB Bandung,Indonesia,Gel. Tengah,18,"Rp4,78Mlyr.",4780000000,2026-07-13
Nazriel Alfaro,PERSIB Bandung,Indonesia,Gel. Tengah,0,"Rp434,54Jt.",434540000,2026-07-13
Berguinho,PERSIB Bandung,Indonesia,Gel. Serang,0,"Rp5,21Mlyr.",5210000000,2026-07-13
Luciano Guaycochea,PERSIB Bandung,Indonesia,Gel. Serang,0,"Rp3,48Mlyr.",3480000000,2026-07-13
Adzikry Fadlillah,PERSIB Bandung,Indonesia,Gel. Serang,0,"Rp1,30Mlyr.",1300000000,2026-07-13
Ragnar Oratmangoen,PERSIB Bandung,Indonesia,Sayap Kiri,0,"Rp8,69Mlyr.",8690000000,2026-07-13
Luka Menalo,PERSIB Bandung,Indonesia,Sayap Kiri,0,"Rp6,95Mlyr.",6950000000,2026-07-13
Saddil Ramdani,PERSIB Bandung,Indonesia,Sayap Kiri,0,"Rp6,08Mlyr.",6080000000,2026-07-13
Eliano Reijnders,PERSIB Bandung,Indonesia,Sayap Kanan,0,"Rp10,43Mlyr.",10430000000,2026-07-13
Beckham Putra,PERSIB Bandung,Indonesia,Sayap Kanan,0,"Rp6,95Mlyr.",6950000000,2026-07-13
Febri Hariyadi,PERSIB Bandung,Indonesia,Sayap Kanan,0,"Rp1,30Mlyr.",1300000000,2026-07-13
Ikhwan Tanamal,PERSIB Bandung,Indonesia,Sayap Kanan,0,"Rp1,30Mlyr.",1300000000,2026-07-13
Ferdiansyah,PERSIB Bandung,Indonesia,Sayap Kanan,0,"Rp869,08Jt.",869080000,2026-07-13
Athaya Zahran,PERSIB Bandung,Indonesia,Sayap Kanan,36,-,0,2026-07-13
Balsa Sekulic,PERSIB Bandung,Indonesia,Depan-Tengah,0,"Rp10,43Mlyr.",10430000000,2026-07-13
Andrew Jung,PERSIB Bandung,Indonesia,Depan-Tengah,0,"Rp9,56Mlyr.",9560000000,2026-07-13
Uilliam,PERSIB Bandung,Indonesia,Depan-Tengah,0,"Rp4,35Mlyr.",4350000000,2026-07-13
Ramon Tanque,PERSIB Bandung,Indonesia,Depan-Tengah,0,"Rp4,35Mlyr.",4350000000,2026-07-13
Dimas Drajad,PERSIB Bandung,Indonesia,Depan-Tengah,0,"Rp2,61Mlyr.",2610000000,2026-07-13
Kittipun Saensuk,Sukhothai FC,Thailand,Kiper,0,"Rp3,04Mlyr.",3040000000,2026-07-13
Supazin Hnupichai,Sukhothai FC,Thailand,Kiper,18,"Rp1,30Mlyr.",1300000000,2026-07-13
Phanuphong Sunon,Sukhothai FC,Thailand,Kiper,16,-,0,2026-07-13
Thitikit Samerjai,Sukhothai FC,Thailand,Kiper,28,-,0,2026-07-13
Saringkan Promsupa,Sukhothai FC,Thailand,Bek-Tengah,0,"Rp5,21Mlyr.",5210000000,2026-07-13
Cláudio,Sukhothai FC,Thailand,Bek-Tengah,0,"Rp2,61Mlyr.",2610000000,2026-07-13
Sarawut Kanlayanabandit,Sukhothai FC,Thailand,Bek-Tengah,22,"Rp1,30Mlyr.",1300000000,2026-07-13
Pharadon Phatthaphon,Sukhothai FC,Thailand,Bek-Kiri,19,"Rp1,74Mlyr.",1740000000,2026-07-13
Thiti Thumporn,Sukhothai FC,Thailand,Bek-Kanan,27,"Rp3,48Mlyr.",3480000000,2026-07-13
Surawich Logarwit,Sukhothai FC,Thailand,Bek-Kanan,0,"Rp1,30Mlyr.",1300000000,2026-07-13
Yannick Nussbaum,Sukhothai FC,Thailand,Bek-Kanan,0,-,0,2026-07-13
Tassanapong Mhuaddarak,Sukhothai FC,Thailand,Gel. Bertahan,17,"Rp1,74Mlyr.",1740000000,2026-07-13
Murilo Souza,Sukhothai FC,Thailand,Gel. Bertahan,0,"Rp1,30Mlyr.",1300000000,2026-07-13
Athirat Jantrapho,Sukhothai FC,Thailand,Gel. Tengah,39,"Rp434,54Jt.",434540000,2026-07-13
Nalu Jandke,Sukhothai FC,Thailand,Gel. Tengah,20,-,0,2026-07-13
Lucas Barreto,Sukhothai FC,Thailand,Gel. Serang,0,"Rp4,35Mlyr.",4350000000,2026-07-13
Ratchanat Aranpiroj,Sukhothai FC,Thailand,Gel. Serang,0,"Rp1,74Mlyr.",1740000000,2026-07-13
Siroch Chatthong,Sukhothai FC,Thailand,Sayap Kiri,35,"Rp1,74Mlyr.",1740000000,2026-07-13
Natthapong Promorn,Sukhothai FC,Thailand,Sayap Kiri,0,-,0,2026-07-13
Eito Ishimoto,Sukhothai FC,Thailand,Sayap Kanan,0,"Rp1,74Mlyr.",1740000000,2026-07-13
Phattharaphon Jansuwan,Sukhothai FC,Thailand,Sayap Kanan,24,"Rp869,08Jt.",869080000,2026-07-13
João Paredes,Sukhothai FC,Thailand,Depan-Tengah,0,"Rp2,61Mlyr.",2610000000,2026-07-13
Gildo,Sukhothai FC,Thailand,Depan-Tengah,0,"Rp2,61Mlyr.",2610000000,2026-07-13
Thitiwat Phranmaen,Sukhothai FC,Thailand,Depan-Tengah,0,"Rp434,54Jt.",434540000,2026-07-13
Phiraphat Khamphaeng,Sukhothai FC,Thailand,Depan-Tengah,29,"Rp434,54Jt.",434540000,2026-07-13
Nopphon Lakhonphon,Buriram United,Thailand,Kiper,0,"Rp3,48Mlyr.",3480000000,2026-07-13
Neil Etheridge,Buriram United,Thailand,Kiper,0,"Rp3,48Mlyr.",3480000000,2026-07-13
Korraphat Nareechan,Buriram United,Thailand,Kiper,29,"Rp1,74Mlyr.",1740000000,2026-07-13
Phumeworapol Wannabutr,Buriram United,Thailand,Kiper,0,"Rp1,30Mlyr.",1300000000,2026-07-13
Chatchai Bootprom,Buriram United,Thailand,Kiper,34,"Rp869,08Jt.",869080000,2026-07-13
Kittipong Bunmak,Buriram United,Thailand,Kiper,0,-,0,2026-07-13
Anut Samran,Buriram United,Thailand,Kiper,0,-,0,2026-07-13
Prapot Chongcharoen,Buriram United,Thailand,Kiper,0,-,0,2026-07-13
Myeong-seok Ko,Buriram United,Thailand,Bek-Tengah,22,"Rp6,95Mlyr.",6950000000,2026-07-13
Uros Radakovic,Buriram United,Thailand,Bek-Tengah,26,"Rp6,95Mlyr.",6950000000,2026-07-13
Edu Mancha,Buriram United,Thailand,Bek-Tengah,40,"Rp6,95Mlyr.",6950000000,2026-07-13
Curtis Good,Buriram United,Thailand,Bek-Tengah,0,"Rp4,78Mlyr.",4780000000,2026-07-13
Elias Dolah,Buriram United,Thailand,Bek-Tengah,0,"Rp4,35Mlyr.",4350000000,2026-07-13
Shinnaphat Leeaoh,Buriram United,Thailand,Bek-Tengah,0,"Rp4,35Mlyr.",4350000000,2026-07-13
Pansa Hemviboon,Buriram United,Thailand,Bek-Tengah,0,"Rp1,74Mlyr.",1740000000,2026-07-13
Maxx Creevey,Buriram United,Thailand,Bek-Tengah,0,"Rp1,30Mlyr.",1300000000,2026-07-13
Kritsana Daokrajai,Buriram United,Thailand,Bek-Tengah,0,"Rp869,08Jt.",869080000,2026-07-13
Phumin Boers,Buriram United,Thailand,Bek-Tengah,0,"Rp869,08Jt.",869080000,2026-07-13
Wanthayawut Nuchkasae,Buriram United,Thailand,Bek-Tengah,0,"Rp434,54Jt.",434540000,2026-07-13
Singha Marasa,Buriram United,Thailand,Bek-Tengah,0,"Rp434,54Jt.",434540000,2026-07-13
Jhetsaphat Khuantanom,Buriram United,Thailand,Bek-Tengah,0,-,0,2026-07-13
Sasalak Haiprakhon,Buriram United,Thailand,Bek-Kiri,0,"Rp7,82Mlyr.",7820000000,2026-07-13
Thanison Paibulkijcharoen,Buriram United,Thailand,Bek-Kiri,0,"Rp2,17Mlyr.",2170000000,2026-07-13
Piyawat Petra,Buriram United,Thailand,Bek-Kiri,0,"Rp1,30Mlyr.",1300000000,2026-07-13
Narubadin Weerawatnodom,Buriram United,Thailand,Bek-Kanan,0,"Rp4,35Mlyr.",4350000000,2026-07-13
Kenny Dougall,Buriram United,Thailand,Gel. Bertahan,16,"Rp6,08Mlyr.",6080000000,2026-07-13
Phitiwat Sookjitthammakul,Buriram United,Thailand,Gel. Bertahan,27,"Rp6,08Mlyr.",6080000000,2026-07-13
Ratthanakorn Maikami,Buriram United,Thailand,Gel. Bertahan,0,"Rp3,48Mlyr.",3480000000,2026-07-13
Theerathon Bunmathan,Buriram United,Thailand,Gel. Bertahan,0,"Rp3,04Mlyr.",3040000000,2026-07-13
Darlan,Buriram United,Thailand,Gel. Tengah,37,"Rp12,17Mlyr.",12170000000,2026-07-13
Goran Causic,Buriram United,Thailand,Gel. Tengah,23,"Rp7,82Mlyr.",7820000000,2026-07-13
Peter Zulj,Buriram United,Thailand,Gel. Tengah,44,"Rp6,95Mlyr.",6950000000,2026-07-13
Pongsakron Hanrattana,Buriram United,Thailand,Gel. Tengah,0,"Rp2,17Mlyr.",2170000000,2026-07-13
Emmanuel Toku,Buriram United,Thailand,Gel. Serang,0,"Rp6,95Mlyr.",6950000000,2026-07-13
Thanakrit Chotmuangpak,Buriram United,Thailand,Gel. Serang,33,"Rp5,21Mlyr.",5210000000,2026-07-13
Paripan Wongsa,Buriram United,Thailand,Gel. Serang,0,-,0,2026-07-13
Dutsadee Buranajutanon,Buriram United,Thailand,Gel. Serang,0,-,0,2026-07-13
Sebas Moyano,Buriram United,Thailand,Sayap Kiri,0,"Rp10,43Mlyr.",10430000000,2026-07-13
Kingsley Schindler,Buriram United,Thailand,Sayap Kanan,19,"Rp10,43Mlyr.",10430000000,2026-07-13
Jirapong Pungviravong,Buriram United,Thailand,Sayap Kanan,0,-,0,2026-07-13
Ratthaphum Phankhechon,Buriram United,Thailand,Sayap Kanan,0,-,0,2026-07-13
Robert Zulj,Buriram United,Thailand,Depan-Kedua,32,"Rp10,43Mlyr.",10430000000,2026-07-13
Bissoli,Buriram United,Thailand,Depan-Tengah,0,"Rp38,24Mlyr.",38240000000,2026-07-13
Supachai Chaided,Buriram United,Thailand,Depan-Tengah,0,"Rp12,17Mlyr.",12170000000,2026-07-13
Kasper Junker,Buriram United,Thailand,Depan-Tengah,0,"Rp8,69Mlyr.",8690000000,2026-07-13
Rubén Sánchez,Buriram United,Thailand,Depan-Tengah,28,"Rp5,21Mlyr.",5210000000,2026-07-13
Stefan Schimmer,Buriram United,Thailand,Depan-Tengah,30,"Rp5,21Mlyr.",5210000000,2026-07-13
Nathakorn Rattanasuwan,Buriram United,Thailand,Depan-Tengah,0,"Rp1,74Mlyr.",1740000000,2026-07-13
Panupong Wongpila,Buriram United,Thailand,Depan-Tengah,0,"Rp434,54Jt.",434540000,2026-07-13
Caíque,Uthai Thani FC,Thailand,Kiper,0,"Rp6,08Mlyr.",6080000000,2026-07-13
Chirawat Wangthaphan,Uthai Thani FC,Thailand,Kiper,26,"Rp3,48Mlyr.",3480000000,2026-07-13
Chommaphat Boonloet,Uthai Thani FC,Thailand,Kiper,0,"Rp1,74Mlyr.",1740000000,2026-07-13
Boonyakait Wongsajaem,Uthai Thani FC,Thailand,Kiper,18,"Rp1,30Mlyr.",1300000000,2026-07-13
Martin Angha,Uthai Thani FC,Thailand,Bek-Tengah,0,"Rp5,21Mlyr.",5210000000,2026-07-13
Wattana Playnum,Uthai Thani FC,Thailand,Bek-Tengah,19,"Rp869,08Jt.",869080000,2026-07-13
Thitathorn Auksornsri,Uthai Thani FC,Thailand,Bek-Kiri,0,"Rp4,35Mlyr.",4350000000,2026-07-13
Charalampos Charalampous,Uthai Thani FC,Thailand,Bek-Kiri,0,"Rp2,61Mlyr.",2610000000,2026-07-13
Jakkit Wachpirom,Uthai Thani FC,Thailand,Bek-Kanan,17,"Rp869,08Jt.",869080000,2026-07-13
Possawee Muanmart,Uthai Thani FC,Thailand,Bek-Kanan,0,-,0,2026-07-13
William Weidersjö,Uthai Thani FC,Thailand,Gel. Bertahan,0,"Rp5,21Mlyr.",5210000000,2026-07-13
Atikhun Meethoum,Uthai Thani FC,Thailand,Gel. Bertahan,0,"Rp1,74Mlyr.",1740000000,2026-07-13
Airfan Doloh,Uthai Thani FC,Thailand,Gel. Tengah,0,"Rp4,35Mlyr.",4350000000,2026-07-13
Sirimongkol Rattanapoom,Uthai Thani FC,Thailand,Gel. Tengah,21,"Rp1,74Mlyr.",1740000000,2026-07-13
Ben Davis,Uthai Thani FC,Thailand,Gel. Serang,0,"Rp7,82Mlyr.",7820000000,2026-07-13
Sumanya Purisay,Uthai Thani FC,Thailand,Gel. Serang,0,"Rp434,54Jt.",434540000,2026-07-13
Pavarit Boonmalert,Uthai Thani FC,Thailand,Gel. Serang,0,"Rp434,54Jt.",434540000,2026-07-13
Trent Buhagiar,Uthai Thani FC,Thailand,Sayap Kanan,0,"Rp6,95Mlyr.",6950000000,2026-07-13
Nontapat Naksawat,Uthai Thani FC,Thailand,Sayap Kanan,20,"Rp1,74Mlyr.",1740000000,2026-07-13
Kelvin Oliveira,Uthai Thani FC,Thailand,Sayap Kanan,22,"Rp1,74Mlyr.",1740000000,2026-07-13
Amornthep Maundee,Uthai Thani FC,Thailand,Sayap Kanan,0,"Rp1,30Mlyr.",1300000000,2026-07-13
Kittisak Phutchan,Uthai Thani FC,Thailand,Sayap Kanan,0,-,0,2026-07-13
Worawut Srisupha,Rayong FC,Thailand,Kiper,0,"Rp2,17Mlyr.",2170000000,2026-07-13
Wichaya Ganthong,Rayong FC,Thailand,Kiper,30,"Rp1,74Mlyr.",1740000000,2026-07-13
Phatcharaphong Prathumma,Rayong FC,Thailand,Kiper,0,"Rp869,08Jt.",869080000,2026-07-13
Ketanuson Junrung,Rayong FC,Thailand,Kiper,0,-,0,2026-07-13
Leonardo Justiniano,Rayong FC,Thailand,Bek-Tengah,20,"Rp6,95Mlyr.",6950000000,2026-07-13
Stefan Cebara,Rayong FC,Thailand,Bek-Tengah,0,"Rp1,30Mlyr.",1300000000,2026-07-13
Saharat Pongsuwan,Rayong FC,Thailand,Bek-Kiri,0,"Rp2,61Mlyr.",2610000000,2026-07-13
Kittiphat Kullapha,Rayong FC,Thailand,Bek-Kiri,0,"Rp1,30Mlyr.",1300000000,2026-07-13
Supawit Romphopak,Rayong FC,Thailand,Bek-Kanan,19,"Rp2,61Mlyr.",2610000000,2026-07-13
João Afonso,Rayong FC,Thailand,Gel. Bertahan,0,"Rp2,61Mlyr.",2610000000,2026-07-13
Porrameth Ittiprasert,Rayong FC,Thailand,Gel. Bertahan,0,"Rp869,08Jt.",869080000,2026-07-13
Wattanapong Withunat,Rayong FC,Thailand,Gel. Bertahan,0,"Rp434,54Jt.",434540000,2026-07-13
Nonthawat Bathong,Rayong FC,Thailand,Gel. Bertahan,0,-,0,2026-07-13
Somkaet Kunmee,Rayong FC,Thailand,Gel. Serang,0,"Rp1,74Mlyr.",1740000000,2026-07-13
Peerapat Kaminthong,Rayong FC,Thailand,Gel. Serang,0,"Rp1,30Mlyr.",1300000000,2026-07-13
Suradis Pateh,Rayong FC,Thailand,Gel. Serang,0,-,0,2026-07-13
Ryoma Ito,Rayong FC,Thailand,Sayap Kiri,0,"Rp6,95Mlyr.",6950000000,2026-07-13
Matee Sarakum,Rayong FC,Thailand,Sayap Kiri,0,"Rp2,61Mlyr.",2610000000,2026-07-13
Anon Amornlerdsak,Rayong FC,Thailand,Sayap Kanan,27,"Rp4,35Mlyr.",4350000000,2026-07-13
Thanphisit Hempandan,Rayong FC,Thailand,Depan-Tengah,0,"Rp1,30Mlyr.",1300000000,2026-07-13
Sorasak Khampanja,Sisaket United,Thailand,Kiper,0,-,0,2026-07-13
Pattarawut Saengsanoh,Sisaket United,Thailand,Kiper,20,-,0,2026-07-13
Pakornkiat Kaena,Sisaket United,Thailand,Bek-Tengah,0,"Rp2,61Mlyr.",2610000000,2026-07-13
Worapol Tangtong,Sisaket United,Thailand,Bek-Tengah,24,"Rp434,54Jt.",434540000,2026-07-13
Chutikom Klinchampasri,Sisaket United,Thailand,Bek-Kiri,0,"Rp2,17Mlyr.",2170000000,2026-07-13
Isariya Marom,Sisaket United,Thailand,Bek-Kiri,0,"Rp434,54Jt.",434540000,2026-07-13
Nattapon Thaptanon,Sisaket United,Thailand,Bek-Kanan,41,"Rp1,74Mlyr.",1740000000,2026-07-13
Pongsak Boonthot,Sisaket United,Thailand,Bek-Kanan,0,"Rp869,08Jt.",869080000,2026-07-13
Suphaphon Sutthisak,Sisaket United,Thailand,Gel. Bertahan,37,"Rp2,17Mlyr.",2170000000,2026-07-13
Pansiri Sukunee,Sisaket United,Thailand,Gel. Bertahan,0,"Rp869,08Jt.",869080000,2026-07-13
Chanaton Butsapol,Sisaket United,Thailand,Gelandang,0,-,0,2026-07-13
Suttichai Pongson,Sisaket United,Thailand,Gelandang,0,-,0,2026-07-13
Narongrit Kamnet,Sisaket United,Thailand,Gel. Tengah,23,"Rp1,74Mlyr.",1740000000,2026-07-13
Piphob Saengjan,Sisaket United,Thailand,Gel. Tengah,17,-,0,2026-07-13
Pattanaporn Promdaen,Sisaket United,Thailand,Gel. Tengah,26,-,0,2026-07-13
Kittipong Wongma,Sisaket United,Thailand,Gel. Serang,19,"Rp2,61Mlyr.",2610000000,2026-07-13
Steeven Langil,Sisaket United,Thailand,Sayap Kiri,0,"Rp1,30Mlyr.",1300000000,2026-07-13
Phattharapong Phengchaem,Sisaket United,Thailand,Sayap Kiri,0,"Rp869,08Jt.",869080000,2026-07-13
Wongsakorn Saenruecha,Sisaket United,Thailand,Sayap Kanan,0,"Rp1,30Mlyr.",1300000000,2026-07-13
Aphilak Sawat,Sisaket United,Thailand,Sayap Kanan,0,-,0,2026-07-13
Deyvison Fernandes,Sisaket United,Thailand,Depan-Kedua,0,"Rp2,17Mlyr.",2170000000,2026-07-13
Chatchai Boonnuk,Sisaket United,Thailand,Depan-Tengah,0,-,0,2026-07-13
Sakkongpop Sukprasert,Rasisalai United,Thailand,Kiper,0,"Rp869,08Jt.",869080000,2026-07-13
Kiattisak Pimyotha,Rasisalai United,Thailand,Kiper,0,-,0,2026-07-13
Pongsakorn Buatab,Rasisalai United,Thailand,Kiper,42,-,0,2026-07-13
Puttiphong Sriputta,Rasisalai United,Thailand,Bek,0,-,0,2026-07-13
Thitiphong Photumtha,Rasisalai United,Thailand,Bek-Tengah,30,"Rp2,61Mlyr.",2610000000,2026-07-13
Ramon Rodrigues,Rasisalai United,Thailand,Bek-Tengah,0,"Rp869,08Jt.",869080000,2026-07-13
Hamed Bakhtiari,Rasisalai United,Thailand,Bek-Tengah,40,"Rp869,08Jt.",869080000,2026-07-13
Chotika Mueanta,Rasisalai United,Thailand,Bek-Tengah,0,"Rp434,54Jt.",434540000,2026-07-13
Nattapon Malapun,Rasisalai United,Thailand,Bek-Tengah,0,-,0,2026-07-13
Natthaphob Chaimongkhon,Rasisalai United,Thailand,Bek-Tengah,0,-,0,2026-07-13
Aphisit Nusonsala,Rasisalai United,Thailand,Bek-Kiri,19,"Rp2,17Mlyr.",2170000000,2026-07-13
Chawanthananchai Sirichoo,Rasisalai United,Thailand,Bek-Kiri,25,"Rp434,54Jt.",434540000,2026-07-13
Yingyong Butngam,Rasisalai United,Thailand,Bek-Kanan,0,"Rp869,08Jt.",869080000,2026-07-13
Chirasak Srisopa,Rasisalai United,Thailand,Bek-Kanan,0,-,0,2026-07-13
Apirak Thongjan,Rasisalai United,Thailand,Bek-Kanan,21,-,0,2026-07-13
Wichit Tanee,Rasisalai United,Thailand,Gel. Bertahan,20,"Rp869,08Jt.",869080000,2026-07-13
Nakhwan Gamol,Rasisalai United,Thailand,Gelandang,16,-,0,2026-07-13
Teerapol Anupan,Rasisalai United,Thailand,Gel. Bertahan,31,-,0,2026-07-13
Natchanon Yongsakool,Rasisalai United,Thailand,Gel. Tengah,0,"Rp2,61Mlyr.",2610000000,2026-07-13
Jirawat Chingchaiyaphum,Rasisalai United,Thailand,Gel. Tengah,23,"Rp1,74Mlyr.",1740000000,2026-07-13
Somyot Pongsuwan,Rasisalai United,Thailand,Gel. Tengah,32,"Rp1,30Mlyr.",1300000000,2026-07-13
Thanongsak Khrutthasarn,Rasisalai United,Thailand,Gel. Tengah,28,"Rp869,08Jt.",869080000,2026-07-13
Apinat Suksanguan,Rasisalai United,Thailand,Gel. Tengah,34,"Rp434,54Jt.",434540000,2026-07-13
Tayawat Nomrawee,Rasisalai United,Thailand,Gel. Tengah,0,"Rp434,54Jt.",434540000,2026-07-13
Supab Muengchan,Rasisalai United,Thailand,Sayap Kiri,27,"Rp2,17Mlyr.",2170000000,2026-07-13
Chatchai Nanthawichianrit,Rasisalai United,Thailand,Sayap Kiri,0,"Rp869,08Jt.",869080000,2026-07-13
Alberto Gouvea,Rasisalai United,Thailand,Sayap Kanan,37,"Rp5,21Mlyr.",5210000000,2026-07-13
Nattapon Yongsakool,Rasisalai United,Thailand,Depan-Kedua,0,"Rp2,61Mlyr.",2610000000,2026-07-13
Wichit Kongsinkaew,Rasisalai United,Thailand,Depan-Tengah,44,"Rp2,17Mlyr.",2170000000,2026-07-13
Gilberto Macena,Rasisalai United,Thailand,Depan-Tengah,0,"Rp869,08Jt.",869080000,2026-07-13
Phitchanon Chanluang,Rasisalai United,Thailand,Depan-Tengah,22,"Rp869,08Jt.",869080000,2026-07-13
Phetsai Jantaweewong,Rasisalai United,Thailand,Depan-Tengah,0,-,0,2026-07-13
Warut Makemusik,Ayutthaya United,Thailand,Kiper,0,"Rp1,74Mlyr.",1740000000,2026-07-13
Siriwat Ingkaew,Ayutthaya United,Thailand,Kiper,0,"Rp1,30Mlyr.",1300000000,2026-07-13
Narongsak Naengwongsa,Ayutthaya United,Thailand,Kiper,25,"Rp1,30Mlyr.",1300000000,2026-07-13
Teerat Nakchamnan,Ayutthaya United,Thailand,Kiper,27,-,0,2026-07-13
Hyun-soo Hwang,Ayutthaya United,Thailand,Bek-Tengah,0,"Rp6,08Mlyr.",6080000000,2026-07-13
Worawut Sataporn,Ayutthaya United,Thailand,Bek-Tengah,26,"Rp1,30Mlyr.",1300000000,2026-07-13
Warinthon Jamnongwat,Ayutthaya United,Thailand,Bek-Kiri,0,"Rp2,61Mlyr.",2610000000,2026-07-13
Thananat Rungrampan,Ayutthaya United,Thailand,Bek-Kiri,0,"Rp869,08Jt.",869080000,2026-07-13
Atsadawut Changthong,Ayutthaya United,Thailand,Bek-Kanan,0,"Rp2,17Mlyr.",2170000000,2026-07-13
Jirawat Janpong,Ayutthaya United,Thailand,Bek-Kanan,0,"Rp1,30Mlyr.",1300000000,2026-07-13
Dylan De Bruycker,Ayutthaya United,Thailand,Gel. Bertahan,0,"Rp1,30Mlyr.",1300000000,2026-07-13
Nattapon Worasut,Ayutthaya United,Thailand,Gel. Tengah,0,"Rp3,48Mlyr.",3480000000,2026-07-13
Passakorn Biaothungoi,Ayutthaya United,Thailand,Gel. Tengah,0,"Rp2,61Mlyr.",2610000000,2026-07-13
Sanrawat Dechmitr,Ayutthaya United,Thailand,Gel. Tengah,29,"Rp434,54Jt.",434540000,2026-07-13
Songkhramsamut Namphueng,Ayutthaya United,Thailand,Gel. Serang,0,"Rp2,17Mlyr.",2170000000,2026-07-13
Yashir Islame,Ayutthaya United,Thailand,Gel. Serang,36,"Rp1,74Mlyr.",1740000000,2026-07-13
Chakkit Laptrakul,Ayutthaya United,Thailand,Sayap Kiri,17,"Rp2,17Mlyr.",2170000000,2026-07-13
Chinngoen Phutonyong,Ayutthaya United,Thailand,Sayap Kiri,0,"Rp1,30Mlyr.",1300000000,2026-07-13
Anucha Sakaekum,Ayutthaya United,Thailand,Sayap Kiri,0,-,0,2026-07-13
Caíque Lemes,Ayutthaya United,Thailand,Depan-Tengah,0,"Rp2,17Mlyr.",2170000000,2026-07-13
Chukid Wanpraphao,Ayutthaya United,Thailand,Depan-Tengah,0,"Rp1,30Mlyr.",1300000000,2026-07-13
Apirak Worawong,Singha Chiangrai United,Thailand,Kiper,0,"Rp4,35Mlyr.",4350000000,2026-07-13
Sirassawut Wongruankhum,Singha Chiangrai United,Thailand,Kiper,34,"Rp1,74Mlyr.",1740000000,2026-07-13
Farus Patee,Singha Chiangrai United,Thailand,Kiper,19,"Rp434,54Jt.",434540000,2026-07-13
Jetnipat Khomsom,Singha Chiangrai United,Thailand,Kiper,40,-,0,2026-07-13
Victor Cardozo,Singha Chiangrai United,Thailand,Bek-Tengah,23,"Rp1,74Mlyr.",1740000000,2026-07-13
Santipap Yaemsaen,Singha Chiangrai United,Thailand,Bek-Tengah,24,"Rp1,74Mlyr.",1740000000,2026-07-13
Banphakit Phrmanee,Singha Chiangrai United,Thailand,Bek-Tengah,0,"Rp1,30Mlyr.",1300000000,2026-07-13
Hélio,Singha Chiangrai United,Thailand,Bek-Tengah,28,"Rp1,30Mlyr.",1300000000,2026-07-13
Tanasak Srisai,Singha Chiangrai United,Thailand,Bek-Tengah,0,"Rp869,08Jt.",869080000,2026-07-13
Gionata Verzura,Singha Chiangrai United,Thailand,Bek-Kanan,17,"Rp1,30Mlyr.",1300000000,2026-07-13
Piyaphon Phanichakul,Singha Chiangrai United,Thailand,Bek-Kanan,0,"Rp869,08Jt.",869080000,2026-07-13
Harhys Stewart,Singha Chiangrai United,Thailand,Gel. Tengah,0,"Rp6,08Mlyr.",6080000000,2026-07-13
Settasit Suvannaseat,Singha Chiangrai United,Thailand,Gel. Tengah,0,"Rp3,48Mlyr.",3480000000,2026-07-13
Sanukran Thinjom,Singha Chiangrai United,Thailand,Gel. Tengah,0,"Rp1,74Mlyr.",1740000000,2026-07-13
Phoptham Pornkod,Singha Chiangrai United,Thailand,Gel. Tengah,37,"Rp869,08Jt.",869080000,2026-07-13
Dudu,Singha Chiangrai United,Thailand,Gel. Serang,0,"Rp6,08Mlyr.",6080000000,2026-07-13
Thakdanai Jaihan,Singha Chiangrai United,Thailand,Gel. Serang,20,"Rp2,61Mlyr.",2610000000,2026-07-13
Ongsa Singthong,Singha Chiangrai United,Thailand,Sayap Kiri,0,"Rp869,08Jt.",869080000,2026-07-13
Montree Promsawat,Singha Chiangrai United,Thailand,Sayap Kanan,32,"Rp1,74Mlyr.",1740000000,2026-07-13
Itsuki Enomoto,Singha Chiangrai United,Thailand,Depan-Tengah,0,"Rp10,43Mlyr.",10430000000,2026-07-13
Sittichok Kannoo,Singha Chiangrai United,Thailand,Depan-Tengah,0,"Rp2,61Mlyr.",2610000000,2026-07-13
Saranon Anuin,BG Pathum United,Thailand,Kiper,28,"Rp4,35Mlyr.",4350000000,2026-07-13
Pisan Dorkmaikaew,BG Pathum United,Thailand,Kiper,0,"Rp869,08Jt.",869080000,2026-07-13
Nalawich Inthacharoen,BG Pathum United,Thailand,Kiper,0,"Rp869,08Jt.",869080000,2026-07-13
Issarapong Waewdee,BG Pathum United,Thailand,Kiper,0,-,0,2026-07-13
Achirawit Natsanthia,BG Pathum United,Thailand,Kiper,0,-,0,2026-07-13
Chanasorn Kaewyos,BG Pathum United,Thailand,Kiper,0,-,0,2026-07-13
Marko Nikolic,BG Pathum United,Thailand,Bek-Tengah,44,"Rp4,35Mlyr.",4350000000,2026-07-13
Chanapach Buaphan,BG Pathum United,Thailand,Bek-Tengah,0,"Rp2,61Mlyr.",2610000000,2026-07-13
Pawee Tanthatemee,BG Pathum United,Thailand,Bek-Tengah,25,"Rp1,74Mlyr.",1740000000,2026-07-13
Nathan James,BG Pathum United,Thailand,Bek-Tengah,0,"Rp869,08Jt.",869080000,2026-07-13
Khatawut Poladao,BG Pathum United,Thailand,Bek-Tengah,0,-,0,2026-07-13
Chanon Tamma,BG Pathum United,Thailand,Bek-Kiri,0,"Rp3,48Mlyr.",3480000000,2026-07-13
Sanchai Nonthasila,BG Pathum United,Thailand,Bek-Kiri,0,"Rp2,61Mlyr.",2610000000,2026-07-13
Thawatchai Inprakhon,BG Pathum United,Thailand,Bek-Kiri,0,"Rp2,61Mlyr.",2610000000,2026-07-13
Waris Choolthong,BG Pathum United,Thailand,Bek-Kanan,0,"Rp5,21Mlyr.",5210000000,2026-07-13
Thanet Suknate,BG Pathum United,Thailand,Bek-Kanan,0,"Rp434,54Jt.",434540000,2026-07-13
Anan Samaae,BG Pathum United,Thailand,Bek-Kanan,0,-,0,2026-07-13
Kritsada Kaman,BG Pathum United,Thailand,Gel. Bertahan,0,"Rp7,82Mlyr.",7820000000,2026-07-13
Ryan Nektarios Edwards,BG Pathum United,Thailand,Gel. Bertahan,33,"Rp4,35Mlyr.",4350000000,2026-07-13
Sarach Yooyen,BG Pathum United,Thailand,Gel. Bertahan,0,"Rp3,91Mlyr.",3910000000,2026-07-13
Leon James,BG Pathum United,Thailand,Gel. Bertahan,0,"Rp3,48Mlyr.",3480000000,2026-07-13
Akarapong Pumwisat,BG Pathum United,Thailand,Gel. Tengah,0,"Rp4,35Mlyr.",4350000000,2026-07-13
Pongrawit Jantawong,BG Pathum United,Thailand,Gel. Tengah,27,"Rp2,17Mlyr.",2170000000,2026-07-13
Kanokpon Buspakom,BG Pathum United,Thailand,Gel. Tengah,0,"Rp1,30Mlyr.",1300000000,2026-07-13
Thanadol Kaosaart,BG Pathum United,Thailand,Gel. Tengah,0,"Rp1,30Mlyr.",1300000000,2026-07-13
Chanathip Songkrasin,BG Pathum United,Thailand,Gel. Serang,18,"Rp12,17Mlyr.",12170000000,2026-07-13
Lucas Andersen,BG Pathum United,Thailand,Gel. Serang,0,"Rp5,21Mlyr.",5210000000,2026-07-13
Thanakon Papaphe,BG Pathum United,Thailand,Gel. Serang,0,-,0,2026-07-13
Itthimon Tippanet,BG Pathum United,Thailand,Sayap Kiri,30,"Rp1,30Mlyr.",1300000000,2026-07-13
Wachirawut Saenchek,BG Pathum United,Thailand,Sayap Kiri,0,-,0,2026-07-13
Pasqual Verkamp,BG Pathum United,Thailand,Sayap Kanan,21,"Rp1,30Mlyr.",1300000000,2026-07-13
Surachat Sareepim,BG Pathum United,Thailand,Sayap Kanan,0,"Rp869,08Jt.",869080000,2026-07-13
Witthawat Phraothaisong,BG Pathum United,Thailand,Sayap Kanan,0,-,0,2026-07-13
Pichaya Chaiwarangkun,BG Pathum United,Thailand,Sayap Kanan,0,-,0,2026-07-13
Raniel,BG Pathum United,Thailand,Depan-Tengah,0,"Rp12,17Mlyr.",12170000000,2026-07-13
Tomoyuki Doi,BG Pathum United,Thailand,Depan-Tengah,0,"Rp10,43Mlyr.",10430000000,2026-07-13
Patrik Gustavsson,BG Pathum United,Thailand,Depan-Tengah,0,"Rp6,95Mlyr.",6950000000,2026-07-13
Ilhan Fandi,BG Pathum United,Thailand,Depan-Tengah,0,"Rp3,48Mlyr.",3480000000,2026-07-13
Chinnawat Prachuabmon,BG Pathum United,Thailand,Depan-Tengah,0,"Rp1,30Mlyr.",1300000000,2026-07-13
Somporn Yos,Port FC,Thailand,Kiper,0,"Rp2,61Mlyr.",2610000000,2026-07-13
Sorawat Phosaman,Port FC,Thailand,Kiper,0,"Rp1,74Mlyr.",1740000000,2026-07-13
Michael Falkesgaard,Port FC,Thailand,Kiper,0,"Rp1,30Mlyr.",1300000000,2026-07-13
Sarawut Konglap,Port FC,Thailand,Kiper,35,-,0,2026-07-13
Rangsiman Kemmueang,Port FC,Thailand,Kiper,40,-,0,2026-07-13
Matheus Lins,Port FC,Thailand,Bek-Tengah,0,"Rp6,95Mlyr.",6950000000,2026-07-13
Peerawat Akkratum,Port FC,Thailand,Bek-Tengah,36,"Rp6,95Mlyr.",6950000000,2026-07-13
Manuel Bihr,Port FC,Thailand,Bek-Tengah,0,"Rp2,17Mlyr.",2170000000,2026-07-13
Pichitchai Sienkrathok,Port FC,Thailand,Bek-Tengah,0,"Rp1,74Mlyr.",1740000000,2026-07-13
Chinnawat Wongchai,Port FC,Thailand,Bek-Tengah,16,"Rp1,74Mlyr.",1740000000,2026-07-13
Rebin Sulaka,Port FC,Thailand,Bek-Tengah,22,"Rp1,74Mlyr.",1740000000,2026-07-13
Marcel,Port FC,Thailand,Bek-Tengah,0,-,0,2026-07-13
Chaiyaphon Otton,Port FC,Thailand,Bek-Kiri,0,"Rp4,35Mlyr.",4350000000,2026-07-13
Chaiyawat Buran,Port FC,Thailand,Bek-Kiri,26,"Rp2,61Mlyr.",2610000000,2026-07-13
Hugo Boutsingkham,Port FC,Thailand,Bek-Kiri,23,"Rp1,30Mlyr.",1300000000,2026-07-13
Asnawi Mangkualam,Port FC,Thailand,Bek-Kanan,0,"Rp8,69Mlyr.",8690000000,2026-07-13
Suphanan Bureerat,Port FC,Thailand,Bek-Kanan,0,"Rp4,35Mlyr.",4350000000,2026-07-13
Nitipong Selanon,Port FC,Thailand,Bek-Kanan,0,"Rp3,04Mlyr.",3040000000,2026-07-13
Noboru Shimura,Port FC,Thailand,Gel. Bertahan,33,"Rp4,78Mlyr.",4780000000,2026-07-13
Tanaboon Kesarat,Port FC,Thailand,Gel. Bertahan,0,"Rp2,17Mlyr.",2170000000,2026-07-13
Sittha Boonlha,Port FC,Thailand,Gel. Bertahan,0,"Rp2,17Mlyr.",2170000000,2026-07-13
Sirawut Kengnok,Port FC,Thailand,Gel. Bertahan,0,"Rp869,08Jt.",869080000,2026-07-13
Peeradol Chamrasamee,Port FC,Thailand,Gel. Tengah,0,"Rp3,91Mlyr.",3910000000,2026-07-13
Jakkaphan Kaewprom,Port FC,Thailand,Gel. Tengah,0,"Rp1,30Mlyr.",1300000000,2026-07-13
Seksan Ratree,Port FC,Thailand,Gel. Serang,0,"Rp7,82Mlyr.",7820000000,2026-07-13
Worachit Kanitsribumphen,Port FC,Thailand,Gel. Serang,44,"Rp6,95Mlyr.",6950000000,2026-07-13
Sivakorn Tiatrakul,Port FC,Thailand,Gel. Serang,21,"Rp3,48Mlyr.",3480000000,2026-07-13
Chanukan Karin,Port FC,Thailand,Gel. Serang,0,"Rp2,61Mlyr.",2610000000,2026-07-13
Apidet Janngam,Port FC,Thailand,Gel. Serang,0,-,0,2026-07-13
Tanapat Hongkhiao,Port FC,Thailand,Gel. Serang,30,-,0,2026-07-13
Bruno Moreira,Port FC,Thailand,Sayap Kiri,0,"Rp7,82Mlyr.",7820000000,2026-07-13
Bordin Phala,Port FC,Thailand,Sayap Kiri,0,"Rp6,08Mlyr.",6080000000,2026-07-13
Kaká Mendes,Port FC,Thailand,Sayap Kiri,0,"Rp3,04Mlyr.",3040000000,2026-07-13
Natthakit Phosri,Port FC,Thailand,Sayap Kiri,38,"Rp869,08Jt.",869080000,2026-07-13
Lucas Tocantins,Port FC,Thailand,Sayap Kanan,27,"Rp3,04Mlyr.",3040000000,2026-07-13
Teerasak Poeiphimai,Port FC,Thailand,Depan-Tengah,0,"Rp8,69Mlyr.",8690000000,2026-07-13
Essam Al-Subhi,Port FC,Thailand,Depan-Tengah,0,"Rp7,82Mlyr.",7820000000,2026-07-13
Ruan Ribeiro,Port FC,Thailand,Depan-Tengah,0,"Rp3,48Mlyr.",3480000000,2026-07-13
Caelan Ryan,Port FC,Thailand,Depan-Tengah,0,"Rp434,54Jt.",434540000,2026-07-13
Kevin Ray Mendoza,Chonburi FC,Thailand,Kiper,0,"Rp5,21Mlyr.",5210000000,2026-07-13
Noppakun Kadtoon,Chonburi FC,Thailand,Kiper,0,"Rp2,17Mlyr.",2170000000,2026-07-13
Thanawat Panthong,Chonburi FC,Thailand,Kiper,0,"Rp434,54Jt.",434540000,2026-07-13
Tissanu Khuptanawin,Chonburi FC,Thailand,Kiper,0,-,0,2026-07-13
Siwat Chomphooviset,Chonburi FC,Thailand,Kiper,0,-,0,2026-07-13
Kike Linares,Chonburi FC,Thailand,Bek-Tengah,0,"Rp5,21Mlyr.",5210000000,2026-07-13
Jakkrapong Sanmahung,Chonburi FC,Thailand,Bek-Tengah,0,"Rp1,74Mlyr.",1740000000,2026-07-13
Songchai Thongcham,Chonburi FC,Thailand,Bek-Tengah,0,"Rp1,74Mlyr.",1740000000,2026-07-13
Nattapong Sayriya,Chonburi FC,Thailand,Bek-Tengah,37,"Rp1,74Mlyr.",1740000000,2026-07-13
Wellington Priori,Chonburi FC,Thailand,Bek-Tengah,0,"Rp1,30Mlyr.",1300000000,2026-07-13
Thanachai Nathanakool,Chonburi FC,Thailand,Bek-Tengah,0,"Rp1,30Mlyr.",1300000000,2026-07-13
Jorge Fellipe,Chonburi FC,Thailand,Bek-Tengah,0,"Rp1,30Mlyr.",1300000000,2026-07-13
Parinya Nusong,Chonburi FC,Thailand,Bek-Tengah,0,"Rp434,54Jt.",434540000,2026-07-13
Chatmongkol Rueangthanarot,Chonburi FC,Thailand,Bek-Kiri,0,"Rp2,61Mlyr.",2610000000,2026-07-13
Kittipong Sansanit,Chonburi FC,Thailand,Bek-Kiri,0,"Rp2,17Mlyr.",2170000000,2026-07-13
Thanphisit Peanksikum,Chonburi FC,Thailand,Bek-Kiri,0,-,0,2026-07-13
Wathanyu Nairatsami,Chonburi FC,Thailand,Bek-Kiri,0,-,0,2026-07-13
Santiphap Channgom,Chonburi FC,Thailand,Bek-Kanan,23,"Rp5,21Mlyr.",5210000000,2026-07-13
Bukkoree Lemdee,Chonburi FC,Thailand,Bek-Kanan,0,"Rp1,74Mlyr.",1740000000,2026-07-13
Suksan Bunta,Chonburi FC,Thailand,Bek-Kanan,20,"Rp869,08Jt.",869080000,2026-07-13
Ratchanon Phoonpatanasab,Chonburi FC,Thailand,Bek-Kanan,0,-,0,2026-07-13
Saharat Sontisawat,Chonburi FC,Thailand,Gel. Bertahan,0,"Rp4,35Mlyr.",4350000000,2026-07-13
Richmond Darko,Chonburi FC,Thailand,Gel. Bertahan,28,"Rp4,35Mlyr.",4350000000,2026-07-13
Nattanan Biesamrit,Chonburi FC,Thailand,Gel. Bertahan,30,"Rp2,61Mlyr.",2610000000,2026-07-13
Yotsakorn Natthasit,Chonburi FC,Thailand,Gel. Bertahan,0,"Rp1,30Mlyr.",1300000000,2026-07-13
Chaowat Veerachart,Chonburi FC,Thailand,Gel. Tengah,0,"Rp4,35Mlyr.",4350000000,2026-07-13
Rachata Moraksa,Chonburi FC,Thailand,Gel. Tengah,32,"Rp3,48Mlyr.",3480000000,2026-07-13
Chayathorn Tapsuvanavon,Chonburi FC,Thailand,Gel. Tengah,0,"Rp2,17Mlyr.",2170000000,2026-07-13
Theerapat Kaewphung,Chonburi FC,Thailand,Gel. Tengah,0,"Rp869,08Jt.",869080000,2026-07-13
Naphat Chumpanya,Chonburi FC,Thailand,Gel. Tengah,0,-,0,2026-07-13
Tanakon Pinkaew,Chonburi FC,Thailand,Gel. Tengah,0,-,0,2026-07-13
Channarong Promsrikaew,Chonburi FC,Thailand,Gel. Serang,0,"Rp6,08Mlyr.",6080000000,2026-07-13
Sittichok Paso,Chonburi FC,Thailand,Gel. Serang,0,"Rp1,30Mlyr.",1300000000,2026-07-13
Apiwat Chuprai,Chonburi FC,Thailand,Sayap Kiri,0,"Rp434,54Jt.",434540000,2026-07-13
Roengchai Kesada,Chonburi FC,Thailand,Sayap Kiri,0,-,0,2026-07-13
Korawich Tasa,Chonburi FC,Thailand,Sayap Kanan,0,"Rp3,48Mlyr.",3480000000,2026-07-13
Siraphop Wandee,Chonburi FC,Thailand,Sayap Kanan,21,"Rp1,30Mlyr.",1300000000,2026-07-13
Oege-Sietse van Lingen,Chonburi FC,Thailand,Depan-Tengah,0,"Rp8,69Mlyr.",8690000000,2026-07-13
Yotsakon Burapha,Chonburi FC,Thailand,Depan-Tengah,0,"Rp6,95Mlyr.",6950000000,2026-07-13
Dennis Murillo,Chonburi FC,Thailand,Depan-Tengah,0,"Rp3,04Mlyr.",3040000000,2026-07-13
Stenio Junior,Chonburi FC,Thailand,Depan-Tengah,0,"Rp2,17Mlyr.",2170000000,2026-07-13
Adisak Kraisorn,Chonburi FC,Thailand,Depan-Tengah,0,"Rp1,30Mlyr.",1300000000,2026-07-13
Tontawan Puntamunee,Chonburi FC,Thailand,Depan-Tengah,0,-,0,2026-07-13
Patiwat Khammai,True Bangkok United,Thailand,Kiper,0,"Rp6,95Mlyr.",6950000000,2026-07-13
Phuwadol Pholsongkram,True Bangkok United,Thailand,Kiper,29,"Rp2,61Mlyr.",2610000000,2026-07-13
Chinnapong Raksri,True Bangkok United,Thailand,Kiper,38,"Rp869,08Jt.",869080000,2026-07-13
Supanut Sudathip,True Bangkok United,Thailand,Kiper,0,-,0,2026-07-13
Philipe Maia,True Bangkok United,Thailand,Bek-Tengah,0,"Rp6,08Mlyr.",6080000000,2026-07-13
Kritsada Nontharat,True Bangkok United,Thailand,Bek-Tengah,0,"Rp5,21Mlyr.",5210000000,2026-07-13
Suphan Thongsong,True Bangkok United,Thailand,Bek-Tengah,26,"Rp5,21Mlyr.",5210000000,2026-07-13
Everton,True Bangkok United,Thailand,Bek-Tengah,0,"Rp2,61Mlyr.",2610000000,2026-07-13
Wichan Inaram,True Bangkok United,Thailand,Bek-Tengah,0,"Rp1,30Mlyr.",1300000000,2026-07-13
Anaphat Nakngam,True Bangkok United,Thailand,Bek-Tengah,0,-,0,2026-07-13
Wanchai Jarunongkran,True Bangkok United,Thailand,Bek-Kiri,24,"Rp5,21Mlyr.",5210000000,2026-07-13
Ki-je Lee,True Bangkok United,Thailand,Bek-Kiri,23,"Rp4,35Mlyr.",4350000000,2026-07-13
Bhumchanok Kamkla,True Bangkok United,Thailand,Bek-Kiri,0,"Rp2,61Mlyr.",2610000000,2026-07-13
Surachai Booncharee,True Bangkok United,Thailand,Bek-Kiri,43,"Rp869,08Jt.",869080000,2026-07-13
James Beresford,True Bangkok United,Thailand,Bek-Kanan,0,"Rp6,08Mlyr.",6080000000,2026-07-13
Boontawee Thepwong,True Bangkok United,Thailand,Bek-Kanan,0,"Rp1,30Mlyr.",1300000000,2026-07-13
Nontapat Ploymee,True Bangkok United,Thailand,Bek-Kanan,0,-,0,2026-07-13
Weerathep Pomphun,True Bangkok United,Thailand,Gel. Bertahan,27,"Rp6,95Mlyr.",6950000000,2026-07-13
John-Patrick Strauß,True Bangkok United,Thailand,Gel. Bertahan,0,"Rp5,21Mlyr.",5210000000,2026-07-13
Natcha Promsomboon,True Bangkok United,Thailand,Gel. Bertahan,0,"Rp2,17Mlyr.",2170000000,2026-07-13
Wisarut Imura,True Bangkok United,Thailand,Gel. Bertahan,0,"Rp2,17Mlyr.",2170000000,2026-07-13
Picha Autra,True Bangkok United,Thailand,Gel. Tengah,0,"Rp4,35Mlyr.",4350000000,2026-07-13
Thitiphan Puangchan,True Bangkok United,Thailand,Gel. Tengah,18,"Rp4,35Mlyr.",4350000000,2026-07-13
Pokklaw Anan,True Bangkok United,Thailand,Gel. Tengah,39,"Rp1,74Mlyr.",1740000000,2026-07-13
Pichaya Kongsri,True Bangkok United,Thailand,Gel. Tengah,0,"Rp869,08Jt.",869080000,2026-07-13
Philip Frey,True Bangkok United,Thailand,Gel. Tengah,0,"Rp434,54Jt.",434540000,2026-07-13
Aekkarat Sansuwan,True Bangkok United,Thailand,Gel. Tengah,0,-,0,2026-07-13
Pachara Wangsawat,True Bangkok United,Thailand,Gel. Tengah,0,-,0,2026-07-13
Shunta Hasegawa,True Bangkok United,Thailand,Gel. Serang,0,-,0,2026-07-13
Yonatan Cohen,True Bangkok United,Thailand,Sayap Kiri,0,"Rp6,95Mlyr.",6950000000,2026-07-13
Willian Popp,True Bangkok United,Thailand,Sayap Kiri,19,"Rp6,08Mlyr.",6080000000,2026-07-13
Arthur,True Bangkok United,Thailand,Sayap Kiri,0,"Rp6,08Mlyr.",6080000000,2026-07-13
Achita Nawathit,True Bangkok United,Thailand,Sayap Kiri,0,-,0,2026-07-13
Rungrath Poomchantuek,True Bangkok United,Thailand,Sayap Kanan,0,"Rp2,61Mlyr.",2610000000,2026-07-13
Narakorn Kangkratok,True Bangkok United,Thailand,Sayap Kanan,32,"Rp1,74Mlyr.",1740000000,2026-07-13
Chonlachart Tongjinda,True Bangkok United,Thailand,Sayap Kanan,0,"Rp869,08Jt.",869080000,2026-07-13
Krit Klangpan,True Bangkok United,Thailand,Sayap Kanan,0,-,0,2026-07-13
Muhsen Al-Ghassani,True Bangkok United,Thailand,Depan-Tengah,16,"Rp13,91Mlyr.",13910000000,2026-07-13
Rivaldinho,True Bangkok United,Thailand,Depan-Tengah,0,"Rp6,08Mlyr.",6080000000,2026-07-13
Guntapon Keereeleang,True Bangkok United,Thailand,Depan-Tengah,20,"Rp3,48Mlyr.",3480000000,2026-07-13
Teerasil Dangda,True Bangkok United,Thailand,Depan-Tengah,0,"Rp1,74Mlyr.",1740000000,2026-07-13
Nopparat Promiem,True Bangkok United,Thailand,Depan-Tengah,0,"Rp434,54Jt.",434540000,2026-07-13
Thanawat Deelert,True Bangkok United,Thailand,Depan-Tengah,0,-,0,2026-07-13
Damyan Damyanov,Pattani FC,Thailand,Kiper,0,"Rp3,04Mlyr.",3040000000,2026-07-13
Muhammat Mamah,Pattani FC,Thailand,Kiper,0,"Rp1,74Mlyr.",1740000000,2026-07-13
Amran Bungosayu,Pattani FC,Thailand,Kiper,25,"Rp434,54Jt.",434540000,2026-07-13
Ninuruddin Nideha,Pattani FC,Thailand,Kiper,0,-,0,2026-07-13
Ittipon Khampliw,Pattani FC,Thailand,Bek-Tengah,19,"Rp1,30Mlyr.",1300000000,2026-07-13
Marlon Silva,Pattani FC,Thailand,Bek-Tengah,26,"Rp1,30Mlyr.",1300000000,2026-07-13
Anuwa Koowing,Pattani FC,Thailand,Bek-Kiri,32,"Rp1,74Mlyr.",1740000000,2026-07-13
Kirati Kaewnongdang,Pattani FC,Thailand,Bek-Kiri,40,"Rp869,08Jt.",869080000,2026-07-13
Ekkachai Samre,Pattani FC,Thailand,Bek-Kanan,0,"Rp869,08Jt.",869080000,2026-07-13
Ratthakron Thongkae,Pattani FC,Thailand,Bek-Kanan,0,"Rp869,08Jt.",869080000,2026-07-13
Kittiphong Buathong,Pattani FC,Thailand,Bek-Kanan,36,"Rp869,08Jt.",869080000,2026-07-13
Thirapak Prueangna,Pattani FC,Thailand,Gel. Bertahan,0,"Rp2,17Mlyr.",2170000000,2026-07-13
Naruephon Proomimas,Pattani FC,Thailand,Gel. Bertahan,42,"Rp1,30Mlyr.",1300000000,2026-07-13
Adam Lassamano,Pattani FC,Thailand,Gel. Tengah,30,"Rp1,30Mlyr.",1300000000,2026-07-13
Adithep Chaisrianan,Pattani FC,Thailand,Gel. Serang,0,"Rp1,74Mlyr.",1740000000,2026-07-13
Felipe Nunes,Pattani FC,Thailand,Gel. Serang,0,"Rp869,08Jt.",869080000,2026-07-13
Janepob Phokhi,Pattani FC,Thailand,Sayap Kiri,0,"Rp1,74Mlyr.",1740000000,2026-07-13
Carlos Neto,Pattani FC,Thailand,Depan-Tengah,0,"Rp4,35Mlyr.",4350000000,2026-07-13
Imron Hayiyusoh,Pattani FC,Thailand,Depan-Tengah,0,"Rp1,30Mlyr.",1300000000,2026-07-13
Quincy Kammeraad,Kuala Lumpur City FC,Malaysia,Kiper,0,"Rp4,35Mlyr.",4350000000,2026-07-13
Hafizul Hakim,Kuala Lumpur City FC,Malaysia,Kiper,22,"Rp869,08Jt.",869080000,2026-07-13
Asyraaf Omar,Kuala Lumpur City FC,Malaysia,Kiper,30,-,0,2026-07-13
Dmytro Lytvyn,Kuala Lumpur City FC,Malaysia,Bek-Tengah,0,"Rp5,65Mlyr.",5650000000,2026-07-13
Giancarlo Gallifuoco,Kuala Lumpur City FC,Malaysia,Bek-Tengah,0,"Rp4,35Mlyr.",4350000000,2026-07-13
Adam Nor Azlin,Kuala Lumpur City FC,Malaysia,Bek-Tengah,0,"Rp3,04Mlyr.",3040000000,2026-07-13
Syazwan Andik,Kuala Lumpur City FC,Malaysia,Bek-Kiri,23,"Rp2,17Mlyr.",2170000000,2026-07-13
Kamal Azizi,Kuala Lumpur City FC,Malaysia,Bek-Kanan,0,"Rp2,61Mlyr.",2610000000,2026-07-13
Azrif Nasrulhaq,Kuala Lumpur City FC,Malaysia,Bek-Kanan,20,"Rp869,08Jt.",869080000,2026-07-13
Kenny Pallraj,Kuala Lumpur City FC,Malaysia,Gel. Bertahan,21,"Rp2,17Mlyr.",2170000000,2026-07-13
Zhafri Yahya,Kuala Lumpur City FC,Malaysia,Gel. Tengah,0,"Rp4,35Mlyr.",4350000000,2026-07-13
Gorka Larrucea,Kuala Lumpur City FC,Malaysia,Gel. Tengah,24,"Rp3,04Mlyr.",3040000000,2026-07-13
Madger Gomes,Kuala Lumpur City FC,Malaysia,Gel. Tengah,0,"Rp1,30Mlyr.",1300000000,2026-07-13
Amirul Aiman,Kuala Lumpur City FC,Malaysia,Gel. Tengah,34,"Rp434,54Jt.",434540000,2026-07-13
Víctor Ruiz,Kuala Lumpur City FC,Malaysia,Gel. Serang,0,"Rp3,04Mlyr.",3040000000,2026-07-13
Fazrul Amir,Kuala Lumpur City FC,Malaysia,Sayap Kiri,17,"Rp1,74Mlyr.",1740000000,2026-07-13
Nicolao Cardoso,Kuala Lumpur City FC,Malaysia,Sayap Kiri,0,"Rp1,74Mlyr.",1740000000,2026-07-13
Enzo Cora,Kuala Lumpur City FC,Malaysia,Sayap Kiri,0,"Rp434,54Jt.",434540000,2026-07-13
S. Sharvin,Kuala Lumpur City FC,Malaysia,Sayap Kanan,0,"Rp434,54Jt.",434540000,2026-07-13
Kpah Sherman,Kuala Lumpur City FC,Malaysia,Depan-Tengah,0,"Rp3,48Mlyr.",3480000000,2026-07-13
Paulo Josué,Kuala Lumpur City FC,Malaysia,Depan-Tengah,28,"Rp3,04Mlyr.",3040000000,2026-07-13
Kalamullah Al-Hafiz,Selangor FC,Malaysia,Kiper,33,"Rp5,21Mlyr.",5210000000,2026-07-13
Sikh Izhan Nazrel,Selangor FC,Malaysia,Kiper,31,"Rp3,91Mlyr.",3910000000,2026-07-13
Azim Al-Amin,Selangor FC,Malaysia,Kiper,20,"Rp1,30Mlyr.",1300000000,2026-07-13
Jefferson Tabinas,Selangor FC,Malaysia,Bek-Tengah,40,"Rp6,95Mlyr.",6950000000,2026-07-13
Harith Haiqal,Selangor FC,Malaysia,Bek-Tengah,0,"Rp5,65Mlyr.",5650000000,2026-07-13
Richmond Tetteh Ankrah,Selangor FC,Malaysia,Bek-Tengah,0,"Rp4,78Mlyr.",4780000000,2026-07-13
Sharul Nazeem,Selangor FC,Malaysia,Bek-Tengah,44,"Rp3,48Mlyr.",3480000000,2026-07-13
Safuwan Baharudin,Selangor FC,Malaysia,Bek-Tengah,21,"Rp1,74Mlyr.",1740000000,2026-07-13
Moses Raj,Selangor FC,Malaysia,Bek-Tengah,22,-,0,2026-07-13
Adib Ra'op,Selangor FC,Malaysia,Bek-Kiri,0,"Rp5,21Mlyr.",5210000000,2026-07-13
Quentin Cheng,Selangor FC,Malaysia,Bek-Kanan,0,"Rp5,65Mlyr.",5650000000,2026-07-13
Zikri Khalili,Selangor FC,Malaysia,Bek-Kanan,0,"Rp3,48Mlyr.",3480000000,2026-07-13
Muhammad Abu Khalil,Selangor FC,Malaysia,Gel. Bertahan,28,"Rp1,30Mlyr.",1300000000,2026-07-13
Nooa Laine,Selangor FC,Malaysia,Gel. Tengah,0,"Rp6,95Mlyr.",6950000000,2026-07-13
Azam Azih,Selangor FC,Malaysia,Gel. Tengah,19,"Rp4,35Mlyr.",4350000000,2026-07-13
Syahir Bashah,Selangor FC,Malaysia,Gel. Tengah,43,"Rp3,48Mlyr.",3480000000,2026-07-13
Mukhairi Ajmal,Selangor FC,Malaysia,Gel. Tengah,0,"Rp3,04Mlyr.",3040000000,2026-07-13
Alex Agyarkwa,Selangor FC,Malaysia,Gel. Tengah,24,"Rp2,61Mlyr.",2610000000,2026-07-13
Hugo Boumous,Selangor FC,Malaysia,Gel. Serang,0,"Rp11,30Mlyr.",11300000000,2026-07-13
Eduardo Sosa,Selangor FC,Malaysia,Gel. Serang,0,"Rp6,08Mlyr.",6080000000,2026-07-13
Aliff Izwan,Selangor FC,Malaysia,Gel. Serang,0,"Rp2,61Mlyr.",2610000000,2026-07-13
Faisal Halim,Selangor FC,Malaysia,Sayap Kiri,0,"Rp7,82Mlyr.",7820000000,2026-07-13
A. Selvan,Selangor FC,Malaysia,Sayap Kanan,16,"Rp3,48Mlyr.",3480000000,2026-07-13
Vitor Pernambuco,Selangor FC,Malaysia,Sayap Kanan,0,"Rp2,17Mlyr.",2170000000,2026-07-13
Chrigor Moraes,Selangor FC,Malaysia,Depan-Tengah,0,"Rp15,64Mlyr.",15640000000,2026-07-13
Damien Lim,Sabah FC,Malaysia,Kiper,31,"Rp3,48Mlyr.",3480000000,2026-07-13
Ramzi Mustakim,Sabah FC,Malaysia,Kiper,0,"Rp434,54Jt.",434540000,2026-07-13
Azlizan Azlan,Sabah FC,Malaysia,Kiper,25,-,0,2026-07-13
Amir Jef,Sabah FC,Malaysia,Kiper,36,-,0,2026-07-13
Dominic Tan,Sabah FC,Malaysia,Bek-Tengah,33,"Rp5,21Mlyr.",5210000000,2026-07-13
Rawilson Batuil,Sabah FC,Malaysia,Bek-Tengah,0,"Rp2,61Mlyr.",2610000000,2026-07-13
José Ángel,Sabah FC,Malaysia,Bek-Tengah,0,"Rp869,08Jt.",869080000,2026-07-13
Ritchie Svenson,Sabah FC,Malaysia,Bek-Tengah,34,-,0,2026-07-13
R. Dinesh,Sabah FC,Malaysia,Bek-Kiri,0,"Rp1,74Mlyr.",1740000000,2026-07-13
Ernesto Phumipha,Sabah FC,Malaysia,Bek-Kiri,0,"Rp1,30Mlyr.",1300000000,2026-07-13
Rozacklye Yanam,Sabah FC,Malaysia,Bek-Kiri,0,"Rp173,82Jt.",173820000,2026-07-13
Dane Ingham,Sabah FC,Malaysia,Bek-Kanan,23,"Rp6,52Mlyr.",6520000000,2026-07-13
Harith Naem Jaineh,Sabah FC,Malaysia,Bek-Kanan,0,"Rp869,08Jt.",869080000,2026-07-13
Gary Steven,Sabah FC,Malaysia,Gel. Bertahan,20,"Rp1,30Mlyr.",1300000000,2026-07-13
Duje Ljubic,Sabah FC,Malaysia,Gel. Tengah,22,"Rp3,04Mlyr.",3040000000,2026-07-13
Miguel Cifuentes,Sabah FC,Malaysia,Gel. Tengah,0,"Rp2,61Mlyr.",2610000000,2026-07-13
Fakrul Iman,Sabah FC,Malaysia,Gel. Tengah,0,"Rp869,08Jt.",869080000,2026-07-13
Rusdi Roslan,Sabah FC,Malaysia,Gel. Tengah,0,"Rp173,82Jt.",173820000,2026-07-13
Farhan Roslan,Sabah FC,Malaysia,Sayap Kiri,0,"Rp2,17Mlyr.",2170000000,2026-07-13
Shahrol Nizam,Sabah FC,Malaysia,Sayap Kiri,30,-,0,2026-07-13
S. Kumaahran,Sabah FC,Malaysia,Sayap Kanan,0,"Rp2,61Mlyr.",2610000000,2026-07-13
Maxsius Musa,Sabah FC,Malaysia,Sayap Kanan,27,-,0,2026-07-13
Faheed Naqqeu,Sabah FC,Malaysia,Sayap Kanan,35,-,0,2026-07-13
Chris Marlon Ondong Mba,Sabah FC,Malaysia,Depan-Tengah,0,"Rp3,04Mlyr.",3040000000,2026-07-13
Jafri Firdaus Chew,Sabah FC,Malaysia,Depan-Tengah,0,"Rp3,04Mlyr.",3040000000,2026-07-13
Darren Lok,Sabah FC,Malaysia,Depan-Tengah,28,"Rp1,74Mlyr.",1740000000,2026-07-13
Kervens Belfort,Sabah FC,Malaysia,Depan-Tengah,0,"Rp1,30Mlyr.",1300000000,2026-07-13
Azhad Harraz,Sabah FC,Malaysia,Depan-Tengah,0,"Rp1,30Mlyr.",1300000000,2026-07-13
Ramadhan Hamid,Penang FC,Malaysia,Kiper,22,"Rp1,74Mlyr.",1740000000,2026-07-13
Khairulazhan Khalid,Penang FC,Malaysia,Kiper,0,"Rp869,08Jt.",869080000,2026-07-13
Ashriq Izzat,Penang FC,Malaysia,Kiper,36,-,0,2026-07-13
Stefano Brundo,Penang FC,Malaysia,Bek-Tengah,0,"Rp3,91Mlyr.",3910000000,2026-07-13
Khairul Akmal Rokisham,Penang FC,Malaysia,Bek-Tengah,0,"Rp2,17Mlyr.",2170000000,2026-07-13
Faith Obilor,Penang FC,Malaysia,Bek-Tengah,0,"Rp1,30Mlyr.",1300000000,2026-07-13
M. Rakesh,Penang FC,Malaysia,Bek-Tengah,0,"Rp869,08Jt.",869080000,2026-07-13
Fazly Mazlan,Penang FC,Malaysia,Bek-Kiri,0,"Rp1,74Mlyr.",1740000000,2026-07-13
Ad'dha Nazman,Penang FC,Malaysia,Bek-Kanan,18,-,0,2026-07-13
Izzat Zikri Iziruddin,Penang FC,Malaysia,Gel. Tengah,0,"Rp3,04Mlyr.",3040000000,2026-07-13
Firdaus Saiyadi,Penang FC,Malaysia,Gel. Tengah,0,"Rp2,61Mlyr.",2610000000,2026-07-13
Aliff Haiqal,Penang FC,Malaysia,Gel. Tengah,0,"Rp2,61Mlyr.",2610000000,2026-07-13
Danial Haqim Deraman,Penang FC,Malaysia,Gel. Tengah,20,"Rp1,30Mlyr.",1300000000,2026-07-13
Ruo Han,Penang FC,Malaysia,Gel. Serang,19,"Rp869,08Jt.",869080000,2026-07-13
OJ Porteria,Penang FC,Malaysia,Sayap Kiri,0,"Rp1,30Mlyr.",1300000000,2026-07-13
Akid Zamri,Penang FC,Malaysia,Sayap Kiri,28,"Rp1,30Mlyr.",1300000000,2026-07-13
Khala'if Naskam,Penang FC,Malaysia,Sayap Kanan,0,"Rp869,08Jt.",869080000,2026-07-13
Syihan Hazmi,Johor Darul Ta'zim,Malaysia,Kiper,16,"Rp6,95Mlyr.",6950000000,2026-07-13
Andoni Zubiaurre,Johor Darul Ta'zim,Malaysia,Kiper,0,"Rp4,35Mlyr.",4350000000,2026-07-13
Christian Abad,Johor Darul Ta'zim,Malaysia,Kiper,0,"Rp869,08Jt.",869080000,2026-07-13
Antonio Glauder,Johor Darul Ta'zim,Malaysia,Bek-Tengah,0,"Rp11,30Mlyr.",11300000000,2026-07-13
Brad Tapp,Johor Darul Ta'zim,Malaysia,Bek-Tengah,26,"Rp8,69Mlyr.",8690000000,2026-07-13
Kevin Medina,Johor Darul Ta'zim,Malaysia,Bek-Tengah,0,"Rp6,95Mlyr.",6950000000,2026-07-13
Feroz Baharudin,Johor Darul Ta'zim,Malaysia,Bek-Tengah,0,"Rp3,48Mlyr.",3480000000,2026-07-13
Shahrul Saad,Johor Darul Ta'zim,Malaysia,Bek-Tengah,0,"Rp3,04Mlyr.",3040000000,2026-07-13
Eddy Israfilov,Johor Darul Ta'zim,Malaysia,Bek-Tengah,23,"Rp3,04Mlyr.",3040000000,2026-07-13
Shane Lowry,Johor Darul Ta'zim,Malaysia,Bek-Tengah,0,"Rp1,30Mlyr.",1300000000,2026-07-13
Jon Irazábal,Johor Darul Ta'zim,Malaysia,Bek-Tengah,17,-,0,2026-07-13
Miquel Cuesta,Johor Darul Ta'zim,Malaysia,Bek-Tengah,44,-,0,2026-07-13
Jonathan Silva,Johor Darul Ta'zim,Malaysia,Bek-Kiri,33,"Rp9,56Mlyr.",9560000000,2026-07-13
Declan Lambert,Johor Darul Ta'zim,Malaysia,Bek-Kiri,0,"Rp4,78Mlyr.",4780000000,2026-07-13
La'Vere Corbin-Ong,Johor Darul Ta'zim,Malaysia,Bek-Kiri,22,"Rp2,17Mlyr.",2170000000,2026-07-13
Matthew Davies,Johor Darul Ta'zim,Malaysia,Bek-Kanan,0,"Rp6,95Mlyr.",6950000000,2026-07-13
Raúl Parra,Johor Darul Ta'zim,Malaysia,Bek-Kanan,36,"Rp3,48Mlyr.",3480000000,2026-07-13
Syahmi Safari,Johor Darul Ta'zim,Malaysia,Bek-Kanan,0,"Rp3,04Mlyr.",3040000000,2026-07-13
Nené,Johor Darul Ta'zim,Malaysia,Gel. Bertahan,18,"Rp15,64Mlyr.",15640000000,2026-07-13
Syamer Kutty,Johor Darul Ta'zim,Malaysia,Gel. Bertahan,41,"Rp3,48Mlyr.",3480000000,2026-07-13
Hong Wan,Johor Darul Ta'zim,Malaysia,Gel. Bertahan,0,"Rp2,61Mlyr.",2610000000,2026-07-13
Ibrahim Manusi,Johor Darul Ta'zim,Malaysia,Gel. Bertahan,27,"Rp1,30Mlyr.",1300000000,2026-07-13
Nacho Méndez,Johor Darul Ta'zim,Malaysia,Gel. Tengah,28,"Rp20,86Mlyr.",20860000000,2026-07-13
Dejan Petrovic,Johor Darul Ta'zim,Malaysia,Gel. Tengah,21,"Rp17,38Mlyr.",17380000000,2026-07-13
Stuart Wilkin,Johor Darul Ta'zim,Malaysia,Gel. Tengah,0,"Rp6,08Mlyr.",6080000000,2026-07-13
Afiq Fazail,Johor Darul Ta'zim,Malaysia,Gel. Tengah,0,"Rp5,21Mlyr.",5210000000,2026-07-13
Ryan Lambert,Johor Darul Ta'zim,Malaysia,Gel. Tengah,0,"Rp4,78Mlyr.",4780000000,2026-07-13
Natxo Insa,Johor Darul Ta'zim,Malaysia,Gel. Tengah,30,"Rp434,54Jt.",434540000,2026-07-13
Hector Hevel,Johor Darul Ta'zim,Malaysia,Gel. Tengah,0,-,0,2026-07-13
Óscar Arribas,Johor Darul Ta'zim,Malaysia,Sayap Kiri,24,"Rp9,56Mlyr.",9560000000,2026-07-13
Teto Martín,Johor Darul Ta'zim,Malaysia,Sayap Kiri,20,"Rp7,82Mlyr.",7820000000,2026-07-13
Yago César,Johor Darul Ta'zim,Malaysia,Sayap Kiri,0,"Rp5,21Mlyr.",5210000000,2026-07-13
Enzo Lombardo,Johor Darul Ta'zim,Malaysia,Sayap Kiri,0,"Rp4,35Mlyr.",4350000000,2026-07-13
Marcos Guilherme,Johor Darul Ta'zim,Malaysia,Sayap Kanan,0,"Rp13,04Mlyr.",13040000000,2026-07-13
Arif Aiman,Johor Darul Ta'zim,Malaysia,Sayap Kanan,42,"Rp12,17Mlyr.",12170000000,2026-07-13
Ager Aketxe,Johor Darul Ta'zim,Malaysia,Sayap Kanan,0,"Rp12,17Mlyr.",12170000000,2026-07-13
Manuel Hidalgo,Johor Darul Ta'zim,Malaysia,Sayap Kanan,0,"Rp6,95Mlyr.",6950000000,2026-07-13
Moussa Sidibé,Johor Darul Ta'zim,Malaysia,Sayap Kanan,0,"Rp4,78Mlyr.",4780000000,2026-07-13
Jairo,Johor Darul Ta'zim,Malaysia,Depan-Tengah,0,"Rp13,04Mlyr.",13040000000,2026-07-13
Shahab Zahedi,Johor Darul Ta'zim,Malaysia,Depan-Tengah,0,"Rp6,95Mlyr.",6950000000,2026-07-13
Bérgson,Johor Darul Ta'zim,Malaysia,Depan-Tengah,0,"Rp5,65Mlyr.",5650000000,2026-07-13
Romel Morales,Johor Darul Ta'zim,Malaysia,Depan-Tengah,19,"Rp5,21Mlyr.",5210000000,2026-07-13
Haqimi Azim,Johor Darul Ta'zim,Malaysia,Depan-Tengah,0,"Rp3,91Mlyr.",3910000000,2026-07-13
João Figueiredo,Johor Darul Ta'zim,Malaysia,Depan-Tengah,25,-,0,2026-07-13
Samuel Somerville,Brunei DPMM FC,Malaysia,Kiper,0,"Rp2,61Mlyr.",2610000000,2026-07-13
Haimie Nyaring,Brunei DPMM FC,Malaysia,Kiper,0,"Rp2,17Mlyr.",2170000000,2026-07-13
Ishyra Asmin,Brunei DPMM FC,Malaysia,Kiper,25,"Rp434,54Jt.",434540000,2026-07-13
Amani Aguinaldo,Brunei DPMM FC,Malaysia,Bek-Tengah,0,"Rp3,04Mlyr.",3040000000,2026-07-13
Clark Robertson,Brunei DPMM FC,Malaysia,Bek-Tengah,0,"Rp1,74Mlyr.",1740000000,2026-07-13
Ebenezer Abban,Brunei DPMM FC,Malaysia,Bek-Tengah,0,"Rp1,74Mlyr.",1740000000,2026-07-13
Yura Indera Putera,Brunei DPMM FC,Malaysia,Bek-Tengah,23,"Rp1,74Mlyr.",1740000000,2026-07-13
Nicholas Swirad,Brunei DPMM FC,Malaysia,Bek-Tengah,0,"Rp1,30Mlyr.",1300000000,2026-07-13
Nur Ikhwan Othman,Brunei DPMM FC,Malaysia,Bek-Tengah,19,"Rp869,08Jt.",869080000,2026-07-13
Hanif Hamir,Brunei DPMM FC,Malaysia,Bek-Tengah,0,"Rp434,54Jt.",434540000,2026-07-13
Tommy Mawat,Brunei DPMM FC,Malaysia,Bek-Kiri,0,"Rp3,04Mlyr.",3040000000,2026-07-13
Muhammad Toha,Brunei DPMM FC,Malaysia,Bek-Kanan,0,"Rp6,08Mlyr.",6080000000,2026-07-13
Syafiq Safiuddin Shariff,Brunei DPMM FC,Malaysia,Bek-Kanan,0,"Rp869,08Jt.",869080000,2026-07-13
Nazry Aiman,Brunei DPMM FC,Malaysia,Bek-Kanan,21,"Rp869,08Jt.",869080000,2026-07-13
Martin Haddy,Brunei DPMM FC,Malaysia,Bek-Kanan,0,"Rp173,82Jt.",173820000,2026-07-13
Hanif Farhan Azman,Brunei DPMM FC,Malaysia,Gel. Tengah,0,"Rp869,08Jt.",869080000,2026-07-13
Azwan Ali Rahman,Brunei DPMM FC,Malaysia,Gel. Tengah,0,"Rp869,08Jt.",869080000,2026-07-13
Abdul Hariz,Brunei DPMM FC,Malaysia,Gel. Tengah,16,"Rp869,08Jt.",869080000,2026-07-13
Hakeme Yazid Said,Brunei DPMM FC,Malaysia,Sayap Kiri,17,"Rp3,04Mlyr.",3040000000,2026-07-13
Farris Izdiham,Brunei DPMM FC,Malaysia,Sayap Kiri,0,"Rp2,61Mlyr.",2610000000,2026-07-13
Nazirrudin Ismail,Brunei DPMM FC,Malaysia,Sayap Kiri,22,"Rp869,08Jt.",869080000,2026-07-13
Óscar Santis,Brunei DPMM FC,Malaysia,Sayap Kanan,0,"Rp10,43Mlyr.",10430000000,2026-07-13
Miguel Oliveira,Brunei DPMM FC,Malaysia,Sayap Kanan,0,"Rp4,35Mlyr.",4350000000,2026-07-13
Danial Asri,Brunei DPMM FC,Malaysia,Sayap Kanan,0,"Rp3,48Mlyr.",3480000000,2026-07-13
Faturrahman Embran,Brunei DPMM FC,Malaysia,Sayap Kanan,0,"Rp434,54Jt.",434540000,2026-07-13
Jordan Murray,Brunei DPMM FC,Malaysia,Depan-Tengah,27,"Rp6,08Mlyr.",6080000000,2026-07-13
Dalberto,Brunei DPMM FC,Malaysia,Depan-Tengah,0,"Rp5,21Mlyr.",5210000000,2026-07-13
Hariz Danial,Brunei DPMM FC,Malaysia,Depan-Tengah,0,"Rp434,54Jt.",434540000,2026-07-13
Shaiful Wazizi,Star City FC,Malaysia,Kiper,35,"Rp434,54Jt.",434540000,2026-07-13
Farhan Abdul Majid,Star City FC,Malaysia,Kiper,43,"Rp434,54Jt.",434540000,2026-07-13
Loqman Hakim,Star City FC,Malaysia,Bek-Tengah,0,"Rp1,30Mlyr.",1300000000,2026-07-13
Aiman Yusni,Star City FC,Malaysia,Bek-Kanan,0,"Rp2,61Mlyr.",2610000000,2026-07-13
Rizal Ghazali,Star City FC,Malaysia,Bek-Kanan,0,"Rp1,74Mlyr.",1740000000,2026-07-13
Heshamudin Ahmad,Star City FC,Malaysia,Bek-Kanan,30,"Rp434,54Jt.",434540000,2026-07-13
Mior Dani,Star City FC,Malaysia,Gel. Tengah,19,"Rp1,30Mlyr.",1300000000,2026-07-13
Nik Akif,Star City FC,Malaysia,Gel. Serang,33,"Rp3,04Mlyr.",3040000000,2026-07-13
Rafael Holstein,Star City FC,Malaysia,Gel. Serang,0,"Rp1,30Mlyr.",1300000000,2026-07-13
Nur Azfar Fikri,Star City FC,Malaysia,Sayap Kanan,0,"Rp2,61Mlyr.",2610000000,2026-07-13
Azri Ghani,Negeri Sembilan FC,Malaysia,Kiper,30,"Rp4,78Mlyr.",4780000000,2026-07-13
Aqil Razak,Negeri Sembilan FC,Malaysia,Kiper,22,"Rp1,30Mlyr.",1300000000,2026-07-13
Syahmi Adib,Negeri Sembilan FC,Malaysia,Kiper,0,"Rp434,54Jt.",434540000,2026-07-13
Kei Oshiro,Negeri Sembilan FC,Malaysia,Bek-Tengah,0,"Rp3,04Mlyr.",3040000000,2026-07-13
Zainal Abidin Jamil,Negeri Sembilan FC,Malaysia,Bek-Tengah,0,"Rp2,17Mlyr.",2170000000,2026-07-13
Ryaan Sanizal,Negeri Sembilan FC,Malaysia,Bek-Tengah,0,"Rp1,74Mlyr.",1740000000,2026-07-13
Khuzaimi Piee,Negeri Sembilan FC,Malaysia,Bek-Tengah,18,"Rp1,74Mlyr.",1740000000,2026-07-13
Filip Andersen,Negeri Sembilan FC,Malaysia,Bek-Tengah,23,"Rp1,30Mlyr.",1300000000,2026-07-13
Hairiey Hakim,Negeri Sembilan FC,Malaysia,Bek-Kiri,26,"Rp1,30Mlyr.",1300000000,2026-07-13
Ariff Ar-Rasyid,Negeri Sembilan FC,Malaysia,Bek-Kanan,28,"Rp3,04Mlyr.",3040000000,2026-07-13
Raimi Shamsul,Negeri Sembilan FC,Malaysia,Bek-Kanan,0,"Rp869,08Jt.",869080000,2026-07-13
Syed Zaris Irfan,Negeri Sembilan FC,Malaysia,Bek-Kanan,0,-,0,2026-07-13
Wai Lin Aung,Negeri Sembilan FC,Malaysia,Gel. Bertahan,0,"Rp2,61Mlyr.",2610000000,2026-07-13
Haiqal Danish,Negeri Sembilan FC,Malaysia,Gel. Bertahan,35,"Rp434,54Jt.",434540000,2026-07-13
Yuichi Hirano,Negeri Sembilan FC,Malaysia,Gel. Tengah,24,"Rp2,61Mlyr.",2610000000,2026-07-13
Afiq Fitri,Negeri Sembilan FC,Malaysia,Gel. Tengah,0,"Rp434,54Jt.",434540000,2026-07-13
Haiqal Haqeemi,Negeri Sembilan FC,Malaysia,Gel. Tengah,21,-,0,2026-07-13
Wan Kuzri,Negeri Sembilan FC,Malaysia,Gel. Tengah,0,-,0,2026-07-13
Takumi Sasaki,Negeri Sembilan FC,Malaysia,Gel. Serang,0,"Rp4,78Mlyr.",4780000000,2026-07-13
Jovan Motika,Negeri Sembilan FC,Malaysia,Sayap Kiri,0,"Rp4,35Mlyr.",4350000000,2026-07-13
Hakimi Abdullah,Negeri Sembilan FC,Malaysia,Sayap Kiri,0,"Rp2,17Mlyr.",2170000000,2026-07-13
Umar Hakeem,Negeri Sembilan FC,Malaysia,Sayap Kiri,33,"Rp869,08Jt.",869080000,2026-07-13
Anuar Ceesay,Negeri Sembilan FC,Malaysia,Sayap Kiri,29,"Rp434,54Jt.",434540000,2026-07-13
Mio Tsuneyasu,Negeri Sembilan FC,Malaysia,Sayap Kanan,20,"Rp2,17Mlyr.",2170000000,2026-07-13
Alif Mutalib,Negeri Sembilan FC,Malaysia,Sayap Kanan,17,-,0,2026-07-13
Luqman Hakim,Negeri Sembilan FC,Malaysia,Depan-Tengah,0,"Rp3,48Mlyr.",3480000000,2026-07-13
N. Javabilaarivin,Negeri Sembilan FC,Malaysia,Depan-Tengah,19,"Rp869,08Jt.",869080000,2026-07-13
Rahman Daud,Negeri Sembilan FC,Malaysia,Depan-Tengah,16,-,0,2026-07-13
Rahadiazli Rahalim,Terengganu FC,Malaysia,Kiper,0,"Rp3,04Mlyr.",3040000000,2026-07-13
Suhaimi Husin,Terengganu FC,Malaysia,Kiper,38,"Rp2,61Mlyr.",2610000000,2026-07-13
Syed Nasrulhaq,Terengganu FC,Malaysia,Kiper,29,"Rp869,08Jt.",869080000,2026-07-13
Nazul Izamil,Terengganu FC,Malaysia,Kiper,28,-,0,2026-07-13
Ubaidullah Shamsul,Terengganu FC,Malaysia,Bek-Tengah,0,"Rp4,78Mlyr.",4780000000,2026-07-13
Kyaw Min Oo,Terengganu FC,Malaysia,Bek-Tengah,23,"Rp4,78Mlyr.",4780000000,2026-07-13
Shahrul Nizam Ros Hasni,Terengganu FC,Malaysia,Bek-Tengah,0,"Rp4,35Mlyr.",4350000000,2026-07-13
Safwan Mazlan,Terengganu FC,Malaysia,Bek-Tengah,24,"Rp4,35Mlyr.",4350000000,2026-07-13
Alif Zakaria,Terengganu FC,Malaysia,Bek-Kiri,25,"Rp3,48Mlyr.",3480000000,2026-07-13
Faris Rifqi,Terengganu FC,Malaysia,Bek-Kiri,0,"Rp434,54Jt.",434540000,2026-07-13
Azam Azmi,Terengganu FC,Malaysia,Bek-Kanan,0,"Rp5,65Mlyr.",5650000000,2026-07-13
Saiful Jamaluddin,Terengganu FC,Malaysia,Gel. Bertahan,33,"Rp2,17Mlyr.",2170000000,2026-07-13
Syafiq Danial Romzi,Terengganu FC,Malaysia,Gel. Bertahan,21,-,0,2026-07-13
Danial Mohd Nor,Terengganu FC,Malaysia,Gel. Bertahan,0,-,0,2026-07-13
Ekhson Pandzhshanbe,Terengganu FC,Malaysia,Gel. Tengah,0,"Rp10,43Mlyr.",10430000000,2026-07-13
Danial Amier,Terengganu FC,Malaysia,Gel. Tengah,21,"Rp3,04Mlyr.",3040000000,2026-07-13
Manuel Ott,Terengganu FC,Malaysia,Gel. Tengah,0,"Rp2,61Mlyr.",2610000000,2026-07-13
Akram Mahinan,Terengganu FC,Malaysia,Gel. Tengah,0,"Rp1,74Mlyr.",1740000000,2026-07-13
Careca,Terengganu FC,Malaysia,Gel. Serang,26,"Rp4,78Mlyr.",4780000000,2026-07-13
Shervoni Mabatshoev,Terengganu FC,Malaysia,Sayap Kiri,0,"Rp6,08Mlyr.",6080000000,2026-07-13
Akhyar Rashid,Terengganu FC,Malaysia,Sayap Kiri,0,"Rp4,78Mlyr.",4780000000,2026-07-13
Baqiuddin Shamsudin,Terengganu FC,Malaysia,Sayap Kanan,0,"Rp3,04Mlyr.",3040000000,2026-07-13
Azziq Zahazani,Terengganu FC,Malaysia,Sayap Kanan,0,-,0,2026-07-13
Gervane Kastaneer,Terengganu FC,Malaysia,Depan-Tengah,0,"Rp3,91Mlyr.",3910000000,2026-07-13
Junior Ngong Sam,Terengganu FC,Malaysia,Depan-Tengah,19,"Rp1,74Mlyr.",1740000000,2026-07-13
Syahmi Zamri,Terengganu FC,Malaysia,Depan-Tengah,0,"Rp1,30Mlyr.",1300000000,2026-07-13
Firdaus Irman,Melaka FC,Malaysia,Kiper,31,"Rp434,54Jt.",434540000,2026-07-13
Noel Agbre,Melaka FC,Malaysia,Bek-Tengah,33,"Rp3,91Mlyr.",3910000000,2026-07-13
Dae-yeob Gu,Melaka FC,Malaysia,Bek-Tengah,37,"Rp1,30Mlyr.",1300000000,2026-07-13
Argzim Redzovic,Melaka FC,Malaysia,Bek-Tengah,24,"Rp869,08Jt.",869080000,2026-07-13
Zulkhairi Zulkeply,Melaka FC,Malaysia,Bek-Tengah,42,"Rp434,54Jt.",434540000,2026-07-13
V. Ruventhiran,Melaka FC,Malaysia,Bek-Kiri,0,"Rp2,17Mlyr.",2170000000,2026-07-13
G. Durrkeswaran,Melaka FC,Malaysia,Bek-Kiri,19,"Rp869,08Jt.",869080000,2026-07-13
Khairul Anwar,Melaka FC,Malaysia,Bek-Kiri,25,"Rp434,54Jt.",434540000,2026-07-13
Firdaus Ya'akub,Melaka FC,Malaysia,Bek-Kiri,0,-,0,2026-07-13
Simen Lyngbø,Melaka FC,Malaysia,Bek-Kanan,0,"Rp3,04Mlyr.",3040000000,2026-07-13
Che Rashid Che Halim,Melaka FC,Malaysia,Bek-Kanan,0,"Rp1,74Mlyr.",1740000000,2026-07-13
Kwang-il Park,Melaka FC,Malaysia,Bek-Kanan,0,"Rp1,74Mlyr.",1740000000,2026-07-13
Aroon Kumar,Melaka FC,Malaysia,Bek-Kanan,18,"Rp1,30Mlyr.",1300000000,2026-07-13
Muhamad Hafiz Johar,Melaka FC,Malaysia,Bek-Kanan,27,"Rp434,54Jt.",434540000,2026-07-13
Michael Ozor,Melaka FC,Malaysia,Gel. Bertahan,16,"Rp1,30Mlyr.",1300000000,2026-07-13
Dino Kalesic,Melaka FC,Malaysia,Gel. Tengah,20,"Rp3,04Mlyr.",3040000000,2026-07-13
Faiz Mazlan,Melaka FC,Malaysia,Gel. Tengah,0,"Rp869,08Jt.",869080000,2026-07-13
Nizarruddin Jazi,Melaka FC,Malaysia,Gel. Tengah,0,"Rp869,08Jt.",869080000,2026-07-13
Nasir Basharudin,Melaka FC,Malaysia,Gel. Tengah,0,"Rp434,54Jt.",434540000,2026-07-13
Fahmi Faizal,Melaka FC,Malaysia,Gel. Tengah,28,-,0,2026-07-13
Dong-hyeon Do,Melaka FC,Malaysia,Sayap Kanan,0,"Rp1,74Mlyr.",1740000000,2026-07-13
Afeeq Iqmal Rosli,Melaka FC,Malaysia,Sayap Kanan,0,-,0,2026-07-13
Hakimy Khairol,Melaka FC,Malaysia,Sayap Kanan,0,-,0,2026-07-13
Mahali Jasuli,Melaka FC,Malaysia,Depan-Kedua,0,"Rp869,08Jt.",869080000,2026-07-13
Azim Rahim,Melaka FC,Malaysia,Depan-Tengah,0,"Rp869,08Jt.",869080000,2026-07-13
Ahmed Shamsaldin,Melaka FC,Malaysia,Depan-Tengah,0,"Rp869,08Jt.",869080000,2026-07-13
Bernard Arthur,Melaka FC,Malaysia,Depan-Tengah,0,"Rp434,54Jt.",434540000,2026-07-13
Haziq Nadzli,Kuching City,Malaysia,Kiper,20,"Rp6,08Mlyr.",6080000000,2026-07-13
Wan Azraie,Kuching City,Malaysia,Kiper,39,"Rp434,54Jt.",434540000,2026-07-13
Shahril Sa'ari,Kuching City,Malaysia,Kiper,0,"Rp434,54Jt.",434540000,2026-07-13
Syafie Mursalim,Kuching City,Malaysia,Kiper,0,-,0,2026-07-13
Yuki Tanigawa,Kuching City,Malaysia,Bek-Tengah,0,"Rp6,08Mlyr.",6080000000,2026-07-13
Rodney Celvin,Kuching City,Malaysia,Bek-Tengah,0,"Rp4,78Mlyr.",4780000000,2026-07-13
Gabriel Peres,Kuching City,Malaysia,Bek-Tengah,0,"Rp4,35Mlyr.",4350000000,2026-07-13
Irfan Zakaria,Kuching City,Malaysia,Bek-Tengah,17,"Rp3,04Mlyr.",3040000000,2026-07-13
James Okwuosa,Kuching City,Malaysia,Bek-Tengah,35,"Rp1,30Mlyr.",1300000000,2026-07-13
Yohanis Daniel,Kuching City,Malaysia,Bek-Tengah,0,-,0,2026-07-13
Scott Woods,Kuching City,Malaysia,Bek-Kiri,0,"Rp3,91Mlyr.",3910000000,2026-07-13
Arif Fadzilah,Kuching City,Malaysia,Bek-Kiri,0,"Rp2,61Mlyr.",2610000000,2026-07-13
Filemon Anyie,Kuching City,Malaysia,Bek-Kiri,27,"Rp1,30Mlyr.",1300000000,2026-07-13
Aiman Joanny,Kuching City,Malaysia,Bek-Kiri,0,-,0,2026-07-13
Jimmy Raymond,Kuching City,Malaysia,Bek-Kanan,0,"Rp4,35Mlyr.",4350000000,2026-07-13
Ariff Farhan,Kuching City,Malaysia,Bek-Kanan,23,"Rp3,48Mlyr.",3480000000,2026-07-13
Iskandar Shah Jamil,Kuching City,Malaysia,Bek-Kanan,0,-,0,2026-07-13
Moses Atede,Kuching City,Malaysia,Gel. Bertahan,25,"Rp6,52Mlyr.",6520000000,2026-07-13
Kaishu Yamazaki,Kuching City,Malaysia,Gel. Bertahan,0,"Rp3,04Mlyr.",3040000000,2026-07-13
Nazmi Faiz,Kuching City,Malaysia,Gel. Tengah,0,"Rp3,04Mlyr.",3040000000,2026-07-13
Petrus Shitembi,Kuching City,Malaysia,Gel. Tengah,0,"Rp1,74Mlyr.",1740000000,2026-07-13
Alif Hassan,Kuching City,Malaysia,Gel. Tengah,44,"Rp1,74Mlyr.",1740000000,2026-07-13
Diego Baggio,Kuching City,Malaysia,Gel. Tengah,0,"Rp1,30Mlyr.",1300000000,2026-07-13
Ahmed Israiwah,Kuching City,Malaysia,Gel. Serang,0,"Rp3,04Mlyr.",3040000000,2026-07-13
Wesley Azcang Milkias,Kuching City,Malaysia,Gel. Serang,0,-,0,2026-07-13
Ramadhan Saifullah,Kuching City,Malaysia,Sayap Kiri,0,"Rp5,21Mlyr.",5210000000,2026-07-13
Zharmien Ashraf,Kuching City,Malaysia,Sayap Kiri,29,-,0,2026-07-13
Safawi Rasid,Kuching City,Malaysia,Sayap Kanan,0,"Rp6,08Mlyr.",6080000000,2026-07-13
Dylan Wenzel-Halls,Kuching City,Malaysia,Sayap Kanan,0,"Rp6,08Mlyr.",6080000000,2026-07-13
João Pedro,Kuching City,Malaysia,Sayap Kanan,22,"Rp3,48Mlyr.",3480000000,2026-07-13
Shamie Iszuan,Kuching City,Malaysia,Sayap Kanan,0,"Rp2,61Mlyr.",2610000000,2026-07-13
Amir Amri Salleh,Kuching City,Malaysia,Sayap Kanan,0,"Rp434,54Jt.",434540000,2026-07-13
Ajdin Mujagic,Kuching City,Malaysia,Depan-Tengah,24,"Rp6,95Mlyr.",6950000000,2026-07-13
Jordan Mintah,Kuching City,Malaysia,Depan-Tengah,28,"Rp4,35Mlyr.",4350000000,2026-07-13
Jerome Mpacko Etame,Kuching City,Malaysia,Depan-Tengah,0,"Rp3,48Mlyr.",3480000000,2026-07-13
Ronald Ngah,Kuching City,Malaysia,Depan-Tengah,18,"Rp2,17Mlyr.",2170000000,2026-07-13
Gabriel Nistelrooy,Kuching City,Malaysia,Depan-Tengah,19,"Rp2,17Mlyr.",2170000000,2026-07-13
Hazwan Bakri,Kuching City,Malaysia,Depan-Tengah,0,"Rp434,54Jt.",434540000,2026-07-13
Nguyen Manh Tran,Thep Xanh Nam Dinh FC,Vietnam,Kiper,26,"Rp2,17Mlyr.",2170000000,2026-07-13
Xuan Hoang Trinh,Thep Xanh Nam Dinh FC,Vietnam,Kiper,0,"Rp1,74Mlyr.",1740000000,2026-07-13
Vu Phong Le,Thep Xanh Nam Dinh FC,Vietnam,Kiper,23,"Rp434,54Jt.",434540000,2026-07-13
Duc Dung Tran,Thep Xanh Nam Dinh FC,Vietnam,Kiper,29,"Rp434,54Jt.",434540000,2026-07-13
Liem Dieu Tran,Thep Xanh Nam Dinh FC,Vietnam,Kiper,0,"Rp434,54Jt.",434540000,2026-07-13
Van Toi Dang,Thep Xanh Nam Dinh FC,Vietnam,Bek-Tengah,0,"Rp3,48Mlyr.",3480000000,2026-07-13
Tuan Duong Giap,Thep Xanh Nam Dinh FC,Vietnam,Bek-Tengah,0,"Rp2,61Mlyr.",2610000000,2026-07-13
Thanh Hao Duong,Thep Xanh Nam Dinh FC,Vietnam,Bek-Tengah,0,"Rp1,30Mlyr.",1300000000,2026-07-13
Duc Huy Ngo,Thep Xanh Nam Dinh FC,Vietnam,Bek-Tengah,32,"Rp869,08Jt.",869080000,2026-07-13
Van Thanh Le,Thep Xanh Nam Dinh FC,Vietnam,Bek-Tengah,0,"Rp869,08Jt.",869080000,2026-07-13
Xuan Khai Dinh,Thep Xanh Nam Dinh FC,Vietnam,Bek-Tengah,0,-,0,2026-07-13
Van Vi Nguyen,Thep Xanh Nam Dinh FC,Vietnam,Bek-Kiri,17,"Rp3,91Mlyr.",3910000000,2026-07-13
Phong Hong Duy Nguyen,Thep Xanh Nam Dinh FC,Vietnam,Bek-Kiri,0,"Rp3,04Mlyr.",3040000000,2026-07-13
Tien Dung Dam,Thep Xanh Nam Dinh FC,Vietnam,Bek-Kiri,0,"Rp1,30Mlyr.",1300000000,2026-07-13
Van Kien Tran,Thep Xanh Nam Dinh FC,Vietnam,Bek-Kanan,0,"Rp2,61Mlyr.",2610000000,2026-07-13
Kévin Pham Ba,Thep Xanh Nam Dinh FC,Vietnam,Bek-Kanan,0,"Rp2,17Mlyr.",2170000000,2026-07-13
Rômulo,Thep Xanh Nam Dinh FC,Vietnam,Gel. Bertahan,0,"Rp6,08Mlyr.",6080000000,2026-07-13
Trong Bao Nguyen,Thep Xanh Nam Dinh FC,Vietnam,Gelandang,20,-,0,2026-07-13
Arnaud Lusamba,Thep Xanh Nam Dinh FC,Vietnam,Gel. Tengah,0,"Rp12,17Mlyr.",12170000000,2026-07-13
Caio César,Thep Xanh Nam Dinh FC,Vietnam,Gel. Tengah,0,"Rp6,95Mlyr.",6950000000,2026-07-13
Cong Hoang Anh Ly,Thep Xanh Nam Dinh FC,Vietnam,Gel. Tengah,0,"Rp3,91Mlyr.",3910000000,2026-07-13
Tuan Anh Nguyen,Thep Xanh Nam Dinh FC,Vietnam,Gel. Tengah,0,"Rp3,04Mlyr.",3040000000,2026-07-13
Mit A,Thep Xanh Nam Dinh FC,Vietnam,Gelandang Kanan,0,"Rp2,61Mlyr.",2610000000,2026-07-13
Van Vu To,Thep Xanh Nam Dinh FC,Vietnam,Gelandang Kanan,28,"Rp2,17Mlyr.",2170000000,2026-07-13
Dinh Son Nguyen,Thep Xanh Nam Dinh FC,Vietnam,Gelandang Kanan,0,"Rp869,08Jt.",869080000,2026-07-13
Ngoc Son Tran,Thep Xanh Nam Dinh FC,Vietnam,Gelandang Kiri,27,"Rp1,74Mlyr.",1740000000,2026-07-13
Manh Quynh Tran,Thep Xanh Nam Dinh FC,Vietnam,Sayap Kiri,0,"Rp3,04Mlyr.",3040000000,2026-07-13
Van Dat Tran,Thep Xanh Nam Dinh FC,Vietnam,Sayap Kiri,19,"Rp2,61Mlyr.",2610000000,2026-07-13
Van Toan Nguyen,Thep Xanh Nam Dinh FC,Vietnam,Sayap Kanan,0,"Rp4,35Mlyr.",4350000000,2026-07-13
Ti Phong Lam,Thep Xanh Nam Dinh FC,Vietnam,Sayap Kanan,39,"Rp3,04Mlyr.",3040000000,2026-07-13
Rafaelson,Thep Xanh Nam Dinh FC,Vietnam,Depan-Tengah,0,"Rp9,56Mlyr.",9560000000,2026-07-13
Anh Tuan Le,Dong A Thanh Hoa FC,Vietnam,Kiper,0,-,0,2026-07-13
Ngoc Ha Doan,Dong A Thanh Hoa FC,Vietnam,Bek-Tengah,29,"Rp2,17Mlyr.",2170000000,2026-07-13
Van Loi Trinh,Dong A Thanh Hoa FC,Vietnam,Bek-Tengah,0,"Rp1,74Mlyr.",1740000000,2026-07-13
Dinh Huyen Nguyen,Dong A Thanh Hoa FC,Vietnam,Bek-Tengah,16,"Rp1,74Mlyr.",1740000000,2026-07-13
Xuan Hung Luc,Dong A Thanh Hoa FC,Vietnam,Bek-Tengah,0,"Rp434,54Jt.",434540000,2026-07-13
Minh Doan Huynh,Dong A Thanh Hoa FC,Vietnam,Bek-Kanan,0,"Rp2,17Mlyr.",2170000000,2026-07-13
Ba Tien Nguyen,Dong A Thanh Hoa FC,Vietnam,Bek-Kanan,0,"Rp1,30Mlyr.",1300000000,2026-07-13
Thanh Nam Truong,Dong A Thanh Hoa FC,Vietnam,Bek-Kanan,0,"Rp434,54Jt.",434540000,2026-07-13
Van Dung Nguyen,Dong A Thanh Hoa FC,Vietnam,Gelandang,0,-,0,2026-07-13
Damoth Thongkhamsavath,Dong A Thanh Hoa FC,Vietnam,Gel. Tengah,22,"Rp2,61Mlyr.",2610000000,2026-07-13
Huu Dung Nguyen,Dong A Thanh Hoa FC,Vietnam,Gel. Tengah,18,"Rp434,54Jt.",434540000,2026-07-13
Van Tiep Nguyen,Dong A Thanh Hoa FC,Vietnam,Gelandang Kiri,0,-,0,2026-07-13
Ngoc Quy Tran,Dong A Thanh Hoa FC,Vietnam,Gel. Serang,21,"Rp869,08Jt.",869080000,2026-07-13
Van Hoan Le,Dong A Thanh Hoa FC,Vietnam,Sayap Kiri,0,"Rp434,54Jt.",434540000,2026-07-13
Van Tung Nguyen,Dong A Thanh Hoa FC,Vietnam,Sayap Kanan,17,"Rp2,17Mlyr.",2170000000,2026-07-13
Van Thang Le,Dong A Thanh Hoa FC,Vietnam,Sayap Kanan,0,"Rp434,54Jt.",434540000,2026-07-13
Tuan Linh Huynh,Bac Ninh FC,Vietnam,Kiper,26,-,0,2026-07-13
Van Hung Le,Bac Ninh FC,Vietnam,Kiper,37,-,0,2026-07-13
Tien Anh Nguyen,Bac Ninh FC,Vietnam,Kiper,0,-,0,2026-07-13
Ngoc Thang Nguyen,Bac Ninh FC,Vietnam,Bek-Tengah,0,-,0,2026-07-13
Thanh Long Nguyen,Bac Ninh FC,Vietnam,Bek-Tengah,0,-,0,2026-07-13
Van Dat Nguyen,Bac Ninh FC,Vietnam,Bek-Tengah,16,-,0,2026-07-13
Van Truong Dinh,Bac Ninh FC,Vietnam,Bek-Kiri,0,-,0,2026-07-13
Van Toan Nguyen,Bac Ninh FC,Vietnam,Bek-Kiri,0,-,0,2026-07-13
The Hung Phan,Bac Ninh FC,Vietnam,Bek-Kiri,21,-,0,2026-07-13
Hoang Tra Vu,Bac Ninh FC,Vietnam,Bek-Kanan,23,-,0,2026-07-13
Xuan Tan Hoang,Bac Ninh FC,Vietnam,Bek-Kanan,0,-,0,2026-07-13
Eddie Tran,Bac Ninh FC,Vietnam,Gel. Bertahan,0,-,0,2026-07-13
Dinh Chau Bui,Bac Ninh FC,Vietnam,Gel. Tengah,0,-,0,2026-07-13
Hong Quan Vu,Bac Ninh FC,Vietnam,Gel. Tengah,0,-,0,2026-07-13
Hai Huy Nguyen,Bac Ninh FC,Vietnam,Gel. Tengah,0,-,0,2026-07-13
Sy Minh Le,Bac Ninh FC,Vietnam,Gel. Tengah,22,-,0,2026-07-13
Manh Hung Tran,Bac Ninh FC,Vietnam,Gelandang Kiri,17,-,0,2026-07-13
Xuan Quyet Mai,Bac Ninh FC,Vietnam,Gelandang Kiri,0,-,0,2026-07-13
Trong Son Nguyen,Bac Ninh FC,Vietnam,Gel. Serang,38,-,0,2026-07-13
Van Trung Tran,Bac Ninh FC,Vietnam,Sayap Kiri,0,-,0,2026-07-13
Van Dai Ngan,Bac Ninh FC,Vietnam,Sayap Kanan,29,-,0,2026-07-13
Van Thanh Pham,Bac Ninh FC,Vietnam,Sayap Kanan,0,-,0,2026-07-13
Kaina Nunes,Bac Ninh FC,Vietnam,Depan-Tengah,19,-,0,2026-07-13
Duc Chinh Ha,Bac Ninh FC,Vietnam,Depan-Tengah,30,-,0,2026-07-13
Bruno Cantanhede,Bac Ninh FC,Vietnam,Depan-Tengah,0,-,0,2026-07-13
Van Thanh Tran,Bac Ninh FC,Vietnam,Penyerang,0,-,0,2026-07-13
Xuan Tin Vu,Bac Ninh FC,Vietnam,Depan-Tengah,0,-,0,2026-07-13
Huy Hoang Doan,The Cong - Viettel FC,Vietnam,Kiper,0,"Rp434,54Jt.",434540000,2026-07-13
Hoang An Pham,The Cong - Viettel FC,Vietnam,Kiper,0,-,0,2026-07-13
Kyle Colonna,The Cong - Viettel FC,Vietnam,Bek-Tengah,0,"Rp4,35Mlyr.",4350000000,2026-07-13
Tien Dung Bui,The Cong - Viettel FC,Vietnam,Bek-Tengah,0,"Rp4,35Mlyr.",4350000000,2026-07-13
Thanh Binh Nguyen,The Cong - Viettel FC,Vietnam,Bek-Tengah,0,"Rp3,48Mlyr.",3480000000,2026-07-13
Van Nam Dao,The Cong - Viettel FC,Vietnam,Bek-Tengah,20,"Rp2,17Mlyr.",2170000000,2026-07-13
Tuan Phong Dang,The Cong - Viettel FC,Vietnam,Bek-Tengah,0,"Rp869,08Jt.",869080000,2026-07-13
Manh Hung Nguyen,The Cong - Viettel FC,Vietnam,Bek-Tengah,0,"Rp434,54Jt.",434540000,2026-07-13
Tuan Tai Phan,The Cong - Viettel FC,Vietnam,Bek-Kiri,0,"Rp4,78Mlyr.",4780000000,2026-07-13
Viet Tu Dinh,The Cong - Viettel FC,Vietnam,Bek-Kiri,18,"Rp1,30Mlyr.",1300000000,2026-07-13
Hong Phuc Nguyen,The Cong - Viettel FC,Vietnam,Bek-Kanan,0,"Rp1,74Mlyr.",1740000000,2026-07-13
Paulinho Curuá,The Cong - Viettel FC,Vietnam,Gel. Bertahan,0,"Rp2,61Mlyr.",2610000000,2026-07-13
Damian Vu Thanh,The Cong - Viettel FC,Vietnam,Gel. Bertahan,0,"Rp1,30Mlyr.",1300000000,2026-07-13
Van Tram Dang,The Cong - Viettel FC,Vietnam,Gel. Bertahan,29,"Rp869,08Jt.",869080000,2026-07-13
Thanh Tung Duong,The Cong - Viettel FC,Vietnam,Gelandang,22,"Rp434,54Jt.",434540000,2026-07-13
Wesley Natã,The Cong - Viettel FC,Vietnam,Gel. Tengah,25,"Rp5,65Mlyr.",5650000000,2026-07-13
Van Tu Nguyen,The Cong - Viettel FC,Vietnam,Gel. Tengah,0,"Rp2,61Mlyr.",2610000000,2026-07-13
Quoc Nhat Nam Le,The Cong - Viettel FC,Vietnam,Gel. Tengah,16,"Rp1,74Mlyr.",1740000000,2026-07-13
Tuan Tai Dinh,The Cong - Viettel FC,Vietnam,Gel. Tengah,0,"Rp434,54Jt.",434540000,2026-07-13
Huu Nam Nguyen,The Cong - Viettel FC,Vietnam,Gelandang Kanan,0,"Rp2,61Mlyr.",2610000000,2026-07-13
Duc Hoang Minh Nguyen,The Cong - Viettel FC,Vietnam,Gelandang Kanan,17,"Rp1,74Mlyr.",1740000000,2026-07-13
Huu Thai Bao Nguyen,The Cong - Viettel FC,Vietnam,Gelandang Kanan,0,"Rp1,30Mlyr.",1300000000,2026-07-13
Ngoc Tu Nguyen,The Cong - Viettel FC,Vietnam,Gelandang Kanan,0,"Rp869,08Jt.",869080000,2026-07-13
Van Khang Khuat,The Cong - Viettel FC,Vietnam,Gelandang Kiri,0,"Rp5,21Mlyr.",5210000000,2026-07-13
Huu Thang Nguyen,The Cong - Viettel FC,Vietnam,Gel. Serang,0,"Rp2,17Mlyr.",2170000000,2026-07-13
Hoang Khanh Nguyen,The Cong - Viettel FC,Vietnam,Sayap Kiri,30,-,0,2026-07-13
Cong Phuong Nguyen,The Cong - Viettel FC,Vietnam,Sayap Kanan,0,"Rp1,30Mlyr.",1300000000,2026-07-13
Manh Dung Nham,The Cong - Viettel FC,Vietnam,Depan-Tengah,23,"Rp3,04Mlyr.",3040000000,2026-07-13
Danh Trung Tran,The Cong - Viettel FC,Vietnam,Depan-Tengah,0,"Rp1,74Mlyr.",1740000000,2026-07-13
Si Chien Nguyen,The Cong - Viettel FC,Vietnam,Penyerang,0,-,0,2026-07-13
Dang Duong Nguyen,The Cong - Viettel FC,Vietnam,Penyerang,0,-,0,2026-07-13
Filip Nguyen,Cong An Ha Noi FC,Vietnam,Kiper,0,"Rp6,08Mlyr.",6080000000,2026-07-13
Y Eli Nie,Cong An Ha Noi FC,Vietnam,Kiper,0,"Rp1,30Mlyr.",1300000000,2026-07-13
Thanh Vinh Vu,Cong An Ha Noi FC,Vietnam,Kiper,23,"Rp434,54Jt.",434540000,2026-07-13
Dinh Minh Hoang Tran,Cong An Ha Noi FC,Vietnam,Kiper,25,"Rp434,54Jt.",434540000,2026-07-13
Manh Truong Ha,Cong An Ha Noi FC,Vietnam,Kiper,0,-,0,2026-07-13
Hoang Viet Anh Bui,Cong An Ha Noi FC,Vietnam,Bek-Tengah,0,"Rp5,65Mlyr.",5650000000,2026-07-13
Dinh Trong Tran,Cong An Ha Noi FC,Vietnam,Bek-Tengah,21,"Rp3,91Mlyr.",3910000000,2026-07-13
Leygley Adou,Cong An Ha Noi FC,Vietnam,Bek-Tengah,38,"Rp3,48Mlyr.",3480000000,2026-07-13
Ly Duc Pham,Cong An Ha Noi FC,Vietnam,Bek-Tengah,0,"Rp2,17Mlyr.",2170000000,2026-07-13
Van Thiet Truong,Cong An Ha Noi FC,Vietnam,Bek-Tengah,0,-,0,2026-07-13
Jason Pendant,Cong An Ha Noi FC,Vietnam,Bek-Kiri,0,"Rp8,69Mlyr.",8690000000,2026-07-13
Van Hau Doan,Cong An Ha Noi FC,Vietnam,Bek-Kiri,0,"Rp3,48Mlyr.",3480000000,2026-07-13
Van Phuong Ha,Cong An Ha Noi FC,Vietnam,Bek-Kiri,26,"Rp869,08Jt.",869080000,2026-07-13
Trung Anh Hoang,Cong An Ha Noi FC,Vietnam,Bek-Kiri,0,-,0,2026-07-13
Van Thanh Vu,Cong An Ha Noi FC,Vietnam,Bek-Kanan,17,"Rp3,48Mlyr.",3480000000,2026-07-13
Minh Phuc Pham,Cong An Ha Noi FC,Vietnam,Bek-Kanan,22,"Rp3,04Mlyr.",3040000000,2026-07-13
Pham Thanh Long Le,Cong An Ha Noi FC,Vietnam,Gel. Bertahan,0,"Rp4,78Mlyr.",4780000000,2026-07-13
Brandon Ly,Cong An Ha Noi FC,Vietnam,Gel. Bertahan,27,"Rp434,54Jt.",434540000,2026-07-13
Damià Sabater,Cong An Ha Noi FC,Vietnam,Gel. Tengah,0,"Rp4,35Mlyr.",4350000000,2026-07-13
Van Toan Hoang,Cong An Ha Noi FC,Vietnam,Gel. Tengah,0,"Rp2,17Mlyr.",2170000000,2026-07-13
Xuan Thinh Bui,Cong An Ha Noi FC,Vietnam,Gel. Tengah,0,"Rp869,08Jt.",869080000,2026-07-13
Van Do Le,Cong An Ha Noi FC,Vietnam,Gelandang Kanan,0,"Rp4,35Mlyr.",4350000000,2026-07-13
Dinh Tien Tran,Cong An Ha Noi FC,Vietnam,Gelandang Kanan,18,"Rp1,74Mlyr.",1740000000,2026-07-13
Stefan Mauk,Cong An Ha Noi FC,Vietnam,Gel. Serang,0,"Rp10,43Mlyr.",10430000000,2026-07-13
Léo Artur,Cong An Ha Noi FC,Vietnam,Gel. Serang,0,"Rp6,95Mlyr.",6950000000,2026-07-13
Quang Hai Nguyen,Cong An Ha Noi FC,Vietnam,Gel. Serang,19,"Rp6,95Mlyr.",6950000000,2026-07-13
Dinh Bac Nguyen,Cong An Ha Noi FC,Vietnam,Sayap Kiri,0,"Rp6,95Mlyr.",6950000000,2026-07-13
Van Duc Phan,Cong An Ha Noi FC,Vietnam,Sayap Kiri,20,"Rp2,61Mlyr.",2610000000,2026-07-13
Alan Grafite,Cong An Ha Noi FC,Vietnam,Depan-Tengah,0,"Rp7,82Mlyr.",7820000000,2026-07-13
Duc Nam Tran,Cong An Ha Noi FC,Vietnam,Depan-Tengah,0,"Rp869,08Jt.",869080000,2026-07-13
Van Viet Nguyen,Song Lam Nghe An FC,Vietnam,Kiper,0,"Rp3,91Mlyr.",3910000000,2026-07-13
Van Binh Cao,Song Lam Nghe An FC,Vietnam,Kiper,0,"Rp3,48Mlyr.",3480000000,2026-07-13
Bao Ngoc Nguyen,Song Lam Nghe An FC,Vietnam,Kiper,25,"Rp434,54Jt.",434540000,2026-07-13
Huu Hau Nguyen,Song Lam Nghe An FC,Vietnam,Kiper,26,"Rp434,54Jt.",434540000,2026-07-13
Tan Minh Nguyen,Song Lam Nghe An FC,Vietnam,Bek,0,-,0,2026-07-13
Van Khanh Hoang,Song Lam Nghe An FC,Vietnam,Bek-Tengah,0,"Rp2,17Mlyr.",2170000000,2026-07-13
Nguyen Hoang Le,Song Lam Nghe An FC,Vietnam,Bek-Tengah,0,"Rp1,74Mlyr.",1740000000,2026-07-13
Nam Hai Tran,Song Lam Nghe An FC,Vietnam,Bek-Tengah,17,"Rp1,74Mlyr.",1740000000,2026-07-13
Khac Luong Ho,Song Lam Nghe An FC,Vietnam,Bek-Tengah,0,"Rp434,54Jt.",434540000,2026-07-13
Van Thanh Phan,Song Lam Nghe An FC,Vietnam,Bek-Tengah,33,"Rp434,54Jt.",434540000,2026-07-13
Thanh Duc Bui,Song Lam Nghe An FC,Vietnam,Bek-Kiri,0,"Rp869,08Jt.",869080000,2026-07-13
Van Bac Ngo,Song Lam Nghe An FC,Vietnam,Bek-Kiri,0,"Rp434,54Jt.",434540000,2026-07-13
Mai Hoang Nguyen,Song Lam Nghe An FC,Vietnam,Bek-Kiri,35,"Rp434,54Jt.",434540000,2026-07-13
Minh Hoi Hoang,Song Lam Nghe An FC,Vietnam,Bek-Kiri,23,-,0,2026-07-13
Van Cuong Ho,Song Lam Nghe An FC,Vietnam,Bek-Kanan,30,"Rp2,17Mlyr.",2170000000,2026-07-13
Ba Quyen Phan,Song Lam Nghe An FC,Vietnam,Gel. Bertahan,19,"Rp2,17Mlyr.",2170000000,2026-07-13
Quoc Trung Pham Nguyen,Song Lam Nghe An FC,Vietnam,Gel. Bertahan,0,-,0,2026-07-13
Xuan Tien Dinh,Song Lam Nghe An FC,Vietnam,Gel. Tengah,0,"Rp2,61Mlyr.",2610000000,2026-07-13
Quang Vinh Nguyen,Song Lam Nghe An FC,Vietnam,Gel. Tengah,16,"Rp2,61Mlyr.",2610000000,2026-07-13
Xuan Binh Nguyen,Song Lam Nghe An FC,Vietnam,Gel. Tengah,0,"Rp1,30Mlyr.",1300000000,2026-07-13
Quang Tu Dang,Song Lam Nghe An FC,Vietnam,Gel. Tengah,29,"Rp869,08Jt.",869080000,2026-07-13
Khac Ngoc Ho,Song Lam Nghe An FC,Vietnam,Gel. Tengah,32,"Rp869,08Jt.",869080000,2026-07-13
Van Bach Nguyen,Song Lam Nghe An FC,Vietnam,Gelandang Kanan,0,"Rp869,08Jt.",869080000,2026-07-13
Van Quy Le,Song Lam Nghe An FC,Vietnam,Gelandang Kiri,0,-,0,2026-07-13
Trong Tuan Nguyen,Song Lam Nghe An FC,Vietnam,Gel. Serang,0,"Rp434,54Jt.",434540000,2026-07-13
Phi-Long Tran,Song Lam Nghe An FC,Vietnam,Sayap Kiri,0,"Rp434,54Jt.",434540000,2026-07-13
Van Nam Phung,Song Lam Nghe An FC,Vietnam,Sayap Kiri,0,-,0,2026-07-13
Long Vu Le Dinh,Song Lam Nghe An FC,Vietnam,Sayap Kanan,18,"Rp2,17Mlyr.",2170000000,2026-07-13
Xuan Dai Phan,Song Lam Nghe An FC,Vietnam,Sayap Kanan,0,-,0,2026-07-13
Trung Kien Tran,Hoang Anh Gia Lai FC,Vietnam,Kiper,25,"Rp4,78Mlyr.",4780000000,2026-07-13
Van Loi Duong,Hoang Anh Gia Lai FC,Vietnam,Kiper,0,-,0,2026-07-13
Bao Duy Huynh Tran,Hoang Anh Gia Lai FC,Vietnam,Kiper,0,-,0,2026-07-13
Phong Chaloongphum,Hoang Anh Gia Lai FC,Vietnam,Kiper,0,-,0,2026-07-13
Thanh Loi Nguyen,Hoang Anh Gia Lai FC,Vietnam,Kiper,0,-,0,2026-07-13
Vu Khang Nguyen,Hoang Anh Gia Lai FC,Vietnam,Kiper,0,-,0,2026-07-13
Phuoc Sang Dinh,Hoang Anh Gia Lai FC,Vietnam,Kiper,0,-,0,2026-07-13
Quang Kiet Dinh,Hoang Anh Gia Lai FC,Vietnam,Bek-Tengah,0,"Rp2,61Mlyr.",2610000000,2026-07-13
Van Trieu Nguyen,Hoang Anh Gia Lai FC,Vietnam,Bek-Tengah,0,"Rp1,74Mlyr.",1740000000,2026-07-13
Trung Thang Ngo,Hoang Anh Gia Lai FC,Vietnam,Bek-Tengah,0,-,0,2026-07-13
Du Hoc Phan,Hoang Anh Gia Lai FC,Vietnam,Bek-Kiri,0,"Rp2,17Mlyr.",2170000000,2026-07-13
Anh Tai Nguyen Huu,Hoang Anh Gia Lai FC,Vietnam,Bek-Kiri,28,"Rp869,08Jt.",869080000,2026-07-13
Tuan Vu Huynh,Hoang Anh Gia Lai FC,Vietnam,Bek-Kiri,27,-,0,2026-07-13
Phuoc Bao Vo,Hoang Anh Gia Lai FC,Vietnam,Bek-Kanan,38,"Rp1,30Mlyr.",1300000000,2026-07-13
Minh Loc To,Hoang Anh Gia Lai FC,Vietnam,Bek-Kanan,0,-,0,2026-07-13
Thanh Son Tran,Hoang Anh Gia Lai FC,Vietnam,Gel. Bertahan,0,"Rp1,74Mlyr.",1740000000,2026-07-13
Huy Kiet Le,Hoang Anh Gia Lai FC,Vietnam,Gelandang,34,-,0,2026-07-13
Minh Quyen Ho,Hoang Anh Gia Lai FC,Vietnam,Gelandang,0,-,0,2026-07-13
Hoang Minh Cao,Hoang Anh Gia Lai FC,Vietnam,Gel. Tengah,20,"Rp1,30Mlyr.",1300000000,2026-07-13
Se Moi,Hoang Anh Gia Lai FC,Vietnam,Gel. Tengah,26,"Rp434,54Jt.",434540000,2026-07-13
Thanh Tu Tran,Hoang Anh Gia Lai FC,Vietnam,Gel. Tengah,21,-,0,2026-07-13
Thanh Nhan Nguyen,Hoang Anh Gia Lai FC,Vietnam,Gelandang Kiri,0,"Rp2,17Mlyr.",2170000000,2026-07-13
Dinh Lam Vo,Hoang Anh Gia Lai FC,Vietnam,Gelandang Kiri,0,"Rp869,08Jt.",869080000,2026-07-13
Vinh Nguyen Hoang,Hoang Anh Gia Lai FC,Vietnam,Gel. Serang,23,"Rp3,04Mlyr.",3040000000,2026-07-13
Van Van Nguyen,Hoang Anh Gia Lai FC,Vietnam,Gel. Serang,0,-,0,2026-07-13
Gia Bao Tran,Hoang Anh Gia Lai FC,Vietnam,Sayap Kiri,16,"Rp2,17Mlyr.",2170000000,2026-07-13
Duy Tam Nguyen,Hoang Anh Gia Lai FC,Vietnam,Sayap Kiri,19,"Rp434,54Jt.",434540000,2026-07-13
Huu Phuoc Le,Hoang Anh Gia Lai FC,Vietnam,Sayap Kanan,0,-,0,2026-07-13
Minh Tam Nguyen,Hoang Anh Gia Lai FC,Vietnam,Depan-Tengah,0,"Rp1,74Mlyr.",1740000000,2026-07-13
Minh Hieu Vu,Hoang Anh Gia Lai FC,Vietnam,Depan-Tengah,0,-,0,2026-07-13
Nhi Khang Nguyen,Hoang Anh Gia Lai FC,Vietnam,Penyerang,0,-,0,2026-07-13
Hoang Tu Cao,Hoang Anh Gia Lai FC,Vietnam,Penyerang,0,-,0,2026-07-13
