player_name,team,league_country,position,age,market_value_raw,market_value_est,scraped_date
Igor Rodrigues,Persita Tangerang,Indonesia,Kiper,29,"Rp6,08Mlyr.",6080000000,2026-04-20
Kartika Ajie,Persita Tangerang,Indonesia,Kiper,0,"Rp1,74Mlyr.",1740000000,2026-04-20
Rizwan Haikal,Persita Tangerang,Indonesia,Kiper,21,-,0,2026-04-20
Rafi Pamungkas,Persita Tangerang,Indonesia,Kiper,0,-,0,2026-04-20
Tamirlan Kozubaev,Persita Tangerang,Indonesia,Bek-Tengah,0,"Rp7,82Mlyr.",7820000000,2026-04-20
Javlon Guseynov,Persita Tangerang,Indonesia,Bek-Tengah,19,"Rp3,04Mlyr.",3040000000,2026-04-20
Ryuji Utomo,Persita Tangerang,Indonesia,Bek-Tengah,0,"Rp2,61Mlyr.",2610000000,2026-04-20
Charisma Fathoni,Persita Tangerang,Indonesia,Bek-Tengah,0,"Rp1,30Mlyr.",1300000000,2026-04-20
Mario Jardel,Persita Tangerang,Indonesia,Bek-Kiri,0,"Rp3,04Mlyr.",3040000000,2026-04-20
Zalnando,Persita Tangerang,Indonesia,Bek-Kiri,27,"Rp1,74Mlyr.",1740000000,2026-04-20
Muhammad Toha,Persita Tangerang,Indonesia,Bek-Kanan,0,"Rp5,21Mlyr.",5210000000,2026-04-20
Fairuz Ohorella,Persita Tangerang,Indonesia,Bek-Kanan,0,-,0,2026-04-20
Aep Nursofyan,Persita Tangerang,Indonesia,Bek-Kanan,0,-,0,2026-04-20
Sin-young Bae,Persita Tangerang,Indonesia,Gel. Bertahan,33,"Rp3,04Mlyr.",3040000000,2026-04-20
Badrian Ilham,Persita Tangerang,Indonesia,Gel. Bertahan,23,"Rp1,30Mlyr.",1300000000,2026-04-20
Ahmad Fahd,Persita Tangerang,Indonesia,Gel. Bertahan,22,"Rp869,08Jt.",869080000,2026-04-20
Andrean Rindorindo,Persita Tangerang,Indonesia,Gel. Bertahan,0,"Rp869,08Jt.",869080000,2026-04-20
Zulfan Djiaulhaq,Persita Tangerang,Indonesia,Gel. Bertahan,36,-,0,2026-04-20
Pablo Ganet,Persita Tangerang,Indonesia,Gel. Tengah,0,"Rp5,21Mlyr.",5210000000,2026-04-20
Ramón Bueno,Persita Tangerang,Indonesia,Gel. Tengah,20,"Rp2,61Mlyr.",2610000000,2026-04-20
Éber Bessa,Persita Tangerang,Indonesia,Gel. Serang,0,"Rp1,74Mlyr.",1740000000,2026-04-20
Jack Brown,Persita Tangerang,Indonesia,Gel. Serang,0,"Rp869,08Jt.",869080000,2026-04-20
Aleksa Andrejic,Persita Tangerang,Indonesia,Sayap Kiri,0,"Rp2,61Mlyr.",2610000000,2026-04-20
Esal Sahrul,Persita Tangerang,Indonesia,Sayap Kiri,0,"Rp1,74Mlyr.",1740000000,2026-04-20
Yardan Yafi,Persita Tangerang,Indonesia,Sayap Kiri,25,"Rp1,30Mlyr.",1300000000,2026-04-20
Evan Tuhuteru,Persita Tangerang,Indonesia,Sayap Kiri,0,-,0,2026-04-20
Cois Artomoro,Persita Tangerang,Indonesia,Sayap Kiri,0,-,0,2026-04-20
Andriano Saputra,Persita Tangerang,Indonesia,Sayap Kiri,30,-,0,2026-04-20
Rayco Rodríguez,Persita Tangerang,Indonesia,Sayap Kanan,0,"Rp6,08Mlyr.",6080000000,2026-04-20
Dafiq Firdaus,Persita Tangerang,Indonesia,Sayap Kanan,17,-,0,2026-04-20
Hokky Caraka,Persita Tangerang,Indonesia,Depan-Tengah,0,"Rp3,48Mlyr.",3480000000,2026-04-20
Ahmad Nur Hardianto,Persita Tangerang,Indonesia,Depan-Tengah,0,"Rp2,61Mlyr.",2610000000,2026-04-20
Dejan Racic,Persita Tangerang,Indonesia,Depan-Tengah,44,"Rp2,61Mlyr.",2610000000,2026-04-20
Matheus Alves,Persita Tangerang,Indonesia,Depan-Tengah,0,"Rp2,17Mlyr.",2170000000,2026-04-20
Sendri Johansah,Persijap Jepara,Indonesia,Kiper,20,"Rp1,30Mlyr.",1300000000,2026-04-20
Ardiansyah,Persijap Jepara,Indonesia,Kiper,0,"Rp869,08Jt.",869080000,2026-04-20
Sheva Sanggasi,Persijap Jepara,Indonesia,Kiper,0,"Rp434,54Jt.",434540000,2026-04-20
Raufa Aghastya,Persijap Jepara,Indonesia,Kiper,22,-,0,2026-04-20
Tiri,Persijap Jepara,Indonesia,Bek-Tengah,0,"Rp3,48Mlyr.",3480000000,2026-04-20
Diogo Brito,Persijap Jepara,Indonesia,Bek-Tengah,26,"Rp3,04Mlyr.",3040000000,2026-04-20
Akbar Arjunsyah,Persijap Jepara,Indonesia,Bek-Tengah,16,"Rp869,08Jt.",869080000,2026-04-20
Firman Ramadhan,Persijap Jepara,Indonesia,Bek-Kiri,17,"Rp869,08Jt.",869080000,2026-04-20
Buyung Ismu,Persijap Jepara,Indonesia,Bek-Kiri,0,"Rp869,08Jt.",869080000,2026-04-20
Rahmat Hidayat,Persijap Jepara,Indonesia,Bek-Kanan,0,"Rp1,74Mlyr.",1740000000,2026-04-20
Aly Ndom,Persijap Jepara,Indonesia,Gel. Bertahan,0,"Rp3,04Mlyr.",3040000000,2026-04-20
Wahyudi Hamisi,Persijap Jepara,Indonesia,Gel. Bertahan,33,"Rp2,17Mlyr.",2170000000,2026-04-20
Restu Akbar,Persijap Jepara,Indonesia,Gel. Bertahan,23,"Rp869,08Jt.",869080000,2026-04-20
Zahran Alamsah,Persijap Jepara,Indonesia,Gel. Bertahan,37,"Rp434,54Jt.",434540000,2026-04-20
Heriansyah Yan,Persijap Jepara,Indonesia,Gel. Bertahan,0,-,0,2026-04-20
Borja Martínez,Persijap Jepara,Indonesia,Gel. Tengah,0,"Rp4,78Mlyr.",4780000000,2026-04-20
Felix Marcelino,Persijap Jepara,Indonesia,Gel. Tengah,27,-,0,2026-04-20
Borja Herrera,Persijap Jepara,Indonesia,Gel. Serang,0,"Rp4,78Mlyr.",4780000000,2026-04-20
Alexis Gómez,Persijap Jepara,Indonesia,Gel. Serang,32,"Rp4,35Mlyr.",4350000000,2026-04-20
Adzikry Fadlillah,Persijap Jepara,Indonesia,Gel. Serang,0,"Rp1,30Mlyr.",1300000000,2026-04-20
Morelatto,Persijap Jepara,Indonesia,Gel. Serang,0,-,0,2026-04-20
Iker Guarrotxena,Persijap Jepara,Indonesia,Sayap Kiri,34,"Rp5,65Mlyr.",5650000000,2026-04-20
Indra Arya,Persijap Jepara,Indonesia,Sayap Kiri,0,"Rp2,17Mlyr.",2170000000,2026-04-20
Ardi Ardiana,Persijap Jepara,Indonesia,Sayap Kiri,19,"Rp869,08Jt.",869080000,2026-04-20
Najeeb Yakubu,Persijap Jepara,Indonesia,Sayap Kanan,0,"Rp6,08Mlyr.",6080000000,2026-04-20
Dicky Kurniawan,Persijap Jepara,Indonesia,Sayap Kanan,0,"Rp1,74Mlyr.",1740000000,2026-04-20
Ambrizal Umanailo,Persijap Jepara,Indonesia,Sayap Kanan,0,"Rp1,30Mlyr.",1300000000,2026-04-20
Rendi Saepul,Persijap Jepara,Indonesia,Sayap Kanan,21,"Rp869,08Jt.",869080000,2026-04-20
Prince Kallon,Persijap Jepara,Indonesia,Sayap Kanan,0,"Rp869,08Jt.",869080000,2026-04-20
Seva Setiadi,Persijap Jepara,Indonesia,Sayap Kanan,0,-,0,2026-04-20
Carlos França,Persijap Jepara,Indonesia,Depan-Tengah,0,"Rp6,95Mlyr.",6950000000,2026-04-20
Abdallah Sudi,Persijap Jepara,Indonesia,Depan-Tengah,0,"Rp2,17Mlyr.",2170000000,2026-04-20
Raia Irvanza,Persijap Jepara,Indonesia,Depan-Tengah,29,-,0,2026-04-20
Kadú,PSBS Biak,Indonesia,Kiper,41,"Rp2,17Mlyr.",2170000000,2026-04-20
Andika Wisnu,PSBS Biak,Indonesia,Kiper,35,"Rp434,54Jt.",434540000,2026-04-20
Dimas Galih,PSBS Biak,Indonesia,Kiper,0,"Rp434,54Jt.",434540000,2026-04-20
Juan Madjar,PSBS Biak,Indonesia,Kiper,0,-,0,2026-04-20
Sandro Embaló,PSBS Biak,Indonesia,Bek-Tengah,0,"Rp3,48Mlyr.",3480000000,2026-04-20
Myung-hyun Hwang,PSBS Biak,Indonesia,Bek-Tengah,0,"Rp1,74Mlyr.",1740000000,2026-04-20
Nurhidayat,PSBS Biak,Indonesia,Bek-Tengah,0,"Rp1,74Mlyr.",1740000000,2026-04-20
Arif Budiyono,PSBS Biak,Indonesia,Bek-Tengah,0,"Rp869,08Jt.",869080000,2026-04-20
Hadi Ardiansyah,PSBS Biak,Indonesia,Bek-Tengah,0,"Rp434,54Jt.",434540000,2026-04-20
Iqbal Hadi,PSBS Biak,Indonesia,Bek-Tengah,0,"Rp434,54Jt.",434540000,2026-04-20
Pablo Andrade,PSBS Biak,Indonesia,Bek-Kiri,33,"Rp2,61Mlyr.",2610000000,2026-04-20
Urbanus Lasol,PSBS Biak,Indonesia,Bek-Kiri,0,"Rp869,08Jt.",869080000,2026-04-20
Moses Madjar,PSBS Biak,Indonesia,Bek-Kiri,44,"Rp434,54Jt.",434540000,2026-04-20
Patrias Rumere,PSBS Biak,Indonesia,Bek-Kiri,32,-,0,2026-04-20
Ians Rumbewas,PSBS Biak,Indonesia,Bek-Kiri,0,-,0,2026-04-20
Lucky Oktavianto,PSBS Biak,Indonesia,Bek-Kanan,23,"Rp1,30Mlyr.",1300000000,2026-04-20
George Brown,PSBS Biak,Indonesia,Bek-Kanan,26,"Rp1,30Mlyr.",1300000000,2026-04-20
Claudio Olivera,PSBS Biak,Indonesia,Bek-Kanan,28,-,0,2026-04-20
Kevin Lopez,PSBS Biak,Indonesia,Gel. Bertahan,16,"Rp1,74Mlyr.",1740000000,2026-04-20
Arjuna Agung,PSBS Biak,Indonesia,Gel. Bertahan,0,"Rp1,30Mlyr.",1300000000,2026-04-20
Nelson Alom,PSBS Biak,Indonesia,Gel. Bertahan,0,"Rp434,54Jt.",434540000,2026-04-20
Eduardo Barbosa,PSBS Biak,Indonesia,Gel. Tengah,20,"Rp2,61Mlyr.",2610000000,2026-04-20
Yano Putra,PSBS Biak,Indonesia,Gel. Tengah,27,"Rp1,74Mlyr.",1740000000,2026-04-20
Luquinhas,PSBS Biak,Indonesia,Sayap Kiri,0,"Rp3,48Mlyr.",3480000000,2026-04-20
Heri Susanto,PSBS Biak,Indonesia,Sayap Kiri,0,"Rp1,30Mlyr.",1300000000,2026-04-20
Muhammad Isa,PSBS Biak,Indonesia,Sayap Kiri,25,"Rp869,08Jt.",869080000,2026-04-20
Ilham Armaiyn,PSBS Biak,Indonesia,Sayap Kiri,30,"Rp869,08Jt.",869080000,2026-04-20
Alfan Tri,PSBS Biak,Indonesia,Sayap Kiri,0,-,0,2026-04-20
Raja Siregar,PSBS Biak,Indonesia,Sayap Kanan,0,"Rp869,08Jt.",869080000,2026-04-20
Ruyery Blanco,PSBS Biak,Indonesia,Depan-Tengah,0,"Rp4,35Mlyr.",4350000000,2026-04-20
Mohcine Hassan,PSBS Biak,Indonesia,Depan-Tengah,0,"Rp1,74Mlyr.",1740000000,2026-04-20
Tobias Solossa,PSBS Biak,Indonesia,Depan-Tengah,0,"Rp434,54Jt.",434540000,2026-04-20
Samuel Gwijangge,PSBS Biak,Indonesia,Depan-Tengah,0,"Rp434,54Jt.",434540000,2026-04-20
Teja Paku Alam,PERSIB Bandung,Indonesia,Kiper,0,"Rp4,35Mlyr.",4350000000,2026-04-20
Adam Przybek,PERSIB Bandung,Indonesia,Kiper,0,"Rp1,74Mlyr.",1740000000,2026-04-20
Fitrah Maulana,PERSIB Bandung,Indonesia,Kiper,0,"Rp434,54Jt.",434540000,2026-04-20
Made Wirawan,PERSIB Bandung,Indonesia,Kiper,0,-,0,2026-04-20
Rhaka Syafaka,PERSIB Bandung,Indonesia,Kiper,0,-,0,2026-04-20
Federico Barba,PERSIB Bandung,Indonesia,Bek-Tengah,0,"Rp8,69Mlyr.",8690000000,2026-04-20
Patricio Matricardi,PERSIB Bandung,Indonesia,Bek-Tengah,0,"Rp6,95Mlyr.",6950000000,2026-04-20
Frans Dhia Putros,PERSIB Bandung,Indonesia,Bek-Tengah,0,"Rp6,08Mlyr.",6080000000,2026-04-20
Júlio César,PERSIB Bandung,Indonesia,Bek-Tengah,0,"Rp5,21Mlyr.",5210000000,2026-04-20
Kakang Rudianto,PERSIB Bandung,Indonesia,Bek-Tengah,0,"Rp3,91Mlyr.",3910000000,2026-04-20
Achmad Jufriyanto,PERSIB Bandung,Indonesia,Bek-Tengah,16,"Rp173,82Jt.",173820000,2026-04-20
Dion Markx,PERSIB Bandung,Indonesia,Bek-Tengah,44,-,0,2026-04-20
Layvin Kurzawa,PERSIB Bandung,Indonesia,Bek-Kiri,0,"Rp13,04Mlyr.",13040000000,2026-04-20
Kevin Pasha,PERSIB Bandung,Indonesia,Bek-Kanan,0,-,0,2026-04-20
Zulkifli Lukmansyah,PERSIB Bandung,Indonesia,Bek-Kanan,0,-,0,2026-04-20
Thom Haye,PERSIB Bandung,Indonesia,Gel. Bertahan,33,"Rp17,38Mlyr.",17380000000,2026-04-20
Alfeandra Dewangga,PERSIB Bandung,Indonesia,Gel. Bertahan,19,"Rp3,91Mlyr.",3910000000,2026-04-20
Robi Darwis,PERSIB Bandung,Indonesia,Gel. Bertahan,0,"Rp2,61Mlyr.",2610000000,2026-04-20
Dedi Kusnandar,PERSIB Bandung,Indonesia,Gel. Bertahan,0,"Rp1,74Mlyr.",1740000000,2026-04-20
Marc Klok,PERSIB Bandung,Indonesia,Gel. Tengah,23,"Rp6,95Mlyr.",6950000000,2026-04-20
Adam Alis,PERSIB Bandung,Indonesia,Gel. Tengah,18,"Rp4,78Mlyr.",4780000000,2026-04-20
Abdul Aziz,PERSIB Bandung,Indonesia,Gel. Tengah,0,"Rp869,08Jt.",869080000,2026-04-20
Nazriel Alfaro,PERSIB Bandung,Indonesia,Gel. Tengah,0,"Rp434,54Jt.",434540000,2026-04-20
Berguinho,PERSIB Bandung,Indonesia,Gel. Serang,0,"Rp4,35Mlyr.",4350000000,2026-04-20
Luciano Guaycochea,PERSIB Bandung,Indonesia,Gel. Serang,0,"Rp3,91Mlyr.",3910000000,2026-04-20
Saddil Ramdani,PERSIB Bandung,Indonesia,Sayap Kiri,0,"Rp5,65Mlyr.",5650000000,2026-04-20
Eliano Reijnders,PERSIB Bandung,Indonesia,Sayap Kanan,0,"Rp10,43Mlyr.",10430000000,2026-04-20
Beckham Putra,PERSIB Bandung,Indonesia,Sayap Kanan,0,"Rp6,08Mlyr.",6080000000,2026-04-20
Athaya Zahran,PERSIB Bandung,Indonesia,Sayap Kanan,36,-,0,2026-04-20
Andrew Jung,PERSIB Bandung,Indonesia,Depan-Tengah,0,"Rp8,69Mlyr.",8690000000,2026-04-20
Sergio Castel,PERSIB Bandung,Indonesia,Depan-Tengah,17,"Rp7,82Mlyr.",7820000000,2026-04-20
Uilliam,PERSIB Bandung,Indonesia,Depan-Tengah,0,"Rp4,35Mlyr.",4350000000,2026-04-20
Ramon Tanque,PERSIB Bandung,Indonesia,Depan-Tengah,0,"Rp3,91Mlyr.",3910000000,2026-04-20
Muhamad Riyandi,PERSIS Solo,Indonesia,Kiper,0,"Rp3,04Mlyr.",3040000000,2026-04-20
Vukasin Vranes,PERSIS Solo,Indonesia,Kiper,0,"Rp1,74Mlyr.",1740000000,2026-04-20
Gede Aditya,PERSIS Solo,Indonesia,Kiper,23,"Rp173,82Jt.",173820000,2026-04-20
Faza Al Firdaus,PERSIS Solo,Indonesia,Kiper,20,-,0,2026-04-20
Luka Dumancic,PERSIS Solo,Indonesia,Bek-Tengah,0,"Rp3,48Mlyr.",3480000000,2026-04-20
Kadek Raditya,PERSIS Solo,Indonesia,Bek-Tengah,32,"Rp2,61Mlyr.",2610000000,2026-04-20
Agung Mannan,PERSIS Solo,Indonesia,Bek-Tengah,0,"Rp1,30Mlyr.",1300000000,2026-04-20
Rian Miziar,PERSIS Solo,Indonesia,Bek-Tengah,26,"Rp434,54Jt.",434540000,2026-04-20
Faqih Maulana,PERSIS Solo,Indonesia,Bek-Kiri,29,"Rp1,74Mlyr.",1740000000,2026-04-20
Dusan Mijic,PERSIS Solo,Indonesia,Bek-Kanan,44,"Rp3,48Mlyr.",3480000000,2026-04-20
Alfriyanto Nico,PERSIS Solo,Indonesia,Bek-Kanan,0,"Rp2,61Mlyr.",2610000000,2026-04-20
Alexvan Djin,PERSIS Solo,Indonesia,Bek-Kanan,0,"Rp2,17Mlyr.",2170000000,2026-04-20
Eky Taufik,PERSIS Solo,Indonesia,Bek-Kanan,30,"Rp869,08Jt.",869080000,2026-04-20
Rizky Syahputra,PERSIS Solo,Indonesia,Bek-Kanan,0,-,0,2026-04-20
Andrei Alba,PERSIS Solo,Indonesia,Gel. Bertahan,0,"Rp3,91Mlyr.",3910000000,2026-04-20
Sutanto Tan,PERSIS Solo,Indonesia,Gel. Bertahan,22,"Rp3,04Mlyr.",3040000000,2026-04-20
Miroslav Maricic,PERSIS Solo,Indonesia,Gel. Tengah,0,"Rp3,48Mlyr.",3480000000,2026-04-20
Zanadin Fariz,PERSIS Solo,Indonesia,Gel. Tengah,0,"Rp2,17Mlyr.",2170000000,2026-04-20
Dimitri,PERSIS Solo,Indonesia,Gel. Serang,0,"Rp1,74Mlyr.",1740000000,2026-04-20
Rexo Dolby,PERSIS Solo,Indonesia,Gel. Serang,0,-,0,2026-04-20
Irfan Jauhari,PERSIS Solo,Indonesia,Sayap Kiri,0,"Rp2,61Mlyr.",2610000000,2026-04-20
Jefferson Carioca,PERSIS Solo,Indonesia,Sayap Kiri,0,"Rp2,17Mlyr.",2170000000,2026-04-20
Yabes Roni,PERSIS Solo,Indonesia,Sayap Kiri,0,"Rp1,74Mlyr.",1740000000,2026-04-20
Althaf Alrizky,PERSIS Solo,Indonesia,Sayap Kanan,36,"Rp2,61Mlyr.",2610000000,2026-04-20
Febri Hariyadi,PERSIS Solo,Indonesia,Sayap Kanan,18,"Rp1,74Mlyr.",1740000000,2026-04-20
Ikhwan Tanamal,PERSIS Solo,Indonesia,Sayap Kanan,40,"Rp1,30Mlyr.",1300000000,2026-04-20
Abu Razard Kamara,PERSIS Solo,Indonesia,Depan-Tengah,0,"Rp4,35Mlyr.",4350000000,2026-04-20
Roman Paparyga,PERSIS Solo,Indonesia,Depan-Tengah,0,"Rp4,35Mlyr.",4350000000,2026-04-20
Dejan Tumbas,PERSIS Solo,Indonesia,Depan-Tengah,19,"Rp3,48Mlyr.",3480000000,2026-04-20
Septian Bagaskara,PERSIS Solo,Indonesia,Depan-Tengah,0,"Rp3,48Mlyr.",3480000000,2026-04-20
Bruno Gomes,PERSIS Solo,Indonesia,Depan-Tengah,0,"Rp2,17Mlyr.",2170000000,2026-04-20
Arkhan Kaka,PERSIS Solo,Indonesia,Depan-Tengah,0,"Rp1,30Mlyr.",1300000000,2026-04-20
Angga Saputro,Malut United FC,Indonesia,Kiper,0,"Rp2,61Mlyr.",2610000000,2026-04-20
Alan,Malut United FC,Indonesia,Kiper,0,"Rp2,61Mlyr.",2610000000,2026-04-20
Muhammad Ridwan,Malut United FC,Indonesia,Kiper,22,"Rp869,08Jt.",869080000,2026-04-20
Zahir Fazya,Malut United FC,Indonesia,Kiper,28,-,0,2026-04-20
Gustavo França,Malut United FC,Indonesia,Bek-Tengah,0,"Rp6,08Mlyr.",6080000000,2026-04-20
Safrudin Tahar,Malut United FC,Indonesia,Bek-Tengah,27,"Rp3,91Mlyr.",3910000000,2026-04-20
Nilson Júnior,Malut United FC,Indonesia,Bek-Tengah,0,"Rp1,74Mlyr.",1740000000,2026-04-20
Riswan Lauhin,Malut United FC,Indonesia,Bek-Tengah,32,"Rp1,30Mlyr.",1300000000,2026-04-20
Kanavaro Burere,Malut United FC,Indonesia,Bek-Tengah,0,-,0,2026-04-20
Rangga Bolang,Malut United FC,Indonesia,Bek-Tengah,0,-,0,2026-04-20
Ali Syafiq,Malut United FC,Indonesia,Bek-Tengah,0,-,0,2026-04-20
Yance Sayuri,Malut United FC,Indonesia,Bek-Kiri,23,"Rp5,65Mlyr.",5650000000,2026-04-20
Abduh Lestaluhu,Malut United FC,Indonesia,Bek-Kiri,0,"Rp2,17Mlyr.",2170000000,2026-04-20
Igor Inocêncio,Malut United FC,Indonesia,Bek-Kanan,0,"Rp4,35Mlyr.",4350000000,2026-04-20
Fredyan Wahyu,Malut United FC,Indonesia,Bek-Kanan,0,"Rp1,74Mlyr.",1740000000,2026-04-20
Mardani Majid,Malut United FC,Indonesia,Bek-Kanan,0,-,0,2026-04-20
Manahati Lestusen,Malut United FC,Indonesia,Gel. Bertahan,0,"Rp3,04Mlyr.",3040000000,2026-04-20
Wbeymar Angulo,Malut United FC,Indonesia,Gel. Bertahan,16,"Rp2,61Mlyr.",2610000000,2026-04-20
Alwi Slamat,Malut United FC,Indonesia,Gel. Bertahan,0,"Rp2,61Mlyr.",2610000000,2026-04-20
Tri Setiawan,Malut United FC,Indonesia,Gel. Bertahan,0,"Rp1,74Mlyr.",1740000000,2026-04-20
Ridho Syuhada,Malut United FC,Indonesia,Gel. Bertahan,0,"Rp1,30Mlyr.",1300000000,2026-04-20
Lucas Cardoso,Malut United FC,Indonesia,Gel. Tengah,0,"Rp6,08Mlyr.",6080000000,2026-04-20
Rizky Pellu,Malut United FC,Indonesia,Gel. Tengah,0,-,0,2026-04-20
Septian David,Malut United FC,Indonesia,Gel. Serang,29,"Rp3,04Mlyr.",3040000000,2026-04-20
Tyronne,Malut United FC,Indonesia,Gel. Serang,0,"Rp1,74Mlyr.",1740000000,2026-04-20
Frets Butuan,Malut United FC,Indonesia,Sayap Kiri,21,"Rp2,61Mlyr.",2610000000,2026-04-20
Yakob Sayuri,Malut United FC,Indonesia,Sayap Kanan,0,"Rp6,95Mlyr.",6950000000,2026-04-20
Ciro Alves,Malut United FC,Indonesia,Sayap Kanan,0,"Rp3,48Mlyr.",3480000000,2026-04-20
Taufik Rustam,Malut United FC,Indonesia,Sayap Kanan,19,"Rp434,54Jt.",434540000,2026-04-20
Fahran Darwan,Malut United FC,Indonesia,Sayap Kanan,0,-,0,2026-04-20
Dimas Drajad,Malut United FC,Indonesia,Depan-Tengah,0,"Rp3,04Mlyr.",3040000000,2026-04-20
David da Silva,Malut United FC,Indonesia,Depan-Tengah,17,"Rp2,17Mlyr.",2170000000,2026-04-20
Risky Safri,Malut United FC,Indonesia,Depan-Tengah,0,-,0,2026-04-20
Husna Al Malik,Persik Kediri,Indonesia,Kiper,33,"Rp2,17Mlyr.",2170000000,2026-04-20
Rizqi Abhirama,Persik Kediri,Indonesia,Kiper,27,"Rp869,08Jt.",869080000,2026-04-20
Léo Navacchio,Persik Kediri,Indonesia,Kiper,0,-,0,2026-04-20
Zidane Afreza,Persik Kediri,Indonesia,Kiper,0,-,0,2026-04-20
Kiko,Persik Kediri,Indonesia,Bek-Tengah,0,"Rp3,91Mlyr.",3910000000,2026-04-20
Hamra Hehanussa,Persik Kediri,Indonesia,Bek-Tengah,16,"Rp3,48Mlyr.",3480000000,2026-04-20
Chechu Meneses,Persik Kediri,Indonesia,Bek-Tengah,0,"Rp3,48Mlyr.",3480000000,2026-04-20
Mario Yagalo,Persik Kediri,Indonesia,Bek-Tengah,42,"Rp1,30Mlyr.",1300000000,2026-04-20
Muhamad Firly,Persik Kediri,Indonesia,Bek-Tengah,0,"Rp1,30Mlyr.",1300000000,2026-04-20
Rezaldi Hehanussa,Persik Kediri,Indonesia,Bek-Kiri,0,"Rp2,61Mlyr.",2610000000,2026-04-20
Yoga Adiatama,Persik Kediri,Indonesia,Bek-Kiri,24,"Rp1,74Mlyr.",1740000000,2026-04-20
Henhen Herdiana,Persik Kediri,Indonesia,Bek-Kanan,22,"Rp2,61Mlyr.",2610000000,2026-04-20
Novri Setiawan,Persik Kediri,Indonesia,Bek-Kanan,25,"Rp2,17Mlyr.",2170000000,2026-04-20
Gavin Kwan,Persik Kediri,Indonesia,Bek-Kanan,18,"Rp1,30Mlyr.",1300000000,2026-04-20
Imanol García,Persik Kediri,Indonesia,Gel. Tengah,0,"Rp5,21Mlyr.",5210000000,2026-04-20
Bayu Otto,Persik Kediri,Indonesia,Gel. Tengah,0,"Rp3,48Mlyr.",3480000000,2026-04-20
Syahrian Abimanyu,Persik Kediri,Indonesia,Gel. Tengah,17,"Rp2,61Mlyr.",2610000000,2026-04-20
Telmo Castanheira,Persik Kediri,Indonesia,Gel. Tengah,0,"Rp1,74Mlyr.",1740000000,2026-04-20
Adi Eko,Persik Kediri,Indonesia,Gel. Tengah,0,"Rp1,30Mlyr.",1300000000,2026-04-20
Adrián Luna,Persik Kediri,Indonesia,Gel. Serang,0,"Rp10,43Mlyr.",10430000000,2026-04-20
Jon Toral,Persik Kediri,Indonesia,Gel. Serang,0,"Rp8,69Mlyr.",8690000000,2026-04-20
Rifqi Ray,Persik Kediri,Indonesia,Gel. Serang,0,"Rp1,30Mlyr.",1300000000,2026-04-20
Ezra Walian,Persik Kediri,Indonesia,Sayap Kiri,0,"Rp6,08Mlyr.",6080000000,2026-04-20
Rendy Sanjaya,Persik Kediri,Indonesia,Sayap Kiri,19,"Rp869,08Jt.",869080000,2026-04-20
Wigi Pratama,Persik Kediri,Indonesia,Sayap Kiri,37,"Rp869,08Jt.",869080000,2026-04-20
Faris Aditama,Persik Kediri,Indonesia,Sayap Kiri,0,"Rp173,82Jt.",173820000,2026-04-20
Ernesto Gómez,Persik Kediri,Indonesia,Sayap Kanan,0,"Rp3,48Mlyr.",3480000000,2026-04-20
Irkham Mila,Persik Kediri,Indonesia,Sayap Kanan,29,"Rp1,74Mlyr.",1740000000,2026-04-20
Supriadi,Persik Kediri,Indonesia,Sayap Kanan,23,"Rp1,30Mlyr.",1300000000,2026-04-20
José Enrique,Persik Kediri,Indonesia,Depan-Tengah,21,"Rp4,35Mlyr.",4350000000,2026-04-20
Rodrigo Dias,Persik Kediri,Indonesia,Depan-Tengah,0,"Rp3,48Mlyr.",3480000000,2026-04-20
Yandi Sofyan,Persik Kediri,Indonesia,Depan-Tengah,0,"Rp1,30Mlyr.",1300000000,2026-04-20
Miswar Saputra,Madura United FC,Indonesia,Kiper,30,"Rp1,74Mlyr.",1740000000,2026-04-20
Mochammad Diky,Madura United FC,Indonesia,Kiper,21,"Rp1,30Mlyr.",1300000000,2026-04-20
Satrio Azhar,Madura United FC,Indonesia,Kiper,27,"Rp434,54Jt.",434540000,2026-04-20
Adhitya Harlan,Madura United FC,Indonesia,Kiper,26,"Rp173,82Jt.",173820000,2026-04-20
Rendy Razzaqu,Madura United FC,Indonesia,Kiper,0,-,0,2026-04-20
Ruxi,Madura United FC,Indonesia,Bek-Tengah,0,"Rp5,21Mlyr.",5210000000,2026-04-20
Pedro Monteiro,Madura United FC,Indonesia,Bek-Tengah,0,"Rp4,35Mlyr.",4350000000,2026-04-20
Ahmad Rusadi,Madura United FC,Indonesia,Bek-Tengah,0,"Rp1,74Mlyr.",1740000000,2026-04-20
Mendonça,Madura United FC,Indonesia,Bek-Tengah,0,"Rp1,74Mlyr.",1740000000,2026-04-20
Nurdiansyah,Madura United FC,Indonesia,Bek-Tengah,44,"Rp1,30Mlyr.",1300000000,2026-04-20
Taufik Hidayat,Madura United FC,Indonesia,Bek-Kiri,0,"Rp1,74Mlyr.",1740000000,2026-04-20
Novan Sasongko,Madura United FC,Indonesia,Bek-Kiri,0,"Rp173,82Jt.",173820000,2026-04-20
Giovani Numberi,Madura United FC,Indonesia,Bek-Kanan,0,"Rp2,17Mlyr.",2170000000,2026-04-20
Ferian Rizki,Madura United FC,Indonesia,Bek-Kanan,0,"Rp1,74Mlyr.",1740000000,2026-04-20
Kartika Vedhayanto,Madura United FC,Indonesia,Bek-Kanan,28,"Rp869,08Jt.",869080000,2026-04-20
Kerim Palic,Madura United FC,Indonesia,Gel. Bertahan,0,"Rp3,04Mlyr.",3040000000,2026-04-20
Ilhamsyah,Madura United FC,Indonesia,Gel. Bertahan,36,"Rp1,30Mlyr.",1300000000,2026-04-20
Jordy Wehrmann,Madura United FC,Indonesia,Gel. Tengah,0,"Rp5,65Mlyr.",5650000000,2026-04-20
Paulo Sitanggang,Madura United FC,Indonesia,Gel. Tengah,17,"Rp2,17Mlyr.",2170000000,2026-04-20
Emerson Souza,Madura United FC,Indonesia,Gel. Tengah,23,"Rp1,74Mlyr.",1740000000,2026-04-20
Iran Júnior,Madura United FC,Indonesia,Gel. Serang,0,"Rp3,91Mlyr.",3910000000,2026-04-20
Taufany Muslihuddin,Madura United FC,Indonesia,Gel. Serang,24,"Rp2,17Mlyr.",2170000000,2026-04-20
Lulinha,Madura United FC,Indonesia,Sayap Kiri,0,"Rp2,17Mlyr.",2170000000,2026-04-20
Riski Afrisal,Madura United FC,Indonesia,Sayap Kiri,25,"Rp1,30Mlyr.",1300000000,2026-04-20
Fransiskus Alesandro,Madura United FC,Indonesia,Sayap Kiri,0,"Rp1,30Mlyr.",1300000000,2026-04-20
Jasey Wehrmann,Madura United FC,Indonesia,Sayap Kiri,37,-,0,2026-04-20
Ahmad Nufiandani,Madura United FC,Indonesia,Sayap Kanan,0,"Rp2,61Mlyr.",2610000000,2026-04-20
Arsan Makarin,Madura United FC,Indonesia,Sayap Kanan,0,"Rp869,08Jt.",869080000,2026-04-20
Riquelme,Madura United FC,Indonesia,Depan-Tengah,19,"Rp6,08Mlyr.",6080000000,2026-04-20
Aji Kusuma,Madura United FC,Indonesia,Depan-Tengah,0,"Rp1,74Mlyr.",1740000000,2026-04-20
Yuda Editya Pratama,Madura United FC,Indonesia,Depan-Tengah,31,"Rp434,54Jt.",434540000,2026-04-20
Aldo Maulidino,Madura United FC,Indonesia,Depan-Tengah,0,"Rp434,54Jt.",434540000,2026-04-20
Junior Brandão,Madura United FC,Indonesia,Depan-Tengah,0,-,0,2026-04-20
Sonny Stevens,Dewa United Banten FC,Indonesia,Kiper,0,"Rp5,21Mlyr.",5210000000,2026-04-20
Muhammad Natshir,Dewa United Banten FC,Indonesia,Kiper,0,"Rp1,30Mlyr.",1300000000,2026-04-20
Yofandani Pranata,Dewa United Banten FC,Indonesia,Kiper,0,"Rp434,54Jt.",434540000,2026-04-20
Dafa Al Gasemi,Dewa United Banten FC,Indonesia,Kiper,31,-,0,2026-04-20
Tores Khadafi,Dewa United Banten FC,Indonesia,Bek,40,-,0,2026-04-20
Damion Lowe,Dewa United Banten FC,Indonesia,Bek-Tengah,17,"Rp5,21Mlyr.",5210000000,2026-04-20
Nick Kuipers,Dewa United Banten FC,Indonesia,Bek-Tengah,0,"Rp4,35Mlyr.",4350000000,2026-04-20
Wahyu Prasetyo,Dewa United Banten FC,Indonesia,Bek-Tengah,0,"Rp4,35Mlyr.",4350000000,2026-04-20
Brian Fatari,Dewa United Banten FC,Indonesia,Bek-Tengah,0,"Rp2,17Mlyr.",2170000000,2026-04-20
Edo Febriansyah,Dewa United Banten FC,Indonesia,Bek-Kiri,0,"Rp4,78Mlyr.",4780000000,2026-04-20
Alta Ballah,Dewa United Banten FC,Indonesia,Bek-Kiri,37,"Rp3,91Mlyr.",3910000000,2026-04-20
Johnathan,Dewa United Banten FC,Indonesia,Bek-Kanan,0,"Rp6,08Mlyr.",6080000000,2026-04-20
Ady Setiawan,Dewa United Banten FC,Indonesia,Bek-Kanan,23,"Rp1,74Mlyr.",1740000000,2026-04-20
Rizdjar Nurviat,Dewa United Banten FC,Indonesia,Bek-Kanan,0,"Rp1,30Mlyr.",1300000000,2026-04-20
Theo Numberi,Dewa United Banten FC,Indonesia,Gel. Bertahan,0,"Rp1,30Mlyr.",1300000000,2026-04-20
Tristan Ibrahim,Dewa United Banten FC,Indonesia,Gel. Bertahan,33,-,0,2026-04-20
Alexis Messidoro,Dewa United Banten FC,Indonesia,Gel. Tengah,28,"Rp6,95Mlyr.",6950000000,2026-04-20
Jajá,Dewa United Banten FC,Indonesia,Gel. Tengah,0,"Rp6,52Mlyr.",6520000000,2026-04-20
Ivar Jenner,Dewa United Banten FC,Indonesia,Gel. Tengah,18,"Rp5,21Mlyr.",5210000000,2026-04-20
Kafiatur Rizky,Dewa United Banten FC,Indonesia,Gel. Tengah,16,"Rp434,54Jt.",434540000,2026-04-20
Ricky Kambuaya,Dewa United Banten FC,Indonesia,Gel. Serang,19,"Rp5,65Mlyr.",5650000000,2026-04-20
Rangga Muslim,Dewa United Banten FC,Indonesia,Gel. Serang,0,"Rp869,08Jt.",869080000,2026-04-20
Noah Sadaoui,Dewa United Banten FC,Indonesia,Sayap Kiri,0,"Rp10,43Mlyr.",10430000000,2026-04-20
Taisei Marukawa,Dewa United Banten FC,Indonesia,Sayap Kiri,0,"Rp5,21Mlyr.",5210000000,2026-04-20
Stefano Lilipaly,Dewa United Banten FC,Indonesia,Sayap Kiri,0,"Rp3,48Mlyr.",3480000000,2026-04-20
Rafael Struick,Dewa United Banten FC,Indonesia,Sayap Kiri,27,"Rp2,61Mlyr.",2610000000,2026-04-20
Egy Maulana Vikri,Dewa United Banten FC,Indonesia,Sayap Kanan,0,"Rp5,65Mlyr.",5650000000,2026-04-20
Vico Duarte,Dewa United Banten FC,Indonesia,Sayap Kanan,0,"Rp1,74Mlyr.",1740000000,2026-04-20
Alex Martins,Dewa United Banten FC,Indonesia,Depan-Tengah,39,"Rp5,65Mlyr.",5650000000,2026-04-20
Kodai Tanaka,Dewa United Banten FC,Indonesia,Depan-Tengah,0,"Rp3,91Mlyr.",3910000000,2026-04-20
Cyrus Margono,Persija Jakarta,Indonesia,Kiper,0,"Rp3,48Mlyr.",3480000000,2026-04-20
Andritany,Persija Jakarta,Indonesia,Kiper,26,"Rp2,61Mlyr.",2610000000,2026-04-20
Carlos Eduardo,Persija Jakarta,Indonesia,Kiper,0,"Rp1,30Mlyr.",1300000000,2026-04-20
Hafizh Rizkianur,Persija Jakarta,Indonesia,Kiper,22,-,0,2026-04-20
Irham Nadzhofa,Persija Jakarta,Indonesia,Kiper,27,-,0,2026-04-20
Rizky Ridho,Persija Jakarta,Indonesia,Bek-Tengah,0,"Rp11,30Mlyr.",11300000000,2026-04-20
Jordi Amat,Persija Jakarta,Indonesia,Bek-Tengah,21,"Rp10,43Mlyr.",10430000000,2026-04-20
Paulo Ricardo,Persija Jakarta,Indonesia,Bek-Tengah,0,"Rp5,21Mlyr.",5210000000,2026-04-20
Thales Lira,Persija Jakarta,Indonesia,Bek-Tengah,0,"Rp4,78Mlyr.",4780000000,2026-04-20
Dia Syayid,Persija Jakarta,Indonesia,Bek-Tengah,32,"Rp869,08Jt.",869080000,2026-04-20
Baihaqi Rifai,Persija Jakarta,Indonesia,Bek-Tengah,29,-,0,2026-04-20
Shayne Pattynama,Persija Jakarta,Indonesia,Bek-Kiri,25,"Rp6,08Mlyr.",6080000000,2026-04-20
Dony Tri Pamungkas,Persija Jakarta,Indonesia,Bek-Kiri,0,"Rp3,48Mlyr.",3480000000,2026-04-20
Fajar Fathurrahman,Persija Jakarta,Indonesia,Bek-Kanan,0,"Rp6,08Mlyr.",6080000000,2026-04-20
Sousa,Persija Jakarta,Indonesia,Gel. Bertahan,0,"Rp4,35Mlyr.",4350000000,2026-04-20
Hanif Sjahbandi,Persija Jakarta,Indonesia,Gel. Bertahan,19,"Rp4,35Mlyr.",4350000000,2026-04-20
Fábio Silva,Persija Jakarta,Indonesia,Gel. Bertahan,0,"Rp4,35Mlyr.",4350000000,2026-04-20
Aditya Warman,Persija Jakarta,Indonesia,Gel. Bertahan,36,"Rp434,54Jt.",434540000,2026-04-20
Jean Mota,Persija Jakarta,Indonesia,Gel. Tengah,0,"Rp8,69Mlyr.",8690000000,2026-04-20
Rayhan Hannan,Persija Jakarta,Indonesia,Gel. Serang,0,"Rp2,61Mlyr.",2610000000,2026-04-20
Maxwell,Persija Jakarta,Indonesia,Sayap Kiri,0,"Rp8,69Mlyr.",8690000000,2026-04-20
Witan,Persija Jakarta,Indonesia,Sayap Kiri,0,"Rp5,21Mlyr.",5210000000,2026-04-20
Arlyansyah Abdulmanan,Persija Jakarta,Indonesia,Sayap Kiri,0,"Rp1,30Mlyr.",1300000000,2026-04-20
Allano,Persija Jakarta,Indonesia,Sayap Kanan,17,"Rp6,95Mlyr.",6950000000,2026-04-20
Bruno Tubarão,Persija Jakarta,Indonesia,Sayap Kanan,0,"Rp6,95Mlyr.",6950000000,2026-04-20
Zahaby Gholy,Persija Jakarta,Indonesia,Sayap Kanan,0,-,0,2026-04-20
Alaeddine Ajaraie,Persija Jakarta,Indonesia,Depan-Tengah,41,"Rp6,08Mlyr.",6080000000,2026-04-20
Gustavo Almeida,Persija Jakarta,Indonesia,Depan-Tengah,0,"Rp5,21Mlyr.",5210000000,2026-04-20
Eksel Runtukahu,Persija Jakarta,Indonesia,Depan-Tengah,0,"Rp3,48Mlyr.",3480000000,2026-04-20
Mauro Zijlstra,Persija Jakarta,Indonesia,Depan-Tengah,0,"Rp1,30Mlyr.",1300000000,2026-04-20
Aqil Savik,Bhayangkara Presisi Lampung FC,Indonesia,Kiper,0,"Rp2,61Mlyr.",2610000000,2026-04-20
Awan Setho,Bhayangkara Presisi Lampung FC,Indonesia,Kiper,0,"Rp2,61Mlyr.",2610000000,2026-04-20
Rakasurya Handika,Bhayangkara Presisi Lampung FC,Indonesia,Kiper,29,"Rp869,08Jt.",869080000,2026-04-20
Sultan Jabbar,Bhayangkara Presisi Lampung FC,Indonesia,Kiper,0,-,0,2026-04-20
Muhammad Ferarri,Bhayangkara Presisi Lampung FC,Indonesia,Bek-Tengah,41,"Rp4,78Mlyr.",4780000000,2026-04-20
Slavko Damjanovic,Bhayangkara Presisi Lampung FC,Indonesia,Bek-Tengah,0,"Rp3,91Mlyr.",3910000000,2026-04-20
Nehar Sadiki,Bhayangkara Presisi Lampung FC,Indonesia,Bek-Tengah,0,"Rp3,48Mlyr.",3480000000,2026-04-20
Léo,Bhayangkara Presisi Lampung FC,Indonesia,Bek-Tengah,0,"Rp2,61Mlyr.",2610000000,2026-04-20
Rahmat Syawal,Bhayangkara Presisi Lampung FC,Indonesia,Bek-Tengah,0,"Rp869,08Jt.",869080000,2026-04-20
Ferre Murari,Bhayangkara Presisi Lampung FC,Indonesia,Bek-Tengah,26,"Rp173,82Jt.",173820000,2026-04-20
Firza Andika,Bhayangkara Presisi Lampung FC,Indonesia,Bek-Kiri,0,"Rp4,35Mlyr.",4350000000,2026-04-20
Alan Cardoso,Bhayangkara Presisi Lampung FC,Indonesia,Bek-Kiri,0,"Rp3,91Mlyr.",3910000000,2026-04-20
Frengky Missa,Bhayangkara Presisi Lampung FC,Indonesia,Bek-Kiri,0,"Rp2,17Mlyr.",2170000000,2026-04-20
Putu Gede,Bhayangkara Presisi Lampung FC,Indonesia,Bek-Kanan,0,"Rp3,48Mlyr.",3480000000,2026-04-20
Moisés Gaúcho,Bhayangkara Presisi Lampung FC,Indonesia,Gel. Bertahan,0,"Rp3,48Mlyr.",3480000000,2026-04-20
Evandra Florasta,Bhayangkara Presisi Lampung FC,Indonesia,Gel. Bertahan,25,-,0,2026-04-20
Christian Ilic,Bhayangkara Presisi Lampung FC,Indonesia,Gel. Tengah,0,"Rp6,08Mlyr.",6080000000,2026-04-20
TM Ichsan,Bhayangkara Presisi Lampung FC,Indonesia,Gel. Tengah,19,"Rp1,30Mlyr.",1300000000,2026-04-20
Ryo Matsumura,Bhayangkara Presisi Lampung FC,Indonesia,Gel. Serang,0,"Rp5,21Mlyr.",5210000000,2026-04-20
Wahyu Subo Seto,Bhayangkara Presisi Lampung FC,Indonesia,Gel. Serang,23,"Rp1,74Mlyr.",1740000000,2026-04-20
Da-bin Ji,Bhayangkara Presisi Lampung FC,Indonesia,Gel. Serang,0,-,0,2026-04-20
Sho Yamamoto,Bhayangkara Presisi Lampung FC,Indonesia,Sayap Kiri,0,"Rp4,35Mlyr.",4350000000,2026-04-20
Sani Rizki,Bhayangkara Presisi Lampung FC,Indonesia,Sayap Kiri,20,"Rp2,61Mlyr.",2610000000,2026-04-20
Ginanjar Wahyu,Bhayangkara Presisi Lampung FC,Indonesia,Sayap Kiri,0,"Rp869,08Jt.",869080000,2026-04-20
Fadly Alberto,Bhayangkara Presisi Lampung FC,Indonesia,Sayap Kiri,24,-,0,2026-04-20
Moussa Sidibé,Bhayangkara Presisi Lampung FC,Indonesia,Sayap Kanan,17,"Rp4,78Mlyr.",4780000000,2026-04-20
Privat Mbarga,Bhayangkara Presisi Lampung FC,Indonesia,Sayap Kanan,37,"Rp4,35Mlyr.",4350000000,2026-04-20
Ryan Kurnia,Bhayangkara Presisi Lampung FC,Indonesia,Sayap Kanan,0,"Rp3,04Mlyr.",3040000000,2026-04-20
Fareed Sadat,Bhayangkara Presisi Lampung FC,Indonesia,Depan-Tengah,16,"Rp3,48Mlyr.",3480000000,2026-04-20
Dendy Sulistyawan,Bhayangkara Presisi Lampung FC,Indonesia,Depan-Tengah,22,"Rp3,04Mlyr.",3040000000,2026-04-20
Henri Doumbia,Bhayangkara Presisi Lampung FC,Indonesia,Depan-Tengah,0,"Rp1,74Mlyr.",1740000000,2026-04-20
Ilija Spasojević,Bhayangkara Presisi Lampung FC,Indonesia,Depan-Tengah,0,"Rp1,30Mlyr.",1300000000,2026-04-20
Mike Hauptmeijer,Bali United FC,Indonesia,Kiper,0,"Rp3,48Mlyr.",3480000000,2026-04-20
Fitrul Rustapa,Bali United FC,Indonesia,Kiper,0,"Rp2,17Mlyr.",2170000000,2026-04-20
Dikri Yusron,Bali United FC,Indonesia,Kiper,31,"Rp1,30Mlyr.",1300000000,2026-04-20
Wayan Arta,Bali United FC,Indonesia,Kiper,21,"Rp173,82Jt.",173820000,2026-04-20
Kadek Arel,Bali United FC,Indonesia,Bek-Tengah,0,"Rp4,35Mlyr.",4350000000,2026-04-20
João Ferrari,Bali United FC,Indonesia,Bek-Tengah,0,"Rp2,61Mlyr.",2610000000,2026-04-20
Bagas Adi,Bali United FC,Indonesia,Bek-Tengah,0,"Rp1,74Mlyr.",1740000000,2026-04-20
Putu Panji,Bali United FC,Indonesia,Bek-Tengah,44,-,0,2026-04-20
Komang Dedi,Bali United FC,Indonesia,Bek-Tengah,0,-,0,2026-04-20
Ricky Fajrin,Bali United FC,Indonesia,Bek-Kiri,24,"Rp5,65Mlyr.",5650000000,2026-04-20
Yusuf Meilana,Bali United FC,Indonesia,Bek-Kiri,0,"Rp3,48Mlyr.",3480000000,2026-04-20
Agus Mahendra,Bali United FC,Indonesia,Bek-Kiri,0,"Rp434,54Jt.",434540000,2026-04-20
Made Andhika,Bali United FC,Indonesia,Bek-Kanan,33,"Rp4,35Mlyr.",4350000000,2026-04-20
Rizky Dwi,Bali United FC,Indonesia,Bek-Kanan,16,"Rp3,04Mlyr.",3040000000,2026-04-20
Brandon Wilson,Bali United FC,Indonesia,Gel. Bertahan,0,"Rp4,78Mlyr.",4780000000,2026-04-20
Made Tito,Bali United FC,Indonesia,Gel. Bertahan,0,"Rp2,17Mlyr.",2170000000,2026-04-20
Tim Receveur,Bali United FC,Indonesia,Gel. Bertahan,0,"Rp1,74Mlyr.",1740000000,2026-04-20
Aris Sanjaya,Bali United FC,Indonesia,Gel. Bertahan,0,-,0,2026-04-20
Reyner Barusu,Bali United FC,Indonesia,Gel. Bertahan,0,-,0,2026-04-20
Kadek Agung,Bali United FC,Indonesia,Gel. Tengah,18,"Rp3,91Mlyr.",3910000000,2026-04-20
Teppei Yachida,Bali United FC,Indonesia,Gel. Serang,17,"Rp10,43Mlyr.",10430000000,2026-04-20
Jordy Bruijn,Bali United FC,Indonesia,Gel. Serang,0,"Rp5,21Mlyr.",5210000000,2026-04-20
Mirza Mustafic,Bali United FC,Indonesia,Gel. Serang,0,"Rp5,21Mlyr.",5210000000,2026-04-20
Maouri Simon,Bali United FC,Indonesia,Gel. Serang,42,"Rp869,08Jt.",869080000,2026-04-20
Diego Campos,Bali United FC,Indonesia,Sayap Kiri,0,"Rp10,43Mlyr.",10430000000,2026-04-20
Rahmat,Bali United FC,Indonesia,Sayap Kiri,0,"Rp173,82Jt.",173820000,2026-04-20
Thijmen Goppel,Bali United FC,Indonesia,Sayap Kanan,0,"Rp10,43Mlyr.",10430000000,2026-04-20
Irfan Jaya,Bali United FC,Indonesia,Sayap Kanan,41,"Rp3,91Mlyr.",3910000000,2026-04-20
Rahmat Arjuna,Bali United FC,Indonesia,Sayap Kanan,0,"Rp2,61Mlyr.",2610000000,2026-04-20
Boris Kopitovic,Bali United FC,Indonesia,Depan-Tengah,0,"Rp4,78Mlyr.",4780000000,2026-04-20
Jens Raven,Bali United FC,Indonesia,Depan-Tengah,19,"Rp1,30Mlyr.",1300000000,2026-04-20
Nadeo Argawinata,Borneo FC Samarinda,Indonesia,Kiper,0,"Rp6,95Mlyr.",6950000000,2026-04-20
Syahrul Trisna,Borneo FC Samarinda,Indonesia,Kiper,30,"Rp2,61Mlyr.",2610000000,2026-04-20
Daffa Fasya,Borneo FC Samarinda,Indonesia,Kiper,0,"Rp1,74Mlyr.",1740000000,2026-04-20
Andhika Setiawan,Borneo FC Samarinda,Indonesia,Kiper,27,-,0,2026-04-20
Risnanda Rafa,Borneo FC Samarinda,Indonesia,Kiper,0,-,0,2026-04-20
Cleylton,Borneo FC Samarinda,Indonesia,Bek-Tengah,0,"Rp3,91Mlyr.",3910000000,2026-04-20
Komang Teguh,Borneo FC Samarinda,Indonesia,Bek-Tengah,16,"Rp3,48Mlyr.",3480000000,2026-04-20
Mohammad Al-Husseini,Borneo FC Samarinda,Indonesia,Bek-Tengah,0,"Rp3,04Mlyr.",3040000000,2026-04-20
Caxambu,Borneo FC Samarinda,Indonesia,Bek-Kiri,23,"Rp4,35Mlyr.",4350000000,2026-04-20
Ardi Idrus,Borneo FC Samarinda,Indonesia,Bek-Kiri,0,"Rp2,61Mlyr.",2610000000,2026-04-20
Rayhan Utina,Borneo FC Samarinda,Indonesia,Bek-Kiri,0,"Rp869,08Jt.",869080000,2026-04-20
Alfharezzi Buffon,Borneo FC Samarinda,Indonesia,Bek-Kanan,0,"Rp1,30Mlyr.",1300000000,2026-04-20
Diego Michiels,Borneo FC Samarinda,Indonesia,Bek-Kanan,24,"Rp869,08Jt.",869080000,2026-04-20
Dika Kuswardani,Borneo FC Samarinda,Indonesia,Bek-Kanan,0,"Rp434,54Jt.",434540000,2026-04-20
Christophe Nduwarugira,Borneo FC Samarinda,Indonesia,Gel. Bertahan,22,"Rp6,08Mlyr.",6080000000,2026-04-20
Rivaldo Pakpahan,Borneo FC Samarinda,Indonesia,Gel. Bertahan,0,"Rp3,04Mlyr.",3040000000,2026-04-20
Ahmad Agung,Borneo FC Samarinda,Indonesia,Gel. Bertahan,0,"Rp1,30Mlyr.",1300000000,2026-04-20
Kei Hirose,Borneo FC Samarinda,Indonesia,Gel. Tengah,0,"Rp6,95Mlyr.",6950000000,2026-04-20
Mohammad Anez,Borneo FC Samarinda,Indonesia,Gel. Tengah,0,"Rp6,08Mlyr.",6080000000,2026-04-20
Juan Felipe Villa,Borneo FC Samarinda,Indonesia,Gel. Serang,20,"Rp8,69Mlyr.",8690000000,2026-04-20
Marcos Astina,Borneo FC Samarinda,Indonesia,Gel. Serang,0,"Rp4,35Mlyr.",4350000000,2026-04-20
Ikhsanul Zikrak,Borneo FC Samarinda,Indonesia,Gel. Serang,0,"Rp1,30Mlyr.",1300000000,2026-04-20
Dwiky Hardiansyah,Borneo FC Samarinda,Indonesia,Gel. Serang,0,"Rp1,30Mlyr.",1300000000,2026-04-20
Tegar Islami,Borneo FC Samarinda,Indonesia,Gel. Serang,0,-,0,2026-04-20
Muhammad Sihran,Borneo FC Samarinda,Indonesia,Sayap Kiri,0,"Rp3,91Mlyr.",3910000000,2026-04-20
Redzuan Fachgi,Borneo FC Samarinda,Indonesia,Sayap Kiri,0,"Rp173,82Jt.",173820000,2026-04-20
Kaio Nunes,Borneo FC Samarinda,Indonesia,Sayap Kiri,0,-,0,2026-04-20
Mariano Peralta,Borneo FC Samarinda,Indonesia,Sayap Kanan,0,"Rp10,43Mlyr.",10430000000,2026-04-20
Reyki Fariz,Borneo FC Samarinda,Indonesia,Sayap Kanan,25,"Rp1,30Mlyr.",1300000000,2026-04-20
Koldo Obieta,Borneo FC Samarinda,Indonesia,Depan-Tengah,0,"Rp2,61Mlyr.",2610000000,2026-04-20
Mohammad Khanafi,Borneo FC Samarinda,Indonesia,Depan-Tengah,0,"Rp1,74Mlyr.",1740000000,2026-04-20
Habibi Jusuf,Borneo FC Samarinda,Indonesia,Depan-Tengah,0,"Rp1,30Mlyr.",1300000000,2026-04-20
Ousmane Camara,Borneo FC Samarinda,Indonesia,Depan-Tengah,19,-,0,2026-04-20
Dika Nurdiansyah,Borneo FC Samarinda,Indonesia,Depan-Tengah,0,-,0,2026-04-20
Ernando Ari,Persebaya Surabaya,Indonesia,Kiper,21,"Rp5,21Mlyr.",5210000000,2026-04-20
Andhika Ramadhani,Persebaya Surabaya,Indonesia,Kiper,0,"Rp3,04Mlyr.",3040000000,2026-04-20
Adre Arido,Persebaya Surabaya,Indonesia,Kiper,0,-,0,2026-04-20
Muhammad Ilham,Persebaya Surabaya,Indonesia,Kiper,39,-,0,2026-04-20
Gustavo Fernandes,Persebaya Surabaya,Indonesia,Bek-Tengah,44,"Rp4,35Mlyr.",4350000000,2026-04-20
Léo Lelis,Persebaya Surabaya,Indonesia,Bek-Tengah,24,"Rp3,04Mlyr.",3040000000,2026-04-20
Risto Mitrevski,Persebaya Surabaya,Indonesia,Bek-Tengah,0,"Rp2,17Mlyr.",2170000000,2026-04-20
Randy May,Persebaya Surabaya,Indonesia,Bek-Tengah,18,"Rp434,54Jt.",434540000,2026-04-20
Sheva Kardanu,Persebaya Surabaya,Indonesia,Bek-Tengah,0,-,0,2026-04-20
Jefferson,Persebaya Surabaya,Indonesia,Bek-Kiri,17,"Rp4,35Mlyr.",4350000000,2026-04-20
Mikael Tata,Persebaya Surabaya,Indonesia,Bek-Kiri,0,"Rp2,61Mlyr.",2610000000,2026-04-20
Ahmad Mujtaba,Persebaya Surabaya,Indonesia,Bek-Kiri,0,-,0,2026-04-20
Arief Catur,Persebaya Surabaya,Indonesia,Bek-Kanan,0,"Rp3,48Mlyr.",3480000000,2026-04-20
Koko Ari,Persebaya Surabaya,Indonesia,Bek-Kanan,33,"Rp2,61Mlyr.",2610000000,2026-04-20
Rachmat Irianto,Persebaya Surabaya,Indonesia,Gel. Bertahan,0,"Rp4,35Mlyr.",4350000000,2026-04-20
Sadida Putra,Persebaya Surabaya,Indonesia,Gel. Bertahan,0,"Rp434,54Jt.",434540000,2026-04-20
Milos Raickovic,Persebaya Surabaya,Indonesia,Gel. Tengah,0,"Rp3,48Mlyr.",3480000000,2026-04-20
Bruno Paraíba,Persebaya Surabaya,Indonesia,Gel. Tengah,0,"Rp3,04Mlyr.",3040000000,2026-04-20
Toni Firmansyah,Persebaya Surabaya,Indonesia,Gel. Tengah,0,"Rp2,17Mlyr.",2170000000,2026-04-20
Ichsas Baihaqi,Persebaya Surabaya,Indonesia,Gel. Tengah,0,"Rp869,08Jt.",869080000,2026-04-20
Francisco Rivera,Persebaya Surabaya,Indonesia,Gel. Serang,0,"Rp6,95Mlyr.",6950000000,2026-04-20
Pedro Matos,Persebaya Surabaya,Indonesia,Gel. Serang,16,"Rp2,17Mlyr.",2170000000,2026-04-20
Bruno,Persebaya Surabaya,Indonesia,Sayap Kiri,0,"Rp6,95Mlyr.",6950000000,2026-04-20
Gali Freitas,Persebaya Surabaya,Indonesia,Sayap Kiri,22,"Rp3,48Mlyr.",3480000000,2026-04-20
Malik Risaldi,Persebaya Surabaya,Indonesia,Sayap Kanan,0,"Rp4,78Mlyr.",4780000000,2026-04-20
Riyan Ardiansyah,Persebaya Surabaya,Indonesia,Sayap Kanan,0,"Rp1,74Mlyr.",1740000000,2026-04-20
Oktafianus Fernando,Persebaya Surabaya,Indonesia,Sayap Kanan,0,"Rp869,08Jt.",869080000,2026-04-20
Alfan Suaib,Persebaya Surabaya,Indonesia,Sayap Kanan,0,"Rp869,08Jt.",869080000,2026-04-20
Dimas Wicaksono,Persebaya Surabaya,Indonesia,Sayap Kanan,26,"Rp434,54Jt.",434540000,2026-04-20
Mihailo Perovic,Persebaya Surabaya,Indonesia,Depan-Tengah,0,"Rp4,35Mlyr.",4350000000,2026-04-20
Hilmansyah,PSM Makassar,Indonesia,Kiper,0,"Rp3,48Mlyr.",3480000000,2026-04-20
Reza Arya,PSM Makassar,Indonesia,Kiper,30,"Rp2,61Mlyr.",2610000000,2026-04-20
Poetro Negoro,PSM Makassar,Indonesia,Kiper,20,-,0,2026-04-20
Agus Al Faris,PSM Makassar,Indonesia,Kiper,0,-,0,2026-04-20
Dusan Lagator,PSM Makassar,Indonesia,Bek-Tengah,0,"Rp7,82Mlyr.",7820000000,2026-04-20
Yuran Fernandes,PSM Makassar,Indonesia,Bek-Tengah,0,"Rp6,95Mlyr.",6950000000,2026-04-20
Aloísio Neto,PSM Makassar,Indonesia,Bek-Tengah,0,"Rp5,21Mlyr.",5210000000,2026-04-20
Syahrul Lasinari,PSM Makassar,Indonesia,Bek-Tengah,0,"Rp3,48Mlyr.",3480000000,2026-04-20
Daffa Salman,PSM Makassar,Indonesia,Bek-Tengah,0,"Rp1,74Mlyr.",1740000000,2026-04-20
Victor Luiz,PSM Makassar,Indonesia,Bek-Kiri,22,"Rp6,08Mlyr.",6080000000,2026-04-20
Mufli Hidayat,PSM Makassar,Indonesia,Bek-Kanan,0,"Rp869,08Jt.",869080000,2026-04-20
Akbar Tanjung,PSM Makassar,Indonesia,Gel. Bertahan,0,"Rp3,91Mlyr.",3910000000,2026-04-20
Ananda Raehan,PSM Makassar,Indonesia,Gel. Bertahan,0,"Rp3,04Mlyr.",3040000000,2026-04-20
Muhammad Arfan,PSM Makassar,Indonesia,Gel. Bertahan,0,"Rp2,61Mlyr.",2610000000,2026-04-20
Rifky Dwi Septiawan,PSM Makassar,Indonesia,Gel. Bertahan,32,"Rp1,74Mlyr.",1740000000,2026-04-20
Gledson,PSM Makassar,Indonesia,Gel. Bertahan,40,"Rp1,74Mlyr.",1740000000,2026-04-20
Resky Fandi,PSM Makassar,Indonesia,Gel. Bertahan,0,"Rp1,30Mlyr.",1300000000,2026-04-20
Rasyid Bakri,PSM Makassar,Indonesia,Gel. Tengah,17,"Rp869,08Jt.",869080000,2026-04-20
Kaka Amrullah,PSM Makassar,Indonesia,Gel. Tengah,19,-,0,2026-04-20
Sávio Roberto,PSM Makassar,Indonesia,Gel. Serang,0,"Rp6,08Mlyr.",6080000000,2026-04-20
Daisuke Sakai,PSM Makassar,Indonesia,Gel. Serang,0,"Rp4,35Mlyr.",4350000000,2026-04-20
Fahrul Aditia,PSM Makassar,Indonesia,Gel. Serang,29,"Rp1,30Mlyr.",1300000000,2026-04-20
Rizky Eka Pratama,PSM Makassar,Indonesia,Sayap Kiri,24,"Rp3,48Mlyr.",3480000000,2026-04-20
Victor Dethan,PSM Makassar,Indonesia,Sayap Kanan,0,"Rp3,91Mlyr.",3910000000,2026-04-20
Abdul Rahman,PSM Makassar,Indonesia,Sayap Kanan,0,"Rp2,17Mlyr.",2170000000,2026-04-20
Dzaky Asraf,PSM Makassar,Indonesia,Sayap Kanan,27,"Rp1,74Mlyr.",1740000000,2026-04-20
Gala Pagamo,PSM Makassar,Indonesia,Sayap Kanan,18,"Rp869,08Jt.",869080000,2026-04-20
Muh Fahrul,PSM Makassar,Indonesia,Sayap Kanan,0,-,0,2026-04-20
Luka Cumic,PSM Makassar,Indonesia,Depan-Tengah,0,"Rp6,08Mlyr.",6080000000,2026-04-20
Alex Tanque,PSM Makassar,Indonesia,Depan-Tengah,0,"Rp5,65Mlyr.",5650000000,2026-04-20
Sheriddin Boboev,PSM Makassar,Indonesia,Depan-Tengah,21,"Rp4,35Mlyr.",4350000000,2026-04-20
Ricky Pratama,PSM Makassar,Indonesia,Depan-Tengah,0,"Rp2,61Mlyr.",2610000000,2026-04-20
Jacques Thémopelé,PSM Makassar,Indonesia,Depan-Tengah,0,"Rp2,17Mlyr.",2170000000,2026-04-20
Adi Satryo,Arema FC,Indonesia,Kiper,30,"Rp3,91Mlyr.",3910000000,2026-04-20
Gianluca Pandeynuwu,Arema FC,Indonesia,Kiper,18,"Rp2,61Mlyr.",2610000000,2026-04-20
Lucas Frigeri,Arema FC,Indonesia,Kiper,31,"Rp869,08Jt.",869080000,2026-04-20
Andrian Casvari,Arema FC,Indonesia,Kiper,0,"Rp173,82Jt.",173820000,2026-04-20
Hansamu Yama,Arema FC,Indonesia,Bek-Tengah,0,"Rp2,61Mlyr.",2610000000,2026-04-20
Luiz Gustavo,Arema FC,Indonesia,Bek-Tengah,26,"Rp2,17Mlyr.",2170000000,2026-04-20
Anwar Rifai,Arema FC,Indonesia,Bek-Tengah,23,"Rp1,30Mlyr.",1300000000,2026-04-20
Walisson Maia,Arema FC,Indonesia,Bek-Tengah,0,"Rp434,54Jt.",434540000,2026-04-20
Leo Guntara,Arema FC,Indonesia,Bek-Kiri,0,"Rp3,48Mlyr.",3480000000,2026-04-20
Iksan Lestaluhu,Arema FC,Indonesia,Bek-Kiri,0,"Rp1,30Mlyr.",1300000000,2026-04-20
Johan Alfarizi,Arema FC,Indonesia,Bek-Kiri,0,"Rp173,82Jt.",173820000,2026-04-20
Rio Fahmi,Arema FC,Indonesia,Bek-Kanan,0,"Rp5,21Mlyr.",5210000000,2026-04-20
Achmad Maulana,Arema FC,Indonesia,Bek-Kanan,19,"Rp3,04Mlyr.",3040000000,2026-04-20
Rifad Marasabessy,Arema FC,Indonesia,Bek-Kanan,0,"Rp1,74Mlyr.",1740000000,2026-04-20
Bayu Setiawan,Arema FC,Indonesia,Bek-Kanan,0,"Rp1,30Mlyr.",1300000000,2026-04-20
Matheus Blade,Arema FC,Indonesia,Gel. Bertahan,25,"Rp3,04Mlyr.",3040000000,2026-04-20
Betinho,Arema FC,Indonesia,Gel. Bertahan,28,"Rp1,74Mlyr.",1740000000,2026-04-20
Pablo Oliveira,Arema FC,Indonesia,Gel. Bertahan,32,"Rp1,74Mlyr.",1740000000,2026-04-20
Jayus Hariono,Arema FC,Indonesia,Gel. Bertahan,0,"Rp1,30Mlyr.",1300000000,2026-04-20
Aswin,Arema FC,Indonesia,Gel. Bertahan,22,-,0,2026-04-20
Arkhan Fikri,Arema FC,Indonesia,Gel. Tengah,0,"Rp4,78Mlyr.",4780000000,2026-04-20
Julián Guevara,Arema FC,Indonesia,Gel. Tengah,0,"Rp2,17Mlyr.",2170000000,2026-04-20
Samuel Balinsa,Arema FC,Indonesia,Gel. Tengah,0,"Rp1,30Mlyr.",1300000000,2026-04-20
Gustavo França,Arema FC,Indonesia,Gel. Serang,0,"Rp4,78Mlyr.",4780000000,2026-04-20
Valdeci,Arema FC,Indonesia,Gel. Serang,0,"Rp4,35Mlyr.",4350000000,2026-04-20
Gabriel Silva,Arema FC,Indonesia,Sayap Kiri,0,"Rp3,91Mlyr.",3910000000,2026-04-20
Salim Tuharea,Arema FC,Indonesia,Sayap Kanan,0,"Rp2,17Mlyr.",2170000000,2026-04-20
Dwiki Mardiyanto,Arema FC,Indonesia,Sayap Kanan,17,"Rp1,30Mlyr.",1300000000,2026-04-20
Dendi Santoso,Arema FC,Indonesia,Sayap Kanan,41,"Rp434,54Jt.",434540000,2026-04-20
Dalberto,Arema FC,Indonesia,Depan-Tengah,0,"Rp5,21Mlyr.",5210000000,2026-04-20
Joel Vinícius,Arema FC,Indonesia,Depan-Tengah,0,"Rp2,61Mlyr.",2610000000,2026-04-20
Dedik Setiawan,Arema FC,Indonesia,Depan-Tengah,27,"Rp2,17Mlyr.",2170000000,2026-04-20
Razzaa Fachrezi,Arema FC,Indonesia,Depan-Tengah,20,-,0,2026-04-20
Agusti Ardiansyah,Arema FC,Indonesia,Depan-Tengah,16,-,0,2026-04-20
Dimas Aryaguna,Arema FC,Indonesia,Depan-Tengah,0,-,0,2026-04-20
Cahya Supriadi,PSIM Yogyakarta,Indonesia,Kiper,19,"Rp3,91Mlyr.",3910000000,2026-04-20
Harlan Suardi,PSIM Yogyakarta,Indonesia,Kiper,26,"Rp2,61Mlyr.",2610000000,2026-04-20
Khairul Fikri,PSIM Yogyakarta,Indonesia,Kiper,0,"Rp869,08Jt.",869080000,2026-04-20
Gilang Ardha,PSIM Yogyakarta,Indonesia,Kiper,0,-,0,2026-04-20
Franco Ramos Mingo,PSIM Yogyakarta,Indonesia,Bek-Tengah,0,"Rp6,08Mlyr.",6080000000,2026-04-20
Yusaku Yamadera,PSIM Yogyakarta,Indonesia,Bek-Tengah,0,"Rp4,78Mlyr.",4780000000,2026-04-20
Jop van der Avert,PSIM Yogyakarta,Indonesia,Bek-Tengah,0,"Rp3,91Mlyr.",3910000000,2026-04-20
Andy Setyo,PSIM Yogyakarta,Indonesia,Bek-Tengah,0,"Rp2,17Mlyr.",2170000000,2026-04-20
Rendra Teddy,PSIM Yogyakarta,Indonesia,Bek-Tengah,0,"Rp2,17Mlyr.",2170000000,2026-04-20
Reva Adi,PSIM Yogyakarta,Indonesia,Bek-Kiri,35,"Rp4,35Mlyr.",4350000000,2026-04-20
Dede Sapari,PSIM Yogyakarta,Indonesia,Bek-Kiri,0,"Rp1,74Mlyr.",1740000000,2026-04-20
Raka Cahyana,PSIM Yogyakarta,Indonesia,Bek-Kanan,0,"Rp2,61Mlyr.",2610000000,2026-04-20
Donny Warmerdam,PSIM Yogyakarta,Indonesia,Gel. Bertahan,0,"Rp6,95Mlyr.",6950000000,2026-04-20
Rakhmatsho Rakhmatzoda,PSIM Yogyakarta,Indonesia,Gel. Bertahan,0,"Rp3,48Mlyr.",3480000000,2026-04-20
Rio Hardiawan,PSIM Yogyakarta,Indonesia,Gel. Tengah,29,"Rp2,17Mlyr.",2170000000,2026-04-20
Ghulam Fatkur,PSIM Yogyakarta,Indonesia,Gel. Tengah,23,"Rp1,74Mlyr.",1740000000,2026-04-20
Ezequiel Vidal,PSIM Yogyakarta,Indonesia,Gel. Serang,0,"Rp7,82Mlyr.",7820000000,2026-04-20
Zé Valente,PSIM Yogyakarta,Indonesia,Gel. Serang,0,"Rp6,52Mlyr.",6520000000,2026-04-20
Fahreza Sudin,PSIM Yogyakarta,Indonesia,Gel. Serang,0,"Rp2,61Mlyr.",2610000000,2026-04-20
Savio Sheva,PSIM Yogyakarta,Indonesia,Gel. Serang,0,"Rp2,17Mlyr.",2170000000,2026-04-20
Muhammad Iqbal,PSIM Yogyakarta,Indonesia,Gel. Serang,0,"Rp869,08Jt.",869080000,2026-04-20
Anton Fase,PSIM Yogyakarta,Indonesia,Sayap Kiri,0,"Rp3,04Mlyr.",3040000000,2026-04-20
Riyatno Abiyoso,PSIM Yogyakarta,Indonesia,Sayap Kiri,27,"Rp2,17Mlyr.",2170000000,2026-04-20
Andi Irfan,PSIM Yogyakarta,Indonesia,Sayap Kanan,17,"Rp2,61Mlyr.",2610000000,2026-04-20
Nermin Haljeta,PSIM Yogyakarta,Indonesia,Depan-Tengah,0,"Rp6,52Mlyr.",6520000000,2026-04-20
Deri Corfe,PSIM Yogyakarta,Indonesia,Depan-Tengah,0,"Rp3,48Mlyr.",3480000000,2026-04-20
Arthur Augusto,Semen Padang FC,Indonesia,Kiper,0,"Rp3,91Mlyr.",3910000000,2026-04-20
Rendy Oscario,Semen Padang FC,Indonesia,Kiper,27,"Rp1,30Mlyr.",1300000000,2026-04-20
Teguh Amiruddin,Semen Padang FC,Indonesia,Kiper,0,"Rp869,08Jt.",869080000,2026-04-20
Farel Putra,Semen Padang FC,Indonesia,Kiper,0,"Rp173,82Jt.",173820000,2026-04-20
Iqbal Bachtiar,Semen Padang FC,Indonesia,Kiper,0,-,0,2026-04-20
Ângelo Meneses,Semen Padang FC,Indonesia,Bek-Tengah,24,"Rp4,35Mlyr.",4350000000,2026-04-20
Jaime Giraldo,Semen Padang FC,Indonesia,Bek-Tengah,0,"Rp3,48Mlyr.",3480000000,2026-04-20
Tin Martic,Semen Padang FC,Indonesia,Bek-Tengah,0,"Rp2,61Mlyr.",2610000000,2026-04-20
Rui Rampa,Semen Padang FC,Indonesia,Bek-Tengah,23,"Rp1,30Mlyr.",1300000000,2026-04-20
Ade Kristiano,Semen Padang FC,Indonesia,Bek-Tengah,0,-,0,2026-04-20
Asyraq Gufron,Semen Padang FC,Indonesia,Bek-Tengah,0,-,0,2026-04-20
Samuel Simanjuntak,Semen Padang FC,Indonesia,Bek-Kiri,0,"Rp1,30Mlyr.",1300000000,2026-04-20
Ravy Tsouka,Semen Padang FC,Indonesia,Bek-Kanan,0,"Rp5,21Mlyr.",5210000000,2026-04-20
Zidane Afandi,Semen Padang FC,Indonesia,Bek-Kanan,25,"Rp869,08Jt.",869080000,2026-04-20
Ghifari Azhhari,Semen Padang FC,Indonesia,Bek-Kanan,0,-,0,2026-04-20
Boubakary Diarra,Semen Padang FC,Indonesia,Gel. Bertahan,21,"Rp4,35Mlyr.",4350000000,2026-04-20
Rosad Setiawan,Semen Padang FC,Indonesia,Gel. Bertahan,31,"Rp3,04Mlyr.",3040000000,2026-04-20
Ripal Wahyudi,Semen Padang FC,Indonesia,Gel. Bertahan,0,"Rp2,17Mlyr.",2170000000,2026-04-20
Ricki Ariansyah,Semen Padang FC,Indonesia,Gel. Bertahan,0,"Rp1,74Mlyr.",1740000000,2026-04-20
Alhassan Wakaso,Semen Padang FC,Indonesia,Gel. Bertahan,30,"Rp869,08Jt.",869080000,2026-04-20
Dimas Saputra,Semen Padang FC,Indonesia,Gel. Bertahan,0,"Rp434,54Jt.",434540000,2026-04-20
Kazaki Nakagawa,Semen Padang FC,Indonesia,Gel. Serang,0,"Rp3,48Mlyr.",3480000000,2026-04-20
Kianz Froese,Semen Padang FC,Indonesia,Gel. Serang,0,"Rp2,61Mlyr.",2610000000,2026-04-20
Maicon,Semen Padang FC,Indonesia,Sayap Kiri,17,"Rp4,78Mlyr.",4780000000,2026-04-20
Firman Juliansyah,Semen Padang FC,Indonesia,Sayap Kiri,0,"Rp2,17Mlyr.",2170000000,2026-04-20
Armando Oropa,Semen Padang FC,Indonesia,Sayap Kiri,0,"Rp1,74Mlyr.",1740000000,2026-04-20
Irsyad Maulana,Semen Padang FC,Indonesia,Sayap Kiri,0,"Rp1,30Mlyr.",1300000000,2026-04-20
Kasim Botan,Semen Padang FC,Indonesia,Sayap Kanan,22,"Rp1,74Mlyr.",1740000000,2026-04-20
Ferdiansyah,Semen Padang FC,Indonesia,Sayap Kanan,0,"Rp869,08Jt.",869080000,2026-04-20
Guillermo Fernández,Semen Padang FC,Indonesia,Depan-Tengah,0,"Rp5,21Mlyr.",5210000000,2026-04-20
Diego Maurício,Semen Padang FC,Indonesia,Depan-Tengah,0,"Rp3,91Mlyr.",3910000000,2026-04-20
Wahyu Agong,Semen Padang FC,Indonesia,Depan-Tengah,26,-,0,2026-04-20
Syaiful Asri,Semen Padang FC,Indonesia,Depan-Tengah,0,-,0,2026-04-20
Aditya Sentosa,Semen Padang FC,Indonesia,Penyerang,0,-,0,2026-04-20
Kittipong Phuthawchueak,Kanchanaburi Power FC,Thailand,Kiper,26,"Rp1,74Mlyr.",1740000000,2026-04-20
Sarut Nasri,Kanchanaburi Power FC,Thailand,Kiper,35,"Rp1,74Mlyr.",1740000000,2026-04-20
Sumethee Khokpho,Kanchanaburi Power FC,Thailand,Kiper,31,"Rp1,30Mlyr.",1300000000,2026-04-20
Kritsana Pummarrin,Kanchanaburi Power FC,Thailand,Kiper,0,"Rp869,08Jt.",869080000,2026-04-20
Nalubate Boonyarat,Kanchanaburi Power FC,Thailand,Kiper,22,-,0,2026-04-20
Aaron Gurd,Kanchanaburi Power FC,Thailand,Bek-Tengah,0,"Rp2,61Mlyr.",2610000000,2026-04-20
Prachya Fudsuparp,Kanchanaburi Power FC,Thailand,Bek-Tengah,28,"Rp2,61Mlyr.",2610000000,2026-04-20
Pawee Tanthatemee,Kanchanaburi Power FC,Thailand,Bek-Tengah,25,"Rp2,17Mlyr.",2170000000,2026-04-20
Mehdi Tahrat,Kanchanaburi Power FC,Thailand,Bek-Tengah,0,"Rp2,17Mlyr.",2170000000,2026-04-20
Diego Bardanca,Kanchanaburi Power FC,Thailand,Bek-Tengah,44,"Rp1,74Mlyr.",1740000000,2026-04-20
Peerapat Notchaiya,Kanchanaburi Power FC,Thailand,Bek-Kiri,0,"Rp3,04Mlyr.",3040000000,2026-04-20
Satsanapong Wattayuchutikul,Kanchanaburi Power FC,Thailand,Bek-Kiri,29,"Rp869,08Jt.",869080000,2026-04-20
Kitinun Suttiwiriyakul,Kanchanaburi Power FC,Thailand,Bek-Kiri,32,"Rp434,54Jt.",434540000,2026-04-20
Ryhan Stewart,Kanchanaburi Power FC,Thailand,Bek-Kanan,16,"Rp4,35Mlyr.",4350000000,2026-04-20
Wattana Klomjit,Kanchanaburi Power FC,Thailand,Bek-Kanan,0,"Rp1,30Mlyr.",1300000000,2026-04-20
Tony Laurent-Gonnet,Kanchanaburi Power FC,Thailand,Bek-Kanan,27,-,0,2026-04-20
Anumanthan Kumar,Kanchanaburi Power FC,Thailand,Gel. Bertahan,0,"Rp1,30Mlyr.",1300000000,2026-04-20
Chayapipat Supunpasuch,Kanchanaburi Power FC,Thailand,Gel. Bertahan,0,"Rp1,30Mlyr.",1300000000,2026-04-20
John Lucero,Kanchanaburi Power FC,Thailand,Gel. Tengah,0,"Rp2,17Mlyr.",2170000000,2026-04-20
Ewerton,Kanchanaburi Power FC,Thailand,Gel. Tengah,0,"Rp1,74Mlyr.",1740000000,2026-04-20
Pongpat Liorungrueangkit,Kanchanaburi Power FC,Thailand,Gel. Tengah,18,"Rp1,74Mlyr.",1740000000,2026-04-20
Santipap Ratniyom,Kanchanaburi Power FC,Thailand,Gel. Tengah,42,"Rp1,30Mlyr.",1300000000,2026-04-20
Suchao Nutnum,Kanchanaburi Power FC,Thailand,Gel. Tengah,0,-,0,2026-04-20
Alain Oyarzun,Kanchanaburi Power FC,Thailand,Gel. Serang,19,"Rp4,35Mlyr.",4350000000,2026-04-20
Sergio Aguero,Kanchanaburi Power FC,Thailand,Gel. Serang,20,"Rp2,61Mlyr.",2610000000,2026-04-20
Mohamed Mara,Kanchanaburi Power FC,Thailand,Sayap Kiri,21,"Rp5,21Mlyr.",5210000000,2026-04-20
Tanasith Siripala,Kanchanaburi Power FC,Thailand,Sayap Kiri,0,"Rp1,74Mlyr.",1740000000,2026-04-20
Andros Townsend,Kanchanaburi Power FC,Thailand,Sayap Kanan,30,"Rp8,69Mlyr.",8690000000,2026-04-20
Aboubakar Kamara,Kanchanaburi Power FC,Thailand,Depan-Tengah,0,"Rp6,08Mlyr.",6080000000,2026-04-20
Chenrop Samphaodi,Kanchanaburi Power FC,Thailand,Depan-Tengah,0,"Rp2,17Mlyr.",2170000000,2026-04-20
Kittiphod Sathiphanuwat,Kanchanaburi Power FC,Thailand,Penyerang,0,-,0,2026-04-20
Tanachai Noorach,Nakhonratchasima Mazda FC,Thailand,Kiper,36,"Rp2,17Mlyr.",2170000000,2026-04-20
Nopphon Lakhonphon,Nakhonratchasima Mazda FC,Thailand,Kiper,18,"Rp1,74Mlyr.",1740000000,2026-04-20
Phatcharaphong Prathumma,Nakhonratchasima Mazda FC,Thailand,Kiper,0,"Rp434,54Jt.",434540000,2026-04-20
Achirawit Natsanthia,Nakhonratchasima Mazda FC,Thailand,Kiper,34,-,0,2026-04-20
Sorawis Srifah,Nakhonratchasima Mazda FC,Thailand,Kiper,0,-,0,2026-04-20
Nenad Lalic,Nakhonratchasima Mazda FC,Thailand,Bek-Tengah,43,"Rp3,48Mlyr.",3480000000,2026-04-20
Bill Mamadou,Nakhonratchasima Mazda FC,Thailand,Bek-Tengah,0,"Rp2,17Mlyr.",2170000000,2026-04-20
Anusak Jaiphet,Nakhonratchasima Mazda FC,Thailand,Bek-Tengah,0,"Rp2,17Mlyr.",2170000000,2026-04-20
Sarawut Inpaen,Nakhonratchasima Mazda FC,Thailand,Bek-Tengah,0,"Rp1,30Mlyr.",1300000000,2026-04-20
Pichitchai Sienkrathok,Nakhonratchasima Mazda FC,Thailand,Bek-Tengah,16,"Rp1,30Mlyr.",1300000000,2026-04-20
Watcharin Nuengprakaew,Nakhonratchasima Mazda FC,Thailand,Bek-Tengah,39,"Rp1,30Mlyr.",1300000000,2026-04-20
Woraphob Thaweesuk,Nakhonratchasima Mazda FC,Thailand,Bek-Tengah,0,-,0,2026-04-20
Narongsak Phetnok,Nakhonratchasima Mazda FC,Thailand,Bek-Tengah,0,-,0,2026-04-20
Wendel,Nakhonratchasima Mazda FC,Thailand,Bek-Kiri,35,"Rp3,48Mlyr.",3480000000,2026-04-20
Charalampos Charalampous,Nakhonratchasima Mazda FC,Thailand,Bek-Kiri,33,"Rp2,61Mlyr.",2610000000,2026-04-20
Hein Phyo Win,Nakhonratchasima Mazda FC,Thailand,Bek-Kanan,0,"Rp3,04Mlyr.",3040000000,2026-04-20
Jork Becerra,Nakhonratchasima Mazda FC,Thailand,Gel. Bertahan,0,"Rp4,35Mlyr.",4350000000,2026-04-20
Leon James,Nakhonratchasima Mazda FC,Thailand,Gel. Bertahan,0,"Rp2,17Mlyr.",2170000000,2026-04-20
Jared Gallagher,Nakhonratchasima Mazda FC,Thailand,Gel. Bertahan,0,"Rp1,30Mlyr.",1300000000,2026-04-20
Nattawut Jaroenboot,Nakhonratchasima Mazda FC,Thailand,Gel. Tengah,21,"Rp869,08Jt.",869080000,2026-04-20
Pongsakron Hanrattana,Nakhonratchasima Mazda FC,Thailand,Gel. Tengah,22,"Rp434,54Jt.",434540000,2026-04-20
Noppakorn Kanhabang,Nakhonratchasima Mazda FC,Thailand,Gel. Tengah,0,-,0,2026-04-20
Rattasat Bangsungnoen,Nakhonratchasima Mazda FC,Thailand,Gel. Serang,19,"Rp2,17Mlyr.",2170000000,2026-04-20
Hirotaka Mita,Nakhonratchasima Mazda FC,Thailand,Gel. Serang,0,"Rp869,08Jt.",869080000,2026-04-20
Anurak Mungdee,Nakhonratchasima Mazda FC,Thailand,Sayap Kanan,17,"Rp1,30Mlyr.",1300000000,2026-04-20
Pannatat Prempree,Nakhonratchasima Mazda FC,Thailand,Sayap Kanan,30,-,0,2026-04-20
Dennis Murillo,Nakhonratchasima Mazda FC,Thailand,Depan-Tengah,23,"Rp3,48Mlyr.",3480000000,2026-04-20
Yuki Kusano,Nakhonratchasima Mazda FC,Thailand,Depan-Tengah,25,"Rp3,48Mlyr.",3480000000,2026-04-20
Mateus,Nakhonratchasima Mazda FC,Thailand,Depan-Tengah,0,"Rp1,74Mlyr.",1740000000,2026-04-20
Prakiattichai Singsook,Nakhonratchasima Mazda FC,Thailand,Depan-Tengah,0,-,0,2026-04-20
Nont Muangngam,Lamphun Warriors,Thailand,Kiper,20,"Rp2,17Mlyr.",2170000000,2026-04-20
Kwanchai Suklom,Lamphun Warriors,Thailand,Kiper,26,"Rp1,74Mlyr.",1740000000,2026-04-20
Thirawooth Sruanson,Lamphun Warriors,Thailand,Kiper,31,"Rp1,30Mlyr.",1300000000,2026-04-20
Aly Cissokho,Lamphun Warriors,Thailand,Bek-Tengah,22,"Rp1,74Mlyr.",1740000000,2026-04-20
Charlie Clough,Lamphun Warriors,Thailand,Bek-Tengah,23,"Rp1,74Mlyr.",1740000000,2026-04-20
Jonas Schwabe,Lamphun Warriors,Thailand,Bek-Tengah,0,"Rp1,30Mlyr.",1300000000,2026-04-20
Noppol Kerdkaew,Lamphun Warriors,Thailand,Bek-Tengah,24,"Rp1,30Mlyr.",1300000000,2026-04-20
Todsapol Lated,Lamphun Warriors,Thailand,Bek-Tengah,0,"Rp869,08Jt.",869080000,2026-04-20
Wittaya Moonwong,Lamphun Warriors,Thailand,Bek-Kiri,0,"Rp1,74Mlyr.",1740000000,2026-04-20
Suriya Singmui,Lamphun Warriors,Thailand,Bek-Kiri,30,"Rp1,74Mlyr.",1740000000,2026-04-20
Dominik Schad,Lamphun Warriors,Thailand,Bek-Kanan,0,"Rp4,78Mlyr.",4780000000,2026-04-20
Nuttee Noiwilai,Lamphun Warriors,Thailand,Bek-Kanan,27,"Rp2,17Mlyr.",2170000000,2026-04-20
Tossaporn Chuchin,Lamphun Warriors,Thailand,Bek-Kanan,21,"Rp1,30Mlyr.",1300000000,2026-04-20
Tanakorn Navanich,Lamphun Warriors,Thailand,Bek-Kanan,0,"Rp869,08Jt.",869080000,2026-04-20
Teerawut Churok,Lamphun Warriors,Thailand,Gel. Bertahan,0,"Rp1,74Mlyr.",1740000000,2026-04-20
Akarapong Pumwisat,Lamphun Warriors,Thailand,Gel. Tengah,0,"Rp4,35Mlyr.",4350000000,2026-04-20
Ralph,Lamphun Warriors,Thailand,Gel. Tengah,17,"Rp4,35Mlyr.",4350000000,2026-04-20
Oskari Kekkonen,Lamphun Warriors,Thailand,Gel. Tengah,0,"Rp2,17Mlyr.",2170000000,2026-04-20
Baworn Tapla,Lamphun Warriors,Thailand,Gel. Tengah,32,"Rp869,08Jt.",869080000,2026-04-20
Mohammed Osman,Lamphun Warriors,Thailand,Gel. Serang,0,"Rp6,08Mlyr.",6080000000,2026-04-20
Anan Yodsangwal,Lamphun Warriors,Thailand,Sayap Kiri,0,"Rp5,21Mlyr.",5210000000,2026-04-20
Tawan Khotrsupho,Lamphun Warriors,Thailand,Sayap Kiri,19,"Rp1,30Mlyr.",1300000000,2026-04-20
Surat Suriyachai,Lamphun Warriors,Thailand,Sayap Kanan,25,"Rp1,30Mlyr.",1300000000,2026-04-20
Peniel Mlapa,Lamphun Warriors,Thailand,Depan-Tengah,18,"Rp3,48Mlyr.",3480000000,2026-04-20
Willen Mota,Lamphun Warriors,Thailand,Depan-Tengah,29,"Rp3,04Mlyr.",3040000000,2026-04-20
Kenshiro Daniels,Lamphun Warriors,Thailand,Depan-Tengah,0,"Rp2,17Mlyr.",2170000000,2026-04-20
Neil Etheridge,Buriram United,Thailand,Kiper,0,"Rp3,91Mlyr.",3910000000,2026-04-20
Korraphat Nareechan,Buriram United,Thailand,Kiper,29,"Rp1,74Mlyr.",1740000000,2026-04-20
Chatchai Bootprom,Buriram United,Thailand,Kiper,34,"Rp1,30Mlyr.",1300000000,2026-04-20
Prapot Chongcharoen,Buriram United,Thailand,Kiper,0,-,0,2026-04-20
Myeong-seok Ko,Buriram United,Thailand,Bek-Tengah,22,"Rp6,95Mlyr.",6950000000,2026-04-20
Edu Mancha,Buriram United,Thailand,Bek-Tengah,40,"Rp6,95Mlyr.",6950000000,2026-04-20
Curtis Good,Buriram United,Thailand,Bek-Tengah,0,"Rp5,21Mlyr.",5210000000,2026-04-20
Shinnaphat Leeaoh,Buriram United,Thailand,Bek-Tengah,0,"Rp4,35Mlyr.",4350000000,2026-04-20
Pansa Hemviboon,Buriram United,Thailand,Bek-Tengah,0,"Rp1,74Mlyr.",1740000000,2026-04-20
Sasalak Haiprakhon,Buriram United,Thailand,Bek-Kiri,0,"Rp6,95Mlyr.",6950000000,2026-04-20
Sandy Walsh,Buriram United,Thailand,Bek-Kanan,0,"Rp12,17Mlyr.",12170000000,2026-04-20
Filip Stojkovic,Buriram United,Thailand,Bek-Kanan,30,"Rp4,78Mlyr.",4780000000,2026-04-20
Narubadin Weerawatnodom,Buriram United,Thailand,Bek-Kanan,0,"Rp4,35Mlyr.",4350000000,2026-04-20
Kenny Dougall,Buriram United,Thailand,Gel. Bertahan,16,"Rp6,95Mlyr.",6950000000,2026-04-20
Phitiwat Sookjitthammakul,Buriram United,Thailand,Gel. Bertahan,27,"Rp6,08Mlyr.",6080000000,2026-04-20
Theerathon Bunmathan,Buriram United,Thailand,Gel. Bertahan,0,"Rp3,48Mlyr.",3480000000,2026-04-20
Ratthanakorn Maikami,Buriram United,Thailand,Gel. Bertahan,0,"Rp3,48Mlyr.",3480000000,2026-04-20
Goran Causic,Buriram United,Thailand,Gel. Tengah,23,"Rp8,69Mlyr.",8690000000,2026-04-20
Peter Zulj,Buriram United,Thailand,Gel. Tengah,44,"Rp7,82Mlyr.",7820000000,2026-04-20
Emmanuel Toku,Buriram United,Thailand,Gel. Serang,26,"Rp6,95Mlyr.",6950000000,2026-04-20
Thanakrit Chotmuangpak,Buriram United,Thailand,Gel. Serang,33,"Rp3,48Mlyr.",3480000000,2026-04-20
Kingsley Schindler,Buriram United,Thailand,Sayap Kanan,19,"Rp12,17Mlyr.",12170000000,2026-04-20
Robert Zulj,Buriram United,Thailand,Depan-Kedua,32,"Rp13,91Mlyr.",13910000000,2026-04-20
Bissoli,Buriram United,Thailand,Depan-Tengah,0,"Rp34,76Mlyr.",34760000000,2026-04-20
Suphanat Mueanta,Buriram United,Thailand,Depan-Tengah,0,"Rp17,38Mlyr.",17380000000,2026-04-20
Supachai Chaided,Buriram United,Thailand,Depan-Tengah,0,"Rp15,64Mlyr.",15640000000,2026-04-20
Kasper Junker,Buriram United,Thailand,Depan-Tengah,0,"Rp12,17Mlyr.",12170000000,2026-04-20
Rubén Sánchez,Buriram United,Thailand,Depan-Tengah,28,"Rp6,08Mlyr.",6080000000,2026-04-20
Ilhan Fandi,Buriram United,Thailand,Depan-Tengah,17,"Rp3,48Mlyr.",3480000000,2026-04-20
Nathakorn Rattanasuwan,Buriram United,Thailand,Depan-Tengah,0,-,0,2026-04-20
Apirak Worawong,Singha Chiangrai United,Thailand,Kiper,0,"Rp2,61Mlyr.",2610000000,2026-04-20
Sirassawut Wongruankhum,Singha Chiangrai United,Thailand,Kiper,34,"Rp1,30Mlyr.",1300000000,2026-04-20
Farus Patee,Singha Chiangrai United,Thailand,Kiper,19,"Rp434,54Jt.",434540000,2026-04-20
Jetnipat Khomsom,Singha Chiangrai United,Thailand,Kiper,40,-,0,2026-04-20
Marco Ballini,Singha Chiangrai United,Thailand,Bek-Tengah,0,"Rp3,48Mlyr.",3480000000,2026-04-20
Victor Cardozo,Singha Chiangrai United,Thailand,Bek-Tengah,23,"Rp2,61Mlyr.",2610000000,2026-04-20
Hélio,Singha Chiangrai United,Thailand,Bek-Tengah,28,"Rp1,74Mlyr.",1740000000,2026-04-20
Banphakit Phrmanee,Singha Chiangrai United,Thailand,Bek-Tengah,0,"Rp1,30Mlyr.",1300000000,2026-04-20
Tanasak Srisai,Singha Chiangrai United,Thailand,Bek-Tengah,0,"Rp1,30Mlyr.",1300000000,2026-04-20
Santipap Yaemsaen,Singha Chiangrai United,Thailand,Bek-Tengah,24,"Rp869,08Jt.",869080000,2026-04-20
Thawatchai Inprakhon,Singha Chiangrai United,Thailand,Bek-Kiri,0,"Rp1,74Mlyr.",1740000000,2026-04-20
Gionata Verzura,Singha Chiangrai United,Thailand,Bek-Kanan,17,"Rp1,30Mlyr.",1300000000,2026-04-20
Piyaphon Phanichakul,Singha Chiangrai United,Thailand,Bek-Kanan,0,"Rp869,08Jt.",869080000,2026-04-20
Gabriel Henrique,Singha Chiangrai United,Thailand,Gel. Bertahan,0,"Rp4,35Mlyr.",4350000000,2026-04-20
Settasit Suvannaseat,Singha Chiangrai United,Thailand,Gel. Tengah,0,"Rp2,61Mlyr.",2610000000,2026-04-20
Sanukran Thinjom,Singha Chiangrai United,Thailand,Gel. Tengah,0,"Rp2,17Mlyr.",2170000000,2026-04-20
Phoptham Pornkod,Singha Chiangrai United,Thailand,Gel. Tengah,37,"Rp434,54Jt.",434540000,2026-04-20
Dudu,Singha Chiangrai United,Thailand,Gel. Serang,0,"Rp2,17Mlyr.",2170000000,2026-04-20
Thakdanai Jaihan,Singha Chiangrai United,Thailand,Gel. Serang,20,"Rp2,17Mlyr.",2170000000,2026-04-20
Carlos Iury,Singha Chiangrai United,Thailand,Sayap Kiri,0,"Rp4,35Mlyr.",4350000000,2026-04-20
Chinngoen Phutonyong,Singha Chiangrai United,Thailand,Sayap Kiri,39,"Rp1,30Mlyr.",1300000000,2026-04-20
Ongsa Singthong,Singha Chiangrai United,Thailand,Sayap Kiri,0,"Rp869,08Jt.",869080000,2026-04-20
Seung-won Lee,Singha Chiangrai United,Thailand,Sayap Kanan,0,"Rp2,17Mlyr.",2170000000,2026-04-20
Montree Promsawat,Singha Chiangrai United,Thailand,Sayap Kanan,32,"Rp1,74Mlyr.",1740000000,2026-04-20
Nanthiphat Chaiman,Singha Chiangrai United,Thailand,Sayap Kanan,0,"Rp434,54Jt.",434540000,2026-04-20
Itsuki Enomoto,Singha Chiangrai United,Thailand,Depan-Tengah,0,"Rp6,95Mlyr.",6950000000,2026-04-20
Jordan Emaviwe,Singha Chiangrai United,Thailand,Depan-Tengah,0,"Rp2,61Mlyr.",2610000000,2026-04-20
Sittichok Kannoo,Singha Chiangrai United,Thailand,Depan-Tengah,0,"Rp2,61Mlyr.",2610000000,2026-04-20
Kevin Ray Mendoza,Chonburi FC,Thailand,Kiper,0,"Rp5,21Mlyr.",5210000000,2026-04-20
Noppakun Kadtoon,Chonburi FC,Thailand,Kiper,0,"Rp2,17Mlyr.",2170000000,2026-04-20
Thanawat Panthong,Chonburi FC,Thailand,Kiper,0,"Rp434,54Jt.",434540000,2026-04-20
Siwat Chomphooviset,Chonburi FC,Thailand,Kiper,0,-,0,2026-04-20
Ratchanon Phoonpatanasab,Chonburi FC,Thailand,Bek,0,-,0,2026-04-20
Jefferson Tabinas,Chonburi FC,Thailand,Bek-Tengah,0,"Rp5,21Mlyr.",5210000000,2026-04-20
Kike Linares,Chonburi FC,Thailand,Bek-Tengah,0,"Rp2,61Mlyr.",2610000000,2026-04-20
Nattapong Sayriya,Chonburi FC,Thailand,Bek-Tengah,37,"Rp2,17Mlyr.",2170000000,2026-04-20
Jorge Fellipe,Chonburi FC,Thailand,Bek-Tengah,0,"Rp1,74Mlyr.",1740000000,2026-04-20
Chatmongkol Rueangthanarot,Chonburi FC,Thailand,Bek-Kiri,0,"Rp2,61Mlyr.",2610000000,2026-04-20
Kittipong Sansanit,Chonburi FC,Thailand,Bek-Kiri,0,"Rp1,74Mlyr.",1740000000,2026-04-20
Thanphisit Peanksikum,Chonburi FC,Thailand,Bek-Kiri,0,-,0,2026-04-20
Wathanyu Nairatsami,Chonburi FC,Thailand,Bek-Kiri,0,-,0,2026-04-20
Santiphap Channgom,Chonburi FC,Thailand,Bek-Kanan,23,"Rp3,48Mlyr.",3480000000,2026-04-20
Thanaset Sujarit,Chonburi FC,Thailand,Bek-Kanan,36,"Rp1,74Mlyr.",1740000000,2026-04-20
Suksan Bunta,Chonburi FC,Thailand,Bek-Kanan,20,"Rp869,08Jt.",869080000,2026-04-20
Nattanan Biesamrit,Chonburi FC,Thailand,Gel. Bertahan,30,"Rp2,61Mlyr.",2610000000,2026-04-20
Richmond Darko,Chonburi FC,Thailand,Gel. Bertahan,28,"Rp1,30Mlyr.",1300000000,2026-04-20
Pathomchai Seaisakul,Chonburi FC,Thailand,Gel. Bertahan,31,"Rp869,08Jt.",869080000,2026-04-20
Tanakon Pinkaew,Chonburi FC,Thailand,Gelandang,0,-,0,2026-04-20
Queven,Chonburi FC,Thailand,Gel. Tengah,0,"Rp4,35Mlyr.",4350000000,2026-04-20
Rachata Moraksa,Chonburi FC,Thailand,Gel. Tengah,32,"Rp1,74Mlyr.",1740000000,2026-04-20
Chayathorn Tapsuvanavon,Chonburi FC,Thailand,Gel. Tengah,0,"Rp1,74Mlyr.",1740000000,2026-04-20
Channarong Promsrikaew,Chonburi FC,Thailand,Gel. Serang,0,"Rp4,35Mlyr.",4350000000,2026-04-20
Estefano Arango,Chonburi FC,Thailand,Sayap Kiri,19,"Rp2,61Mlyr.",2610000000,2026-04-20
Abo Eisa,Chonburi FC,Thailand,Sayap Kanan,0,"Rp4,35Mlyr.",4350000000,2026-04-20
Siraphop Wandee,Chonburi FC,Thailand,Sayap Kanan,21,"Rp1,30Mlyr.",1300000000,2026-04-20
Oege-Sietse van Lingen,Chonburi FC,Thailand,Depan-Tengah,0,"Rp5,21Mlyr.",5210000000,2026-04-20
Jonathan Bolingi,Chonburi FC,Thailand,Depan-Tengah,17,"Rp4,35Mlyr.",4350000000,2026-04-20
Yotsakon Burapha,Chonburi FC,Thailand,Depan-Tengah,0,"Rp1,74Mlyr.",1740000000,2026-04-20
Adisak Kraisorn,Chonburi FC,Thailand,Depan-Tengah,0,"Rp1,74Mlyr.",1740000000,2026-04-20
Kittipun Saensuk,Sukhothai FC,Thailand,Kiper,0,"Rp2,61Mlyr.",2610000000,2026-04-20
Supazin Hnupichai,Sukhothai FC,Thailand,Kiper,18,"Rp1,30Mlyr.",1300000000,2026-04-20
Phanuphong Sunon,Sukhothai FC,Thailand,Kiper,16,-,0,2026-04-20
Thitikit Samerjai,Sukhothai FC,Thailand,Kiper,28,-,0,2026-04-20
Saringkan Promsupa,Sukhothai FC,Thailand,Bek-Tengah,0,"Rp4,35Mlyr.",4350000000,2026-04-20
Cláudio,Sukhothai FC,Thailand,Bek-Tengah,0,"Rp3,48Mlyr.",3480000000,2026-04-20
Sarawut Kanlayanabandit,Sukhothai FC,Thailand,Bek-Tengah,22,"Rp1,30Mlyr.",1300000000,2026-04-20
Pattarapon Suksakit,Sukhothai FC,Thailand,Bek-Tengah,0,"Rp869,08Jt.",869080000,2026-04-20
Chaiyaphon Otton,Sukhothai FC,Thailand,Bek-Kiri,25,"Rp2,61Mlyr.",2610000000,2026-04-20
Pharadon Phatthaphon,Sukhothai FC,Thailand,Bek-Kiri,19,"Rp869,08Jt.",869080000,2026-04-20
Thiti Thumporn,Sukhothai FC,Thailand,Bek-Kanan,27,"Rp2,17Mlyr.",2170000000,2026-04-20
Surawich Logarwit,Sukhothai FC,Thailand,Bek-Kanan,0,"Rp1,30Mlyr.",1300000000,2026-04-20
Romeu,Sukhothai FC,Thailand,Gel. Bertahan,0,"Rp4,35Mlyr.",4350000000,2026-04-20
Tassanapong Mhuaddarak,Sukhothai FC,Thailand,Gel. Bertahan,17,"Rp1,74Mlyr.",1740000000,2026-04-20
Lursan Thiamrat,Sukhothai FC,Thailand,Gel. Tengah,0,"Rp1,30Mlyr.",1300000000,2026-04-20
Athirat Jantrapho,Sukhothai FC,Thailand,Gel. Tengah,39,"Rp434,54Jt.",434540000,2026-04-20
Nalu Jandke,Sukhothai FC,Thailand,Gel. Tengah,20,-,0,2026-04-20
John Baggio,Sukhothai FC,Thailand,Gel. Serang,0,"Rp4,78Mlyr.",4780000000,2026-04-20
Lucas Barreto,Sukhothai FC,Thailand,Gel. Serang,0,"Rp4,35Mlyr.",4350000000,2026-04-20
Ratchanat Aranpiroj,Sukhothai FC,Thailand,Gel. Serang,0,"Rp1,30Mlyr.",1300000000,2026-04-20
Siroch Chatthong,Sukhothai FC,Thailand,Sayap Kiri,35,"Rp2,17Mlyr.",2170000000,2026-04-20
Mateusinho,Sukhothai FC,Thailand,Sayap Kanan,0,"Rp4,35Mlyr.",4350000000,2026-04-20
Apichart Denman,Sukhothai FC,Thailand,Sayap Kanan,21,"Rp2,17Mlyr.",2170000000,2026-04-20
Eito Ishimoto,Sukhothai FC,Thailand,Sayap Kanan,0,"Rp1,30Mlyr.",1300000000,2026-04-20
Phattharaphon Jansuwan,Sukhothai FC,Thailand,Sayap Kanan,24,"Rp869,08Jt.",869080000,2026-04-20
Gildo,Sukhothai FC,Thailand,Depan-Tengah,0,"Rp2,17Mlyr.",2170000000,2026-04-20
João Paredes,Sukhothai FC,Thailand,Depan-Tengah,0,"Rp1,74Mlyr.",1740000000,2026-04-20
Phiraphat Khamphaeng,Sukhothai FC,Thailand,Depan-Tengah,29,"Rp434,54Jt.",434540000,2026-04-20
Chirawat Wangthaphan,Uthai Thani FC,Thailand,Kiper,26,"Rp2,17Mlyr.",2170000000,2026-04-20
Boonyakait Wongsajaem,Uthai Thani FC,Thailand,Kiper,18,"Rp1,74Mlyr.",1740000000,2026-04-20
Worawut Sukhuna,Uthai Thani FC,Thailand,Kiper,24,"Rp1,30Mlyr.",1300000000,2026-04-20
Thanakorn Waiyawut,Uthai Thani FC,Thailand,Kiper,0,"Rp434,54Jt.",434540000,2026-04-20
Martin Angha,Uthai Thani FC,Thailand,Bek-Tengah,0,"Rp6,08Mlyr.",6080000000,2026-04-20
Marcelo Djaló,Uthai Thani FC,Thailand,Bek-Tengah,0,"Rp4,35Mlyr.",4350000000,2026-04-20
Soe Moe Kyaw,Uthai Thani FC,Thailand,Bek-Tengah,0,"Rp1,74Mlyr.",1740000000,2026-04-20
Wattana Playnum,Uthai Thani FC,Thailand,Bek-Tengah,19,"Rp1,30Mlyr.",1300000000,2026-04-20
Thitathorn Auksornsri,Uthai Thani FC,Thailand,Bek-Kiri,0,"Rp3,48Mlyr.",3480000000,2026-04-20
Thanison Paibulkijcharoen,Uthai Thani FC,Thailand,Bek-Kiri,0,"Rp2,61Mlyr.",2610000000,2026-04-20
James Beresford,Uthai Thani FC,Thailand,Bek-Kanan,27,"Rp4,35Mlyr.",4350000000,2026-04-20
Jakkit Wachpirom,Uthai Thani FC,Thailand,Bek-Kanan,17,"Rp1,30Mlyr.",1300000000,2026-04-20
Possawee Muanmart,Uthai Thani FC,Thailand,Bek-Kanan,0,-,0,2026-04-20
Christian Gomis,Uthai Thani FC,Thailand,Gel. Bertahan,0,"Rp6,95Mlyr.",6950000000,2026-04-20
William Weidersjö,Uthai Thani FC,Thailand,Gel. Bertahan,0,"Rp5,21Mlyr.",5210000000,2026-04-20
Atikhun Meethoum,Uthai Thani FC,Thailand,Gel. Bertahan,0,"Rp1,74Mlyr.",1740000000,2026-04-20
Harhys Stewart,Uthai Thani FC,Thailand,Gel. Tengah,30,"Rp5,21Mlyr.",5210000000,2026-04-20
Airfan Doloh,Uthai Thani FC,Thailand,Gel. Tengah,0,"Rp3,48Mlyr.",3480000000,2026-04-20
Sirimongkol Rattanapoom,Uthai Thani FC,Thailand,Gel. Tengah,21,"Rp1,30Mlyr.",1300000000,2026-04-20
Narakorn Noomchansakool,Uthai Thani FC,Thailand,Gel. Tengah,23,"Rp869,08Jt.",869080000,2026-04-20
Kristoffer Ryberg,Uthai Thani FC,Thailand,Gel. Tengah,0,"Rp434,54Jt.",434540000,2026-04-20
Ben Davis,Uthai Thani FC,Thailand,Gel. Serang,0,"Rp6,08Mlyr.",6080000000,2026-04-20
Pavarit Boonmalert,Uthai Thani FC,Thailand,Gel. Serang,0,"Rp434,54Jt.",434540000,2026-04-20
Sumanya Purisay,Uthai Thani FC,Thailand,Gel. Serang,0,-,0,2026-04-20
Leandro Ribeiro,Uthai Thani FC,Thailand,Sayap Kiri,0,"Rp6,08Mlyr.",6080000000,2026-04-20
Kelvin Oliveira,Uthai Thani FC,Thailand,Sayap Kanan,22,"Rp1,74Mlyr.",1740000000,2026-04-20
Amornthep Maundee,Uthai Thani FC,Thailand,Sayap Kanan,0,"Rp1,30Mlyr.",1300000000,2026-04-20
Nontapat Naksawat,Uthai Thani FC,Thailand,Sayap Kanan,20,"Rp1,30Mlyr.",1300000000,2026-04-20
Bruno Baio,Uthai Thani FC,Thailand,Depan-Tengah,0,"Rp6,95Mlyr.",6950000000,2026-04-20
Mo Eisa,Uthai Thani FC,Thailand,Depan-Tengah,0,"Rp5,21Mlyr.",5210000000,2026-04-20
Danai Smart,Uthai Thani FC,Thailand,Depan-Tengah,0,"Rp434,54Jt.",434540000,2026-04-20
Somporn Yos,Port FC,Thailand,Kiper,0,"Rp2,61Mlyr.",2610000000,2026-04-20
Michael Falkesgaard,Port FC,Thailand,Kiper,0,"Rp1,30Mlyr.",1300000000,2026-04-20
Sarawut Konglap,Port FC,Thailand,Kiper,35,-,0,2026-04-20
Rangsiman Kemmueang,Port FC,Thailand,Kiper,40,-,0,2026-04-20
Matheus Lins,Port FC,Thailand,Bek-Tengah,0,"Rp6,08Mlyr.",6080000000,2026-04-20
Irfan Fandi,Port FC,Thailand,Bek-Tengah,17,"Rp4,35Mlyr.",4350000000,2026-04-20
Peerawat Akkratum,Port FC,Thailand,Bek-Tengah,36,"Rp3,48Mlyr.",3480000000,2026-04-20
Chinnawat Wongchai,Port FC,Thailand,Bek-Tengah,16,"Rp1,74Mlyr.",1740000000,2026-04-20
Rebin Sulaka,Port FC,Thailand,Bek-Tengah,22,"Rp1,74Mlyr.",1740000000,2026-04-20
Chaiyawat Buran,Port FC,Thailand,Bek-Kiri,26,"Rp2,61Mlyr.",2610000000,2026-04-20
Hugo Boutsingkham,Port FC,Thailand,Bek-Kiri,23,"Rp1,30Mlyr.",1300000000,2026-04-20
Asnawi Mangkualam,Port FC,Thailand,Bek-Kanan,0,"Rp7,82Mlyr.",7820000000,2026-04-20
Suphanan Bureerat,Port FC,Thailand,Bek-Kanan,0,"Rp4,35Mlyr.",4350000000,2026-04-20
Noboru Shimura,Port FC,Thailand,Gel. Bertahan,33,"Rp5,21Mlyr.",5210000000,2026-04-20
Tanaboon Kesarat,Port FC,Thailand,Gel. Bertahan,0,"Rp2,61Mlyr.",2610000000,2026-04-20
Sittha Boonlha,Port FC,Thailand,Gel. Bertahan,0,"Rp2,17Mlyr.",2170000000,2026-04-20
Peeradol Chamrasamee,Port FC,Thailand,Gel. Tengah,0,"Rp4,35Mlyr.",4350000000,2026-04-20
Worachit Kanitsribumphen,Port FC,Thailand,Gel. Serang,44,"Rp6,08Mlyr.",6080000000,2026-04-20
Sivakorn Tiatrakul,Port FC,Thailand,Gel. Serang,21,"Rp3,48Mlyr.",3480000000,2026-04-20
Chanukan Karin,Port FC,Thailand,Gel. Serang,0,"Rp2,61Mlyr.",2610000000,2026-04-20
Athit Berg,Port FC,Thailand,Gel. Serang,0,"Rp2,61Mlyr.",2610000000,2026-04-20
Tanapat Hongkhiao,Port FC,Thailand,Gel. Serang,30,-,0,2026-04-20
Bordin Phala,Port FC,Thailand,Sayap Kiri,0,"Rp6,95Mlyr.",6950000000,2026-04-20
Kaká Mendes,Port FC,Thailand,Sayap Kiri,0,"Rp3,48Mlyr.",3480000000,2026-04-20
Natthakit Phosri,Port FC,Thailand,Sayap Kiri,38,"Rp869,08Jt.",869080000,2026-04-20
Lucas Tocantins,Port FC,Thailand,Sayap Kanan,27,"Rp3,04Mlyr.",3040000000,2026-04-20
Teerasak Poeiphimai,Port FC,Thailand,Depan-Tengah,0,"Rp7,82Mlyr.",7820000000,2026-04-20
Brayan Perea,Port FC,Thailand,Depan-Tengah,18,"Rp6,08Mlyr.",6080000000,2026-04-20
Leo Kalil,Port FC,Thailand,Depan-Tengah,0,"Rp2,17Mlyr.",2170000000,2026-04-20
Patiwat Khammai,True Bangkok United,Thailand,Kiper,0,"Rp6,95Mlyr.",6950000000,2026-04-20
Phuwadol Pholsongkram,True Bangkok United,Thailand,Kiper,29,"Rp2,61Mlyr.",2610000000,2026-04-20
Chinnapong Raksri,True Bangkok United,Thailand,Kiper,38,"Rp869,08Jt.",869080000,2026-04-20
Supanut Sudathip,True Bangkok United,Thailand,Kiper,0,-,0,2026-04-20
Philipe Maia,True Bangkok United,Thailand,Bek-Tengah,0,"Rp6,08Mlyr.",6080000000,2026-04-20
Suphan Thongsong,True Bangkok United,Thailand,Bek-Tengah,26,"Rp5,21Mlyr.",5210000000,2026-04-20
Jakkaphan Praisuwan,True Bangkok United,Thailand,Bek-Tengah,36,"Rp3,48Mlyr.",3480000000,2026-04-20
Everton,True Bangkok United,Thailand,Bek-Tengah,0,"Rp3,04Mlyr.",3040000000,2026-04-20
Manuel Bihr,True Bangkok United,Thailand,Bek-Tengah,0,"Rp2,17Mlyr.",2170000000,2026-04-20
Wichan Inaram,True Bangkok United,Thailand,Bek-Tengah,0,"Rp434,54Jt.",434540000,2026-04-20
Ki-je Lee,True Bangkok United,Thailand,Bek-Kiri,23,"Rp5,21Mlyr.",5210000000,2026-04-20
Pratama Arhan,True Bangkok United,Thailand,Bek-Kiri,21,"Rp3,48Mlyr.",3480000000,2026-04-20
Wanchai Jarunongkran,True Bangkok United,Thailand,Bek-Kiri,24,"Rp3,48Mlyr.",3480000000,2026-04-20
Surachai Booncharee,True Bangkok United,Thailand,Bek-Kiri,43,-,0,2026-04-20
Nitipong Selanon,True Bangkok United,Thailand,Bek-Kanan,0,"Rp3,48Mlyr.",3480000000,2026-04-20
Boontawee Thepwong,True Bangkok United,Thailand,Bek-Kanan,0,"Rp1,74Mlyr.",1740000000,2026-04-20
Nontapat Ploymee,True Bangkok United,Thailand,Bek-Kanan,0,-,0,2026-04-20
Weerathep Pomphun,True Bangkok United,Thailand,Gel. Bertahan,27,"Rp6,08Mlyr.",6080000000,2026-04-20
Wisarut Imura,True Bangkok United,Thailand,Gel. Bertahan,0,"Rp2,17Mlyr.",2170000000,2026-04-20
Pichaya Kongsri,True Bangkok United,Thailand,Gel. Bertahan,0,-,0,2026-04-20
Nebojsa Kosovic,True Bangkok United,Thailand,Gel. Tengah,33,"Rp8,69Mlyr.",8690000000,2026-04-20
Thitiphan Puangchan,True Bangkok United,Thailand,Gel. Tengah,18,"Rp5,21Mlyr.",5210000000,2026-04-20
Picha Autra,True Bangkok United,Thailand,Gel. Tengah,37,"Rp4,35Mlyr.",4350000000,2026-04-20
Pokklaw Anan,True Bangkok United,Thailand,Gel. Tengah,39,"Rp2,61Mlyr.",2610000000,2026-04-20
Aekkarat Sansuwan,True Bangkok United,Thailand,Gel. Tengah,0,-,0,2026-04-20
Pachara Wangsawat,True Bangkok United,Thailand,Gel. Tengah,0,-,0,2026-04-20
Arthur,True Bangkok United,Thailand,Sayap Kiri,0,"Rp3,91Mlyr.",3910000000,2026-04-20
Chayawat Srinawong,True Bangkok United,Thailand,Sayap Kiri,19,"Rp1,74Mlyr.",1740000000,2026-04-20
Achita Nawathit,True Bangkok United,Thailand,Sayap Kiri,0,-,0,2026-04-20
Ilias Alhaft,True Bangkok United,Thailand,Sayap Kanan,0,"Rp6,08Mlyr.",6080000000,2026-04-20
Rungrath Poomchantuek,True Bangkok United,Thailand,Sayap Kanan,0,"Rp3,04Mlyr.",3040000000,2026-04-20
Narakorn Kangkratok,True Bangkok United,Thailand,Sayap Kanan,32,"Rp1,74Mlyr.",1740000000,2026-04-20
Krit Klangpan,True Bangkok United,Thailand,Sayap Kanan,0,-,0,2026-04-20
Seia Kunori,True Bangkok United,Thailand,Depan-Kedua,17,"Rp7,82Mlyr.",7820000000,2026-04-20
Muhsen Al-Ghassani,True Bangkok United,Thailand,Depan-Tengah,16,"Rp15,64Mlyr.",15640000000,2026-04-20
Richairo Zivkovic,True Bangkok United,Thailand,Depan-Tengah,30,"Rp13,91Mlyr.",13910000000,2026-04-20
Rivaldinho,True Bangkok United,Thailand,Depan-Tengah,0,"Rp6,95Mlyr.",6950000000,2026-04-20
Guntapon Keereeleang,True Bangkok United,Thailand,Depan-Tengah,20,"Rp2,61Mlyr.",2610000000,2026-04-20
Teerasil Dangda,True Bangkok United,Thailand,Depan-Tengah,0,"Rp1,74Mlyr.",1740000000,2026-04-20
Thanawat Deelert,True Bangkok United,Thailand,Depan-Tengah,0,-,0,2026-04-20
Armin Gremsl,Muangthong United,Thailand,Kiper,0,"Rp3,48Mlyr.",3480000000,2026-04-20
Korrakot Pipatnadda,Muangthong United,Thailand,Kiper,33,"Rp3,48Mlyr.",3480000000,2026-04-20
Rithisak Kalaya,Muangthong United,Thailand,Kiper,38,-,0,2026-04-20
Khomsan Sanphiphan,Muangthong United,Thailand,Kiper,31,-,0,2026-04-20
Stefan Tsonkov,Muangthong United,Thailand,Bek-Tengah,0,"Rp4,35Mlyr.",4350000000,2026-04-20
Nelson Orji,Muangthong United,Thailand,Bek-Tengah,0,"Rp3,48Mlyr.",3480000000,2026-04-20
Songwut Kraikruan,Muangthong United,Thailand,Bek-Tengah,29,"Rp2,61Mlyr.",2610000000,2026-04-20
Dong-su Kim,Muangthong United,Thailand,Bek-Tengah,28,"Rp1,74Mlyr.",1740000000,2026-04-20
Theekawin Chansri,Muangthong United,Thailand,Bek-Tengah,35,"Rp1,30Mlyr.",1300000000,2026-04-20
James Falconer,Muangthong United,Thailand,Bek-Tengah,0,"Rp434,54Jt.",434540000,2026-04-20
Michael Kempter,Muangthong United,Thailand,Bek-Kiri,27,"Rp3,48Mlyr.",3480000000,2026-04-20
Wattanakorn Sawatlakhorn,Muangthong United,Thailand,Bek-Kiri,0,"Rp1,30Mlyr.",1300000000,2026-04-20
Tristan Do,Muangthong United,Thailand,Bek-Kanan,19,"Rp2,61Mlyr.",2610000000,2026-04-20
John-Patrick Strauß,Muangthong United,Thailand,Gel. Bertahan,0,"Rp5,21Mlyr.",5210000000,2026-04-20
Siradanai Phosri,Muangthong United,Thailand,Gel. Bertahan,23,"Rp869,08Jt.",869080000,2026-04-20
Nitisak Anulun,Muangthong United,Thailand,Gel. Bertahan,30,-,0,2026-04-20
Sorawit Panthong,Muangthong United,Thailand,Gel. Tengah,0,"Rp2,61Mlyr.",2610000000,2026-04-20
Wongsakorn Chaikultewin,Muangthong United,Thailand,Gel. Tengah,16,"Rp1,30Mlyr.",1300000000,2026-04-20
Thiraphat Nuntagowat,Muangthong United,Thailand,Gel. Tengah,22,"Rp1,30Mlyr.",1300000000,2026-04-20
Danuphon Buppha,Muangthong United,Thailand,Gel. Tengah,18,"Rp434,54Jt.",434540000,2026-04-20
Kittapak Seangsawat,Muangthong United,Thailand,Gel. Tengah,39,"Rp434,54Jt.",434540000,2026-04-20
Kakana Khamyok,Muangthong United,Thailand,Gel. Serang,34,"Rp4,35Mlyr.",4350000000,2026-04-20
Anass Ahannach,Muangthong United,Thailand,Gel. Serang,24,"Rp3,04Mlyr.",3040000000,2026-04-20
Piyanat Thodsanid,Muangthong United,Thailand,Gel. Serang,17,"Rp434,54Jt.",434540000,2026-04-20
Willian Popp,Muangthong United,Thailand,Sayap Kiri,0,"Rp6,95Mlyr.",6950000000,2026-04-20
Melvyn Lorenzen,Muangthong United,Thailand,Sayap Kiri,0,"Rp5,21Mlyr.",5210000000,2026-04-20
Emil Roback,Muangthong United,Thailand,Sayap Kiri,0,"Rp4,35Mlyr.",4350000000,2026-04-20
Korawich Tasa,Muangthong United,Thailand,Sayap Kanan,0,"Rp2,61Mlyr.",2610000000,2026-04-20
Purachet Thodsanid,Muangthong United,Thailand,Sayap Kanan,21,"Rp2,61Mlyr.",2610000000,2026-04-20
Marko Saric,Muangthong United,Thailand,Depan-Tengah,0,"Rp6,08Mlyr.",6080000000,2026-04-20
Sarayut Yoosuebchuea,Muangthong United,Thailand,Depan-Tengah,20,"Rp1,30Mlyr.",1300000000,2026-04-20
Kampol Pathomakkakul,Ratchaburi FC,Thailand,Kiper,0,"Rp3,48Mlyr.",3480000000,2026-04-20
Ukrit Wongmeema,Ratchaburi FC,Thailand,Kiper,0,"Rp869,08Jt.",869080000,2026-04-20
Peerapong Watjanapayon,Ratchaburi FC,Thailand,Kiper,0,-,0,2026-04-20
Atituch Chankar,Ratchaburi FC,Thailand,Kiper,39,-,0,2026-04-20
Jonathan Khemdee,Ratchaburi FC,Thailand,Bek-Tengah,0,"Rp7,82Mlyr.",7820000000,2026-04-20
Gabriel Mutombo,Ratchaburi FC,Thailand,Bek-Tengah,0,"Rp6,08Mlyr.",6080000000,2026-04-20
Adisorn Promrak,Ratchaburi FC,Thailand,Bek-Tengah,0,"Rp2,61Mlyr.",2610000000,2026-04-20
Pethay Promjan,Ratchaburi FC,Thailand,Bek-Tengah,33,"Rp434,54Jt.",434540000,2026-04-20
Kevin Deeromram,Ratchaburi FC,Thailand,Bek-Kiri,23,"Rp7,82Mlyr.",7820000000,2026-04-20
Sidcley,Ratchaburi FC,Thailand,Bek-Kiri,0,"Rp3,04Mlyr.",3040000000,2026-04-20
Daniel Ting,Ratchaburi FC,Thailand,Bek-Kiri,0,"Rp2,61Mlyr.",2610000000,2026-04-20
Kiatisak Chiamudom,Ratchaburi FC,Thailand,Bek-Kiri,29,"Rp2,61Mlyr.",2610000000,2026-04-20
Jesse Curran,Ratchaburi FC,Thailand,Bek-Kanan,27,"Rp5,21Mlyr.",5210000000,2026-04-20
Suporn Peenagatapho,Ratchaburi FC,Thailand,Bek-Kanan,19,"Rp2,61Mlyr.",2610000000,2026-04-20
Kritsananon Srisuwan,Ratchaburi FC,Thailand,Gel. Bertahan,37,"Rp3,48Mlyr.",3480000000,2026-04-20
Thossawat Limwannasthian,Ratchaburi FC,Thailand,Gel. Bertahan,28,"Rp3,04Mlyr.",3040000000,2026-04-20
Thanawat Suengchitthawon,Ratchaburi FC,Thailand,Gel. Tengah,0,"Rp6,08Mlyr.",6080000000,2026-04-20
Roque Mesa,Ratchaburi FC,Thailand,Gel. Tengah,0,"Rp5,21Mlyr.",5210000000,2026-04-20
Jakkaphan Kaewprom,Ratchaburi FC,Thailand,Gel. Tengah,0,"Rp1,74Mlyr.",1740000000,2026-04-20
Siwakorn Jakkuprasat,Ratchaburi FC,Thailand,Gel. Tengah,16,"Rp1,74Mlyr.",1740000000,2026-04-20
Tana,Ratchaburi FC,Thailand,Gel. Serang,0,"Rp1,74Mlyr.",1740000000,2026-04-20
Teeraphol Yoryoei,Ratchaburi FC,Thailand,Gel. Serang,18,"Rp1,74Mlyr.",1740000000,2026-04-20
Njiva Rakotoharimalala,Ratchaburi FC,Thailand,Sayap Kiri,0,"Rp3,91Mlyr.",3910000000,2026-04-20
Faiq Bolkiah,Ratchaburi FC,Thailand,Sayap Kiri,0,"Rp2,61Mlyr.",2610000000,2026-04-20
Jaroensak Wonggorn,Ratchaburi FC,Thailand,Sayap Kanan,24,"Rp5,21Mlyr.",5210000000,2026-04-20
Negueba,Ratchaburi FC,Thailand,Sayap Kanan,0,"Rp3,91Mlyr.",3910000000,2026-04-20
Chotipat Poomkaew,Ratchaburi FC,Thailand,Sayap Kanan,0,"Rp2,17Mlyr.",2170000000,2026-04-20
Denilson Junior,Ratchaburi FC,Thailand,Depan-Tengah,0,"Rp8,69Mlyr.",8690000000,2026-04-20
Gleyson,Ratchaburi FC,Thailand,Depan-Tengah,0,"Rp3,48Mlyr.",3480000000,2026-04-20
Saranon Anuin,BG Pathum United,Thailand,Kiper,28,"Rp4,35Mlyr.",4350000000,2026-04-20
Nalawich Inthacharoen,BG Pathum United,Thailand,Kiper,0,"Rp869,08Jt.",869080000,2026-04-20
Pisan Dorkmaikaew,BG Pathum United,Thailand,Kiper,0,"Rp869,08Jt.",869080000,2026-04-20
Chanasorn Kaewyos,BG Pathum United,Thailand,Kiper,0,-,0,2026-04-20
Elias Dolah,BG Pathum United,Thailand,Bek-Tengah,44,"Rp5,21Mlyr.",5210000000,2026-04-20
Takaki Ose,BG Pathum United,Thailand,Bek-Tengah,0,"Rp3,48Mlyr.",3480000000,2026-04-20
Nika Sandokhadze,BG Pathum United,Thailand,Bek-Tengah,16,"Rp3,48Mlyr.",3480000000,2026-04-20
Chanapach Buaphan,BG Pathum United,Thailand,Bek-Tengah,0,"Rp2,17Mlyr.",2170000000,2026-04-20
Nattawut Wongsawang,BG Pathum United,Thailand,Bek-Tengah,0,"Rp869,08Jt.",869080000,2026-04-20
Nathan James,BG Pathum United,Thailand,Bek-Tengah,22,"Rp434,54Jt.",434540000,2026-04-20
Sanchai Nonthasila,BG Pathum United,Thailand,Bek-Kiri,0,"Rp2,61Mlyr.",2610000000,2026-04-20
Warinthon Jamnongwat,BG Pathum United,Thailand,Bek-Kiri,29,"Rp2,17Mlyr.",2170000000,2026-04-20
Thanawat Pimyotha,BG Pathum United,Thailand,Bek-Kiri,24,"Rp1,74Mlyr.",1740000000,2026-04-20
Photthavong Sangvilay,BG Pathum United,Thailand,Bek-Kiri,33,"Rp1,74Mlyr.",1740000000,2026-04-20
Waris Choolthong,BG Pathum United,Thailand,Bek-Kanan,0,"Rp3,48Mlyr.",3480000000,2026-04-20
Riku Matsuda,BG Pathum United,Thailand,Bek-Kanan,0,"Rp2,61Mlyr.",2610000000,2026-04-20
Kritsada Kaman,BG Pathum United,Thailand,Gel. Bertahan,0,"Rp6,95Mlyr.",6950000000,2026-04-20
Sarach Yooyen,BG Pathum United,Thailand,Gel. Bertahan,0,"Rp4,35Mlyr.",4350000000,2026-04-20
Gakuto Notsuda,BG Pathum United,Thailand,Gel. Tengah,17,"Rp6,95Mlyr.",6950000000,2026-04-20
Chatmongkol Tongkiri,BG Pathum United,Thailand,Gel. Tengah,0,"Rp2,61Mlyr.",2610000000,2026-04-20
Pongrawit Jantawong,BG Pathum United,Thailand,Gel. Tengah,27,"Rp1,74Mlyr.",1740000000,2026-04-20
Chanathip Songkrasin,BG Pathum United,Thailand,Gel. Serang,18,"Rp13,91Mlyr.",13910000000,2026-04-20
Lucas Andersen,BG Pathum United,Thailand,Gel. Serang,0,"Rp5,21Mlyr.",5210000000,2026-04-20
Yoshiaki Takagi,BG Pathum United,Thailand,Gel. Serang,31,"Rp4,35Mlyr.",4350000000,2026-04-20
Ekanit Panya,BG Pathum United,Thailand,Sayap Kiri,0,"Rp6,08Mlyr.",6080000000,2026-04-20
Itthimon Tippanet,BG Pathum United,Thailand,Sayap Kiri,30,-,0,2026-04-20
Surachat Sareepim,BG Pathum United,Thailand,Sayap Kanan,0,"Rp869,08Jt.",869080000,2026-04-20
Pichaya Chaiwarangkun,BG Pathum United,Thailand,Sayap Kanan,19,-,0,2026-04-20
Witthawat Phraothaisong,BG Pathum United,Thailand,Sayap Kanan,0,-,0,2026-04-20
Raniel,BG Pathum United,Thailand,Depan-Tengah,0,"Rp13,04Mlyr.",13040000000,2026-04-20
Tomoyuki Doi,BG Pathum United,Thailand,Depan-Tengah,0,"Rp8,69Mlyr.",8690000000,2026-04-20
Patrik Gustavsson,BG Pathum United,Thailand,Depan-Tengah,0,"Rp6,95Mlyr.",6950000000,2026-04-20
Matheus Fornazari,BG Pathum United,Thailand,Depan-Tengah,0,"Rp6,08Mlyr.",6080000000,2026-04-20
Ikhsan Fandi,BG Pathum United,Thailand,Depan-Tengah,0,"Rp4,35Mlyr.",4350000000,2026-04-20
Siwakorn Ponsan,BG Pathum United,Thailand,Depan-Tengah,0,"Rp434,54Jt.",434540000,2026-04-20
Worawut Srisupha,Rayong FC,Thailand,Kiper,36,"Rp2,17Mlyr.",2170000000,2026-04-20
Wichaya Ganthong,Rayong FC,Thailand,Kiper,30,"Rp1,74Mlyr.",1740000000,2026-04-20
Chainarong Boonkerd,Rayong FC,Thailand,Kiper,0,"Rp869,08Jt.",869080000,2026-04-20
Ketanuson Junrung,Rayong FC,Thailand,Kiper,0,-,0,2026-04-20
Leonardo Justiniano,Rayong FC,Thailand,Bek-Tengah,20,"Rp7,82Mlyr.",7820000000,2026-04-20
Kritsada Nontharat,Rayong FC,Thailand,Bek-Tengah,35,"Rp3,48Mlyr.",3480000000,2026-04-20
Stefan Cebara,Rayong FC,Thailand,Bek-Tengah,0,"Rp1,74Mlyr.",1740000000,2026-04-20
Maxx Creevey,Rayong FC,Thailand,Bek-Tengah,23,"Rp1,74Mlyr.",1740000000,2026-04-20
Saharat Pongsuwan,Rayong FC,Thailand,Bek-Kiri,0,"Rp2,17Mlyr.",2170000000,2026-04-20
Jaturapat Sattham,Rayong FC,Thailand,Bek-Kiri,24,"Rp1,74Mlyr.",1740000000,2026-04-20
Parkin Harape,Rayong FC,Thailand,Bek-Kiri,31,"Rp1,30Mlyr.",1300000000,2026-04-20
Supawit Romphopak,Rayong FC,Thailand,Bek-Kanan,19,"Rp2,17Mlyr.",2170000000,2026-04-20
Wasusiwakit Phusirit,Rayong FC,Thailand,Bek-Kanan,0,"Rp1,74Mlyr.",1740000000,2026-04-20
Saharat Sontisawat,Rayong FC,Thailand,Gel. Bertahan,0,"Rp3,48Mlyr.",3480000000,2026-04-20
João Afonso,Rayong FC,Thailand,Gel. Bertahan,0,"Rp2,61Mlyr.",2610000000,2026-04-20
Hiromichi Katano,Rayong FC,Thailand,Gel. Bertahan,0,"Rp869,08Jt.",869080000,2026-04-20
Nonthawat Bathong,Rayong FC,Thailand,Gel. Bertahan,0,-,0,2026-04-20
Wattanapong Withunat,Rayong FC,Thailand,Gel. Bertahan,0,-,0,2026-04-20
Porrameth Ittiprasert,Rayong FC,Thailand,Gel. Bertahan,0,-,0,2026-04-20
Manuel Ott,Rayong FC,Thailand,Gel. Tengah,0,"Rp3,48Mlyr.",3480000000,2026-04-20
Seksan Ratree,Rayong FC,Thailand,Gel. Serang,22,"Rp6,08Mlyr.",6080000000,2026-04-20
Somkaet Kunmee,Rayong FC,Thailand,Gel. Serang,0,"Rp1,74Mlyr.",1740000000,2026-04-20
Peerapat Kaminthong,Rayong FC,Thailand,Gel. Serang,0,"Rp869,08Jt.",869080000,2026-04-20
Ryoma Ito,Rayong FC,Thailand,Sayap Kiri,41,"Rp4,35Mlyr.",4350000000,2026-04-20
Matee Sarakum,Rayong FC,Thailand,Sayap Kiri,0,"Rp1,74Mlyr.",1740000000,2026-04-20
Keven Alemán,Rayong FC,Thailand,Sayap Kanan,0,"Rp2,61Mlyr.",2610000000,2026-04-20
Anon Amornlerdsak,Rayong FC,Thailand,Sayap Kanan,27,"Rp2,17Mlyr.",2170000000,2026-04-20
Weslen Junior,Rayong FC,Thailand,Depan-Tengah,0,"Rp5,21Mlyr.",5210000000,2026-04-20
Stenio Junior,Rayong FC,Thailand,Depan-Tengah,18,"Rp2,17Mlyr.",2170000000,2026-04-20
Thanphisit Hempandan,Rayong FC,Thailand,Depan-Tengah,0,"Rp869,08Jt.",869080000,2026-04-20
Rattanai Songsangchan,PT Prachuap FC,Thailand,Kiper,0,"Rp1,74Mlyr.",1740000000,2026-04-20
Wattanachai Srathongjan,PT Prachuap FC,Thailand,Kiper,39,"Rp1,74Mlyr.",1740000000,2026-04-20
Soponwit Rakyart,PT Prachuap FC,Thailand,Kiper,18,"Rp1,30Mlyr.",1300000000,2026-04-20
Bernardo Vilar,PT Prachuap FC,Thailand,Bek-Tengah,0,"Rp6,08Mlyr.",6080000000,2026-04-20
Jesper Nyholm,PT Prachuap FC,Thailand,Bek-Tengah,0,"Rp2,61Mlyr.",2610000000,2026-04-20
Adrian Ugelvik,PT Prachuap FC,Thailand,Bek-Tengah,0,"Rp2,17Mlyr.",2170000000,2026-04-20
Airton Tirabassi,PT Prachuap FC,Thailand,Bek-Tengah,0,"Rp2,17Mlyr.",2170000000,2026-04-20
Wanchat Choosong,PT Prachuap FC,Thailand,Bek-Tengah,0,"Rp1,30Mlyr.",1300000000,2026-04-20
Apisit Sorada,PT Prachuap FC,Thailand,Bek-Kiri,21,"Rp3,48Mlyr.",3480000000,2026-04-20
Nick Taylor,PT Prachuap FC,Thailand,Bek-Kiri,0,"Rp2,61Mlyr.",2610000000,2026-04-20
Phon-Ek Maneekorn,PT Prachuap FC,Thailand,Bek-Kiri,0,"Rp2,17Mlyr.",2170000000,2026-04-20
Oussama Thiangkham,PT Prachuap FC,Thailand,Bek-Kiri,0,"Rp434,54Jt.",434540000,2026-04-20
Jirapan Phasukihan,PT Prachuap FC,Thailand,Bek-Kanan,0,"Rp2,61Mlyr.",2610000000,2026-04-20
Kannarin Thawornsak,PT Prachuap FC,Thailand,Gel. Bertahan,23,"Rp3,48Mlyr.",3480000000,2026-04-20
Wuttikai Sritong,PT Prachuap FC,Thailand,Gelandang,44,-,0,2026-04-20
Koki Tsukagawa,PT Prachuap FC,Thailand,Gel. Tengah,0,"Rp3,48Mlyr.",3480000000,2026-04-20
Chaowat Veerachart,PT Prachuap FC,Thailand,Gel. Tengah,40,"Rp3,48Mlyr.",3480000000,2026-04-20
Prasid Jantum,PT Prachuap FC,Thailand,Gel. Tengah,0,"Rp1,74Mlyr.",1740000000,2026-04-20
Jittiphat Wasungnoen,PT Prachuap FC,Thailand,Gel. Tengah,30,"Rp1,30Mlyr.",1300000000,2026-04-20
Saharat Kanyaroj,PT Prachuap FC,Thailand,Gel. Serang,0,"Rp2,17Mlyr.",2170000000,2026-04-20
Tauã,PT Prachuap FC,Thailand,Sayap Kiri,0,"Rp5,21Mlyr.",5210000000,2026-04-20
Iklas Sanron,PT Prachuap FC,Thailand,Sayap Kiri,0,"Rp2,61Mlyr.",2610000000,2026-04-20
Chitsanuphong Phimpsang,PT Prachuap FC,Thailand,Sayap Kiri,0,"Rp2,17Mlyr.",2170000000,2026-04-20
Phanthamit Praphanth,PT Prachuap FC,Thailand,Sayap Kanan,41,"Rp2,61Mlyr.",2610000000,2026-04-20
Michel,PT Prachuap FC,Thailand,Depan-Tengah,20,"Rp5,21Mlyr.",5210000000,2026-04-20
Edgar Méndez,PT Prachuap FC,Thailand,Depan-Tengah,17,"Rp4,35Mlyr.",4350000000,2026-04-20
Jeong-hyeop Lee,PT Prachuap FC,Thailand,Depan-Tengah,0,"Rp2,17Mlyr.",2170000000,2026-04-20
Jehhanafee Mamah,PT Prachuap FC,Thailand,Depan-Tengah,0,"Rp869,08Jt.",869080000,2026-04-20
Soffan Sanron,PT Prachuap FC,Thailand,Penyerang,28,-,0,2026-04-20
Warut Makemusik,Ayutthaya United,Thailand,Kiper,0,"Rp1,74Mlyr.",1740000000,2026-04-20
Narongsak Naengwongsa,Ayutthaya United,Thailand,Kiper,25,"Rp869,08Jt.",869080000,2026-04-20
Suthipong Pisansub,Ayutthaya United,Thailand,Kiper,39,"Rp434,54Jt.",434540000,2026-04-20
Teerat Nakchamnan,Ayutthaya United,Thailand,Kiper,27,-,0,2026-04-20
Hyun-soo Hwang,Ayutthaya United,Thailand,Bek-Tengah,0,"Rp5,21Mlyr.",5210000000,2026-04-20
Noah Leddel,Ayutthaya United,Thailand,Bek-Tengah,0,"Rp2,17Mlyr.",2170000000,2026-04-20
Wellington Priori,Ayutthaya United,Thailand,Bek-Tengah,0,"Rp1,74Mlyr.",1740000000,2026-04-20
Worawut Namvech,Ayutthaya United,Thailand,Bek-Tengah,24,"Rp1,30Mlyr.",1300000000,2026-04-20
Worawut Sataporn,Ayutthaya United,Thailand,Bek-Tengah,26,"Rp1,30Mlyr.",1300000000,2026-04-20
Chiraphong Raksongkham,Ayutthaya United,Thailand,Bek-Tengah,0,"Rp434,54Jt.",434540000,2026-04-20
Bhumchanok Kamkla,Ayutthaya United,Thailand,Bek-Kiri,16,"Rp2,17Mlyr.",2170000000,2026-04-20
Chanon Tamma,Ayutthaya United,Thailand,Bek-Kiri,0,"Rp2,17Mlyr.",2170000000,2026-04-20
Kitphom Bunsan,Ayutthaya United,Thailand,Bek-Kiri,0,"Rp1,30Mlyr.",1300000000,2026-04-20
Jirawat Janpong,Ayutthaya United,Thailand,Bek-Kanan,0,"Rp1,74Mlyr.",1740000000,2026-04-20
Atsadawut Changthong,Ayutthaya United,Thailand,Bek-Kanan,0,"Rp869,08Jt.",869080000,2026-04-20
Thanet Suknate,Ayutthaya United,Thailand,Bek-Kanan,0,"Rp434,54Jt.",434540000,2026-04-20
Natcha Promsomboon,Ayutthaya United,Thailand,Gel. Bertahan,28,"Rp1,74Mlyr.",1740000000,2026-04-20
Anuwat Noicheunphan,Ayutthaya United,Thailand,Gel. Bertahan,31,"Rp869,08Jt.",869080000,2026-04-20
Nattapon Worasut,Ayutthaya United,Thailand,Gel. Tengah,0,"Rp2,61Mlyr.",2610000000,2026-04-20
Passakorn Biaothungoi,Ayutthaya United,Thailand,Gel. Tengah,23,"Rp2,17Mlyr.",2170000000,2026-04-20
Sanrawat Dechmitr,Ayutthaya United,Thailand,Gel. Tengah,29,"Rp434,54Jt.",434540000,2026-04-20
Yashir Islame,Ayutthaya United,Thailand,Gel. Serang,36,"Rp1,74Mlyr.",1740000000,2026-04-20
Sung-dong Paik,Ayutthaya United,Thailand,Sayap Kiri,0,"Rp4,78Mlyr.",4780000000,2026-04-20
Chakkit Laptrakul,Ayutthaya United,Thailand,Sayap Kiri,17,"Rp2,17Mlyr.",2170000000,2026-04-20
Verot Pombuppha,Ayutthaya United,Thailand,Sayap Kiri,22,"Rp1,30Mlyr.",1300000000,2026-04-20
Anucha Sakaekum,Ayutthaya United,Thailand,Sayap Kiri,0,-,0,2026-04-20
Diego Carioca,Ayutthaya United,Thailand,Sayap Kanan,0,"Rp4,35Mlyr.",4350000000,2026-04-20
Veeraphong Aon-pean,Ayutthaya United,Thailand,Sayap Kanan,34,"Rp2,61Mlyr.",2610000000,2026-04-20
Yotsak Chaowana,Ayutthaya United,Thailand,Sayap Kanan,18,"Rp434,54Jt.",434540000,2026-04-20
Conrado,Ayutthaya United,Thailand,Depan-Tengah,0,"Rp2,61Mlyr.",2610000000,2026-04-20
Caíque Lemes,Ayutthaya United,Thailand,Depan-Tengah,0,"Rp2,61Mlyr.",2610000000,2026-04-20
Kitsana Kasemkulwirai,Ayutthaya United,Thailand,Depan-Tengah,0,"Rp1,30Mlyr.",1300000000,2026-04-20
Samuel Somerville,Melaka FC,Malaysia,Kiper,0,"Rp1,74Mlyr.",1740000000,2026-04-20
Haziq Aiman,Melaka FC,Malaysia,Kiper,23,"Rp1,30Mlyr.",1300000000,2026-04-20
Firdaus Irman,Melaka FC,Malaysia,Kiper,31,"Rp434,54Jt.",434540000,2026-04-20
Noel Agbre,Melaka FC,Malaysia,Bek-Tengah,33,"Rp3,91Mlyr.",3910000000,2026-04-20
Irfan Zakaria,Melaka FC,Malaysia,Bek-Tengah,17,"Rp3,04Mlyr.",3040000000,2026-04-20
Dae-yeob Gu,Melaka FC,Malaysia,Bek-Tengah,37,"Rp1,30Mlyr.",1300000000,2026-04-20
Zulkhairi Zulkeply,Melaka FC,Malaysia,Bek-Tengah,42,"Rp434,54Jt.",434540000,2026-04-20
Argzim Redzovic,Melaka FC,Malaysia,Bek-Tengah,24,-,0,2026-04-20
V. Ruventhiran,Melaka FC,Malaysia,Bek-Kiri,0,"Rp1,30Mlyr.",1300000000,2026-04-20
G. Durrkeswaran,Melaka FC,Malaysia,Bek-Kiri,19,"Rp869,08Jt.",869080000,2026-04-20
Khairul Anwar,Melaka FC,Malaysia,Bek-Kiri,25,"Rp869,08Jt.",869080000,2026-04-20
Firdaus Ya'akub,Melaka FC,Malaysia,Bek-Kiri,43,-,0,2026-04-20
Simen Lyngbø,Melaka FC,Malaysia,Bek-Kanan,0,"Rp3,04Mlyr.",3040000000,2026-04-20
Kwang-il Park,Melaka FC,Malaysia,Bek-Kanan,0,"Rp2,17Mlyr.",2170000000,2026-04-20
Che Rashid Che Halim,Melaka FC,Malaysia,Bek-Kanan,0,"Rp1,74Mlyr.",1740000000,2026-04-20
Aroon Kumar,Melaka FC,Malaysia,Bek-Kanan,18,"Rp1,30Mlyr.",1300000000,2026-04-20
Muhamad Hafiz Johar,Melaka FC,Malaysia,Bek-Kanan,27,"Rp434,54Jt.",434540000,2026-04-20
Michael Ozor,Melaka FC,Malaysia,Gel. Bertahan,16,"Rp1,30Mlyr.",1300000000,2026-04-20
Dino Kalesic,Melaka FC,Malaysia,Gel. Tengah,20,"Rp2,17Mlyr.",2170000000,2026-04-20
Nasir Basharudin,Melaka FC,Malaysia,Gel. Tengah,0,"Rp869,08Jt.",869080000,2026-04-20
Faiz Mazlan,Melaka FC,Malaysia,Gel. Tengah,0,"Rp434,54Jt.",434540000,2026-04-20
Nizarruddin Jazi,Melaka FC,Malaysia,Gel. Tengah,0,"Rp434,54Jt.",434540000,2026-04-20
Fahmi Faizal,Melaka FC,Malaysia,Gel. Tengah,28,-,0,2026-04-20
Aiman Danish,Melaka FC,Malaysia,Sayap Kiri,0,"Rp434,54Jt.",434540000,2026-04-20
Umar Hakeem,Melaka FC,Malaysia,Sayap Kiri,26,"Rp434,54Jt.",434540000,2026-04-20
Dong-hyeon Do,Melaka FC,Malaysia,Sayap Kanan,0,"Rp1,74Mlyr.",1740000000,2026-04-20
Mahali Jasuli,Melaka FC,Malaysia,Depan-Kedua,0,-,0,2026-04-20
Shahrel Fikri,Melaka FC,Malaysia,Depan-Tengah,0,"Rp2,17Mlyr.",2170000000,2026-04-20
Azim Rahim,Melaka FC,Malaysia,Depan-Tengah,0,"Rp1,30Mlyr.",1300000000,2026-04-20
Bernard Arthur,Melaka FC,Malaysia,Depan-Tengah,0,"Rp869,08Jt.",869080000,2026-04-20
Ahmed Shamsaldin,Melaka FC,Malaysia,Depan-Tengah,0,"Rp869,08Jt.",869080000,2026-04-20
Zarif Irfan,Immigration FC,Malaysia,Kiper,0,"Rp2,61Mlyr.",2610000000,2026-04-20
Shaiful Wazizi,Immigration FC,Malaysia,Kiper,35,"Rp434,54Jt.",434540000,2026-04-20
Farhan Abdul Majid,Immigration FC,Malaysia,Kiper,43,"Rp173,82Jt.",173820000,2026-04-20
Amirali Chegini,Immigration FC,Malaysia,Bek-Tengah,0,"Rp4,35Mlyr.",4350000000,2026-04-20
Milani,Immigration FC,Malaysia,Bek-Tengah,0,"Rp1,30Mlyr.",1300000000,2026-04-20
Loqman Hakim,Immigration FC,Malaysia,Bek-Tengah,0,"Rp1,30Mlyr.",1300000000,2026-04-20
Nicholas Swirad,Immigration FC,Malaysia,Bek-Tengah,16,"Rp1,30Mlyr.",1300000000,2026-04-20
Farid Nezal,Immigration FC,Malaysia,Bek-Tengah,0,"Rp1,30Mlyr.",1300000000,2026-04-20
Hanafie Tokyo,Immigration FC,Malaysia,Bek-Tengah,22,"Rp434,54Jt.",434540000,2026-04-20
Keron Ornchaiyaphum,Immigration FC,Malaysia,Bek-Kiri,0,"Rp2,17Mlyr.",2170000000,2026-04-20
Azmeer Aris,Immigration FC,Malaysia,Bek-Kiri,37,"Rp434,54Jt.",434540000,2026-04-20
Aiman Yusni,Immigration FC,Malaysia,Bek-Kanan,0,"Rp2,17Mlyr.",2170000000,2026-04-20
Rizal Ghazali,Immigration FC,Malaysia,Bek-Kanan,0,"Rp2,17Mlyr.",2170000000,2026-04-20
Heshamudin Ahmad,Immigration FC,Malaysia,Bek-Kanan,30,"Rp173,82Jt.",173820000,2026-04-20
Pedro Santos,Immigration FC,Malaysia,Gel. Bertahan,0,"Rp1,30Mlyr.",1300000000,2026-04-20
Zulfahmi Arifin,Immigration FC,Malaysia,Gel. Bertahan,23,"Rp869,08Jt.",869080000,2026-04-20
Fadzrul Danel,Immigration FC,Malaysia,Gel. Tengah,20,"Rp2,61Mlyr.",2610000000,2026-04-20
Halim Saari,Immigration FC,Malaysia,Gel. Tengah,18,"Rp1,74Mlyr.",1740000000,2026-04-20
Mior Dani,Immigration FC,Malaysia,Gel. Tengah,19,"Rp1,30Mlyr.",1300000000,2026-04-20
Eduardo Sosa,Immigration FC,Malaysia,Gel. Serang,0,"Rp4,78Mlyr.",4780000000,2026-04-20
Nik Akif,Immigration FC,Malaysia,Gel. Serang,33,"Rp3,04Mlyr.",3040000000,2026-04-20
Rafael Holstein,Immigration FC,Malaysia,Gel. Serang,25,"Rp1,30Mlyr.",1300000000,2026-04-20
Fayadh Zulkifi,Immigration FC,Malaysia,Sayap Kiri,21,"Rp2,61Mlyr.",2610000000,2026-04-20
Syahmi Shamsudin,Immigration FC,Malaysia,Sayap Kiri,27,"Rp434,54Jt.",434540000,2026-04-20
Elvis Kamsoba,Immigration FC,Malaysia,Sayap Kanan,0,"Rp3,48Mlyr.",3480000000,2026-04-20
Nur Azfar Fikri,Immigration FC,Malaysia,Sayap Kanan,0,"Rp3,04Mlyr.",3040000000,2026-04-20
Nik Sharif Haseefy,Immigration FC,Malaysia,Sayap Kanan,0,"Rp1,30Mlyr.",1300000000,2026-04-20
Al-Hafiz Harun,Immigration FC,Malaysia,Sayap Kanan,0,"Rp1,30Mlyr.",1300000000,2026-04-20
João Pedro,Immigration FC,Malaysia,Depan-Tengah,0,"Rp3,91Mlyr.",3910000000,2026-04-20
Wilmar Jordán Gil,Immigration FC,Malaysia,Depan-Tengah,0,"Rp3,04Mlyr.",3040000000,2026-04-20
Babacar Gueye,Immigration FC,Malaysia,Depan-Tengah,24,-,0,2026-04-20
Ramadhan Hamid,Penang FC,Malaysia,Kiper,22,"Rp1,74Mlyr.",1740000000,2026-04-20
Khairulazhan Khalid,Penang FC,Malaysia,Kiper,0,"Rp1,30Mlyr.",1300000000,2026-04-20
Khatul Anuar,Penang FC,Malaysia,Kiper,0,"Rp434,54Jt.",434540000,2026-04-20
Ashriq Izzat,Penang FC,Malaysia,Kiper,36,-,0,2026-04-20
Stefano Brundo,Penang FC,Malaysia,Bek-Tengah,0,"Rp4,35Mlyr.",4350000000,2026-04-20
Akmal Zahir,Penang FC,Malaysia,Bek-Tengah,0,"Rp2,61Mlyr.",2610000000,2026-04-20
Khairul Akmal Rokisham,Penang FC,Malaysia,Bek-Tengah,0,"Rp2,17Mlyr.",2170000000,2026-04-20
Faith Obilor,Penang FC,Malaysia,Bek-Tengah,0,"Rp1,74Mlyr.",1740000000,2026-04-20
Aidil Wafiy,Penang FC,Malaysia,Bek-Tengah,0,-,0,2026-04-20
Adib Ra'op,Penang FC,Malaysia,Bek-Kiri,0,"Rp4,35Mlyr.",4350000000,2026-04-20
Kamil Amirul,Penang FC,Malaysia,Bek-Kanan,0,"Rp1,74Mlyr.",1740000000,2026-04-20
Ahmad Irfan,Penang FC,Malaysia,Bek-Kanan,16,"Rp1,30Mlyr.",1300000000,2026-04-20
Hasbullah Abu Bakar,Penang FC,Malaysia,Gel. Bertahan,35,"Rp3,04Mlyr.",3040000000,2026-04-20
Haziq Kutty,Penang FC,Malaysia,Gel. Bertahan,0,"Rp1,74Mlyr.",1740000000,2026-04-20
Erick Brendon,Penang FC,Malaysia,Gel. Tengah,0,"Rp4,78Mlyr.",4780000000,2026-04-20
Amirul Hisyam,Penang FC,Malaysia,Gel. Tengah,0,"Rp3,04Mlyr.",3040000000,2026-04-20
Izzat Zikri Iziruddin,Penang FC,Malaysia,Gel. Tengah,0,"Rp2,61Mlyr.",2610000000,2026-04-20
Firdaus Saiyadi,Penang FC,Malaysia,Gel. Tengah,0,"Rp2,17Mlyr.",2170000000,2026-04-20
Ruo Han,Penang FC,Malaysia,Gel. Serang,19,"Rp434,54Jt.",434540000,2026-04-20
Alif Ikmalrizal,Penang FC,Malaysia,Sayap Kiri,0,"Rp1,74Mlyr.",1740000000,2026-04-20
OJ Porteria,Penang FC,Malaysia,Sayap Kiri,0,"Rp1,30Mlyr.",1300000000,2026-04-20
Akid Zamri,Penang FC,Malaysia,Sayap Kiri,28,"Rp1,30Mlyr.",1300000000,2026-04-20
Omid Musawi,Penang FC,Malaysia,Sayap Kiri,17,"Rp434,54Jt.",434540000,2026-04-20
Syakirin Fadzli,Penang FC,Malaysia,Sayap Kiri,0,-,0,2026-04-20
Dylan Wenzel-Halls,Penang FC,Malaysia,Sayap Kanan,0,"Rp4,78Mlyr.",4780000000,2026-04-20
Shamie Iszuan,Penang FC,Malaysia,Sayap Kanan,0,"Rp2,61Mlyr.",2610000000,2026-04-20
Arif Shaqirin,Penang FC,Malaysia,Sayap Kanan,29,"Rp1,30Mlyr.",1300000000,2026-04-20
Douglas Coutinho,Penang FC,Malaysia,Depan-Tengah,32,"Rp3,48Mlyr.",3480000000,2026-04-20
Kipré Tchetche,Penang FC,Malaysia,Depan-Tengah,23,"Rp1,74Mlyr.",1740000000,2026-04-20
Bruno Suzuki,Penang FC,Malaysia,Depan-Tengah,0,"Rp1,30Mlyr.",1300000000,2026-04-20
Haziq Nadzli,Kuching City,Malaysia,Kiper,20,"Rp4,78Mlyr.",4780000000,2026-04-20
Wan Azraie,Kuching City,Malaysia,Kiper,39,"Rp434,54Jt.",434540000,2026-04-20
Shahril Sa'ari,Kuching City,Malaysia,Kiper,0,"Rp434,54Jt.",434540000,2026-04-20
Syafie Mursalim,Kuching City,Malaysia,Kiper,0,-,0,2026-04-20
Yuki Tanigawa,Kuching City,Malaysia,Bek-Tengah,0,"Rp5,21Mlyr.",5210000000,2026-04-20
Rodney Celvin,Kuching City,Malaysia,Bek-Tengah,0,"Rp3,48Mlyr.",3480000000,2026-04-20
James Okwuosa,Kuching City,Malaysia,Bek-Tengah,35,"Rp1,30Mlyr.",1300000000,2026-04-20
Yohanis Daniel,Kuching City,Malaysia,Bek-Tengah,0,-,0,2026-04-20
Scott Woods,Kuching City,Malaysia,Bek-Kiri,0,"Rp3,04Mlyr.",3040000000,2026-04-20
Arif Fadzilah,Kuching City,Malaysia,Bek-Kiri,0,"Rp3,04Mlyr.",3040000000,2026-04-20
Filemon Anyie,Kuching City,Malaysia,Bek-Kiri,27,"Rp1,74Mlyr.",1740000000,2026-04-20
Jimmy Raymond,Kuching City,Malaysia,Bek-Kanan,0,"Rp3,91Mlyr.",3910000000,2026-04-20
Ariff Farhan,Kuching City,Malaysia,Bek-Kanan,23,"Rp3,48Mlyr.",3480000000,2026-04-20
Moses Atede,Kuching City,Malaysia,Gel. Bertahan,25,"Rp6,08Mlyr.",6080000000,2026-04-20
Danial Amier,Kuching City,Malaysia,Gel. Tengah,21,"Rp3,04Mlyr.",3040000000,2026-04-20
Petrus Shitembi,Kuching City,Malaysia,Gel. Tengah,0,"Rp2,17Mlyr.",2170000000,2026-04-20
Alif Hassan,Kuching City,Malaysia,Gel. Tengah,44,"Rp2,17Mlyr.",2170000000,2026-04-20
Diego Baggio,Kuching City,Malaysia,Gel. Tengah,0,"Rp1,74Mlyr.",1740000000,2026-04-20
Ahmed Israiwah,Kuching City,Malaysia,Gel. Serang,0,"Rp3,91Mlyr.",3910000000,2026-04-20
Wesley Azcang Milkias,Kuching City,Malaysia,Gel. Serang,0,-,0,2026-04-20
Ramadhan Saifullah,Kuching City,Malaysia,Sayap Kiri,0,"Rp3,91Mlyr.",3910000000,2026-04-20
Zharmien Ashraf,Kuching City,Malaysia,Sayap Kiri,29,-,0,2026-04-20
Danial Asri,Kuching City,Malaysia,Sayap Kanan,17,"Rp2,61Mlyr.",2610000000,2026-04-20
João Pedro,Kuching City,Malaysia,Sayap Kanan,22,"Rp2,61Mlyr.",2610000000,2026-04-20
Zahrul Zulkeflee,Kuching City,Malaysia,Sayap Kanan,0,"Rp1,74Mlyr.",1740000000,2026-04-20
Amir Amri Salleh,Kuching City,Malaysia,Sayap Kanan,0,"Rp869,08Jt.",869080000,2026-04-20
Jordan Mintah,Kuching City,Malaysia,Depan-Tengah,28,"Rp4,78Mlyr.",4780000000,2026-04-20
Jerome Mpacko Etame,Kuching City,Malaysia,Depan-Tengah,0,"Rp2,61Mlyr.",2610000000,2026-04-20
Ronald Ngah,Kuching City,Malaysia,Depan-Tengah,18,"Rp2,61Mlyr.",2610000000,2026-04-20
Gabriel Nistelrooy,Kuching City,Malaysia,Depan-Tengah,19,"Rp869,08Jt.",869080000,2026-04-20
Hazwan Bakri,Kuching City,Malaysia,Depan-Tengah,0,"Rp434,54Jt.",434540000,2026-04-20
Haimie Nyaring,Brunei DPMM FC,Malaysia,Kiper,0,"Rp1,30Mlyr.",1300000000,2026-04-20
Ishyra Asmin,Brunei DPMM FC,Malaysia,Kiper,25,"Rp434,54Jt.",434540000,2026-04-20
Michel,Brunei DPMM FC,Malaysia,Kiper,24,"Rp173,82Jt.",173820000,2026-04-20
Amani Aguinaldo,Brunei DPMM FC,Malaysia,Bek-Tengah,0,"Rp3,04Mlyr.",3040000000,2026-04-20
Yura Indera Putera,Brunei DPMM FC,Malaysia,Bek-Tengah,23,"Rp1,74Mlyr.",1740000000,2026-04-20
Nur Ikhwan Othman,Brunei DPMM FC,Malaysia,Bek-Tengah,19,"Rp1,30Mlyr.",1300000000,2026-04-20
Jordan,Brunei DPMM FC,Malaysia,Bek-Tengah,0,"Rp869,08Jt.",869080000,2026-04-20
Hanif Hamir,Brunei DPMM FC,Malaysia,Bek-Tengah,0,"Rp434,54Jt.",434540000,2026-04-20
Tommy Mawat,Brunei DPMM FC,Malaysia,Bek-Kiri,0,"Rp3,04Mlyr.",3040000000,2026-04-20
Najib Tarif,Brunei DPMM FC,Malaysia,Bek-Kiri,0,"Rp434,54Jt.",434540000,2026-04-20
Fairuz Zakaria,Brunei DPMM FC,Malaysia,Bek-Kanan,18,"Rp3,04Mlyr.",3040000000,2026-04-20
Nazry Aiman,Brunei DPMM FC,Malaysia,Bek-Kanan,21,"Rp1,30Mlyr.",1300000000,2026-04-20
Syafiq Safiuddin Shariff,Brunei DPMM FC,Malaysia,Bek-Kanan,0,"Rp869,08Jt.",869080000,2026-04-20
Martin Haddy,Brunei DPMM FC,Malaysia,Bek-Kanan,0,-,0,2026-04-20
Prosper Boakye Owusu,Brunei DPMM FC,Malaysia,Gel. Bertahan,20,"Rp2,61Mlyr.",2610000000,2026-04-20
Azwan Ali Rahman,Brunei DPMM FC,Malaysia,Gel. Tengah,0,"Rp869,08Jt.",869080000,2026-04-20
Abdul Hariz,Brunei DPMM FC,Malaysia,Gel. Tengah,16,"Rp869,08Jt.",869080000,2026-04-20
Hanif Farhan Azman,Brunei DPMM FC,Malaysia,Gel. Tengah,0,"Rp434,54Jt.",434540000,2026-04-20
Ibrahim Sulley,Brunei DPMM FC,Malaysia,Gel. Serang,26,-,0,2026-04-20
Hakeme Yazid Said,Brunei DPMM FC,Malaysia,Sayap Kiri,17,"Rp2,17Mlyr.",2170000000,2026-04-20
Nazirrudin Ismail,Brunei DPMM FC,Malaysia,Sayap Kiri,22,"Rp869,08Jt.",869080000,2026-04-20
Miguel Oliveira,Brunei DPMM FC,Malaysia,Sayap Kanan,0,"Rp3,48Mlyr.",3480000000,2026-04-20
Faturrahman Embran,Brunei DPMM FC,Malaysia,Sayap Kanan,0,"Rp434,54Jt.",434540000,2026-04-20
Jordan Murray,Brunei DPMM FC,Malaysia,Depan-Tengah,27,"Rp5,65Mlyr.",5650000000,2026-04-20
Ramadhan Sananta,Brunei DPMM FC,Malaysia,Depan-Tengah,0,"Rp4,78Mlyr.",4780000000,2026-04-20
Syafiq Ahmad,Brunei DPMM FC,Malaysia,Depan-Tengah,28,"Rp2,61Mlyr.",2610000000,2026-04-20
Christian Irobiso,Brunei DPMM FC,Malaysia,Depan-Tengah,30,"Rp2,61Mlyr.",2610000000,2026-04-20
Hariz Danial,Brunei DPMM FC,Malaysia,Depan-Tengah,0,"Rp434,54Jt.",434540000,2026-04-20
Damyan Damyanov,Kelantan The Real Warriors,Malaysia,Kiper,0,"Rp2,61Mlyr.",2610000000,2026-04-20
Azfar Arif,Kelantan The Real Warriors,Malaysia,Kiper,18,"Rp1,74Mlyr.",1740000000,2026-04-20
Fikri Che Soh,Kelantan The Real Warriors,Malaysia,Kiper,33,"Rp869,08Jt.",869080000,2026-04-20
Alexandre Yeoulé,Kelantan The Real Warriors,Malaysia,Bek-Tengah,0,"Rp4,35Mlyr.",4350000000,2026-04-20
Yohanes Kandaimu,Kelantan The Real Warriors,Malaysia,Bek-Tengah,0,"Rp1,30Mlyr.",1300000000,2026-04-20
Rakesh Munusamy,Kelantan The Real Warriors,Malaysia,Bek-Tengah,0,"Rp434,54Jt.",434540000,2026-04-20
Nik Umar Nik Aziz,Kelantan The Real Warriors,Malaysia,Bek-Tengah,0,-,0,2026-04-20
Yusuf Sesay,Kelantan The Real Warriors,Malaysia,Bek-Tengah,0,-,0,2026-04-20
Azwan Aripin,Kelantan The Real Warriors,Malaysia,Bek-Kiri,23,"Rp3,04Mlyr.",3040000000,2026-04-20
Wan Amirul Afiq,Kelantan The Real Warriors,Malaysia,Bek-Kanan,0,"Rp1,74Mlyr.",1740000000,2026-04-20
Faris Shah Rosli,Kelantan The Real Warriors,Malaysia,Bek-Kanan,0,"Rp1,30Mlyr.",1300000000,2026-04-20
Sebastian Avanzini,Kelantan The Real Warriors,Malaysia,Gel. Bertahan,0,"Rp3,04Mlyr.",3040000000,2026-04-20
Azam Azih,Kelantan The Real Warriors,Malaysia,Gel. Tengah,0,"Rp4,35Mlyr.",4350000000,2026-04-20
Habib Haroon,Kelantan The Real Warriors,Malaysia,Gel. Tengah,0,"Rp3,91Mlyr.",3910000000,2026-04-20
Albert Kang,Kelantan The Real Warriors,Malaysia,Gel. Tengah,0,"Rp3,04Mlyr.",3040000000,2026-04-20
Danial Haqim Deraman,Kelantan The Real Warriors,Malaysia,Gel. Tengah,20,"Rp869,08Jt.",869080000,2026-04-20
Asraff Aliffuddin Yasin,Kelantan The Real Warriors,Malaysia,Gel. Tengah,0,"Rp869,08Jt.",869080000,2026-04-20
Kosuke Yoshida,Kelantan The Real Warriors,Malaysia,Gel. Tengah,0,-,0,2026-04-20
Syahir Abdul Rashid,Kelantan The Real Warriors,Malaysia,Gel. Serang,25,"Rp1,30Mlyr.",1300000000,2026-04-20
T. Saravanan,Kelantan The Real Warriors,Malaysia,Sayap Kiri,26,"Rp2,61Mlyr.",2610000000,2026-04-20
Farris Izdiham,Kelantan The Real Warriors,Malaysia,Sayap Kiri,29,"Rp2,17Mlyr.",2170000000,2026-04-20
Syafik Ismail,Kelantan The Real Warriors,Malaysia,Sayap Kiri,17,"Rp1,30Mlyr.",1300000000,2026-04-20
Hein Htet Aung,Kelantan The Real Warriors,Malaysia,Sayap Kanan,30,"Rp3,91Mlyr.",3910000000,2026-04-20
Sean Selvaraj,Kelantan The Real Warriors,Malaysia,Sayap Kanan,0,"Rp1,30Mlyr.",1300000000,2026-04-20
Saifu Izamander,Kelantan The Real Warriors,Malaysia,Sayap Kanan,27,-,0,2026-04-20
Khairul Izuan Rosli,Kelantan The Real Warriors,Malaysia,Depan-Kedua,21,-,0,2026-04-20
Enzo Célestine,Kelantan The Real Warriors,Malaysia,Depan-Tengah,0,"Rp2,61Mlyr.",2610000000,2026-04-20
Ifedayo Olusegun,Kelantan The Real Warriors,Malaysia,Depan-Tengah,0,"Rp2,17Mlyr.",2170000000,2026-04-20
Abdul Sesay,Kelantan The Real Warriors,Malaysia,Depan-Tengah,24,"Rp869,08Jt.",869080000,2026-04-20
Syaahir Saiful Nizam,Kelantan The Real Warriors,Malaysia,Depan-Tengah,19,"Rp434,54Jt.",434540000,2026-04-20
Azri Ghani,Negeri Sembilan FC,Malaysia,Kiper,30,"Rp3,91Mlyr.",3910000000,2026-04-20
Aqil Razak,Negeri Sembilan FC,Malaysia,Kiper,22,"Rp1,74Mlyr.",1740000000,2026-04-20
Syahmi Adib,Negeri Sembilan FC,Malaysia,Kiper,0,"Rp434,54Jt.",434540000,2026-04-20
Fareez Safwan,Negeri Sembilan FC,Malaysia,Kiper,31,-,0,2026-04-20
Luis Enrique Nsue,Negeri Sembilan FC,Malaysia,Bek-Tengah,0,"Rp3,48Mlyr.",3480000000,2026-04-20
Zainal Abidin Jamil,Negeri Sembilan FC,Malaysia,Bek-Tengah,0,"Rp2,61Mlyr.",2610000000,2026-04-20
Khuzaimi Piee,Negeri Sembilan FC,Malaysia,Bek-Tengah,18,"Rp1,74Mlyr.",1740000000,2026-04-20
Filip Andersen,Negeri Sembilan FC,Malaysia,Bek-Tengah,23,"Rp1,74Mlyr.",1740000000,2026-04-20
Kei Oshiro,Negeri Sembilan FC,Malaysia,Bek-Tengah,0,-,0,2026-04-20
Harith Samsuri,Negeri Sembilan FC,Malaysia,Bek-Kiri,0,"Rp2,17Mlyr.",2170000000,2026-04-20
Azrin Afiq,Negeri Sembilan FC,Malaysia,Bek-Kiri,0,"Rp1,30Mlyr.",1300000000,2026-04-20
Ariff Ar-Rasyid,Negeri Sembilan FC,Malaysia,Bek-Kanan,28,"Rp2,61Mlyr.",2610000000,2026-04-20
Amirul Adli Azmi,Negeri Sembilan FC,Malaysia,Bek-Kanan,0,"Rp2,17Mlyr.",2170000000,2026-04-20
Anwar Ibrahim,Negeri Sembilan FC,Malaysia,Bek-Kanan,25,"Rp1,30Mlyr.",1300000000,2026-04-20
Syed Zaris Irfan,Negeri Sembilan FC,Malaysia,Bek-Kanan,0,-,0,2026-04-20
Oday Kharoub,Negeri Sembilan FC,Malaysia,Gel. Bertahan,21,"Rp3,48Mlyr.",3480000000,2026-04-20
Wai Lin Aung,Negeri Sembilan FC,Malaysia,Gel. Bertahan,0,"Rp2,61Mlyr.",2610000000,2026-04-20
Zahril Azri,Negeri Sembilan FC,Malaysia,Gel. Bertahan,0,"Rp869,08Jt.",869080000,2026-04-20
Haiqal Danish,Negeri Sembilan FC,Malaysia,Gel. Bertahan,35,"Rp434,54Jt.",434540000,2026-04-20
Yuichi Hirano,Negeri Sembilan FC,Malaysia,Gel. Tengah,24,"Rp1,74Mlyr.",1740000000,2026-04-20
Sang-su An,Negeri Sembilan FC,Malaysia,Gel. Tengah,0,"Rp1,30Mlyr.",1300000000,2026-04-20
Haiqal Haqeemi,Negeri Sembilan FC,Malaysia,Gel. Tengah,0,-,0,2026-04-20
Afiq Fitri,Negeri Sembilan FC,Malaysia,Gel. Tengah,0,-,0,2026-04-20
Takumi Sasaki,Negeri Sembilan FC,Malaysia,Gel. Serang,0,"Rp3,91Mlyr.",3910000000,2026-04-20
Jovan Motika,Negeri Sembilan FC,Malaysia,Sayap Kiri,0,"Rp3,91Mlyr.",3910000000,2026-04-20
Hakimi Abdullah,Negeri Sembilan FC,Malaysia,Sayap Kiri,17,"Rp2,17Mlyr.",2170000000,2026-04-20
Hadin Azman,Negeri Sembilan FC,Malaysia,Sayap Kiri,27,"Rp1,30Mlyr.",1300000000,2026-04-20
Anuar Ceesay,Negeri Sembilan FC,Malaysia,Sayap Kiri,29,-,0,2026-04-20
A. Selvan,Negeri Sembilan FC,Malaysia,Sayap Kanan,16,"Rp2,17Mlyr.",2170000000,2026-04-20
Mio Tsuneyasu,Negeri Sembilan FC,Malaysia,Sayap Kanan,20,"Rp1,30Mlyr.",1300000000,2026-04-20
Joseph Esso,Negeri Sembilan FC,Malaysia,Depan-Tengah,0,"Rp2,61Mlyr.",2610000000,2026-04-20
Luqman Hakim,Negeri Sembilan FC,Malaysia,Depan-Tengah,0,"Rp2,17Mlyr.",2170000000,2026-04-20
N. Javabilaarivin,Negeri Sembilan FC,Malaysia,Depan-Tengah,19,"Rp434,54Jt.",434540000,2026-04-20
Ifwat Akmal,PDRM FC,Malaysia,Kiper,30,"Rp1,74Mlyr.",1740000000,2026-04-20
Nor Hakeem Hamidun,PDRM FC,Malaysia,Kiper,0,"Rp1,74Mlyr.",1740000000,2026-04-20
Fahmi Ikhwan,PDRM FC,Malaysia,Kiper,28,"Rp173,82Jt.",173820000,2026-04-20
Asri Muhamad,PDRM FC,Malaysia,Kiper,20,-,0,2026-04-20
Tae-su Park,PDRM FC,Malaysia,Bek-Tengah,0,"Rp2,17Mlyr.",2170000000,2026-04-20
Badrul Affendy,PDRM FC,Malaysia,Bek-Tengah,0,"Rp1,74Mlyr.",1740000000,2026-04-20
Amir Saiful,PDRM FC,Malaysia,Bek-Kiri,19,"Rp3,04Mlyr.",3040000000,2026-04-20
Alif Naquiddin,PDRM FC,Malaysia,Bek-Kiri,26,"Rp2,61Mlyr.",2610000000,2026-04-20
Safiee Ahmad,PDRM FC,Malaysia,Bek-Kanan,32,"Rp3,04Mlyr.",3040000000,2026-04-20
Zazrir Naim,PDRM FC,Malaysia,Bek-Kanan,21,"Rp434,54Jt.",434540000,2026-04-20
Fakhrullah Yusoff,PDRM FC,Malaysia,Bek-Kanan,0,"Rp434,54Jt.",434540000,2026-04-20
Fadi Awad,PDRM FC,Malaysia,Gel. Bertahan,0,"Rp3,48Mlyr.",3480000000,2026-04-20
Eizrul Ashraf,PDRM FC,Malaysia,Gel. Tengah,34,"Rp2,17Mlyr.",2170000000,2026-04-20
Irfan Fazail,PDRM FC,Malaysia,Gel. Tengah,0,"Rp869,08Jt.",869080000,2026-04-20
Syafiq Azmi,PDRM FC,Malaysia,Gel. Tengah,16,"Rp434,54Jt.",434540000,2026-04-20
Adam Farhan Mustaffa,PDRM FC,Malaysia,Gel. Tengah,18,-,0,2026-04-20
Fakhrul Azim,PDRM FC,Malaysia,Sayap Kiri,0,"Rp2,61Mlyr.",2610000000,2026-04-20
Amirul Waie Yaacob,PDRM FC,Malaysia,Sayap Kiri,17,"Rp1,30Mlyr.",1300000000,2026-04-20
Hafiz A. Aziz,PDRM FC,Malaysia,Sayap Kiri,24,-,0,2026-04-20
Imran Samso,PDRM FC,Malaysia,Sayap Kanan,27,"Rp1,30Mlyr.",1300000000,2026-04-20
Afiq Saluddin,PDRM FC,Malaysia,Sayap Kanan,22,"Rp434,54Jt.",434540000,2026-04-20
Aiman Sufi Radzai,PDRM FC,Malaysia,Sayap Kanan,29,"Rp434,54Jt.",434540000,2026-04-20
Dick Cheny Waili,PDRM FC,Malaysia,Sayap Kanan,0,-,0,2026-04-20
Hadi Fayyadh,PDRM FC,Malaysia,Depan-Tengah,0,"Rp1,74Mlyr.",1740000000,2026-04-20
Elisha Kashim,PDRM FC,Malaysia,Depan-Tengah,0,"Rp434,54Jt.",434540000,2026-04-20
Quincy Kammeraad,Kuala Lumpur City FC,Malaysia,Kiper,0,"Rp3,48Mlyr.",3480000000,2026-04-20
Hafizul Hakim,Kuala Lumpur City FC,Malaysia,Kiper,22,"Rp1,30Mlyr.",1300000000,2026-04-20
Asyraaf Omar,Kuala Lumpur City FC,Malaysia,Kiper,30,-,0,2026-04-20
Giancarlo Gallifuoco,Kuala Lumpur City FC,Malaysia,Bek-Tengah,0,"Rp5,21Mlyr.",5210000000,2026-04-20
Dmytro Lytvyn,Kuala Lumpur City FC,Malaysia,Bek-Tengah,0,"Rp4,78Mlyr.",4780000000,2026-04-20
Adam Nor Azlin,Kuala Lumpur City FC,Malaysia,Bek-Tengah,0,"Rp3,04Mlyr.",3040000000,2026-04-20
Declan Lambert,Kuala Lumpur City FC,Malaysia,Bek-Kiri,0,"Rp4,78Mlyr.",4780000000,2026-04-20
Syazwan Andik,Kuala Lumpur City FC,Malaysia,Bek-Kiri,23,"Rp2,17Mlyr.",2170000000,2026-04-20
Kamal Azizi,Kuala Lumpur City FC,Malaysia,Bek-Kanan,0,"Rp3,04Mlyr.",3040000000,2026-04-20
Azrif Nasrulhaq,Kuala Lumpur City FC,Malaysia,Bek-Kanan,20,"Rp1,30Mlyr.",1300000000,2026-04-20
Kenny Pallraj,Kuala Lumpur City FC,Malaysia,Gel. Bertahan,21,"Rp2,61Mlyr.",2610000000,2026-04-20
Ryan Lambert,Kuala Lumpur City FC,Malaysia,Gel. Tengah,0,"Rp4,78Mlyr.",4780000000,2026-04-20
Zhafri Yahya,Kuala Lumpur City FC,Malaysia,Gel. Tengah,0,"Rp4,35Mlyr.",4350000000,2026-04-20
Gorka Larrucea,Kuala Lumpur City FC,Malaysia,Gel. Tengah,24,"Rp3,48Mlyr.",3480000000,2026-04-20
Amirul Aiman,Kuala Lumpur City FC,Malaysia,Gel. Tengah,34,"Rp434,54Jt.",434540000,2026-04-20
Madger Gomes,Kuala Lumpur City FC,Malaysia,Gel. Tengah,0,-,0,2026-04-20
Víctor Ruiz,Kuala Lumpur City FC,Malaysia,Gel. Serang,0,"Rp3,04Mlyr.",3040000000,2026-04-20
Fazrul Amir,Kuala Lumpur City FC,Malaysia,Sayap Kiri,17,"Rp2,17Mlyr.",2170000000,2026-04-20
Nicolao Cardoso,Kuala Lumpur City FC,Malaysia,Sayap Kiri,0,"Rp2,17Mlyr.",2170000000,2026-04-20
Enzo Cora,Kuala Lumpur City FC,Malaysia,Sayap Kiri,0,"Rp434,54Jt.",434540000,2026-04-20
Safawi Rasid,Kuala Lumpur City FC,Malaysia,Sayap Kanan,0,"Rp5,21Mlyr.",5210000000,2026-04-20
S. Sharvin,Kuala Lumpur City FC,Malaysia,Sayap Kanan,0,"Rp869,08Jt.",869080000,2026-04-20
Kpah Sherman,Kuala Lumpur City FC,Malaysia,Depan-Tengah,0,"Rp3,91Mlyr.",3910000000,2026-04-20
Paulo Josué,Kuala Lumpur City FC,Malaysia,Depan-Tengah,28,"Rp3,48Mlyr.",3480000000,2026-04-20
Kalamullah Al-Hafiz,Selangor FC,Malaysia,Kiper,33,"Rp4,78Mlyr.",4780000000,2026-04-20
Sikh Izhan Nazrel,Selangor FC,Malaysia,Kiper,31,"Rp3,48Mlyr.",3480000000,2026-04-20
Azim Al-Amin,Selangor FC,Malaysia,Kiper,20,"Rp1,74Mlyr.",1740000000,2026-04-20
Mamadou Diarra,Selangor FC,Malaysia,Bek-Tengah,0,"Rp10,43Mlyr.",10430000000,2026-04-20
Harith Haiqal,Selangor FC,Malaysia,Bek-Tengah,0,"Rp4,78Mlyr.",4780000000,2026-04-20
Richmond Tetteh Ankrah,Selangor FC,Malaysia,Bek-Tengah,0,"Rp4,35Mlyr.",4350000000,2026-04-20
Mohammad Abualnadi,Selangor FC,Malaysia,Bek-Tengah,0,"Rp3,91Mlyr.",3910000000,2026-04-20
Sharul Nazeem,Selangor FC,Malaysia,Bek-Tengah,44,"Rp3,91Mlyr.",3910000000,2026-04-20
Safuwan Baharudin,Selangor FC,Malaysia,Bek-Tengah,21,"Rp2,17Mlyr.",2170000000,2026-04-20
Moses Raj,Selangor FC,Malaysia,Bek-Tengah,22,-,0,2026-04-20
Fazly Mazlan,Selangor FC,Malaysia,Bek-Kiri,0,"Rp2,17Mlyr.",2170000000,2026-04-20
Quentin Cheng,Selangor FC,Malaysia,Bek-Kanan,0,"Rp5,65Mlyr.",5650000000,2026-04-20
Zikri Khalili,Selangor FC,Malaysia,Bek-Kanan,0,"Rp3,04Mlyr.",3040000000,2026-04-20
Raimi Shamsul,Selangor FC,Malaysia,Bek-Kanan,32,-,0,2026-04-20
Mahamé Siby,Selangor FC,Malaysia,Gel. Bertahan,0,"Rp4,78Mlyr.",4780000000,2026-04-20
Muhammad Abu Khalil,Selangor FC,Malaysia,Gel. Bertahan,28,"Rp1,30Mlyr.",1300000000,2026-04-20
Noor Al-Rawabdeh,Selangor FC,Malaysia,Gel. Tengah,0,"Rp7,82Mlyr.",7820000000,2026-04-20
Nooa Laine,Selangor FC,Malaysia,Gel. Tengah,0,"Rp6,08Mlyr.",6080000000,2026-04-20
Mukhairi Ajmal,Selangor FC,Malaysia,Gel. Tengah,0,"Rp3,04Mlyr.",3040000000,2026-04-20
Alex Agyarkwa,Selangor FC,Malaysia,Gel. Tengah,24,"Rp3,04Mlyr.",3040000000,2026-04-20
Aliff Haiqal,Selangor FC,Malaysia,Gel. Tengah,0,"Rp3,04Mlyr.",3040000000,2026-04-20
Syahir Bashah,Selangor FC,Malaysia,Gel. Tengah,43,"Rp2,17Mlyr.",2170000000,2026-04-20
Seung-min Jeon,Selangor FC,Malaysia,Gel. Tengah,19,"Rp1,74Mlyr.",1740000000,2026-04-20
Danish Iskandar,Selangor FC,Malaysia,Gel. Tengah,39,-,0,2026-04-20
Hugo Boumous,Selangor FC,Malaysia,Gel. Serang,0,"Rp12,17Mlyr.",12170000000,2026-04-20
Aliff Izwan,Selangor FC,Malaysia,Gel. Serang,0,"Rp2,61Mlyr.",2610000000,2026-04-20
Faisal Halim,Selangor FC,Malaysia,Sayap Kiri,0,"Rp6,08Mlyr.",6080000000,2026-04-20
Ji-ho Kim,Selangor FC,Malaysia,Sayap Kiri,17,"Rp1,30Mlyr.",1300000000,2026-04-20
Alvin Fortes,Selangor FC,Malaysia,Sayap Kanan,0,"Rp6,95Mlyr.",6950000000,2026-04-20
Vitor Pernambuco,Selangor FC,Malaysia,Sayap Kanan,0,"Rp1,74Mlyr.",1740000000,2026-04-20
Harry Danish,Selangor FC,Malaysia,Sayap Kanan,42,"Rp869,08Jt.",869080000,2026-04-20
Chrigor Moraes,Selangor FC,Malaysia,Depan-Tengah,0,"Rp13,91Mlyr.",13910000000,2026-04-20
Damien Lim,Sabah FC,Malaysia,Kiper,31,"Rp3,04Mlyr.",3040000000,2026-04-20
Khairul Fahmi,Sabah FC,Malaysia,Kiper,19,"Rp1,30Mlyr.",1300000000,2026-04-20
Ramzi Mustakim,Sabah FC,Malaysia,Kiper,0,"Rp434,54Jt.",434540000,2026-04-20
Azlizan Azlan,Sabah FC,Malaysia,Kiper,25,-,0,2026-04-20
Amir Jef,Sabah FC,Malaysia,Kiper,36,-,0,2026-04-20
Dominic Tan,Sabah FC,Malaysia,Bek-Tengah,33,"Rp5,65Mlyr.",5650000000,2026-04-20
Gabriel Peres,Sabah FC,Malaysia,Bek-Tengah,0,"Rp4,35Mlyr.",4350000000,2026-04-20
Rawilson Batuil,Sabah FC,Malaysia,Bek-Tengah,0,"Rp3,04Mlyr.",3040000000,2026-04-20
José Ángel,Sabah FC,Malaysia,Bek-Tengah,0,-,0,2026-04-20
Ritchie Svenson,Sabah FC,Malaysia,Bek-Tengah,34,-,0,2026-04-20
R. Dinesh,Sabah FC,Malaysia,Bek-Kiri,0,"Rp1,30Mlyr.",1300000000,2026-04-20
Ernesto Phumipha,Sabah FC,Malaysia,Bek-Kiri,0,"Rp1,30Mlyr.",1300000000,2026-04-20
Rozacklye Yanam,Sabah FC,Malaysia,Bek-Kiri,0,-,0,2026-04-20
Dane Ingham,Sabah FC,Malaysia,Bek-Kanan,23,"Rp6,52Mlyr.",6520000000,2026-04-20
Harith Naem Jaineh,Sabah FC,Malaysia,Bek-Kanan,0,"Rp869,08Jt.",869080000,2026-04-20
Gary Steven,Sabah FC,Malaysia,Gel. Bertahan,20,"Rp1,30Mlyr.",1300000000,2026-04-20
Miguel Cifuentes,Sabah FC,Malaysia,Gel. Tengah,0,"Rp3,04Mlyr.",3040000000,2026-04-20
Dean Pelekanos,Sabah FC,Malaysia,Gel. Tengah,0,"Rp3,04Mlyr.",3040000000,2026-04-20
Fakrul Iman,Sabah FC,Malaysia,Gel. Tengah,0,"Rp434,54Jt.",434540000,2026-04-20
Rusdi Roslan,Sabah FC,Malaysia,Gel. Tengah,0,-,0,2026-04-20
Duje Ljubic,Sabah FC,Malaysia,Gel. Serang,22,"Rp2,17Mlyr.",2170000000,2026-04-20
Farhan Roslan,Sabah FC,Malaysia,Sayap Kiri,0,"Rp2,17Mlyr.",2170000000,2026-04-20
Shahrol Nizam,Sabah FC,Malaysia,Sayap Kiri,30,-,0,2026-04-20
S. Kumaahran,Sabah FC,Malaysia,Sayap Kanan,0,"Rp2,61Mlyr.",2610000000,2026-04-20
Maxsius Musa,Sabah FC,Malaysia,Sayap Kanan,27,-,0,2026-04-20
Faheed Naqqeu,Sabah FC,Malaysia,Sayap Kanan,35,-,0,2026-04-20
Chris Marlon Ondong Mba,Sabah FC,Malaysia,Depan-Tengah,0,"Rp3,48Mlyr.",3480000000,2026-04-20
Fergus Tierney,Sabah FC,Malaysia,Depan-Tengah,0,"Rp3,48Mlyr.",3480000000,2026-04-20
Jafri Firdaus Chew,Sabah FC,Malaysia,Depan-Tengah,0,"Rp3,04Mlyr.",3040000000,2026-04-20
Darren Lok,Sabah FC,Malaysia,Depan-Tengah,28,"Rp2,17Mlyr.",2170000000,2026-04-20
Azhad Harraz,Sabah FC,Malaysia,Depan-Tengah,0,"Rp1,30Mlyr.",1300000000,2026-04-20
Kervens Belfort,Sabah FC,Malaysia,Depan-Tengah,0,-,0,2026-04-20
Syihan Hazmi,Johor Darul Ta'zim,Malaysia,Kiper,16,"Rp6,52Mlyr.",6520000000,2026-04-20
Andoni Zubiaurre,Johor Darul Ta'zim,Malaysia,Kiper,0,"Rp4,78Mlyr.",4780000000,2026-04-20
Christian Abad,Johor Darul Ta'zim,Malaysia,Kiper,0,"Rp434,54Jt.",434540000,2026-04-20
Antonio Glauder,Johor Darul Ta'zim,Malaysia,Bek-Tengah,0,"Rp11,30Mlyr.",11300000000,2026-04-20
Jun-heong Park,Johor Darul Ta'zim,Malaysia,Bek-Tengah,0,"Rp4,78Mlyr.",4780000000,2026-04-20
Shahrul Saad,Johor Darul Ta'zim,Malaysia,Bek-Tengah,0,"Rp3,48Mlyr.",3480000000,2026-04-20
Feroz Baharudin,Johor Darul Ta'zim,Malaysia,Bek-Tengah,0,"Rp3,48Mlyr.",3480000000,2026-04-20
Eddy Israfilov,Johor Darul Ta'zim,Malaysia,Bek-Tengah,23,"Rp3,48Mlyr.",3480000000,2026-04-20
Shane Lowry,Johor Darul Ta'zim,Malaysia,Bek-Tengah,0,"Rp1,74Mlyr.",1740000000,2026-04-20
Jon Irazábal,Johor Darul Ta'zim,Malaysia,Bek-Tengah,17,-,0,2026-04-20
Miquel Cuesta,Johor Darul Ta'zim,Malaysia,Bek-Tengah,44,-,0,2026-04-20
Jonathan Silva,Johor Darul Ta'zim,Malaysia,Bek-Kiri,33,"Rp9,56Mlyr.",9560000000,2026-04-20
La'Vere Corbin-Ong,Johor Darul Ta'zim,Malaysia,Bek-Kiri,22,"Rp2,61Mlyr.",2610000000,2026-04-20
Matthew Davies,Johor Darul Ta'zim,Malaysia,Bek-Kanan,0,"Rp7,82Mlyr.",7820000000,2026-04-20
Raúl Parra,Johor Darul Ta'zim,Malaysia,Bek-Kanan,36,"Rp3,48Mlyr.",3480000000,2026-04-20
Syahmi Safari,Johor Darul Ta'zim,Malaysia,Bek-Kanan,0,"Rp1,30Mlyr.",1300000000,2026-04-20
Nené,Johor Darul Ta'zim,Malaysia,Gel. Bertahan,18,"Rp17,38Mlyr.",17380000000,2026-04-20
Syamer Kutty,Johor Darul Ta'zim,Malaysia,Gel. Bertahan,41,"Rp3,48Mlyr.",3480000000,2026-04-20
Hong Wan,Johor Darul Ta'zim,Malaysia,Gel. Bertahan,0,"Rp3,04Mlyr.",3040000000,2026-04-20
Ibrahim Manusi,Johor Darul Ta'zim,Malaysia,Gel. Bertahan,27,"Rp1,74Mlyr.",1740000000,2026-04-20
Nacho Méndez,Johor Darul Ta'zim,Malaysia,Gel. Tengah,28,"Rp22,60Mlyr.",22600000000,2026-04-20
Stuart Wilkin,Johor Darul Ta'zim,Malaysia,Gel. Tengah,0,"Rp6,08Mlyr.",6080000000,2026-04-20
Afiq Fazail,Johor Darul Ta'zim,Malaysia,Gel. Tengah,0,"Rp5,21Mlyr.",5210000000,2026-04-20
Nazmi Faiz,Johor Darul Ta'zim,Malaysia,Gel. Tengah,21,"Rp3,04Mlyr.",3040000000,2026-04-20
Natxo Insa,Johor Darul Ta'zim,Malaysia,Gel. Tengah,30,"Rp869,08Jt.",869080000,2026-04-20
Hector Hevel,Johor Darul Ta'zim,Malaysia,Gel. Tengah,0,-,0,2026-04-20
Óscar Arribas,Johor Darul Ta'zim,Malaysia,Sayap Kiri,24,"Rp8,69Mlyr.",8690000000,2026-04-20
Teto Martín,Johor Darul Ta'zim,Malaysia,Sayap Kiri,20,"Rp7,82Mlyr.",7820000000,2026-04-20
Yago César,Johor Darul Ta'zim,Malaysia,Sayap Kiri,0,"Rp5,21Mlyr.",5210000000,2026-04-20
Enzo Lombardo,Johor Darul Ta'zim,Malaysia,Sayap Kiri,0,"Rp4,78Mlyr.",4780000000,2026-04-20
Ager Aketxe,Johor Darul Ta'zim,Malaysia,Sayap Kanan,0,"Rp13,04Mlyr.",13040000000,2026-04-20
Marcos Guilherme,Johor Darul Ta'zim,Malaysia,Sayap Kanan,0,"Rp13,04Mlyr.",13040000000,2026-04-20
Arif Aiman,Johor Darul Ta'zim,Malaysia,Sayap Kanan,42,"Rp12,17Mlyr.",12170000000,2026-04-20
Samu Castillejo,Johor Darul Ta'zim,Malaysia,Sayap Kanan,0,"Rp6,52Mlyr.",6520000000,2026-04-20
Manuel Hidalgo,Johor Darul Ta'zim,Malaysia,Sayap Kanan,0,"Rp5,65Mlyr.",5650000000,2026-04-20
Heberty,Johor Darul Ta'zim,Malaysia,Depan-Kedua,37,"Rp3,91Mlyr.",3910000000,2026-04-20
Jairo,Johor Darul Ta'zim,Malaysia,Depan-Tengah,0,"Rp13,91Mlyr.",13910000000,2026-04-20
Ajdin Mujagic,Johor Darul Ta'zim,Malaysia,Depan-Tengah,29,"Rp6,95Mlyr.",6950000000,2026-04-20
Bérgson,Johor Darul Ta'zim,Malaysia,Depan-Tengah,0,"Rp6,08Mlyr.",6080000000,2026-04-20
Romel Morales,Johor Darul Ta'zim,Malaysia,Depan-Tengah,19,"Rp5,65Mlyr.",5650000000,2026-04-20
João Figueiredo,Johor Darul Ta'zim,Malaysia,Depan-Tengah,25,-,0,2026-04-20
Celso Bermejo,Johor Darul Ta'zim,Malaysia,Depan-Tengah,0,-,0,2026-04-20
Suhaimi Husin,Terengganu FC,Malaysia,Kiper,38,"Rp2,61Mlyr.",2610000000,2026-04-20
Rahadiazli Rahalim,Terengganu FC,Malaysia,Kiper,0,"Rp1,74Mlyr.",1740000000,2026-04-20
Syed Nasrulhaq,Terengganu FC,Malaysia,Kiper,29,"Rp1,30Mlyr.",1300000000,2026-04-20
Nazul Izamil,Terengganu FC,Malaysia,Kiper,28,-,0,2026-04-20
Shahrul Nizam Ros Hasni,Terengganu FC,Malaysia,Bek-Tengah,0,"Rp4,78Mlyr.",4780000000,2026-04-20
Kyaw Min Oo,Terengganu FC,Malaysia,Bek-Tengah,23,"Rp4,78Mlyr.",4780000000,2026-04-20
Diego Landis,Terengganu FC,Malaysia,Bek-Tengah,0,"Rp4,35Mlyr.",4350000000,2026-04-20
Safwan Mazlan,Terengganu FC,Malaysia,Bek-Tengah,24,"Rp4,35Mlyr.",4350000000,2026-04-20
Ubaidullah Shamsul,Terengganu FC,Malaysia,Bek-Tengah,0,"Rp3,91Mlyr.",3910000000,2026-04-20
Alif Zakaria,Terengganu FC,Malaysia,Bek-Kiri,25,"Rp3,48Mlyr.",3480000000,2026-04-20
Faris Rifqi,Terengganu FC,Malaysia,Bek-Kiri,0,"Rp869,08Jt.",869080000,2026-04-20
Hairiey Hakim Mamat,Terengganu FC,Malaysia,Bek-Kiri,22,"Rp434,54Jt.",434540000,2026-04-20
Azam Azmi,Terengganu FC,Malaysia,Bek-Kanan,0,"Rp5,21Mlyr.",5210000000,2026-04-20
Saiful Jamaluddin,Terengganu FC,Malaysia,Gel. Bertahan,33,"Rp2,17Mlyr.",2170000000,2026-04-20
Syafiq Danial Romzi,Terengganu FC,Malaysia,Gel. Bertahan,21,-,0,2026-04-20
Danial Mohd Nor,Terengganu FC,Malaysia,Gel. Bertahan,0,-,0,2026-04-20
Ekhson Pandzhshanbe,Terengganu FC,Malaysia,Gel. Tengah,0,"Rp10,43Mlyr.",10430000000,2026-04-20
Akram Mahinan,Terengganu FC,Malaysia,Gel. Tengah,0,"Rp2,17Mlyr.",2170000000,2026-04-20
Careca,Terengganu FC,Malaysia,Gel. Serang,26,"Rp3,48Mlyr.",3480000000,2026-04-20
Engku Shakir,Terengganu FC,Malaysia,Gel. Serang,17,"Rp2,17Mlyr.",2170000000,2026-04-20
Shervoni Mabatshoev,Terengganu FC,Malaysia,Sayap Kiri,0,"Rp6,08Mlyr.",6080000000,2026-04-20
Akhyar Rashid,Terengganu FC,Malaysia,Sayap Kiri,0,"Rp4,78Mlyr.",4780000000,2026-04-20
Baqiuddin Shamsudin,Terengganu FC,Malaysia,Sayap Kanan,0,"Rp3,04Mlyr.",3040000000,2026-04-20
Khala'if Naskam,Terengganu FC,Malaysia,Sayap Kanan,0,"Rp869,08Jt.",869080000,2026-04-20
Azziq Zahazani,Terengganu FC,Malaysia,Sayap Kanan,0,-,0,2026-04-20
Yann Mabella,Terengganu FC,Malaysia,Depan-Tengah,0,"Rp5,21Mlyr.",5210000000,2026-04-20
Haqimi Azim,Terengganu FC,Malaysia,Depan-Tengah,37,"Rp3,91Mlyr.",3910000000,2026-04-20
Gervane Kastaneer,Terengganu FC,Malaysia,Depan-Tengah,0,"Rp3,04Mlyr.",3040000000,2026-04-20
Junior Ngong Sam,Terengganu FC,Malaysia,Depan-Tengah,19,"Rp1,74Mlyr.",1740000000,2026-04-20
Syahmi Zamri,Terengganu FC,Malaysia,Depan-Tengah,0,"Rp1,74Mlyr.",1740000000,2026-04-20
Van Viet Nguyen,The Cong - Viettel FC,Vietnam,Kiper,28,"Rp3,48Mlyr.",3480000000,2026-04-20
Van Phong Pham,The Cong - Viettel FC,Vietnam,Kiper,36,"Rp869,08Jt.",869080000,2026-04-20
Xuan Son Ngo,The Cong - Viettel FC,Vietnam,Kiper,0,"Rp434,54Jt.",434540000,2026-04-20
Hoang An Pham,The Cong - Viettel FC,Vietnam,Kiper,0,-,0,2026-04-20
Tien Dung Bui,The Cong - Viettel FC,Vietnam,Bek-Tengah,0,"Rp4,78Mlyr.",4780000000,2026-04-20
Thanh Binh Nguyen,The Cong - Viettel FC,Vietnam,Bek-Tengah,0,"Rp4,35Mlyr.",4350000000,2026-04-20
Kyle Colonna,The Cong - Viettel FC,Vietnam,Bek-Tengah,0,"Rp3,48Mlyr.",3480000000,2026-04-20
Van Nam Dao,The Cong - Viettel FC,Vietnam,Bek-Tengah,20,"Rp2,61Mlyr.",2610000000,2026-04-20
Minh Tung Nguyen,The Cong - Viettel FC,Vietnam,Bek-Tengah,0,"Rp1,74Mlyr.",1740000000,2026-04-20
Tuan Phong Dang,The Cong - Viettel FC,Vietnam,Bek-Tengah,0,"Rp869,08Jt.",869080000,2026-04-20
Tuan Tai Phan,The Cong - Viettel FC,Vietnam,Bek-Kiri,0,"Rp4,35Mlyr.",4350000000,2026-04-20
Van Duc Bui,The Cong - Viettel FC,Vietnam,Bek-Kiri,26,"Rp2,17Mlyr.",2170000000,2026-04-20
Viet Tu Dinh,The Cong - Viettel FC,Vietnam,Bek-Kiri,18,"Rp1,30Mlyr.",1300000000,2026-04-20
Van Quyet Vu,The Cong - Viettel FC,Vietnam,Bek-Kanan,21,-,0,2026-04-20
Paulinho Curuá,The Cong - Viettel FC,Vietnam,Gel. Bertahan,0,"Rp1,74Mlyr.",1740000000,2026-04-20
Van Tram Dang,The Cong - Viettel FC,Vietnam,Gel. Bertahan,29,"Rp1,30Mlyr.",1300000000,2026-04-20
Damian Vu Thanh,The Cong - Viettel FC,Vietnam,Gel. Bertahan,0,"Rp869,08Jt.",869080000,2026-04-20
Thanh Tung Duong,The Cong - Viettel FC,Vietnam,Gelandang,22,"Rp434,54Jt.",434540000,2026-04-20
Wesley Natã,The Cong - Viettel FC,Vietnam,Gel. Tengah,25,"Rp5,65Mlyr.",5650000000,2026-04-20
Xuan Tien Dinh,The Cong - Viettel FC,Vietnam,Gel. Tengah,19,"Rp2,61Mlyr.",2610000000,2026-04-20
Van Tu Nguyen,The Cong - Viettel FC,Vietnam,Gel. Tengah,0,"Rp1,74Mlyr.",1740000000,2026-04-20
Quoc Nhat Nam Le,The Cong - Viettel FC,Vietnam,Gel. Tengah,16,"Rp1,30Mlyr.",1300000000,2026-04-20
Duc Hoang Minh Nguyen,The Cong - Viettel FC,Vietnam,Gelandang Kanan,17,"Rp1,30Mlyr.",1300000000,2026-04-20
Ngoc Tu Nguyen,The Cong - Viettel FC,Vietnam,Gelandang Kanan,0,"Rp869,08Jt.",869080000,2026-04-20
Van Khang Khuat,The Cong - Viettel FC,Vietnam,Gelandang Kiri,0,"Rp5,21Mlyr.",5210000000,2026-04-20
Huu Thang Nguyen,The Cong - Viettel FC,Vietnam,Gel. Serang,0,"Rp2,17Mlyr.",2170000000,2026-04-20
Hoang Khanh Nguyen,The Cong - Viettel FC,Vietnam,Sayap Kiri,30,-,0,2026-04-20
Pedro Henrique,The Cong - Viettel FC,Vietnam,Sayap Kanan,0,"Rp3,48Mlyr.",3480000000,2026-04-20
Cong Phuong Nguyen,The Cong - Viettel FC,Vietnam,Sayap Kanan,0,"Rp1,30Mlyr.",1300000000,2026-04-20
Lucão,The Cong - Viettel FC,Vietnam,Depan-Tengah,0,"Rp3,91Mlyr.",3910000000,2026-04-20
Manh Dung Nham,The Cong - Viettel FC,Vietnam,Depan-Tengah,23,"Rp3,04Mlyr.",3040000000,2026-04-20
Danh Trung Tran,The Cong - Viettel FC,Vietnam,Depan-Tengah,0,"Rp2,17Mlyr.",2170000000,2026-04-20
Si Chien Nguyen,The Cong - Viettel FC,Vietnam,Penyerang,0,-,0,2026-04-20
Dang Duong Nguyen,The Cong - Viettel FC,Vietnam,Penyerang,0,-,0,2026-04-20
Xuan Hoang Trinh,Dong A Thanh Hoa FC,Vietnam,Kiper,0,"Rp2,17Mlyr.",2170000000,2026-04-20
Y Eli Nie,Dong A Thanh Hoa FC,Vietnam,Kiper,30,"Rp869,08Jt.",869080000,2026-04-20
Anh Tuan Le,Dong A Thanh Hoa FC,Vietnam,Kiper,0,-,0,2026-04-20
Van Loi Trinh,Dong A Thanh Hoa FC,Vietnam,Bek-Tengah,0,"Rp1,74Mlyr.",1740000000,2026-04-20
Dinh Huyen Nguyen,Dong A Thanh Hoa FC,Vietnam,Bek-Tengah,16,"Rp869,08Jt.",869080000,2026-04-20
Van Hung Le,Dong A Thanh Hoa FC,Vietnam,Bek-Tengah,43,"Rp869,08Jt.",869080000,2026-04-20
Xuan Hung Luc,Dong A Thanh Hoa FC,Vietnam,Bek-Tengah,0,"Rp434,54Jt.",434540000,2026-04-20
Minh Doan Huynh,Dong A Thanh Hoa FC,Vietnam,Bek-Kanan,0,"Rp869,08Jt.",869080000,2026-04-20
Ba Tien Nguyen,Dong A Thanh Hoa FC,Vietnam,Bek-Kanan,0,"Rp869,08Jt.",869080000,2026-04-20
Thanh Nam Truong,Dong A Thanh Hoa FC,Vietnam,Bek-Kanan,0,"Rp434,54Jt.",434540000,2026-04-20
Ngoc Ha Doan,Dong A Thanh Hoa FC,Vietnam,Gel. Bertahan,29,"Rp1,30Mlyr.",1300000000,2026-04-20
Odilzhon Abdurakhmanov,Dong A Thanh Hoa FC,Vietnam,Gel. Tengah,0,"Rp4,35Mlyr.",4350000000,2026-04-20
Damoth Thongkhamsavath,Dong A Thanh Hoa FC,Vietnam,Gel. Tengah,22,"Rp2,61Mlyr.",2610000000,2026-04-20
Ngoc Tan Doan,Dong A Thanh Hoa FC,Vietnam,Gel. Tengah,34,"Rp2,17Mlyr.",2170000000,2026-04-20
Matias Belli Moldskred,Dong A Thanh Hoa FC,Vietnam,Gel. Tengah,27,"Rp1,74Mlyr.",1740000000,2026-04-20
Huu Dung Nguyen,Dong A Thanh Hoa FC,Vietnam,Gel. Tengah,18,"Rp434,54Jt.",434540000,2026-04-20
Duc Hoang Ngo,Dong A Thanh Hoa FC,Vietnam,Gel. Tengah,26,"Rp434,54Jt.",434540000,2026-04-20
Quoc Phuong Le,Dong A Thanh Hoa FC,Vietnam,Gelandang Kiri,19,"Rp434,54Jt.",434540000,2026-04-20
Trum Tinh Pham,Dong A Thanh Hoa FC,Vietnam,Gel. Serang,23,"Rp869,08Jt.",869080000,2026-04-20
Ngoc Quy Tran,Dong A Thanh Hoa FC,Vietnam,Gel. Serang,21,-,0,2026-04-20
Ngoc My Nguyen,Dong A Thanh Hoa FC,Vietnam,Sayap Kiri,24,"Rp2,17Mlyr.",2170000000,2026-04-20
Amar Catic,Dong A Thanh Hoa FC,Vietnam,Sayap Kanan,0,"Rp4,35Mlyr.",4350000000,2026-04-20
Van Thang Le,Dong A Thanh Hoa FC,Vietnam,Sayap Kanan,0,"Rp434,54Jt.",434540000,2026-04-20
Rimario Gordon,Dong A Thanh Hoa FC,Vietnam,Depan-Tengah,0,"Rp3,91Mlyr.",3910000000,2026-04-20
Van Tung Nguyen,Dong A Thanh Hoa FC,Vietnam,Penyerang,17,"Rp434,54Jt.",434540000,2026-04-20
Van Hoan Le,Dong A Thanh Hoa FC,Vietnam,Depan-Tengah,0,-,0,2026-04-20
Tien Dung Bui,SHB Da Nang FC,Vietnam,Kiper,0,"Rp2,17Mlyr.",2170000000,2026-04-20
Van Bieu Phan,SHB Da Nang FC,Vietnam,Kiper,0,"Rp1,30Mlyr.",1300000000,2026-04-20
Van Toan Nguyen,SHB Da Nang FC,Vietnam,Kiper,0,"Rp869,08Jt.",869080000,2026-04-20
Tuan Hung Dang,SHB Da Nang FC,Vietnam,Kiper,30,"Rp434,54Jt.",434540000,2026-04-20
Tung Han Ho,SHB Da Nang FC,Vietnam,Kiper,0,"Rp434,54Jt.",434540000,2026-04-20
Quoc Bao Huynh Tran,SHB Da Nang FC,Vietnam,Kiper,25,-,0,2026-04-20
Ngoc Hai Que,SHB Da Nang FC,Vietnam,Bek-Tengah,0,"Rp3,48Mlyr.",3480000000,2026-04-20
Gustavo Sant'Ana,SHB Da Nang FC,Vietnam,Bek-Tengah,0,"Rp2,61Mlyr.",2610000000,2026-04-20
Duy Cuong Luong,SHB Da Nang FC,Vietnam,Bek-Tengah,20,"Rp2,17Mlyr.",2170000000,2026-04-20
Duc Anh Nguyen,SHB Da Nang FC,Vietnam,Bek-Tengah,0,"Rp1,30Mlyr.",1300000000,2026-04-20
Ngoc Hiep Tran,SHB Da Nang FC,Vietnam,Bek-Tengah,0,"Rp869,08Jt.",869080000,2026-04-20
Ngoc Son Tran,SHB Da Nang FC,Vietnam,Bek-Tengah,27,"Rp434,54Jt.",434540000,2026-04-20
Van Son Vu,SHB Da Nang FC,Vietnam,Bek-Tengah,0,"Rp434,54Jt.",434540000,2026-04-20
Thanh Khai Nguyen,SHB Da Nang FC,Vietnam,Bek-Tengah,0,-,0,2026-04-20
Duy Duong Nguyen,SHB Da Nang FC,Vietnam,Bek-Kiri,35,"Rp869,08Jt.",869080000,2026-04-20
Duy Thang Nguyen,SHB Da Nang FC,Vietnam,Bek-Kiri,0,"Rp434,54Jt.",434540000,2026-04-20
Hong Phuc Nguyen,SHB Da Nang FC,Vietnam,Bek-Kanan,23,"Rp869,08Jt.",869080000,2026-04-20
The Hung Phan,SHB Da Nang FC,Vietnam,Gelandang,17,-,0,2026-04-20
Pierre Lamothe,SHB Da Nang FC,Vietnam,Gel. Tengah,0,"Rp1,74Mlyr.",1740000000,2026-04-20
Anh Tuan Dang,SHB Da Nang FC,Vietnam,Gel. Tengah,0,"Rp1,30Mlyr.",1300000000,2026-04-20
Vu Quoc Nhat Le,SHB Da Nang FC,Vietnam,Gel. Tengah,22,"Rp869,08Jt.",869080000,2026-04-20
Van Toan Vo,SHB Da Nang FC,Vietnam,Gel. Tengah,0,"Rp869,08Jt.",869080000,2026-04-20
Van Hoa Tran,SHB Da Nang FC,Vietnam,Gel. Tengah,0,"Rp434,54Jt.",434540000,2026-04-20
Van Huu Pham,SHB Da Nang FC,Vietnam,Gelandang Kanan,16,"Rp869,08Jt.",869080000,2026-04-20
Phi Hoang Nguyen,SHB Da Nang FC,Vietnam,Gelandang Kiri,21,"Rp3,48Mlyr.",3480000000,2026-04-20
Vadim Nguyen,SHB Da Nang FC,Vietnam,Gelandang Kiri,0,"Rp869,08Jt.",869080000,2026-04-20
Joel López Pissano,SHB Da Nang FC,Vietnam,Gel. Serang,19,"Rp8,69Mlyr.",8690000000,2026-04-20
David Henen,SHB Da Nang FC,Vietnam,Sayap Kiri,0,"Rp4,78Mlyr.",4780000000,2026-04-20
Van Long Phan,SHB Da Nang FC,Vietnam,Sayap Kanan,0,"Rp2,61Mlyr.",2610000000,2026-04-20
Dinh Duy Pham,SHB Da Nang FC,Vietnam,Sayap Kanan,18,"Rp2,61Mlyr.",2610000000,2026-04-20
Minh Quang Nguyen,SHB Da Nang FC,Vietnam,Sayap Kanan,38,"Rp1,74Mlyr.",1740000000,2026-04-20
Hong Phuoc Ngo,SHB Da Nang FC,Vietnam,Sayap Kanan,0,"Rp869,08Jt.",869080000,2026-04-20
Milan Makaric,SHB Da Nang FC,Vietnam,Depan-Tengah,0,"Rp4,35Mlyr.",4350000000,2026-04-20
Ribamar,SHB Da Nang FC,Vietnam,Depan-Tengah,0,"Rp3,48Mlyr.",3480000000,2026-04-20
Nguyen Hoang Vo,SHB Da Nang FC,Vietnam,Depan-Tengah,28,"Rp2,17Mlyr.",2170000000,2026-04-20
Minh Toan Tran,Becamex Ho Chi Minh City FC,Vietnam,Kiper,25,"Rp2,61Mlyr.",2610000000,2026-04-20
Van Cong Nguyen,Becamex Ho Chi Minh City FC,Vietnam,Kiper,30,"Rp869,08Jt.",869080000,2026-04-20
Huu Loi Nguyen,Becamex Ho Chi Minh City FC,Vietnam,Kiper,0,-,0,2026-04-20
Nhat Ha Tran,Becamex Ho Chi Minh City FC,Vietnam,Kiper,0,-,0,2026-04-20
Milos Zlatkovic,Becamex Ho Chi Minh City FC,Vietnam,Bek-Tengah,24,"Rp3,91Mlyr.",3910000000,2026-04-20
Adriano Schmidt,Becamex Ho Chi Minh City FC,Vietnam,Bek-Tengah,0,"Rp2,17Mlyr.",2170000000,2026-04-20
Dinh Khuong Tran,Becamex Ho Chi Minh City FC,Vietnam,Bek-Tengah,21,"Rp1,74Mlyr.",1740000000,2026-04-20
Khac Vu Nguyen,Becamex Ho Chi Minh City FC,Vietnam,Bek-Tengah,27,"Rp434,54Jt.",434540000,2026-04-20
Thanh Kien Nguyen,Becamex Ho Chi Minh City FC,Vietnam,Bek-Tengah,33,"Rp434,54Jt.",434540000,2026-04-20
Hoang Bao Tran,Becamex Ho Chi Minh City FC,Vietnam,Bek-Kiri,0,"Rp434,54Jt.",434540000,2026-04-20
Tan Tai Ho,Becamex Ho Chi Minh City FC,Vietnam,Bek-Kanan,0,"Rp4,35Mlyr.",4350000000,2026-04-20
Tung Quoc Ngo,Becamex Ho Chi Minh City FC,Vietnam,Bek-Kanan,0,"Rp3,91Mlyr.",3910000000,2026-04-20
Hoang Hung Tran,Becamex Ho Chi Minh City FC,Vietnam,Bek-Kanan,0,"Rp869,08Jt.",869080000,2026-04-20
Tuan Canh Doan,Becamex Ho Chi Minh City FC,Vietnam,Bek-Kanan,19,"Rp434,54Jt.",434540000,2026-04-20
Geoffrey Kizito,Becamex Ho Chi Minh City FC,Vietnam,Gel. Bertahan,39,"Rp2,17Mlyr.",2170000000,2026-04-20
Ngoc Chien Nguyen,Becamex Ho Chi Minh City FC,Vietnam,Gel. Bertahan,35,-,0,2026-04-20
The Hieu Huynh,Becamex Ho Chi Minh City FC,Vietnam,Gelandang,29,-,0,2026-04-20
Hoang Anh Ngo,Becamex Ho Chi Minh City FC,Vietnam,Gelandang,0,-,0,2026-04-20
Hoang Minh Khoa Vo,Becamex Ho Chi Minh City FC,Vietnam,Gel. Tengah,0,"Rp4,78Mlyr.",4780000000,2026-04-20
Hugo Alves,Becamex Ho Chi Minh City FC,Vietnam,Gel. Tengah,0,"Rp3,48Mlyr.",3480000000,2026-04-20
Thanh Hau Phan,Becamex Ho Chi Minh City FC,Vietnam,Gel. Tengah,0,"Rp1,74Mlyr.",1740000000,2026-04-20
Trong Phu Nguyen,Becamex Ho Chi Minh City FC,Vietnam,Gel. Tengah,0,"Rp434,54Jt.",434540000,2026-04-20
Hong Quan Mac,Becamex Ho Chi Minh City FC,Vietnam,Gel. Tengah,0,-,0,2026-04-20
Thanh Long Phan Nhat,Becamex Ho Chi Minh City FC,Vietnam,Gelandang Kanan,38,"Rp1,30Mlyr.",1300000000,2026-04-20
Trong Hung Nguyen,Becamex Ho Chi Minh City FC,Vietnam,Gelandang Kiri,20,"Rp1,30Mlyr.",1300000000,2026-04-20
Quoc Khanh Cao,Becamex Ho Chi Minh City FC,Vietnam,Gel. Serang,0,"Rp434,54Jt.",434540000,2026-04-20
Trung Hau Ha,Becamex Ho Chi Minh City FC,Vietnam,Gel. Serang,23,-,0,2026-04-20
Vi Hao Bui,Becamex Ho Chi Minh City FC,Vietnam,Sayap Kiri,0,"Rp5,21Mlyr.",5210000000,2026-04-20
Tran Viet Cuong Nguyen,Becamex Ho Chi Minh City FC,Vietnam,Sayap Kiri,0,"Rp3,48Mlyr.",3480000000,2026-04-20
Van Anh Nguyen,Becamex Ho Chi Minh City FC,Vietnam,Sayap Kiri,28,"Rp869,08Jt.",869080000,2026-04-20
Thanh Nhan Nguyen,Becamex Ho Chi Minh City FC,Vietnam,Sayap Kanan,16,"Rp1,30Mlyr.",1300000000,2026-04-20
Ugochukwu Oduenyi,Becamex Ho Chi Minh City FC,Vietnam,Depan-Tengah,0,"Rp2,61Mlyr.",2610000000,2026-04-20
Elisha Sam,Becamex Ho Chi Minh City FC,Vietnam,Depan-Tengah,0,"Rp2,17Mlyr.",2170000000,2026-04-20
Minh Binh Le,Becamex Ho Chi Minh City FC,Vietnam,Depan-Tengah,0,"Rp1,30Mlyr.",1300000000,2026-04-20
Tuan Tai Ho,Becamex Ho Chi Minh City FC,Vietnam,Depan-Tengah,18,"Rp869,08Jt.",869080000,2026-04-20
Tony Pham,Becamex Ho Chi Minh City FC,Vietnam,Depan-Tengah,0,-,0,2026-04-20
Nhu Y Nguyen,Becamex Ho Chi Minh City FC,Vietnam,Penyerang,0,-,0,2026-04-20
Thanh Tung Nguyen,Hong Linh Ha Tinh FC,Vietnam,Kiper,0,"Rp2,17Mlyr.",2170000000,2026-04-20
Tung Lam Duong,Hong Linh Ha Tinh FC,Vietnam,Kiper,29,"Rp434,54Jt.",434540000,2026-04-20
Ngoc Cuong Vo,Hong Linh Ha Tinh FC,Vietnam,Kiper,0,-,0,2026-04-20
Helerson,Hong Linh Ha Tinh FC,Vietnam,Bek-Tengah,0,"Rp4,35Mlyr.",4350000000,2026-04-20
Van Hanh Nguyen,Hong Linh Ha Tinh FC,Vietnam,Bek-Tengah,0,"Rp1,30Mlyr.",1300000000,2026-04-20
Cong Thanh Doan,Hong Linh Ha Tinh FC,Vietnam,Bek-Tengah,19,"Rp869,08Jt.",869080000,2026-04-20
Quoc Dan Vo,Hong Linh Ha Tinh FC,Vietnam,Bek-Tengah,38,"Rp434,54Jt.",434540000,2026-04-20
Manh Hung Nguyen,Hong Linh Ha Tinh FC,Vietnam,Bek-Tengah,0,"Rp434,54Jt.",434540000,2026-04-20
Anh Tuan Nguyen,Hong Linh Ha Tinh FC,Vietnam,Bek-Tengah,0,-,0,2026-04-20
Sy Hoang Mai,Hong Linh Ha Tinh FC,Vietnam,Bek-Kiri,0,"Rp3,04Mlyr.",3040000000,2026-04-20
Viet Trieu Vu,Hong Linh Ha Tinh FC,Vietnam,Bek-Kiri,30,"Rp1,74Mlyr.",1740000000,2026-04-20
Duy Thuong Bui,Hong Linh Ha Tinh FC,Vietnam,Bek-Kanan,0,"Rp2,17Mlyr.",2170000000,2026-04-20
Van Nhuan Nguyen,Hong Linh Ha Tinh FC,Vietnam,Bek-Kanan,0,"Rp434,54Jt.",434540000,2026-04-20
The Hung Nguyen,Hong Linh Ha Tinh FC,Vietnam,Gelandang,27,-,0,2026-04-20
Joseph Onoja,Hong Linh Ha Tinh FC,Vietnam,Gel. Tengah,0,"Rp3,48Mlyr.",3480000000,2026-04-20
Duc Viet Nguyen,Hong Linh Ha Tinh FC,Vietnam,Gel. Tengah,0,"Rp1,30Mlyr.",1300000000,2026-04-20
Hoang Trung Nguyen Nguyen,Hong Linh Ha Tinh FC,Vietnam,Gel. Tengah,24,"Rp869,08Jt.",869080000,2026-04-20
Trong Hoang Nguyen,Hong Linh Ha Tinh FC,Vietnam,Gel. Tengah,0,"Rp434,54Jt.",434540000,2026-04-20
Van Buu Tran,Hong Linh Ha Tinh FC,Vietnam,Gel. Tengah,17,"Rp434,54Jt.",434540000,2026-04-20
Tuan Tai Dinh,Hong Linh Ha Tinh FC,Vietnam,Gel. Tengah,25,"Rp434,54Jt.",434540000,2026-04-20
Van Khanh Nguyen,Hong Linh Ha Tinh FC,Vietnam,Gel. Tengah,37,"Rp434,54Jt.",434540000,2026-04-20
Tan Tai Huynh,Hong Linh Ha Tinh FC,Vietnam,Gelandang Kanan,39,"Rp1,74Mlyr.",1740000000,2026-04-20
Van Long Pham,Hong Linh Ha Tinh FC,Vietnam,Gelandang Kanan,16,"Rp1,30Mlyr.",1300000000,2026-04-20
Viktor Le,Hong Linh Ha Tinh FC,Vietnam,Gelandang Kiri,0,"Rp3,48Mlyr.",3480000000,2026-04-20
Tien Dat Huynh,Hong Linh Ha Tinh FC,Vietnam,Gelandang Kiri,20,"Rp869,08Jt.",869080000,2026-04-20
Van Huy Nguyen,Hong Linh Ha Tinh FC,Vietnam,Gelandang Kiri,21,"Rp434,54Jt.",434540000,2026-04-20
Welder,Hong Linh Ha Tinh FC,Vietnam,Sayap Kiri,0,-,0,2026-04-20
Van Hiep Nguyen,Hong Linh Ha Tinh FC,Vietnam,Sayap Kanan,0,"Rp869,08Jt.",869080000,2026-04-20
Yevgeniy Serdyuk,Hong Linh Ha Tinh FC,Vietnam,Depan-Tengah,0,"Rp10,43Mlyr.",10430000000,2026-04-20
Charles Atshimene,Hong Linh Ha Tinh FC,Vietnam,Depan-Tengah,0,"Rp4,78Mlyr.",4780000000,2026-04-20
Balotelli,Hong Linh Ha Tinh FC,Vietnam,Depan-Tengah,0,"Rp2,17Mlyr.",2170000000,2026-04-20
Quang Nam Vu,Hong Linh Ha Tinh FC,Vietnam,Depan-Tengah,18,"Rp869,08Jt.",869080000,2026-04-20
Van Binh Cao,Song Lam Nghe An FC,Vietnam,Kiper,0,"Rp1,74Mlyr.",1740000000,2026-04-20
Bao Ngoc Nguyen,Song Lam Nghe An FC,Vietnam,Kiper,25,-,0,2026-04-20
Huu Hau Nguyen,Song Lam Nghe An FC,Vietnam,Kiper,26,-,0,2026-04-20
Tan Minh Nguyen,Song Lam Nghe An FC,Vietnam,Bek,0,-,0,2026-04-20
Van Khanh Hoang,Song Lam Nghe An FC,Vietnam,Bek-Tengah,0,"Rp2,61Mlyr.",2610000000,2026-04-20
Nam Hai Tran,Song Lam Nghe An FC,Vietnam,Bek-Tengah,17,"Rp2,17Mlyr.",2170000000,2026-04-20
Nguyen Hoang Le,Song Lam Nghe An FC,Vietnam,Bek-Tengah,0,"Rp1,74Mlyr.",1740000000,2026-04-20
Justin Garcia,Song Lam Nghe An FC,Vietnam,Bek-Tengah,0,"Rp1,74Mlyr.",1740000000,2026-04-20
Khac Luong Ho,Song Lam Nghe An FC,Vietnam,Bek-Tengah,0,"Rp434,54Jt.",434540000,2026-04-20
Van Thanh Phan,Song Lam Nghe An FC,Vietnam,Bek-Tengah,33,"Rp434,54Jt.",434540000,2026-04-20
Van Huy Vuong,Song Lam Nghe An FC,Vietnam,Bek-Kiri,0,"Rp2,61Mlyr.",2610000000,2026-04-20
Thanh Duc Bui,Song Lam Nghe An FC,Vietnam,Bek-Kiri,0,"Rp434,54Jt.",434540000,2026-04-20
Mai Hoang Nguyen,Song Lam Nghe An FC,Vietnam,Bek-Kiri,35,"Rp434,54Jt.",434540000,2026-04-20
Minh Hoi Hoang,Song Lam Nghe An FC,Vietnam,Bek-Kiri,23,-,0,2026-04-20
Van Cuong Ho,Song Lam Nghe An FC,Vietnam,Bek-Kanan,30,"Rp2,61Mlyr.",2610000000,2026-04-20
Ba Quyen Phan,Song Lam Nghe An FC,Vietnam,Gel. Bertahan,19,"Rp1,74Mlyr.",1740000000,2026-04-20
Quoc Trung Pham Nguyen,Song Lam Nghe An FC,Vietnam,Gel. Bertahan,0,-,0,2026-04-20
Quang Vinh Nguyen,Song Lam Nghe An FC,Vietnam,Gel. Tengah,16,"Rp2,61Mlyr.",2610000000,2026-04-20
Xuan Binh Nguyen,Song Lam Nghe An FC,Vietnam,Gel. Tengah,0,"Rp869,08Jt.",869080000,2026-04-20
Quang Tu Dang,Song Lam Nghe An FC,Vietnam,Gel. Tengah,29,"Rp869,08Jt.",869080000,2026-04-20
Khac Ngoc Ho,Song Lam Nghe An FC,Vietnam,Gel. Tengah,32,"Rp869,08Jt.",869080000,2026-04-20
Van Bach Nguyen,Song Lam Nghe An FC,Vietnam,Gelandang Kanan,0,"Rp869,08Jt.",869080000,2026-04-20
Trong Tuan Nguyen,Song Lam Nghe An FC,Vietnam,Gel. Serang,0,"Rp434,54Jt.",434540000,2026-04-20
Manh Quynh Tran,Song Lam Nghe An FC,Vietnam,Sayap Kiri,0,"Rp3,04Mlyr.",3040000000,2026-04-20
Van Luong Ngo,Song Lam Nghe An FC,Vietnam,Sayap Kiri,20,"Rp1,74Mlyr.",1740000000,2026-04-20
Van Nam Phung,Song Lam Nghe An FC,Vietnam,Sayap Kiri,0,-,0,2026-04-20
Long Vu Le Dinh,Song Lam Nghe An FC,Vietnam,Sayap Kanan,18,"Rp2,17Mlyr.",2170000000,2026-04-20
Phi-Long Tran,Song Lam Nghe An FC,Vietnam,Sayap Kanan,0,-,0,2026-04-20
Michael Olaha,Song Lam Nghe An FC,Vietnam,Depan-Tengah,0,"Rp5,65Mlyr.",5650000000,2026-04-20
Reon Moore,Song Lam Nghe An FC,Vietnam,Depan-Tengah,0,"Rp2,61Mlyr.",2610000000,2026-04-20
Carlos Fortes,Song Lam Nghe An FC,Vietnam,Depan-Tengah,27,"Rp1,74Mlyr.",1740000000,2026-04-20
Patrik Le Giang,Cong An Ho Chi Minh City FC,Vietnam,Kiper,0,"Rp2,61Mlyr.",2610000000,2026-04-20
Manh Cuong Nguyen,Cong An Ho Chi Minh City FC,Vietnam,Kiper,0,"Rp434,54Jt.",434540000,2026-04-20
Tan Nguyen,Cong An Ho Chi Minh City FC,Vietnam,Kiper,0,-,0,2026-04-20
Matheus Felipe,Cong An Ho Chi Minh City FC,Vietnam,Bek-Tengah,0,"Rp14,77Mlyr.",14770000000,2026-04-20
Minh Gia Bao Khong,Cong An Ho Chi Minh City FC,Vietnam,Bek-Tengah,0,"Rp2,17Mlyr.",2170000000,2026-04-20
Hoang Phuc Tran,Cong An Ho Chi Minh City FC,Vietnam,Bek-Tengah,28,"Rp2,17Mlyr.",2170000000,2026-04-20
Minh Trong Vo,Cong An Ho Chi Minh City FC,Vietnam,Bek-Kiri,17,"Rp4,35Mlyr.",4350000000,2026-04-20
Kha Duc Le,Cong An Ho Chi Minh City FC,Vietnam,Bek-Kiri,0,"Rp1,30Mlyr.",1300000000,2026-04-20
Viet Hoang Vo Huu,Cong An Ho Chi Minh City FC,Vietnam,Bek-Kanan,20,"Rp1,74Mlyr.",1740000000,2026-04-20
Quang Hung Le,Cong An Ho Chi Minh City FC,Vietnam,Bek-Kanan,34,"Rp869,08Jt.",869080000,2026-04-20
Manh Cuong Tran,Cong An Ho Chi Minh City FC,Vietnam,Bek-Kanan,0,"Rp869,08Jt.",869080000,2026-04-20
Duc Huy Pham,Cong An Ho Chi Minh City FC,Vietnam,Gel. Bertahan,0,"Rp2,17Mlyr.",2170000000,2026-04-20
Van Luan Pham,Cong An Ho Chi Minh City FC,Vietnam,Gel. Bertahan,0,"Rp1,74Mlyr.",1740000000,2026-04-20
Peter Makrillos,Cong An Ho Chi Minh City FC,Vietnam,Gel. Tengah,0,"Rp4,35Mlyr.",4350000000,2026-04-20
Quoc Cuong Nguyen Thai,Cong An Ho Chi Minh City FC,Vietnam,Gel. Tengah,19,"Rp2,17Mlyr.",2170000000,2026-04-20
Duc Phu Nguyen,Cong An Ho Chi Minh City FC,Vietnam,Gel. Tengah,39,"Rp2,17Mlyr.",2170000000,2026-04-20
Quoc Gia Dao,Cong An Ho Chi Minh City FC,Vietnam,Gel. Tengah,21,"Rp1,74Mlyr.",1740000000,2026-04-20
Van Lam Dang,Cong An Ho Chi Minh City FC,Vietnam,Gel. Tengah,23,"Rp1,30Mlyr.",1300000000,2026-04-20
Ngoc Long Bui,Cong An Ho Chi Minh City FC,Vietnam,Gelandang Kanan,18,"Rp2,17Mlyr.",2170000000,2026-04-20
Ngoc Ha Mach,Cong An Ho Chi Minh City FC,Vietnam,Gelandang Kanan,0,"Rp1,74Mlyr.",1740000000,2026-04-20
Van Hao Duong,Cong An Ho Chi Minh City FC,Vietnam,Gelandang Kiri,36,"Rp1,30Mlyr.",1300000000,2026-04-20
Huy Toan Vo,Cong An Ho Chi Minh City FC,Vietnam,Gelandang Kiri,0,"Rp869,08Jt.",869080000,2026-04-20
Endrick,Cong An Ho Chi Minh City FC,Vietnam,Gel. Serang,0,"Rp3,48Mlyr.",3480000000,2026-04-20
Raphael Utzig,Cong An Ho Chi Minh City FC,Vietnam,Sayap Kiri,0,"Rp13,04Mlyr.",13040000000,2026-04-20
Khoa Ngo,Cong An Ho Chi Minh City FC,Vietnam,Sayap Kiri,26,"Rp2,61Mlyr.",2610000000,2026-04-20
Van Toan Tay,Cong An Ho Chi Minh City FC,Vietnam,Sayap Kanan,0,"Rp1,30Mlyr.",1300000000,2026-04-20
Van Binh Bui,Cong An Ho Chi Minh City FC,Vietnam,Sayap Kanan,27,"Rp1,30Mlyr.",1300000000,2026-04-20
Tien Linh Nguyen,Cong An Ho Chi Minh City FC,Vietnam,Depan-Tengah,22,"Rp5,65Mlyr.",5650000000,2026-04-20
Thanh Binh Dinh,Cong An Ho Chi Minh City FC,Vietnam,Depan-Tengah,0,"Rp1,74Mlyr.",1740000000,2026-04-20
Lee Williams,Cong An Ho Chi Minh City FC,Vietnam,Depan-Tengah,0,"Rp869,08Jt.",869080000,2026-04-20
Van Hoang Nguyen,Ha Noi FC,Vietnam,Kiper,0,"Rp2,61Mlyr.",2610000000,2026-04-20
Van Chuan Quan,Ha Noi FC,Vietnam,Kiper,0,"Rp2,17Mlyr.",2170000000,2026-04-20
Duy Dung Nguyen,Ha Noi FC,Vietnam,Kiper,29,-,0,2026-04-20
Dinh Hai Pham,Ha Noi FC,Vietnam,Kiper,0,-,0,2026-04-20
Duy Manh Do,Ha Noi FC,Vietnam,Bek-Tengah,0,"Rp5,65Mlyr.",5650000000,2026-04-20
Thanh Chung Nguyen,Ha Noi FC,Vietnam,Bek-Tengah,16,"Rp5,21Mlyr.",5210000000,2026-04-20
Adriel,Ha Noi FC,Vietnam,Bek-Tengah,35,"Rp4,35Mlyr.",4350000000,2026-04-20
Anh Tiep Nguyen,Ha Noi FC,Vietnam,Bek-Tengah,33,-,0,2026-04-20
Van Xuan Le,Ha Noi FC,Vietnam,Bek-Kiri,0,"Rp2,61Mlyr.",2610000000,2026-04-20
Dinh Hai Vu,Ha Noi FC,Vietnam,Bek-Kiri,21,"Rp1,30Mlyr.",1300000000,2026-04-20
Cong Nhat Nguyen,Ha Noi FC,Vietnam,Bek-Kiri,22,"Rp869,08Jt.",869080000,2026-04-20
Xuan Kien Nguyen,Ha Noi FC,Vietnam,Bek-Kiri,26,"Rp869,08Jt.",869080000,2026-04-20
Xuan Manh Pham,Ha Noi FC,Vietnam,Bek-Kanan,0,"Rp4,35Mlyr.",4350000000,2026-04-20
Tien Long Vu,Ha Noi FC,Vietnam,Bek-Kanan,0,"Rp869,08Jt.",869080000,2026-04-20
Van Thang Tran,Ha Noi FC,Vietnam,Bek-Kanan,0,"Rp434,54Jt.",434540000,2026-04-20
Sy Duc Nguyen,Ha Noi FC,Vietnam,Bek-Kanan,0,-,0,2026-04-20
Van Toan Dau,Ha Noi FC,Vietnam,Gel. Bertahan,0,"Rp3,04Mlyr.",3040000000,2026-04-20
Trung Thanh Nguyen,Ha Noi FC,Vietnam,Gelandang,0,-,0,2026-04-20
Van Truong Nguyen,Ha Noi FC,Vietnam,Gel. Tengah,19,"Rp3,04Mlyr.",3040000000,2026-04-20
Hung Dung Do,Ha Noi FC,Vietnam,Gel. Tengah,0,"Rp3,04Mlyr.",3040000000,2026-04-20
Hai Long Nguyen,Ha Noi FC,Vietnam,Gelandang Kanan,0,"Rp4,35Mlyr.",4350000000,2026-04-20
Hêndrio,Ha Noi FC,Vietnam,Gel. Serang,0,"Rp5,65Mlyr.",5650000000,2026-04-20
Tuan Hai Pham,Ha Noi FC,Vietnam,Sayap Kiri,0,"Rp6,52Mlyr.",6520000000,2026-04-20
Fernando,Ha Noi FC,Vietnam,Sayap Kiri,0,"Rp4,35Mlyr.",4350000000,2026-04-20
Xuan Tu Le,Ha Noi FC,Vietnam,Sayap Kiri,25,"Rp3,04Mlyr.",3040000000,2026-04-20
Van Quyet Nguyen,Ha Noi FC,Vietnam,Depan-Kedua,0,"Rp3,04Mlyr.",3040000000,2026-04-20
Daniel Passira,Ha Noi FC,Vietnam,Depan-Tengah,0,"Rp7,82Mlyr.",7820000000,2026-04-20
Van Tung Nguyen,Ha Noi FC,Vietnam,Depan-Tengah,23,"Rp2,17Mlyr.",2170000000,2026-04-20
David Fisher,Ha Noi FC,Vietnam,Depan-Tengah,0,"Rp2,17Mlyr.",2170000000,2026-04-20
Anh Tuan Nguyen Ha,Ha Noi FC,Vietnam,Depan-Tengah,0,-,0,2026-04-20
Van Lam Dang,Ninh Binh FC,Vietnam,Kiper,0,"Rp3,48Mlyr.",3480000000,2026-04-20
The Tai Quang,Ninh Binh FC,Vietnam,Kiper,25,"Rp434,54Jt.",434540000,2026-04-20
Minh Duc Nguyen,Ninh Binh FC,Vietnam,Kiper,0,-,0,2026-04-20
Patrick Marcelino,Ninh Binh FC,Vietnam,Bek-Tengah,0,"Rp3,91Mlyr.",3910000000,2026-04-20
Ngoc Bao Le,Ninh Binh FC,Vietnam,Bek-Tengah,17,"Rp2,17Mlyr.",2170000000,2026-04-20
Janclesio,Ninh Binh FC,Vietnam,Bek-Tengah,0,"Rp1,74Mlyr.",1740000000,2026-04-20
Hai Duc Le,Ninh Binh FC,Vietnam,Bek-Tengah,26,"Rp869,08Jt.",869080000,2026-04-20
Thanh Thinh Do,Ninh Binh FC,Vietnam,Bek-Kiri,0,"Rp3,04Mlyr.",3040000000,2026-04-20
Thai Binh Hoang,Ninh Binh FC,Vietnam,Bek-Kiri,0,"Rp2,61Mlyr.",2610000000,2026-04-20
Quang Nho Dung,Ninh Binh FC,Vietnam,Bek-Kanan,0,"Rp3,91Mlyr.",3910000000,2026-04-20
Duc Chien Nguyen,Ninh Binh FC,Vietnam,Gel. Bertahan,0,"Rp4,78Mlyr.",4780000000,2026-04-20
Thai Son Nguyen,Ninh Binh FC,Vietnam,Gel. Bertahan,21,"Rp4,35Mlyr.",4350000000,2026-04-20
Quang Vinh Tran,Ninh Binh FC,Vietnam,Gelandang,0,-,0,2026-04-20
Chung Nguyen Do,Ninh Binh FC,Vietnam,Gel. Tengah,0,"Rp6,08Mlyr.",6080000000,2026-04-20
Hoang Duc Nguyen,Ninh Binh FC,Vietnam,Gel. Tengah,28,"Rp5,65Mlyr.",5650000000,2026-04-20
Trong Long Nguyen,Ninh Binh FC,Vietnam,Gel. Tengah,29,"Rp1,30Mlyr.",1300000000,2026-04-20
Tien Anh Truong,Ninh Binh FC,Vietnam,Gelandang Kanan,0,"Rp4,35Mlyr.",4350000000,2026-04-20
Ngoc Quang Chau,Ninh Binh FC,Vietnam,Gelandang Kanan,0,"Rp3,91Mlyr.",3910000000,2026-04-20
Bao Trung La Nguyen,Ninh Binh FC,Vietnam,Gelandang Kanan,27,"Rp434,54Jt.",434540000,2026-04-20
Bao Toan Tran,Ninh Binh FC,Vietnam,Gelandang Kiri,0,"Rp3,48Mlyr.",3480000000,2026-04-20
Geovane Magno,Ninh Binh FC,Vietnam,Gel. Serang,0,"Rp5,21Mlyr.",5210000000,2026-04-20
Van Thuan Le,Ninh Binh FC,Vietnam,Sayap Kanan,0,"Rp2,61Mlyr.",2610000000,2026-04-20
Gustavo Henrique,Ninh Binh FC,Vietnam,Depan-Tengah,0,"Rp6,95Mlyr.",6950000000,2026-04-20
Daniel dos Anjos,Ninh Binh FC,Vietnam,Depan-Tengah,0,"Rp6,08Mlyr.",6080000000,2026-04-20
Fred Friday,Ninh Binh FC,Vietnam,Depan-Tengah,0,"Rp3,91Mlyr.",3910000000,2026-04-20
Gia Hung Pham,Ninh Binh FC,Vietnam,Depan-Tengah,18,"Rp1,30Mlyr.",1300000000,2026-04-20
Quoc Viet Nguyen,Ninh Binh FC,Vietnam,Depan-Tengah,0,"Rp1,30Mlyr.",1300000000,2026-04-20
Le Phat Nguyen,Ninh Binh FC,Vietnam,Depan-Tengah,16,"Rp869,08Jt.",869080000,2026-04-20
Trung Kien Tran,Hoang Anh Gia Lai FC,Vietnam,Kiper,25,"Rp3,48Mlyr.",3480000000,2026-04-20
Bao Duy Huynh Tran,Hoang Anh Gia Lai FC,Vietnam,Kiper,0,-,0,2026-04-20
Phong Chaloongphum,Hoang Anh Gia Lai FC,Vietnam,Kiper,0,-,0,2026-04-20
Thanh Loi Nguyen,Hoang Anh Gia Lai FC,Vietnam,Kiper,0,-,0,2026-04-20
Vu Khang Nguyen,Hoang Anh Gia Lai FC,Vietnam,Kiper,0,-,0,2026-04-20
Phuoc Sang Dinh,Hoang Anh Gia Lai FC,Vietnam,Kiper,0,-,0,2026-04-20
Tuan Vu Huynh,Hoang Anh Gia Lai FC,Vietnam,Bek,27,-,0,2026-04-20
Jairo Rodrigues,Hoang Anh Gia Lai FC,Vietnam,Bek-Tengah,33,"Rp2,17Mlyr.",2170000000,2026-04-20
Quang Kiet Dinh,Hoang Anh Gia Lai FC,Vietnam,Bek-Tengah,0,"Rp1,74Mlyr.",1740000000,2026-04-20
Van Trieu Nguyen,Hoang Anh Gia Lai FC,Vietnam,Bek-Tengah,0,"Rp869,08Jt.",869080000,2026-04-20
Du Hoc Phan,Hoang Anh Gia Lai FC,Vietnam,Bek-Kiri,0,"Rp1,74Mlyr.",1740000000,2026-04-20
Anh Tai Nguyen Huu,Hoang Anh Gia Lai FC,Vietnam,Bek-Kiri,28,"Rp434,54Jt.",434540000,2026-04-20
Phuoc Bao Vo,Hoang Anh Gia Lai FC,Vietnam,Bek-Kanan,38,"Rp869,08Jt.",869080000,2026-04-20
Minh Loc To,Hoang Anh Gia Lai FC,Vietnam,Bek-Kanan,0,-,0,2026-04-20
Khevin Fraga,Hoang Anh Gia Lai FC,Vietnam,Gel. Bertahan,0,"Rp4,35Mlyr.",4350000000,2026-04-20
Thanh Son Tran,Hoang Anh Gia Lai FC,Vietnam,Gel. Bertahan,0,"Rp1,74Mlyr.",1740000000,2026-04-20
Huy Kiet Le,Hoang Anh Gia Lai FC,Vietnam,Gelandang,34,-,0,2026-04-20
Minh Quyen Ho,Hoang Anh Gia Lai FC,Vietnam,Gelandang,0,-,0,2026-04-20
Marciel,Hoang Anh Gia Lai FC,Vietnam,Gel. Tengah,0,"Rp4,78Mlyr.",4780000000,2026-04-20
Hoang Minh Cao,Hoang Anh Gia Lai FC,Vietnam,Gel. Tengah,20,"Rp1,30Mlyr.",1300000000,2026-04-20
Thanh Tu Tran,Hoang Anh Gia Lai FC,Vietnam,Gel. Tengah,21,-,0,2026-04-20
Se Moi,Hoang Anh Gia Lai FC,Vietnam,Gel. Tengah,26,-,0,2026-04-20
Thanh Nhan Nguyen,Hoang Anh Gia Lai FC,Vietnam,Gelandang Kiri,0,"Rp2,17Mlyr.",2170000000,2026-04-20
Dinh Lam Vo,Hoang Anh Gia Lai FC,Vietnam,Gelandang Kiri,0,"Rp1,30Mlyr.",1300000000,2026-04-20
Vinh Nguyen Hoang,Hoang Anh Gia Lai FC,Vietnam,Gel. Serang,23,"Rp2,61Mlyr.",2610000000,2026-04-20
Duy Tam Nguyen,Hoang Anh Gia Lai FC,Vietnam,Sayap Kiri,19,"Rp434,54Jt.",434540000,2026-04-20
Gia Bao Tran,Hoang Anh Gia Lai FC,Vietnam,Sayap Kanan,16,"Rp1,30Mlyr.",1300000000,2026-04-20
Ryan Ha,Hoang Anh Gia Lai FC,Vietnam,Sayap Kanan,0,"Rp1,30Mlyr.",1300000000,2026-04-20
Thanh Ngoc Lam Luong,Hoang Anh Gia Lai FC,Vietnam,Sayap Kanan,17,"Rp434,54Jt.",434540000,2026-04-20
Júnior Batista,Hoang Anh Gia Lai FC,Vietnam,Depan-Tengah,29,"Rp2,61Mlyr.",2610000000,2026-04-20
Gabriel Conceição,Hoang Anh Gia Lai FC,Vietnam,Depan-Tengah,0,"Rp1,74Mlyr.",1740000000,2026-04-20
Minh Tam Nguyen,Hoang Anh Gia Lai FC,Vietnam,Depan-Tengah,0,"Rp869,08Jt.",869080000,2026-04-20
Hoang Tu Cao,Hoang Anh Gia Lai FC,Vietnam,Penyerang,0,-,0,2026-04-20
Dinh Trieu Nguyen,Hai Phong FC,Vietnam,Kiper,0,"Rp2,17Mlyr.",2170000000,2026-04-20
Van Luan Pham,Hai Phong FC,Vietnam,Kiper,36,"Rp434,54Jt.",434540000,2026-04-20
Dinh Tung Nguyen,Hai Phong FC,Vietnam,Kiper,35,-,0,2026-04-20
Thanh Long Pham,Hai Phong FC,Vietnam,Kiper,32,-,0,2026-04-20
Tien Dung Bui,Hai Phong FC,Vietnam,Bek-Tengah,16,"Rp3,91Mlyr.",3910000000,2026-04-20
Nhat Minh Nguyen,Hai Phong FC,Vietnam,Bek-Tengah,27,"Rp2,61Mlyr.",2610000000,2026-04-20
Hoai Duong Pham,Hai Phong FC,Vietnam,Bek-Tengah,0,"Rp434,54Jt.",434540000,2026-04-20
Quoc Anh Vu,Hai Phong FC,Vietnam,Bek-Tengah,34,-,0,2026-04-20
Viet Hung Trieu,Hai Phong FC,Vietnam,Bek-Kiri,0,"Rp4,78Mlyr.",4780000000,2026-04-20
Tien Dung Dam,Hai Phong FC,Vietnam,Bek-Kiri,0,"Rp1,74Mlyr.",1740000000,2026-04-20
Van Bac Ngo,Hai Phong FC,Vietnam,Bek-Kiri,21,"Rp434,54Jt.",434540000,2026-04-20
Thai Hoc Nguyen,Hai Phong FC,Vietnam,Bek-Kiri,0,-,0,2026-04-20
Trung Hieu Pham,Hai Phong FC,Vietnam,Bek-Kanan,17,"Rp3,48Mlyr.",3480000000,2026-04-20
Van Minh Nguyen,Hai Phong FC,Vietnam,Bek-Kanan,29,"Rp869,08Jt.",869080000,2026-04-20
Bicou Bissainthe,Hai Phong FC,Vietnam,Gel. Bertahan,25,"Rp4,35Mlyr.",4350000000,2026-04-20
Luiz Antônio,Hai Phong FC,Vietnam,Gel. Bertahan,0,"Rp3,91Mlyr.",3910000000,2026-04-20
Hoang Thao Vu,Hai Phong FC,Vietnam,Gelandang,18,-,0,2026-04-20
Tuan Anh Nguyen,Hai Phong FC,Vietnam,Gel. Tengah,0,"Rp2,17Mlyr.",2170000000,2026-04-20
Manh Dung Le,Hai Phong FC,Vietnam,Gel. Tengah,19,"Rp1,30Mlyr.",1300000000,2026-04-20
Huu Son Nguyen,Hai Phong FC,Vietnam,Gelandang Kanan,0,"Rp2,61Mlyr.",2610000000,2026-04-20
Huu Nam Nguyen,Hai Phong FC,Vietnam,Gelandang Kanan,0,"Rp1,30Mlyr.",1300000000,2026-04-20
Huu Thai Bao Nguyen,Hai Phong FC,Vietnam,Gelandang Kanan,31,"Rp869,08Jt.",869080000,2026-04-20
Thanh Dong Nguyen,Hai Phong FC,Vietnam,Gelandang Kanan,0,"Rp434,54Jt.",434540000,2026-04-20
Minh Di Ho,Hai Phong FC,Vietnam,Gelandang Kiri,0,"Rp1,74Mlyr.",1740000000,2026-04-20
Hoang Nam Luong,Hai Phong FC,Vietnam,Gelandang Kiri,30,"Rp1,74Mlyr.",1740000000,2026-04-20
The Tai Hoang,Hai Phong FC,Vietnam,Gelandang Kiri,0,"Rp869,08Jt.",869080000,2026-04-20
Camilo Vasconcelos,Hai Phong FC,Vietnam,Sayap Kiri,0,"Rp434,54Jt.",434540000,2026-04-20
Joel Tagueu,Hai Phong FC,Vietnam,Depan-Tengah,0,"Rp5,21Mlyr.",5210000000,2026-04-20
Jucie Lupeta,Hai Phong FC,Vietnam,Depan-Tengah,42,"Rp1,74Mlyr.",1740000000,2026-04-20
Xuan Nam Nguyen,Hai Phong FC,Vietnam,Depan-Tengah,0,"Rp1,30Mlyr.",1300000000,2026-04-20
Jourdain Fletcher,Hai Phong FC,Vietnam,Depan-Tengah,0,-,0,2026-04-20
Filip Nguyen,Cong An Ha Noi FC,Vietnam,Kiper,0,"Rp6,95Mlyr.",6950000000,2026-04-20
Tuyen Quang Vu,Cong An Ha Noi FC,Vietnam,Kiper,32,"Rp869,08Jt.",869080000,2026-04-20
Thanh Vinh Vu,Cong An Ha Noi FC,Vietnam,Kiper,23,"Rp434,54Jt.",434540000,2026-04-20
Dinh Minh Hoang Tran,Cong An Ha Noi FC,Vietnam,Kiper,25,"Rp434,54Jt.",434540000,2026-04-20
Manh Truong Ha,Cong An Ha Noi FC,Vietnam,Kiper,0,-,0,2026-04-20
Hugo Gomes,Cong An Ha Noi FC,Vietnam,Bek-Tengah,0,"Rp6,95Mlyr.",6950000000,2026-04-20
Hoang Viet Anh Bui,Cong An Ha Noi FC,Vietnam,Bek-Tengah,0,"Rp5,21Mlyr.",5210000000,2026-04-20
Dinh Trong Tran,Cong An Ha Noi FC,Vietnam,Bek-Tengah,21,"Rp3,48Mlyr.",3480000000,2026-04-20
Leygley Adou,Cong An Ha Noi FC,Vietnam,Bek-Tengah,38,"Rp3,48Mlyr.",3480000000,2026-04-20
Jason Pendant,Cong An Ha Noi FC,Vietnam,Bek-Kiri,0,"Rp8,69Mlyr.",8690000000,2026-04-20
Van Hau Doan,Cong An Ha Noi FC,Vietnam,Bek-Kiri,0,"Rp2,61Mlyr.",2610000000,2026-04-20
Van Phuong Ha,Cong An Ha Noi FC,Vietnam,Bek-Kiri,26,"Rp869,08Jt.",869080000,2026-04-20
Van Thanh Vu,Cong An Ha Noi FC,Vietnam,Bek-Kanan,17,"Rp4,35Mlyr.",4350000000,2026-04-20
Van Duc Nguyen,Cong An Ha Noi FC,Vietnam,Bek-Kanan,28,"Rp2,61Mlyr.",2610000000,2026-04-20
Minh Phuc Pham,Cong An Ha Noi FC,Vietnam,Bek-Kanan,22,"Rp1,74Mlyr.",1740000000,2026-04-20
Pham Thanh Long Le,Cong An Ha Noi FC,Vietnam,Gel. Bertahan,0,"Rp4,35Mlyr.",4350000000,2026-04-20
Brandon Ly,Cong An Ha Noi FC,Vietnam,Gel. Bertahan,27,-,0,2026-04-20
Vítor Rosa Nascimento,Cong An Ha Noi FC,Vietnam,Gel. Tengah,0,"Rp2,61Mlyr.",2610000000,2026-04-20
Van Toan Hoang,Cong An Ha Noi FC,Vietnam,Gel. Tengah,0,"Rp2,61Mlyr.",2610000000,2026-04-20
Xuan Thinh Bui,Cong An Ha Noi FC,Vietnam,Gel. Tengah,0,"Rp869,08Jt.",869080000,2026-04-20
Van Do Le,Cong An Ha Noi FC,Vietnam,Gelandang Kanan,0,"Rp3,91Mlyr.",3910000000,2026-04-20
Dinh Tien Tran,Cong An Ha Noi FC,Vietnam,Gelandang Kanan,18,"Rp2,61Mlyr.",2610000000,2026-04-20
Stefan Mauk,Cong An Ha Noi FC,Vietnam,Gel. Serang,0,"Rp10,43Mlyr.",10430000000,2026-04-20
Léo Artur,Cong An Ha Noi FC,Vietnam,Gel. Serang,0,"Rp6,95Mlyr.",6950000000,2026-04-20
Quang Hai Nguyen,Cong An Ha Noi FC,Vietnam,Gel. Serang,19,"Rp6,95Mlyr.",6950000000,2026-04-20
Dinh Bac Nguyen,Cong An Ha Noi FC,Vietnam,Sayap Kiri,0,"Rp5,21Mlyr.",5210000000,2026-04-20
Van Duc Phan,Cong An Ha Noi FC,Vietnam,Sayap Kiri,20,"Rp3,48Mlyr.",3480000000,2026-04-20
China,Cong An Ha Noi FC,Vietnam,Sayap Kanan,30,"Rp6,08Mlyr.",6080000000,2026-04-20
Alan Grafite,Cong An Ha Noi FC,Vietnam,Depan-Tengah,0,"Rp6,52Mlyr.",6520000000,2026-04-20
Duc Nam Tran,Cong An Ha Noi FC,Vietnam,Depan-Tengah,0,"Rp869,08Jt.",869080000,2026-04-20
Caíque,Thep Xanh Nam Dinh FC,Vietnam,Kiper,0,"Rp10,43Mlyr.",10430000000,2026-04-20
Nguyen Manh Tran,Thep Xanh Nam Dinh FC,Vietnam,Kiper,26,"Rp2,61Mlyr.",2610000000,2026-04-20
Vu Phong Le,Thep Xanh Nam Dinh FC,Vietnam,Kiper,23,"Rp434,54Jt.",434540000,2026-04-20
Duc Dung Tran,Thep Xanh Nam Dinh FC,Vietnam,Kiper,29,"Rp434,54Jt.",434540000,2026-04-20
Liem Dieu Tran,Thep Xanh Nam Dinh FC,Vietnam,Kiper,0,"Rp434,54Jt.",434540000,2026-04-20
Van Toi Dang,Thep Xanh Nam Dinh FC,Vietnam,Bek-Tengah,0,"Rp3,91Mlyr.",3910000000,2026-04-20
Lucas,Thep Xanh Nam Dinh FC,Vietnam,Bek-Tengah,0,"Rp3,48Mlyr.",3480000000,2026-04-20
Tuan Duong Giap,Thep Xanh Nam Dinh FC,Vietnam,Bek-Tengah,0,"Rp2,61Mlyr.",2610000000,2026-04-20
Wálber,Thep Xanh Nam Dinh FC,Vietnam,Bek-Tengah,34,"Rp1,74Mlyr.",1740000000,2026-04-20
Thanh Hao Duong,Thep Xanh Nam Dinh FC,Vietnam,Bek-Tengah,0,"Rp1,30Mlyr.",1300000000,2026-04-20
Duc Huy Ngo,Thep Xanh Nam Dinh FC,Vietnam,Bek-Tengah,32,"Rp1,30Mlyr.",1300000000,2026-04-20
Van Thanh Le,Thep Xanh Nam Dinh FC,Vietnam,Bek-Tengah,0,"Rp1,30Mlyr.",1300000000,2026-04-20
Xuan Khai Dinh,Thep Xanh Nam Dinh FC,Vietnam,Bek-Tengah,0,-,0,2026-04-20
Mitchell Dijks,Thep Xanh Nam Dinh FC,Vietnam,Bek-Kiri,24,"Rp8,69Mlyr.",8690000000,2026-04-20
Van Vi Nguyen,Thep Xanh Nam Dinh FC,Vietnam,Bek-Kiri,17,"Rp3,91Mlyr.",3910000000,2026-04-20
Phong Hong Duy Nguyen,Thep Xanh Nam Dinh FC,Vietnam,Bek-Kiri,0,"Rp3,04Mlyr.",3040000000,2026-04-20
Van Kien Tran,Thep Xanh Nam Dinh FC,Vietnam,Bek-Kanan,0,"Rp3,04Mlyr.",3040000000,2026-04-20
Kévin Pham Ba,Thep Xanh Nam Dinh FC,Vietnam,Bek-Kanan,0,"Rp2,61Mlyr.",2610000000,2026-04-20
Dang Duc Anh Tran,Thep Xanh Nam Dinh FC,Vietnam,Bek-Kanan,0,-,0,2026-04-20
Njabulo Blom,Thep Xanh Nam Dinh FC,Vietnam,Gel. Bertahan,0,"Rp13,04Mlyr.",13040000000,2026-04-20
Rômulo,Thep Xanh Nam Dinh FC,Vietnam,Gel. Bertahan,0,"Rp7,82Mlyr.",7820000000,2026-04-20
Van Cong Tran,Thep Xanh Nam Dinh FC,Vietnam,Gel. Bertahan,16,"Rp3,48Mlyr.",3480000000,2026-04-20
Trong Bao Nguyen,Thep Xanh Nam Dinh FC,Vietnam,Gelandang,20,-,0,2026-04-20
Arnaud Lusamba,Thep Xanh Nam Dinh FC,Vietnam,Gel. Tengah,0,"Rp13,91Mlyr.",13910000000,2026-04-20
Caio César,Thep Xanh Nam Dinh FC,Vietnam,Gel. Tengah,0,"Rp9,56Mlyr.",9560000000,2026-04-20
Cong Hoang Anh Ly,Thep Xanh Nam Dinh FC,Vietnam,Gel. Tengah,0,"Rp4,35Mlyr.",4350000000,2026-04-20
Tuan Anh Nguyen,Thep Xanh Nam Dinh FC,Vietnam,Gel. Tengah,0,"Rp3,48Mlyr.",3480000000,2026-04-20
Mit A,Thep Xanh Nam Dinh FC,Vietnam,Gelandang Kanan,0,"Rp2,61Mlyr.",2610000000,2026-04-20
Van Vu To,Thep Xanh Nam Dinh FC,Vietnam,Gelandang Kanan,28,"Rp2,61Mlyr.",2610000000,2026-04-20
Dinh Son Nguyen,Thep Xanh Nam Dinh FC,Vietnam,Gelandang Kanan,0,"Rp869,08Jt.",869080000,2026-04-20
Ngoc Son Tran,Thep Xanh Nam Dinh FC,Vietnam,Gelandang Kiri,27,"Rp1,30Mlyr.",1300000000,2026-04-20
Van Dat Tran,Thep Xanh Nam Dinh FC,Vietnam,Sayap Kiri,19,"Rp2,61Mlyr.",2610000000,2026-04-20
Percy Tau,Thep Xanh Nam Dinh FC,Vietnam,Sayap Kanan,22,"Rp14,77Mlyr.",14770000000,2026-04-20
Van Toan Nguyen,Thep Xanh Nam Dinh FC,Vietnam,Sayap Kanan,0,"Rp4,78Mlyr.",4780000000,2026-04-20
Ti Phong Lam,Thep Xanh Nam Dinh FC,Vietnam,Sayap Kanan,39,"Rp3,48Mlyr.",3480000000,2026-04-20
Chadrac Akolo,Thep Xanh Nam Dinh FC,Vietnam,Depan-Tengah,0,"Rp13,91Mlyr.",13910000000,2026-04-20
Rafaelson,Thep Xanh Nam Dinh FC,Vietnam,Depan-Tengah,0,"Rp10,43Mlyr.",10430000000,2026-04-20
Brenner,Thep Xanh Nam Dinh FC,Vietnam,Depan-Tengah,35,"Rp6,52Mlyr.",6520000000,2026-04-20
Kyle Hudlin,Thep Xanh Nam Dinh FC,Vietnam,Depan-Tengah,37,"Rp3,91Mlyr.",3910000000,2026-04-20
Sy Huy Do,PVF-CAND FC,Vietnam,Kiper,0,"Rp869,08Jt.",869080000,2026-04-20
Minh Long Phi,PVF-CAND FC,Vietnam,Kiper,33,"Rp869,08Jt.",869080000,2026-04-20
Thai Hieu Truong,PVF-CAND FC,Vietnam,Kiper,0,-,0,2026-04-20
Phuong Nam Nguyen,PVF-CAND FC,Vietnam,Bek,0,-,0,2026-04-20
Lucas Turci,PVF-CAND FC,Vietnam,Bek-Tengah,0,"Rp4,35Mlyr.",4350000000,2026-04-20
Ly Duc Pham,PVF-CAND FC,Vietnam,Bek-Tengah,16,"Rp2,17Mlyr.",2170000000,2026-04-20
Hieu Minh Nguyen,PVF-CAND FC,Vietnam,Bek-Tengah,0,"Rp1,74Mlyr.",1740000000,2026-04-20
Anh Viet Doan,PVF-CAND FC,Vietnam,Bek-Tengah,0,"Rp434,54Jt.",434540000,2026-04-20
Duc Anh Nguyen Nhu,PVF-CAND FC,Vietnam,Bek-Tengah,0,-,0,2026-04-20
Bao Long Nguyen,PVF-CAND FC,Vietnam,Bek-Kiri,0,"Rp1,30Mlyr.",1300000000,2026-04-20
Van Chuong Dao,PVF-CAND FC,Vietnam,Bek-Kiri,31,"Rp434,54Jt.",434540000,2026-04-20
Van Dung Nguyen,PVF-CAND FC,Vietnam,Bek-Kiri,0,"Rp434,54Jt.",434540000,2026-04-20
Anh Quan Vo,PVF-CAND FC,Vietnam,Bek-Kanan,20,"Rp2,17Mlyr.",2170000000,2026-04-20
Van Thai Quy Truong,PVF-CAND FC,Vietnam,Bek-Kanan,0,"Rp1,74Mlyr.",1740000000,2026-04-20
Viet Truong Phung,PVF-CAND FC,Vietnam,Bek-Kanan,37,"Rp869,08Jt.",869080000,2026-04-20
Van Viet Ha,PVF-CAND FC,Vietnam,Bek-Kanan,0,-,0,2026-04-20
Alastair Reynolds,PVF-CAND FC,Vietnam,Gel. Bertahan,0,"Rp3,91Mlyr.",3910000000,2026-04-20
Joseph Mpande,PVF-CAND FC,Vietnam,Gel. Tengah,0,"Rp4,78Mlyr.",4780000000,2026-04-20
Xuan Bac Nguyen,PVF-CAND FC,Vietnam,Gel. Tengah,0,"Rp2,61Mlyr.",2610000000,2026-04-20
Cong Den Huynh,PVF-CAND FC,Vietnam,Gel. Tengah,0,"Rp1,30Mlyr.",1300000000,2026-04-20
Van Thuan Do,PVF-CAND FC,Vietnam,Gel. Tengah,0,"Rp869,08Jt.",869080000,2026-04-20
Huy Hung Nguyen,PVF-CAND FC,Vietnam,Gel. Tengah,29,"Rp434,54Jt.",434540000,2026-04-20
Vu Tin Nguyen,PVF-CAND FC,Vietnam,Gelandang Kiri,28,"Rp1,30Mlyr.",1300000000,2026-04-20
Trung Phong Phu,PVF-CAND FC,Vietnam,Gelandang Kiri,30,"Rp434,54Jt.",434540000,2026-04-20
Ba Dat Thai,PVF-CAND FC,Vietnam,Gel. Serang,17,"Rp869,08Jt.",869080000,2026-04-20
Mahmoud Eid,PVF-CAND FC,Vietnam,Sayap Kanan,0,"Rp6,95Mlyr.",6950000000,2026-04-20
Thanh Nhan Nguyen,PVF-CAND FC,Vietnam,Sayap Kanan,0,"Rp2,17Mlyr.",2170000000,2026-04-20
Van Trang Nguyen,PVF-CAND FC,Vietnam,Sayap Kanan,0,"Rp869,08Jt.",869080000,2026-04-20
Samson Olaleye,PVF-CAND FC,Vietnam,Depan-Tengah,39,"Rp434,54Jt.",434540000,2026-04-20
Van Vinh Nguyen,PVF-CAND FC,Vietnam,Depan-Tengah,0,"Rp434,54Jt.",434540000,2026-04-20
Anh Tuan Nguyen,PVF-CAND FC,Vietnam,Depan-Tengah,36,-,0,2026-04-20
