player_id,shirt_number,player_name,team,league_country,competition_id,league_tier,position,position_group,age,birth_date,is_u22,nationality,quota_status,height_cm,foot,joined_date,previous_club,contract_expiry,market_value_raw,market_value_est,prev_market_value_est,mv_trend,appearances,goals,assists,minutes_played,ppg,yellow_cards,red_cards,scraped_date
474524,14,Teja Paku Alam,PERSIB Bandung,Indonesia (Liga 1),IN1L,1,Kiper,Goalkeeper,32,1994-03-14,False,Indonesia,Lokal,177,kanan,2020-01-01,"PPLP Sumbar (-2011), Deportivo Indonesia (2011-2012), Sriwij",2027-05-31,"Rp4,35Mlyr.",4345454545,4345454545,UNCHANGED,0,0,0,0,0.0,0,0,2026-10-05
1221253,81,Fitrah Maulana,PERSIB Bandung,Indonesia (Liga 1),IN1L,1,Kiper,Goalkeeper,20,2006-05-24,True,Indonesia,Lokal,181,kanan,2024-07-01,"SSB Setia Bandung, PERSIB U16 (2022), PERSIB U18 (2023-2024)",-,"Rp869,09Jt.",869090909,434545455,INCREASED,0,0,0,0,0.0,0,0,2026-10-05
1376683,60,Rhaka Syafaka,PERSIB Bandung,Indonesia (Liga 1),IN1L,1,Kiper,Goalkeeper,18,2008-02-11,True,Indonesia,Lokal,178,kanan,2025-07-01,"Bina Pakuan (2021), SSB TSI Bandung (2022-2023), PERSIB U18 ",-,-,0,0,STABLE,0,0,0,0,0.0,0,0,2026-10-05
366287,22,Danijel Loncar,PERSIB Bandung,Indonesia (Liga 1),IN1L,1,Bek-Tengah,Defender,29,1997-06-26,False,Kroasia,Asing Non-Asia,189,kanan,2026-08-08,NK Osijek (2006-2014),-,"Rp8,69Mlyr.",8690909091,8690909091,UNCHANGED,0,0,0,0,0.0,0,0,2026-10-05
341394,3,Gabriel Mutombo,PERSIB Bandung,Indonesia (Liga 1),IN1L,1,Bek-Tengah,Defender,30,1996-01-19,False,Prancis,Asing Non-Asia,191,kanan,2026-07-07,"Olympique Lyon (2002-2012), AS Saint-Priest (2012-2013), Ang",2027-06-30,"Rp6,95Mlyr.",6952727273,6083636364,INCREASED,0,0,0,0,0.0,0,0,2026-10-05
283585,48,Patricio Matricardi,PERSIB Bandung,Indonesia (Liga 1),IN1L,1,Bek-Tengah,Defender,32,1994-01-07,False,Argentina,Asing Non-Asia,190,kanan,2025-07-01,-,2028-06-30,"Rp6,52Mlyr.",6518181818,6952727273,DECREASED,0,0,0,0,0.0,0,0,2026-10-05
347019,4,Júlio César,PERSIB Bandung,Indonesia (Liga 1),IN1L,1,Bek-Tengah,Defender,31,1995-03-21,False,Brasil,Asing Non-Asia,189,kanan,2025-07-01,-,2027-05-31,"Rp5,21Mlyr.",5214545455,5214545455,UNCHANGED,0,0,0,0,0.0,0,0,2026-10-05
817899,5,Kakang Rudianto,PERSIB Bandung,Indonesia (Liga 1),IN1L,1,Bek-Tengah,Defender,23,2003-02-02,False,Indonesia,Lokal,185,kanan,2020-09-15,"SSB A7 Atep (2011-2018), PERSIB U16 (2019-2020), Garuda Sele",2029-06-30,"Rp4,35Mlyr.",4345454545,3910909091,INCREASED,0,0,0,0,0.0,0,0,2026-10-05
538057,2,Eliano Reijnders,PERSIB Bandung,Indonesia (Liga 1),IN1L,1,Bek-Kanan,Defender,25,2000-10-23,False,Indonesia,Lokal,168,kanan,2025-08-31,"FC Twente (-2015), CSV '28 Zwolle (2015-2016), PEC Zwolle (2",2027-05-31,"Rp10,43Mlyr.",10429090909,10429090909,UNCHANGED,0,0,0,0,0.0,0,0,2026-10-05
187329,6,Sandy Walsh,PERSIB Bandung,Indonesia (Liga 1),IN1L,1,Bek-Kanan,Defender,31,1995-03-14,False,Indonesia,Lokal,183,kanan,2026-07-07,"Tempo Overijse, RSC Anderlecht, KRC Genk",2029-06-30,"Rp10,43Mlyr.",10429090909,12167272727,DECREASED,0,0,0,0,0.0,0,0,2026-10-05
178219,33,Thom Haye,PERSIB Bandung,Indonesia (Liga 1),IN1L,1,Gel. Bertahan,Midfielder,31,1995-02-09,False,Indonesia,Lokal,187,kanan,2025-08-27,"AFC Amsterdam (-2006), AZ Alkmaar (2006-2012)",2027-05-31,"Rp15,64Mlyr.",15643636364,17381818182,DECREASED,0,0,0,0,0.0,0,0,2026-10-05
354939,11,Dedi Kusnandar,PERSIB Bandung,Indonesia (Liga 1),IN1L,1,Gel. Bertahan,Midfielder,35,1991-07-23,False,Indonesia,Lokal,175,kanan,2016-12-26,"PERSIB (2005-2008), Pelita Jaya (2008-2010)",-,"Rp1,30Mlyr.",1303636364,1738181818,DECREASED,0,0,0,0,0.0,0,0,2026-10-05
218277,17,Gakuto Notsuda,PERSIB Bandung,Indonesia (Liga 1),IN1L,1,Gel. Tengah,Midfielder,32,1994-06-06,False,Jepang,Asia (AFC),177,kiri,2026-07-07,Seagull Hiroshima,-,"Rp6,95Mlyr.",6952727273,6952727273,UNCHANGED,0,0,0,0,0.0,0,0,2026-10-05
272708,23,Marc Klok,PERSIB Bandung,Indonesia (Liga 1),IN1L,1,Gel. Tengah,Midfielder,33,1993-04-20,False,Indonesia,Lokal,177,kanan,2021-06-30,"AVV Zeeburgia, FC Utrecht",2027-05-31,"Rp6,52Mlyr.",6518181818,6952727273,DECREASED,0,0,0,0,0.0,0,0,2026-10-05
505890,18,Adam Alis,PERSIB Bandung,Indonesia (Liga 1),IN1L,1,Gel. Tengah,Midfielder,32,1993-12-19,False,Indonesia,Lokal,172,kanan,2025-01-01,"SSB Persigawa, ASIOP, Persija Jakarta (2010-2011)",2027-05-31,"Rp4,78Mlyr.",4780000000,4780000000,UNCHANGED,0,0,0,0,0.0,0,0,2026-10-05
1275384,19,Nazriel Alfaro,PERSIB Bandung,Indonesia (Liga 1),IN1L,1,Gel. Tengah,Midfielder,18,2008-02-01,True,Indonesia,Lokal,174,kanan,2025-07-12,"Akademi PERSIB Cimahi (-2023), SSB Elput (2023), PERSIB U18 ",-,"Rp434,55Jt.",434545455,434545455,UNCHANGED,0,0,0,0,0.0,0,0,2026-10-05
525617,97,Berguinho,PERSIB Bandung,Indonesia (Liga 1),IN1L,1,Gel. Serang,Midfielder,29,1997-02-18,False,Brasil,Asing Non-Asia,185,kiri,2025-07-01,-,2027-05-31,"Rp5,21Mlyr.",5214545455,4345454545,INCREASED,0,0,0,0,0.0,0,0,2026-10-05
265082,8,Luciano Guaycochea,PERSIB Bandung,Indonesia (Liga 1),IN1L,1,Gel. Serang,Midfielder,34,1992-04-24,False,Argentina,Asing Non-Asia,178,kanan,2025-07-01,Boca Juniors,2027-05-31,"Rp3,48Mlyr.",3476363636,3910909091,DECREASED,0,0,0,0,0.0,0,0,2026-10-05
410854,77,Ragnar Oratmangoen,PERSIB Bandung,Indonesia (Liga 1),IN1L,1,Sayap Kiri,Attack,28,1998-01-21,False,Indonesia,Lokal,181,kanan,2026-07-07,"sv TOP, FC Oss, NEC Nijmegen (2008-2017)",-,"Rp8,69Mlyr.",8690909091,10429090909,DECREASED,0,0,0,0,0.0,0,0,2026-10-05
316047,9,Luka Menalo,PERSIB Bandung,Indonesia (Liga 1),IN1L,1,Sayap Kiri,Attack,30,1996-07-22,False,Bosnia-Herzegovina,Asing Non-Asia,181,kanan,2026-07-07,-,2027-06-30,"Rp6,95Mlyr.",6952727273,7821818182,DECREASED,0,0,0,0,0.0,0,0,2026-10-05
1390915,30,Rafi Rasyiq,PERSIB Bandung,Indonesia (Liga 1),IN1L,1,Sayap Kiri,Attack,17,2008-11-30,True,Indonesia,Lokal,172,kanan,2026-07-26,"SSB Tunas Putra (2014-2020), SSB Viktori (2020-2023), SSB Ak",-,-,0,0,STABLE,0,0,0,0,0.0,0,0,2026-10-05
748602,10,Mariano Peralta,PERSIB Bandung,Indonesia (Liga 1),IN1L,1,Sayap Kanan,Attack,28,1998-02-20,False,Argentina,Asing Non-Asia,180,kanan,2026-07-19,CA San Lorenzo de Almagro,2028-06-30,"Rp13,04Mlyr.",13036363636,10429090909,INCREASED,0,0,0,0,0.0,0,0,2026-10-05
662777,7,Beckham Putra,PERSIB Bandung,Indonesia (Liga 1),IN1L,1,Sayap Kanan,Attack,24,2001-10-29,False,Indonesia,Lokal,173,kanan,2019-01-01,"SSB POR UNI Bandung (2007), SSB Saswco (2010), Diklat PERSIB",2028-05-31,"Rp6,95Mlyr.",6952727273,6083636364,INCREASED,0,0,0,0,0.0,0,0,2026-10-05
506019,13,Febri Hariyadi,PERSIB Bandung,Indonesia (Liga 1),IN1L,1,Sayap Kanan,Attack,30,1996-02-19,False,Indonesia,Lokal,168,keduanya,2016-01-01,"SSB Pro UNI Bandung (2005-2010), PERSIB Bandung Youth (2010-",-,"Rp1,30Mlyr.",1303636364,1738181818,DECREASED,0,0,0,0,0.0,0,0,2026-10-05
1156320,40,Ikhwan Tanamal,PERSIB Bandung,Indonesia (Liga 1),IN1L,1,Sayap Kanan,Attack,22,2003-12-28,True,Indonesia,Lokal,165,kiri,2025-07-01,"Popwil Kab. Bogor (2019-2020), PPLP Kab. Bogor (2019-2020), ",2028-05-31,"Rp1,30Mlyr.",1303636364,1303636364,UNCHANGED,0,0,0,0,0.0,0,0,2026-10-05
455594,99,Balsa Sekulic,PERSIB Bandung,Indonesia (Liga 1),IN1L,1,Depan-Tengah,Attack,28,1998-06-10,False,Montenegro,Asing Non-Asia,188,kanan,2026-07-07,-,2028-06-30,"Rp10,43Mlyr.",10429090909,5214545455,INCREASED,0,0,0,0,0.0,0,0,2026-10-05
547009,94,Uilliam,PERSIB Bandung,Indonesia (Liga 1),IN1L,1,Depan-Tengah,Attack,31,1994-10-11,False,Brasil,Asing Non-Asia,182,kanan,2025-07-01,-,2028-06-30,"Rp4,35Mlyr.",4345454545,4345454545,UNCHANGED,0,0,0,0,0.0,0,0,2026-10-05
506268,1,Angga Saputro,Madura United FC,Indonesia (Liga 1),IN1L,1,Kiper,Goalkeeper,32,1993-11-30,False,Indonesia,Lokal,180,kiri,2026-07-07,PON Jatim,-,"Rp2,61Mlyr.",2607272727,2607272727,UNCHANGED,0,0,0,0,0.0,0,0,2026-10-05
513009,20,Diky Indriyana,Madura United FC,Indonesia (Liga 1),IN1L,1,Kiper,Goalkeeper,29,1997-06-04,False,Indonesia,Lokal,181,kanan,2025-07-01,"PSGC Ciamis (2012-2014), Bali United (2016-2017)",2027-06-30,"Rp1,30Mlyr.",1303636364,1303636364,UNCHANGED,0,0,0,0,0.0,0,0,2026-10-05
662787,12,Bima Koto,Madura United FC,Indonesia (Liga 1),IN1L,1,Kiper,Goalkeeper,29,1996-12-10,False,Indonesia,Lokal,183,kanan,2026-07-07,Akademi Arema,-,"Rp869,09Jt.",869090909,869090909,UNCHANGED,0,0,0,0,0.0,0,0,2026-10-05
505745,26,Adhitya Harlan,Madura United FC,Indonesia (Liga 1),IN1L,1,Kiper,Goalkeeper,39,1987-06-17,False,Indonesia,Lokal,177,kanan,2024-08-07,Tangerang Wolves (2010-2011),2027-06-30,"Rp173,82Jt.",173818182,173818182,UNCHANGED,0,0,0,0,0.0,0,0,2026-10-05
1313810,43,Aria Devangga,Madura United FC,Indonesia (Liga 1),IN1L,1,Kiper,Goalkeeper,23,2002-12-14,False,Indonesia,Lokal,180,kanan,2026-08-13,-,-,-,0,0,STABLE,0,0,0,0,0.0,0,0,2026-10-05
339559,3,Pedro Monteiro,Madura United FC,Indonesia (Liga 1),IN1L,1,Bek-Tengah,Defender,32,1994-01-30,False,Portugal,Asing Non-Asia,192,kanan,2024-08-01,"FC Paços de Ferreira (2002-07), FC Porto (2007/08), SC Fream",2027-06-30,"Rp3,91Mlyr.",3910909091,4345454545,DECREASED,0,0,0,0,0.0,0,0,2026-10-05
689524,95,Mendonça,Madura United FC,Indonesia (Liga 1),IN1L,1,Bek-Tengah,Defender,31,1995-08-15,False,Brasil,Asing Non-Asia,194,kiri,2025-08-28,-,2027-06-30,"Rp2,17Mlyr.",2172727273,1738181818,INCREASED,0,0,0,0,0.0,0,0,2026-10-05
817985,68,Ahmad Rusadi,Madura United FC,Indonesia (Liga 1),IN1L,1,Bek-Tengah,Defender,23,2003-04-04,False,Indonesia,Lokal,180,kanan,2024-08-07,SSB PUP Kaltim (2018),2027-06-30,"Rp1,74Mlyr.",1738181818,1738181818,UNCHANGED,0,0,0,0,0.0,0,0,2026-10-05
1100572,16,Brandon Scheunemann,Madura United FC,Indonesia (Liga 1),IN1L,1,Bek-Tengah,Defender,21,2005-03-09,True,Indonesia,Lokal,186,kanan,2026-07-20,"SSB Putra Gemilang, Ricky Nelson Academy, PERSIS U20 (2022-2",-,"Rp869,09Jt.",869090909,869090909,UNCHANGED,0,0,0,0,0.0,0,0,2026-10-05
506160,28,Mario Yagalo,Madura United FC,Indonesia (Liga 1),IN1L,1,Bek-Tengah,Defender,33,1993-04-21,False,Indonesia,Lokal,184,kiri,2026-07-17,"SSB Triple S, Deportivo Indonesia (2009-2012), Sriwijaya FC ",-,"Rp869,09Jt.",869090909,1303636364,DECREASED,0,0,0,0,0.0,0,0,2026-10-05
1471704,22,Fairuz Al Radlin,Madura United FC,Indonesia (Liga 1),IN1L,1,Bek-Tengah,Defender,19,2007-06-13,True,Indonesia,Lokal,0,kanan,2026-07-27,"PPOP DKI Jakarta (-2024), Madura United Akademi",-,-,0,0,STABLE,0,0,0,0,0.0,0,0,2026-10-05
578393,33,Ardi Idrus,Madura United FC,Indonesia (Liga 1),IN1L,1,Bek-Kiri,Defender,33,1993-01-22,False,Indonesia,Lokal,165,keduanya,2026-07-24,"PSM Makassar (-2011), Perssin Sinjai (2011)",-,"Rp2,17Mlyr.",2172727273,2607272727,DECREASED,0,0,0,0,0.0,0,0,2026-10-05
558959,45,Taufik Hidayat,Madura United FC,Indonesia (Liga 1),IN1L,1,Bek-Kiri,Defender,33,1993-03-20,False,Indonesia,Lokal,167,kanan,2024-08-01,"PERSIB U21 (2011-2012), PS Beltim U21 (2012-2013)",2027-06-30,"Rp1,74Mlyr.",1738181818,1738181818,UNCHANGED,0,0,0,0,0.0,0,0,2026-10-05
1181884,29,Dede Sapari,Madura United FC,Indonesia (Liga 1),IN1L,1,Bek-Kiri,Defender,22,2004-04-08,True,Indonesia,Lokal,176,kanan,2026-07-14,"Akademi PERSIB Cimahi (-2017), PERSIB U16 (2018-2019). Bhaya",-,"Rp1,30Mlyr.",1303636364,1738181818,DECREASED,0,0,0,0,0.0,0,0,2026-10-05
1032148,15,Giovani Numberi,Madura United FC,Indonesia (Liga 1),IN1L,1,Bek-Kanan,Defender,26,2000-04-22,False,Indonesia,Lokal,162,kanan,2026-01-22,"Persipura U20 (2019), PON Papua (2019-2021)",2027-06-30,"Rp2,17Mlyr.",2172727273,2172727273,UNCHANGED,0,0,0,0,0.0,0,0,2026-10-05
721770,36,Ilhamsyah,Madura United FC,Indonesia (Liga 1),IN1L,1,Gel. Bertahan,Midfielder,27,1999-07-02,False,Indonesia,Lokal,169,kanan,2024-07-01,Borneo U20 (2019),2027-06-30,"Rp869,09Jt.",869090909,1303636364,DECREASED,0,0,0,0,0.0,0,0,2026-10-05
973640,42,Feby Ramzy,Madura United FC,Indonesia (Liga 1),IN1L,1,Gel. Bertahan,Midfielder,24,2002-02-04,False,Indonesia,Lokal,167,kanan,2022-01-01,"PS HW Pamekasan (2012-2016), Madura United U16 (2018), Madur",-,"Rp434,55Jt.",434545455,869090909,DECREASED,0,0,0,0,0.0,0,0,2026-10-05
364883,23,Jajá,Madura United FC,Indonesia (Liga 1),IN1L,1,Gel. Tengah,Midfielder,31,1995-03-18,False,Brasil,Asing Non-Asia,178,kiri,2026-07-29,"Tigres do Brasil (2006), Flamengo (2006-12/2015)",-,"Rp6,52Mlyr.",6518181818,6518181818,UNCHANGED,0,0,0,0,0.0,0,0,2026-10-05
339339,4,Jordy Wehrmann,Madura United FC,Indonesia (Liga 1),IN1L,1,Gel. Tengah,Midfielder,27,1999-03-25,False,Belanda,Asing Non-Asia,180,kanan,2024-07-15,"SVH, Feyenoord (2006-2018)",2027-06-30,"Rp6,08Mlyr.",6083636364,5649090909,INCREASED,0,0,0,0,0.0,0,0,2026-10-05
505752,17,Paulo Sitanggang,Madura United FC,Indonesia (Liga 1),IN1L,1,Gel. Tengah,Midfielder,30,1995-10-17,False,Indonesia,Lokal,168,kanan,2025-07-01,"SSB Kurnia Medan, PON Kalimantan Selatan (2016)
",2027-06-30,"Rp2,17Mlyr.",2172727273,2172727273,UNCHANGED,0,0,0,0,0.0,0,0,2026-10-05
1313133,47,Fauzan Hanif,Madura United FC,Indonesia (Liga 1),IN1L,1,Gel. Tengah,Midfielder,21,2005-05-06,True,Indonesia,Lokal,0,kanan,2025-07-01,"Bali United U16 (-2023), Bali United U18 (2024)",-,"Rp434,55Jt.",434545455,173818182,INCREASED,0,0,0,0,0.0,0,0,2026-10-05
801212,10,Iran Júnior,Madura United FC,Indonesia (Liga 1),IN1L,1,Gel. Serang,Midfielder,30,1995-10-10,False,Brasil,Asing Non-Asia,176,kiri,2024-07-14,-,2027-06-30,"Rp4,35Mlyr.",4345454545,3910909091,INCREASED,0,0,0,0,0.0,0,0,2026-10-05
344675,8,Danilo Santacruz,Madura United FC,Indonesia (Liga 1),IN1L,1,Gel. Serang,Midfielder,31,1995-06-12,False,Paraguay,Asing Non-Asia,180,kanan,2026-07-07,Club Libertad,-,"Rp2,61Mlyr.",2607272727,2607272727,UNCHANGED,0,0,0,0,0.0,0,0,2026-10-05
902654,24,Taufany Muslihuddin,Madura United FC,Indonesia (Liga 1),IN1L,1,Gel. Serang,Midfielder,24,2002-03-24,False,Indonesia,Lokal,170,kanan,2025-07-01,"Penajam Utama U17 (2017), Borneo FC U16 (2018), Borneo FC U1",2027-06-30,"Rp2,17Mlyr.",2172727273,2172727273,UNCHANGED,0,0,0,0,0.0,0,0,2026-10-05
1124857,78,Rifqi Ray,Madura United FC,Indonesia (Liga 1),IN1L,1,Gel. Serang,Midfielder,22,2004-06-22,True,Indonesia,Lokal,182,kiri,2026-07-07,"SSB Bonansa, PSSA Asahan U15 (2020), PFA Sukoharjo (2016-202",-,"Rp869,09Jt.",869090909,1303636364,DECREASED,0,0,0,0,0.0,0,0,2026-10-05
678002,21,Gali Freitas,Madura United FC,Indonesia (Liga 1),IN1L,1,Sayap Kiri,Attack,0,-,False,Timor-Leste,ASEAN,165,kiri,2026-07-07,Timor-Leste youth Training Center Dili (2011-2016),-,"Rp4,35Mlyr.",4345454545,3476363636,INCREASED,0,0,0,0,0.0,0,0,2026-10-05
52836,11,Lulinha,Madura United FC,Indonesia (Liga 1),IN1L,1,Sayap Kiri,Attack,36,1990-04-10,False,Brasil,Asing Non-Asia,170,kanan,2024-07-12,-,2028-05-31,"Rp1,74Mlyr.",1738181818,2172727273,DECREASED,0,0,0,0,0.0,0,0,2026-10-05
1032769,25,Riski Afrisal,Madura United FC,Indonesia (Liga 1),IN1L,1,Sayap Kiri,Attack,20,2006-04-25,True,Indonesia,Lokal,169,kanan,2023-07-01,SSB Golden Soccer Blitar (-2022),2027-06-30,"Rp1,30Mlyr.",1303636364,1303636364,UNCHANGED,0,0,0,0,0.0,0,0,2026-10-05
1436113,37,Jasey Wehrmann,Madura United FC,Indonesia (Liga 1),IN1L,1,Sayap Kiri,Attack,21,2005-07-03,True,Belanda,Asing Non-Asia,174,kanan,2025-07-01,"VUC, Sparta Rotterdam, RKDEO, HNK Vukovar U19",2027-06-30,-,0,0,STABLE,0,0,0,0,0.0,0,0,2026-10-05
462067,9,Dimitar Mitkov,Madura United FC,Indonesia (Liga 1),IN1L,1,Depan-Tengah,Attack,26,2000-01-27,False,Bulgaria,Asing Non-Asia,191,kanan,2026-07-25,"Spartak Varna, Botev Plovdiv",-,"Rp4,78Mlyr.",4780000000,5214545455,DECREASED,0,0,0,0,0.0,0,0,2026-10-05
642374,77,Balotelli,Madura United FC,Indonesia (Liga 1),IN1L,1,Depan-Tengah,Attack,29,1997-02-03,False,Guinea-Bissau,Asing Non-Asia,187,kanan,2025-07-01,-,-,"Rp1,74Mlyr.",1738181818,2172727273,DECREASED,0,0,0,0,0.0,0,0,2026-10-05
721093,99,Aji Kusuma,Madura United FC,Indonesia (Liga 1),IN1L,1,Depan-Tengah,Attack,27,1999-01-30,False,Indonesia,Lokal,177,kanan,2025-07-01,"SSB Anak Negeri, SSB Duri Galaxy, Pandawa Lima FC (2016), KS",2027-06-30,"Rp1,74Mlyr.",1738181818,1738181818,UNCHANGED,0,0,0,0,0.0,0,0,2026-10-05
866577,69,Aldo Maulidino,Madura United FC,Indonesia (Liga 1),IN1L,1,Depan-Tengah,Attack,28,1998-07-22,False,Indonesia,Lokal,168,kanan,2021-02-19,"Madura United U18 (2016), Madura United U19 (2017), Madura U",-,"Rp434,55Jt.",434545455,434545455,UNCHANGED,0,0,0,0,0.0,0,0,2026-10-05
160361,92,Sonny Stevens,Dewa United Banten FC,Indonesia (Liga 1),IN1L,1,Kiper,Goalkeeper,34,1992-06-22,False,Belanda,Asing Non-Asia,194,kanan,2023-07-01,"SV Always Forward (-2004), FC Volendam (2004-2010)",2027-05-31,"Rp4,78Mlyr.",4780000000,5214545455,DECREASED,0,0,0,0,0.0,0,0,2026-10-05
501148,1,Muhamad Riyandi,Dewa United Banten FC,Indonesia (Liga 1),IN1L,1,Kiper,Goalkeeper,26,2000-01-03,False,Indonesia,Lokal,186,kanan,2026-08-01,"SBB Pelita Jaya (2008–2014), Bina Taruna (2015), Barito Pute",-,"Rp3,04Mlyr.",3041818182,3041818182,UNCHANGED,0,0,0,0,0.0,0,0,2026-10-05
1156314,99,Sheva Sanggasi,Dewa United Banten FC,Indonesia (Liga 1),IN1L,1,Kiper,Goalkeeper,22,2004-05-01,True,Indonesia,Lokal,182,kanan,2026-09-01,"Akademi PERSIB Cimahi, PERSIB U20 (2022-2023)",-,"Rp434,55Jt.",434545455,434545455,UNCHANGED,0,0,0,0,0.0,0,0,2026-10-05
1472101,20,Fais Iqbal,Dewa United Banten FC,Indonesia (Liga 1),IN1L,1,Kiper,Goalkeeper,19,2007-03-14,True,Indonesia,Lokal,0,kanan,2026-08-01,"Dewa United Banten U18 (2024), Dewa United Banten U20 (2025-",-,-,0,0,STABLE,0,0,0,0,0.0,0,0,2026-10-05
342134,22,Myeong-seok Ko,Dewa United Banten FC,Indonesia (Liga 1),IN1L,1,Bek-Tengah,Defender,31,1995-09-27,False,Korea Selatan,Asia (AFC),188,kanan,2026-07-29,"Yeonggwang Elementary School (영광초등학교, 2006-2007),
Gangjin M",-,"Rp6,95Mlyr.",6952727273,6952727273,UNCHANGED,0,0,0,0,0.0,0,0,2026-10-05
271716,17,Damion Lowe,Dewa United Banten FC,Indonesia (Liga 1),IN1L,1,Bek-Tengah,Defender,33,1993-05-05,False,Jamaika,Asing Non-Asia,190,kanan,2026-02-06,"Harbour View (-2011), Hartford Hawks (2011-2013)",2027-06-30,"Rp4,78Mlyr.",4780000000,5214545455,DECREASED,0,0,0,0,0.0,0,0,2026-10-05
159032,2,Nick Kuipers,Dewa United Banten FC,Indonesia (Liga 1),IN1L,1,Bek-Tengah,Defender,33,1992-10-08,False,Belanda,Asing Non-Asia,193,kanan,2025-07-01,"RKVVL/Polaris, MVV Maastricht",2027-05-31,"Rp3,91Mlyr.",3910909091,4345454545,DECREASED,0,0,0,0,0.0,0,0,2026-10-05
928131,14,Brian Fatari,Dewa United Banten FC,Indonesia (Liga 1),IN1L,1,Bek-Tengah,Defender,26,1999-12-20,False,Indonesia,Lokal,186,kanan,2023-01-04,"Persipura U19 (2018), Persija U20 (2019), Persipura U20 (201",2027-12-31,"Rp2,17Mlyr.",2172727273,2172727273,UNCHANGED,0,0,0,0,0.0,0,0,2026-10-05
1376679,0,Tores Khadafi,Dewa United Banten FC,Indonesia (Liga 1),IN1L,1,Bek-Tengah,Defender,18,2008-07-02,True,Indonesia,Lokal,170,kanan,2025-09-01,"Bee Bold Soccer School, Bhayangkara FC U16 (2023-2024), Dewa",-,-,0,0,STABLE,0,0,0,0,0.0,0,0,2026-10-05
1472105,21,Reyvan Rezqi,Dewa United Banten FC,Indonesia (Liga 1),IN1L,1,Bek-Tengah,Defender,19,2007-03-02,True,Indonesia,Lokal,0,kanan,2026-09-01,"Dewa United U16 (2023-2024), Dewa United U18 (2024-2025), De",-,-,0,0,STABLE,0,0,0,0,0.0,0,0,2026-10-05
721908,97,Edo Febriansyah,Dewa United Banten FC,Indonesia (Liga 1),IN1L,1,Bek-Kiri,Defender,29,1997-07-25,False,Indonesia,Lokal,173,kiri,2025-07-01,"PPLP Jateng (2015), PPLM (2016)",-,"Rp4,35Mlyr.",4345454545,4780000000,DECREASED,0,0,0,0,0.0,0,0,2026-10-05
875237,37,Alta Ballah,Dewa United Banten FC,Indonesia (Liga 1),IN1L,1,Bek-Kiri,Defender,25,2000-12-30,False,Indonesia,Lokal,182,kiri,2023-07-01,Persita Tangerang U20 (2020),-,"Rp3,48Mlyr.",3476363636,3910909091,DECREASED,0,0,0,0,0.0,0,0,2026-10-05
1520613,30,Surya Yudha,Dewa United Banten FC,Indonesia (Liga 1),IN1L,1,Bek-Kiri,Defender,18,2008-04-22,True,Indonesia,Lokal,0,kanan,2026-09-14,"Persikabo 1973 (2023-2024), Dewa United U18 (2024-2026), Dew",-,-,0,0,STABLE,0,0,0,0,0.0,0,0,2026-10-05
435214,4,Johnathan,Dewa United Banten FC,Indonesia (Liga 1),IN1L,1,Bek-Kanan,Defender,31,1995-04-04,False,Brasil,Asing Non-Asia,176,kanan,2025-08-31,Goiás Esporte Clube (2014-2015),-,"Rp6,08Mlyr.",6083636364,6083636364,UNCHANGED,0,0,0,0,0.0,0,0,2026-10-05
1109089,25,Alfharezzi Buffon,Dewa United Banten FC,Indonesia (Liga 1),IN1L,1,Bek-Kanan,Defender,20,2006-04-28,True,Indonesia,Lokal,172,kanan,2026-08-27,"SSB Maesa Cijantung, Bina Sentra FA (2019), Borneo FC U16 (2",-,"Rp1,74Mlyr.",1738181818,1303636364,INCREASED,0,0,0,0,0.0,0,0,2026-10-05
574466,23,Ady Setiawan,Dewa United Banten FC,Indonesia (Liga 1),IN1L,1,Bek-Kanan,Defender,32,1994-09-10,False,Indonesia,Lokal,167,kanan,2023-07-01,"SSB Bangau Putra, PON Sulsel (2016)",-,"Rp1,30Mlyr.",1303636364,1738181818,DECREASED,0,0,0,0,0.0,0,0,2026-10-05
1346624,50,Jagat Gumelar,Dewa United Banten FC,Indonesia (Liga 1),IN1L,1,Bek-Kanan,Defender,19,2007-04-11,True,Indonesia,Lokal,161,kanan,2026-09-14,"Persija U16 (2023), Persija U18 (2024), Persija U20 (2024), ",-,-,0,0,STABLE,0,0,0,0,0.0,0,0,2026-10-05
551904,5,Jean Mangabeira,Dewa United Banten FC,Indonesia (Liga 1),IN1L,1,Gel. Bertahan,Midfielder,29,1997-03-10,False,Brasil,Asing Non-Asia,185,kanan,2026-08-15,-,-,"Rp2,17Mlyr.",2172727273,2172727273,INCREASED,0,0,0,0,0.0,0,0,2026-10-05
1017341,63,Ripal Wahyudi,Dewa United Banten FC,Indonesia (Liga 1),IN1L,1,Gel. Bertahan,Midfielder,25,2000-10-10,False,Indonesia,Lokal,168,kanan,2026-08-09,"Super Progresif Majalengka (2018)
",-,"Rp2,17Mlyr.",2172727273,2172727273,UNCHANGED,0,0,0,0,0.0,0,0,2026-10-05
1308475,38,Fajar Pratama,Dewa United Banten FC,Indonesia (Liga 1),IN1L,1,Gel. Bertahan,Midfielder,19,2007-05-31,True,Indonesia,Lokal,165,kanan,2026-09-14,"Farama FA (-2024), Dewa United U20 (2026)",-,"Rp173,82Jt.",173818182,173818182,UNCHANGED,0,0,0,0,0.0,0,0,2026-10-05
417634,28,Alexis Messidoro,Dewa United Banten FC,Indonesia (Liga 1),IN1L,1,Gel. Tengah,Midfielder,29,1997-05-13,False,Argentina,Asing Non-Asia,171,kanan,2024-07-24,"Almagro, Club Atlético Boca Juniors (2010-2015)",2028-06-30,"Rp8,69Mlyr.",8690909091,6952727273,INCREASED,0,0,0,0,0.0,0,0,2026-10-05
656796,6,Ivar Jenner,Dewa United Banten FC,Indonesia (Liga 1),IN1L,1,Gel. Tengah,Midfielder,22,2004-01-10,True,Indonesia,Lokal,186,kanan,2026-02-01,"IJFC (2010-2014), Ajax (2014-2016), FC Utrecht (2016-2022)",-,"Rp5,21Mlyr.",5214545455,5214545455,UNCHANGED,0,0,0,0,0.0,0,0,2026-10-05
1032767,0,Kafiatur Rizky,Dewa United Banten FC,Indonesia (Liga 1),IN1L,1,Gel. Tengah,Midfielder,20,2006-07-17,True,Indonesia,Lokal,172,kiri,2024-07-01,"SSB Bina Sentra FA (2016), Borneo FC U12 (2017), Borneo FC U",-,"Rp434,55Jt.",434545455,434545455,UNCHANGED,0,0,0,0,0.0,0,0,2026-10-05
1397587,0,Husain Anshori,Dewa United Banten FC,Indonesia (Liga 1),IN1L,1,Gel. Tengah,Midfielder,18,2007-11-26,True,Indonesia,Lokal,0,kanan,2025-07-01,"Persikabo 1973 U16 (2023-2024), Dewa United U16 (2024-2025),",-,-,0,0,STABLE,0,0,0,0,0.0,0,0,2026-10-05
648128,19,Ricky Kambuaya,Dewa United Banten FC,Indonesia (Liga 1),IN1L,1,Gel. Serang,Midfielder,30,1996-05-05,False,Indonesia,Lokal,174,kanan,2023-07-06,Pro-Duta U19 (2015),-,"Rp6,52Mlyr.",6518181818,5649090909,INCREASED,0,0,0,0,0.0,0,0,2026-10-05
1261870,26,Farhan Saviola,Dewa United Banten FC,Indonesia (Liga 1),IN1L,1,Gel. Serang,Midfielder,20,2006-05-05,True,Indonesia,Lokal,168,kiri,2026-08-01,"Akademi ISA Imran Soccer Academy (2015-2023), Persija Jakart",-,"Rp434,55Jt.",434545455,173818182,INCREASED,0,0,0,0,0.0,0,0,2026-10-05
1152869,88,Lotra Widiyanto,Dewa United Banten FC,Indonesia (Liga 1),IN1L,1,Gel. Serang,Midfielder,20,2006-05-27,True,Indonesia,Lokal,167,kanan,2026-08-01,"Cipta Cendikia FA (2022-2023), Garuda Select (2022-2023), Pe",-,"Rp173,82Jt.",173818182,173818182,UNCHANGED,0,0,0,0,0.0,0,0,2026-10-05
1473143,79,Syafiruddin Rasya,Dewa United Banten FC,Indonesia (Liga 1),IN1L,1,Gel. Serang,Midfielder,19,2007-07-07,True,Indonesia,Lokal,0,kanan,2026-09-14,"Persijap Jepara U20 (2025), Dewa United U20 (2026)",-,-,0,0,STABLE,0,0,0,0,0.0,0,0,2026-10-05
331478,77,Noah Sadaoui,Dewa United Banten FC,Indonesia (Liga 1),IN1L,1,Sayap Kiri,Attack,33,1993-09-14,False,Maroko,Asing Non-Asia,180,kanan,2026-08-01,"Wydad Casablanca (1998-2004), New York Red Bulls (2005-2007)",-,"Rp9,56Mlyr.",9560000000,10429090909,DECREASED,0,0,0,0,0.0,0,0,2026-10-05
649447,11,Taisei Marukawa,Dewa United Banten FC,Indonesia (Liga 1),IN1L,1,Sayap Kiri,Attack,29,1997-01-30,False,Jepang,Asia (AFC),169,kanan,2024-07-01,"KELT FC, Hiroshima Minami HS, Chuo University",2028-06-30,"Rp4,78Mlyr.",4780000000,5214545455,DECREASED,0,0,0,0,0.0,0,0,2026-10-05
790420,27,Rafael Struick,Dewa United Banten FC,Indonesia (Liga 1),IN1L,1,Sayap Kiri,Attack,23,2003-03-27,False,Indonesia,Lokal,185,kanan,2025-07-16,"Forum Sport, RKAVV Leidschendam (-2020), ADO Den Haag (2020-",-,"Rp2,17Mlyr.",2172727273,2607272727,DECREASED,0,0,0,0,0.0,0,0,2026-10-05
548371,10,Egy Maulana Vikri,Dewa United Banten FC,Indonesia (Liga 1),IN1L,1,Sayap Kanan,Attack,26,2000-07-07,False,Indonesia,Lokal,170,kiri,2023-01-30,"Tasbi Soccer School Medan (2005-2012), ASIOP Apacinti Footba",-,"Rp5,21Mlyr.",5214545455,5649090909,DECREASED,0,0,0,0,0.0,0,0,2026-10-05
271498,7,Denilson Junior,Dewa United Banten FC,Indonesia (Liga 1),IN1L,1,Depan-Tengah,Attack,31,1995-07-18,False,Brasil,Asing Non-Asia,185,kanan,2026-08-06,-,-,"Rp10,43Mlyr.",10429090909,8690909091,INCREASED,0,0,0,0,0.0,0,0,2026-10-05
670696,9,Pedro,Dewa United Banten FC,Indonesia (Liga 1),IN1L,1,Depan-Tengah,Attack,27,1999-03-26,False,Brasil,Asing Non-Asia,187,kanan,2026-09-21,-,-,"Rp5,21Mlyr.",5214545455,5214545455,UNCHANGED,0,0,0,0,0.0,0,0,2026-10-05
1522343,90,Nofalio Ardanan,Dewa United Banten FC,Indonesia (Liga 1),IN1L,1,Depan-Tengah,Attack,19,2007-01-15,True,Indonesia,Lokal,0,kanan,2026-08-01,"Dewa United U16 (2023-2024), Dewa United U18 (2024-2025), De",-,-,0,0,STABLE,0,0,0,0,0.0,0,0,2026-10-05
506141,23,Nadeo Argawinata,Persija Jakarta,Indonesia (Liga 1),IN1L,1,Kiper,Goalkeeper,29,1997-03-09,False,Indonesia,Lokal,188,kanan,2026-07-22,SSB Macan Putih,2031-06-30,"Rp7,82Mlyr.",7821818182,6952727273,INCREASED,0,0,0,0,0.0,0,0,2026-10-05
561170,1,Aqil Savik,Persija Jakarta,Indonesia (Liga 1),IN1L,1,Kiper,Goalkeeper,27,1999-01-17,False,Indonesia,Lokal,186,kanan,2026-07-07,PERSIB Bandung (2014-2017),2027-06-30,"Rp2,61Mlyr.",2607272727,2607272727,UNCHANGED,0,0,0,0,0.0,0,0,2026-10-05
323470,26,Andritany,Persija Jakarta,Indonesia (Liga 1),IN1L,1,Kiper,Goalkeeper,34,1991-12-26,False,Indonesia,Lokal,178,kanan,2010-07-01,"SSB Jayakarta (-2005), SSB ASIOP (2005), Diklat Ragunan (200",2027-06-30,"Rp2,17Mlyr.",2172727273,2607272727,DECREASED,0,0,0,0,0.0,0,0,2026-10-05
1298676,22,Hafizh Rizkianur,Persija Jakarta,Indonesia (Liga 1),IN1L,1,Kiper,Goalkeeper,20,2006-08-08,True,Indonesia,Lokal,184,kanan,2024-08-01,"POPB DKI, Garuda Select, Persija U18 (2023), Persija U20 (20",2029-06-30,-,0,0,STABLE,0,0,0,0,0.0,0,0,2026-10-05
734648,5,Rizky Ridho,Persija Jakarta,Indonesia (Liga 1),IN1L,1,Bek-Tengah,Defender,24,2001-11-21,False,Indonesia,Lokal,183,kanan,2023-07-01,"SSB Simo Putro, Persesa Sampang U17 (2016), Persikoba Batu (",2028-06-30,"Rp11,30Mlyr.",11298181818,11298181818,UNCHANGED,0,0,0,0,0.0,0,0,2026-10-05
85289,21,Jordi Amat,Persija Jakarta,Indonesia (Liga 1),IN1L,1,Bek-Tengah,Defender,34,1992-03-21,False,Indonesia,Lokal,185,kanan,2025-07-05,C.F. Canet de Mar,2027-05-31,"Rp9,56Mlyr.",9560000000,10429090909,DECREASED,0,0,0,0,0.0,0,0,2026-10-05
322798,6,Radovan Pankov,Persija Jakarta,Indonesia (Liga 1),IN1L,1,Bek-Tengah,Defender,31,1995-08-05,False,Serbia,Asing Non-Asia,185,kanan,2026-07-14,FK Vojvodina Novi Sad (-2014),2028-06-30,"Rp8,69Mlyr.",8690909091,8690909091,UNCHANGED,0,0,0,0,0.0,0,0,2026-10-05
90725,30,Denis Kolinger,Persija Jakarta,Indonesia (Liga 1),IN1L,1,Bek-Tengah,Defender,32,1994-01-14,False,Kroasia,Asing Non-Asia,199,kanan,2026-07-07,NK Jaska ,2028-06-30,"Rp7,82Mlyr.",7821818182,8690909091,DECREASED,0,0,0,0,0.0,0,0,2026-10-05
1050307,59,Dia Syayid,Persija Jakarta,Indonesia (Liga 1),IN1L,1,Bek-Tengah,Defender,21,2004-12-12,True,Indonesia,Lokal,182,kanan,2024-07-01,"SSB UNI, Persija U16 (2019), Persija U18 (2020-2021), Persij",2028-06-30,"Rp869,09Jt.",869090909,869090909,UNCHANGED,0,0,0,0,0.0,0,0,2026-10-05
1281714,24,Farhan Sopiulloh,Persija Jakarta,Indonesia (Liga 1),IN1L,1,Bek-Tengah,Defender,21,2005-05-10,True,Indonesia,Lokal,182,kanan,2026-08-31,"Academypro Nova Arianto (2020-2022), Akademi Villa2000 (2020",-,-,0,173818182,DECREASED,0,0,0,0,0.0,0,0,2026-10-05
409335,25,Shayne Pattynama,Persija Jakarta,Indonesia (Liga 1),IN1L,1,Bek-Kiri,Defender,28,1998-08-11,False,Indonesia,Lokal,185,kiri,2026-01-23,"SV Lelystad '67 (2004-2007), Ajax (2007-2010), FC Utrecht (2",2028-06-30,"Rp6,08Mlyr.",6083636364,6083636364,UNCHANGED,0,0,0,0,0.0,0,0,2026-10-05
939539,77,Dony Tri Pamungkas,Persija Jakarta,Indonesia (Liga 1),IN1L,1,Bek-Kiri,Defender,21,2005-01-11,True,Indonesia,Lokal,178,kiri,2021-09-01,"Diklat ISA, ASTAM, SSB Bina Taruna (-2019), Persija U16 (202",2028-06-30,"Rp5,21Mlyr.",5214545455,3476363636,INCREASED,0,0,0,0,0.0,0,0,2026-10-05
746991,18,Pratama Arhan,Persija Jakarta,Indonesia (Liga 1),IN1L,1,Bek-Kiri,Defender,24,2001-12-21,False,Indonesia,Lokal,172,kiri,2026-07-07,"SSB Terang Bangsa, BJL Terbang, PSIS U19 (2018), PSIS U20 (2",2029-06-30,"Rp4,35Mlyr.",4345454545,3476363636,INCREASED,0,0,0,0,0.0,0,0,2026-10-05
817895,56,Fajar Fathurrahman,Persija Jakarta,Indonesia (Liga 1),IN1L,1,Bek-Kanan,Defender,24,2002-05-29,False,Indonesia,Lokal,170,kanan,2026-01-15,"Bina Taruna (-2018), PSSA Asahan U17 (2018), PERSIB U16 (201",2029-05-31,"Rp5,65Mlyr.",5649090909,6083636364,DECREASED,0,0,0,0,0.0,0,0,2026-10-05
929298,2,Rio Fahmi,Persija Jakarta,Indonesia (Liga 1),IN1L,1,Bek-Kanan,Defender,24,2001-10-06,False,Indonesia,Lokal,170,kanan,2021-08-01,"Persibara U17, Persija U20 (2020-2021)",2028-06-30,"Rp5,21Mlyr.",5214545455,5214545455,UNCHANGED,0,0,0,0,0.0,0,0,2026-10-05
307098,50,Kerim Memija,Persija Jakarta,Indonesia (Liga 1),IN1L,1,Bek-Kanan,Defender,30,1996-01-06,False,Bosnia-Herzegovina,Asing Non-Asia,181,kanan,2026-07-09,-,2028-06-30,"Rp5,21Mlyr.",5214545455,5214545455,UNCHANGED,0,0,0,0,0.0,0,0,2026-10-05
554986,97,Fábio Calonego,Persija Jakarta,Indonesia (Liga 1),IN1L,1,Gel. Bertahan,Midfielder,29,1997-07-24,False,Brasil,Asing Non-Asia,180,kanan,2025-07-10,-,2028-06-30,"Rp5,21Mlyr.",5214545455,4345454545,INCREASED,0,0,0,0,0.0,0,0,2026-10-05
1032763,47,Figo Dennis,Persija Jakarta,Indonesia (Liga 1),IN1L,1,Gel. Bertahan,Midfielder,20,2006-04-28,True,Indonesia,Lokal,174,kiri,2025-07-01,"SSB Super Kids (2017), Imran Soccer Academy (-2018), Ricky N",-,"Rp869,09Jt.",869090909,434545455,INCREASED,0,0,0,0,0.0,0,0,2026-10-05
341300,33,Stjepan Loncar,Persija Jakarta,Indonesia (Liga 1),IN1L,1,Gel. Tengah,Midfielder,29,1996-11-10,False,Bosnia-Herzegovina,Asing Non-Asia,187,kiri,2026-07-19,NK Siroki Brijeg,2028-06-30,"Rp20,86Mlyr.",20858181818,22596363636,DECREASED,0,0,0,0,0.0,0,0,2026-10-05
165801,44,Kyohei Yoshino,Persija Jakarta,Indonesia (Liga 1),IN1L,1,Gel. Tengah,Midfielder,31,1994-11-08,False,Jepang,Asia (AFC),182,kanan,2026-07-14,"FC.ASK, A.C. Azzurri, Tokyo Verdy",2028-06-30,"Rp5,21Mlyr.",5214545455,6518181818,DECREASED,0,0,0,0,0.0,0,0,2026-10-05
1024630,58,Rayhan Hannan,Persija Jakarta,Indonesia (Liga 1),IN1L,1,Gel. Serang,Midfielder,22,2004-04-02,True,Indonesia,Lokal,172,kanan,2023-07-01,"SSB Bina Taruna Cibubur
Persija U18 (2021-2023)",2029-06-30,"Rp3,04Mlyr.",3041818182,2607272727,INCREASED,0,0,0,0,0.0,0,0,2026-10-05
875219,10,Marselino Ferdinan,Persija Jakarta,Indonesia (Liga 1),IN1L,1,Gel. Serang,Midfielder,22,2004-09-09,True,Indonesia,Lokal,178,kanan,2026-09-21,"SSB Indonesia Muda, Persebaya U16 (2020)",2028-06-30,"Rp1,74Mlyr.",1738181818,1738181818,UNCHANGED,0,0,0,0,0.0,0,0,2026-10-05
630444,8,Witan,Persija Jakarta,Indonesia (Liga 1),IN1L,1,Sayap Kiri,Attack,24,2001-10-08,False,Indonesia,Lokal,170,kiri,2023-01-30,"SSB Galara (2013-2015), SKO Ragunan (2016-2019), Persab U17 ",2029-06-30,"Rp4,78Mlyr.",4780000000,5214545455,DECREASED,0,0,0,0,0.0,0,0,2026-10-05
1221264,11,Arlyansyah Abdulmanan,Persija Jakarta,Indonesia (Liga 1),IN1L,1,Sayap Kiri,Attack,20,2005-12-20,True,Indonesia,Lokal,168,kanan,2025-07-01,"ASIOP Apacinti, Asia Football School (-2021), PSJS U17 (2021",-,"Rp1,74Mlyr.",1738181818,1303636364,INCREASED,0,0,0,0,0.0,0,0,2026-10-05
1313806,27,Nathan Fariel,Persija Jakarta,Indonesia (Liga 1),IN1L,1,Sayap Kiri,Attack,20,2005-10-10,True,Indonesia,Lokal,170,kanan,2026-08-31,"SSB Buperta Cibubur (-2020), Persija U16 (2020-2023), Persij",-,"Rp869,09Jt.",869090909,869090909,UNCHANGED,0,0,0,0,0.0,0,0,2026-10-05
259350,13,Chang-hoon Kwon,Persija Jakarta,Indonesia (Liga 1),IN1L,1,Sayap Kanan,Attack,32,1994-06-30,False,Korea Selatan,Asia (AFC),174,kiri,2026-07-17,"Seoul Yangjeon Elementary School (2001-2006),
Joongdong Mid",2028-06-30,"Rp5,21Mlyr.",5214545455,5649090909,DECREASED,0,0,0,0,0.0,0,0,2026-10-05
1010073,7,Victor Dethan,Persija Jakarta,Indonesia (Liga 1),IN1L,1,Sayap Kanan,Attack,22,2004-07-11,True,Indonesia,Lokal,177,kanan,2026-07-07,"PSM Makassar U16 (2019-2020), PSM Makassar U18 (2021-2022)",2028-06-30,"Rp3,91Mlyr.",3910909091,3910909091,UNCHANGED,0,0,0,0,0.0,0,0,2026-10-05
1050310,19,Agi Firmansyah,Persija Jakarta,Indonesia (Liga 1),IN1L,1,Sayap Kanan,Attack,21,2005-07-22,True,Indonesia,Lokal,168,kanan,2024-07-01,"Persija Foundation (2021), Persija U16 (2023), Persija U18 (",-,-,0,0,STABLE,0,0,0,0,0.0,0,0,2026-10-05
205760,9,Alexander Jeremejeff,Persija Jakarta,Indonesia (Liga 1),IN1L,1,Depan-Tengah,Attack,32,1993-10-12,False,Swedia,Asing Non-Asia,192,kanan,2026-08-21,Örgryte IS (-2011),2028-06-30,"Rp13,91Mlyr.",13905454545,13905454545,UNCHANGED,0,0,0,0,0.0,0,0,2026-10-05
446996,17,Ivan Mamut,Persija Jakarta,Indonesia (Liga 1),IN1L,1,Depan-Tengah,Attack,29,1997-04-30,False,Kroasia,Asing Non-Asia,192,kiri,2026-09-08,-,-,"Rp10,43Mlyr.",10429090909,7821818182,INCREASED,0,0,0,0,0.0,0,0,2026-10-05
719487,98,Eksel Runtukahu,Persija Jakarta,Indonesia (Liga 1),IN1L,1,Depan-Tengah,Attack,28,1998-09-02,False,Indonesia,Lokal,175,kanan,2025-07-01,SSB Tomou Tou (2011-2014),2028-06-30,"Rp4,78Mlyr.",4780000000,3476363636,INCREASED,0,0,0,0,0.0,0,0,2026-10-05
297373,1,Mike Hauptmeijer,Bali United FC,Indonesia (Liga 1),IN1L,1,Kiper,Goalkeeper,29,1997-03-18,False,Belanda,Asing Non-Asia,190,kiri,2025-07-01,"VV Lemelerveld (2003-2006), PEC Zwolle (2006-2016)",2027-06-30,"Rp4,78Mlyr.",4780000000,3476363636,INCREASED,0,0,0,0,0.0,0,0,2026-10-05
506497,56,Fitrul Rustapa,Bali United FC,Indonesia (Liga 1),IN1L,1,Kiper,Goalkeeper,31,1995-06-05,False,Indonesia,Lokal,177,kanan,2024-07-01,-,2027-05-31,"Rp1,74Mlyr.",1738181818,2172727273,DECREASED,0,0,0,0,0.0,0,0,2026-10-05
1116070,21,Wayan Arta,Bali United FC,Indonesia (Liga 1),IN1L,1,Kiper,Goalkeeper,20,2006-10-01,True,Indonesia,Lokal,182,kanan,2024-07-01,"Bali United U18 (2021-2024), Bali United U20 (2022-2024)",-,"Rp173,82Jt.",173818182,173818182,UNCHANGED,0,0,0,0,0.0,0,0,2026-10-05
131821,13,Thomas Lam,Bali United FC,Indonesia (Liga 1),IN1L,1,Bek-Tengah,Defender,32,1993-12-18,False,Finlandia,Asing Non-Asia,188,kanan,2026-07-21,"AFC Amsterdam (1999-2005), AZ Alkmaar (2005-2012)",-,"Rp5,21Mlyr.",5214545455,6518181818,DECREASED,0,0,0,0,0.0,0,0,2026-10-05
989205,4,Kadek Arel,Bali United FC,Indonesia (Liga 1),IN1L,1,Bek-Tengah,Defender,21,2005-04-04,True,Indonesia,Lokal,181,kanan,2023-01-01,"SSB Guntur, SSB Paradise Football Academy Bali (2015), Imran",2027-05-31,"Rp4,35Mlyr.",4345454545,4345454545,UNCHANGED,0,0,0,0,0.0,0,0,2026-10-05
965150,2,João Ferrari,Bali United FC,Indonesia (Liga 1),IN1L,1,Bek-Tengah,Defender,29,1997-06-25,False,Brasil,Asing Non-Asia,190,kanan,2025-07-01,"Naviraiense (2012), Guaicurus (2013-2015)",-,"Rp3,48Mlyr.",3476363636,2607272727,INCREASED,0,0,0,0,0.0,0,0,2026-10-05
505885,5,Bagas Adi,Bali United FC,Indonesia (Liga 1),IN1L,1,Bek-Tengah,Defender,29,1997-03-08,False,Indonesia,Lokal,176,kiri,2024-07-01,"Villa 2000 (2009-2012)
Deportivo Indonesia (2012-2013)
Sri",-,"Rp1,74Mlyr.",1738181818,1738181818,UNCHANGED,0,0,0,0,0.0,0,0,2026-10-05
1275356,44,Putu Panji,Bali United FC,Indonesia (Liga 1),IN1L,1,Bek-Tengah,Defender,18,2008-04-02,True,Indonesia,Lokal,180,kanan,2025-07-01,"SSB Munggu, Arema FC U16, Bali United U16, Bali United U18 (",-,-,0,0,STABLE,0,0,0,0,0.0,0,0,2026-10-05
506449,24,Ricky Fajrin,Bali United FC,Indonesia (Liga 1),IN1L,1,Bek-Kiri,Defender,31,1995-09-06,False,Indonesia,Lokal,177,kiri,2015-01-13,"SSB Tugu Muda (2005-2011), Berlian Rajawali (2012-2014), PON",-,"Rp5,65Mlyr.",5649090909,5649090909,UNCHANGED,0,0,0,0,0.0,0,0,2026-10-05
880604,22,Tim Geypens,Bali United FC,Indonesia (Liga 1),IN1L,1,Bek-Kiri,Defender,21,2005-06-21,True,Indonesia,Lokal,184,kiri,2026-07-16,FC Twente (-2022),-,"Rp3,48Mlyr.",3476363636,3476363636,UNCHANGED,0,0,0,0,0.0,0,0,2026-10-05
506277,16,Rizky Dwi,Bali United FC,Indonesia (Liga 1),IN1L,1,Bek-Kanan,Defender,29,1997-02-22,False,Indonesia,Lokal,178,kanan,2025-07-01,Jember United (2014-2015),-,"Rp2,61Mlyr.",2607272727,3041818182,DECREASED,0,0,0,0,0.0,0,0,2026-10-05
1337596,83,Agung Dwi,Bali United FC,Indonesia (Liga 1),IN1L,1,Bek-Kanan,Defender,21,2005-03-18,True,Indonesia,Lokal,173,kanan,2026-07-07,"Asia Football School (-2021), Bali United U18 (2021-2023), B",-,-,0,0,STABLE,0,0,0,0,0.0,0,0,2026-10-05
385923,6,Brandon Wilson,Bali United FC,Indonesia (Liga 1),IN1L,1,Gel. Bertahan,Midfielder,29,1997-01-28,False,Australia,Asia (AFC),185,kanan,2024-07-01,-,-,"Rp4,35Mlyr.",4345454545,4780000000,DECREASED,0,0,0,0,0.0,0,0,2026-10-05
189650,14,Tim Receveur,Bali United FC,Indonesia (Liga 1),IN1L,1,Gel. Bertahan,Midfielder,35,1991-07-30,False,Belanda,Asing Non-Asia,182,kanan,2025-07-01,"AFC Amsterdam, Ajax (-2010)",-,"Rp1,74Mlyr.",1738181818,1738181818,UNCHANGED,0,0,0,0,0.0,0,0,2026-10-05
1021532,55,Made Tito,Bali United FC,Indonesia (Liga 1),IN1L,1,Gel. Bertahan,Midfielder,23,2003-07-31,False,Indonesia,Lokal,174,kanan,2022-07-01,"SSB Mandala United (-2018)
Bali United U16 (2018-2019)
Bal",2027-05-31,"Rp1,74Mlyr.",1738181818,2172727273,DECREASED,0,0,0,0,0.0,0,0,2026-10-05
1337611,27,Reyner Barusu,Bali United FC,Indonesia (Liga 1),IN1L,1,Gel. Bertahan,Midfielder,20,2005-12-27,True,Indonesia,Lokal,167,kanan,2025-07-01,"Bali United U16 (2022-2023), Bali United U18 (2023-2024), Ba",-,"Rp434,55Jt.",434545455,434545455,STABLE,0,0,0,0,0.0,0,0,2026-10-05
1470826,79,Aris Sanjaya,Bali United FC,Indonesia (Liga 1),IN1L,1,Gel. Bertahan,Midfielder,19,2007-04-17,True,Indonesia,Lokal,173,kanan,2025-09-01,"SSB Capitano Bali (-2021), Bali United U16 (2022-2024), Bali",-,-,0,0,STABLE,0,0,0,0,0.0,0,0,2026-10-05
533728,88,Queven,Bali United FC,Indonesia (Liga 1),IN1L,1,Gel. Tengah,Midfielder,27,1998-11-21,False,Brasil,Asing Non-Asia,176,kiri,2026-07-14,-,-,"Rp5,21Mlyr.",5214545455,4345454545,INCREASED,0,0,0,0,0.0,0,0,2026-10-05
597136,18,Kadek Agung,Bali United FC,Indonesia (Liga 1),IN1L,1,Gel. Tengah,Midfielder,28,1998-06-25,False,Indonesia,Lokal,170,kanan,2018-01-18,"SSB Putra Tresna (2013-2014), Bali United U19 (2015-2017)",2028-05-31,"Rp4,35Mlyr.",4345454545,3910909091,INCREASED,0,0,0,0,0.0,0,0,2026-10-05
657365,8,Teppei Yachida,Bali United FC,Indonesia (Liga 1),IN1L,1,Gel. Serang,Midfielder,24,2001-11-01,False,Jepang,Asia (AFC),171,kanan,2026-01-10,"Nagaoka JYFC, Teikyo Nagaoka HS",2027-06-30,"Rp10,43Mlyr.",10429090909,10429090909,UNCHANGED,0,0,0,0,0.0,0,0,2026-10-05
990800,10,Jay Herdman,Bali United FC,Indonesia (Liga 1),IN1L,1,Gel. Serang,Midfielder,22,2004-08-14,True,Selandia Baru,Asing Non-Asia,169,kanan,2026-08-17,-,-,"Rp2,61Mlyr.",2607272727,2607272727,UNCHANGED,0,0,0,0,0.0,0,0,2026-10-05
1177318,42,Maouri Simon,Bali United FC,Indonesia (Liga 1),IN1L,1,Gel. Serang,Midfielder,19,2006-11-09,True,Indonesia,Lokal,177,kanan,2024-07-01,"SSB Badak Putra Buduk (Munggu), Bali United U16 (2021), Bali",-,"Rp1,30Mlyr.",1303636364,869090909,INCREASED,0,0,0,0,0.0,0,0,2026-10-05
412940,11,Remco Balk,Bali United FC,Indonesia (Liga 1),IN1L,1,Sayap Kanan,Attack,25,2001-03-02,False,Belanda,Asing Non-Asia,173,kanan,2026-07-07,"Zuidhorn (-2012), FC Groningen (2012-2020)",-,"Rp11,30Mlyr.",11298181818,11298181818,UNCHANGED,0,0,0,0,0.0,0,0,2026-10-05
342240,7,Thijmen Goppel,Bali United FC,Indonesia (Liga 1),IN1L,1,Sayap Kanan,Attack,29,1997-02-16,False,Belanda,Asing Non-Asia,180,kanan,2025-07-01,"SV Alkmania (-2007), Alphense Boys (2007-2014), NEC Nijmegen",2027-06-30,"Rp10,43Mlyr.",10429090909,10429090909,UNCHANGED,0,0,0,0,0.0,0,0,2026-10-05
561250,41,Irfan Jaya,Bali United FC,Indonesia (Liga 1),IN1L,1,Sayap Kanan,Attack,30,1996-05-01,False,Indonesia,Lokal,162,kanan,2022-01-06,"SSB Butta Toa Raya, PSM Makassar U21 (2016)",2027-05-31,"Rp4,35Mlyr.",4345454545,3910909091,INCREASED,0,0,0,0,0.0,0,0,2026-10-05
1110179,47,Rahmat Arjuna,Bali United FC,Indonesia (Liga 1),IN1L,1,Sayap Kanan,Attack,22,2004-04-30,True,Indonesia,Lokal,164,kanan,2022-12-01,"Agung Putra FC (-2021), Bali United U18 (2021-2022)",-,"Rp3,04Mlyr.",3041818182,2607272727,INCREASED,0,0,0,0,0.0,0,0,2026-10-05
1245483,0,Dillan Rinaldi,Bali United FC,Indonesia (Liga 1),IN1L,1,Sayap Kanan,Attack,21,2005-06-01,True,Indonesia,Lokal,175,kiri,2024-08-12,"SV Bergisch Gladbach 09 Youth (-2022), SV Bergisch Gladbach ",2027-06-30,-,0,0,STABLE,0,0,0,0,0.0,0,0,2026-10-05
225961,45,Marko Dugandzic,Bali United FC,Indonesia (Liga 1),IN1L,1,Depan-Tengah,Attack,32,1994-04-07,False,Kroasia,Asing Non-Asia,190,kiri,2026-09-21,Osijek,-,"Rp12,17Mlyr.",12167272727,13905454545,DECREASED,0,0,0,0,0.0,0,0,2026-10-05
330909,20,Jort van der Sande,Bali United FC,Indonesia (Liga 1),IN1L,1,Depan-Tengah,Attack,30,1996-01-25,False,Bonaire,Asing Non-Asia,183,kanan,2026-07-07,"SV Audacia, VV Heeswijk, FC Den Bosch (2006-2014)",2028-06-30,"Rp6,95Mlyr.",6952727273,6083636364,INCREASED,0,0,0,0,0.0,0,0,2026-10-05
1158008,19,Jens Raven,Bali United FC,Indonesia (Liga 1),IN1L,1,Depan-Tengah,Attack,20,2005-10-12,True,Indonesia,Lokal,187,kanan,2025-07-13,SV Nootdorp (-2022),2028-06-30,"Rp1,30Mlyr.",1303636364,1303636364,UNCHANGED,0,0,0,0,0.0,0,0,2026-10-05
134400,41,Kadú,Borneo FC Samarinda,Indonesia (Liga 1),IN1L,1,Kiper,Goalkeeper,31,1994-11-30,False,Angola,Asing Non-Asia,190,kanan,2026-08-07,"AC Arrentela, CF Belenenses, Padroense FC, FC Porto",-,"Rp2,61Mlyr.",2607272727,2172727273,INCREASED,0,0,0,0,0.0,0,0,2026-10-05
971160,78,Muhamad Darmawan,Borneo FC Samarinda,Indonesia (Liga 1),IN1L,1,Kiper,Goalkeeper,24,2002-03-16,False,Indonesia,Lokal,182,kanan,2026-07-19,Persita Academy,-,"Rp1,30Mlyr.",1303636364,869090909,INCREASED,0,0,0,0,0.0,0,0,2026-10-05
506140,20,Muhammad Ridho,Borneo FC Samarinda,Indonesia (Liga 1),IN1L,1,Kiper,Goalkeeper,35,1991-01-21,False,Indonesia,Lokal,178,kanan,2026-07-19,-,-,"Rp869,09Jt.",869090909,869090909,UNCHANGED,0,0,0,0,0.0,0,0,2026-10-05
1031928,27,Andhika Setiawan,Borneo FC Samarinda,Indonesia (Liga 1),IN1L,1,Kiper,Goalkeeper,20,2006-01-27,True,Indonesia,Lokal,177,kanan,2025-07-01,"SSB Naga Emas Asri (2013-2021), Naga Emas Asri U15 (2021), M",-,-,0,0,STABLE,0,0,0,0,0.0,0,0,2026-10-05
678992,35,Iago Mendonça,Borneo FC Samarinda,Indonesia (Liga 1),IN1L,1,Bek-Tengah,Defender,27,1999-08-16,False,Brasil,Asing Non-Asia,195,keduanya,2026-07-19,-,-,"Rp6,95Mlyr.",6952727273,6952727273,UNCHANGED,0,0,0,0,0.0,0,0,2026-10-05
945941,77,Christian,Borneo FC Samarinda,Indonesia (Liga 1),IN1L,1,Bek-Tengah,Defender,28,1998-08-13,False,Brasil,Asing Non-Asia,186,kanan,2026-07-19,-,2027-06-30,"Rp4,78Mlyr.",4780000000,3910909091,INCREASED,0,0,0,0,0.0,0,0,2026-10-05
817984,16,Komang Teguh,Borneo FC Samarinda,Indonesia (Liga 1),IN1L,1,Bek-Tengah,Defender,24,2002-04-28,False,Indonesia,Lokal,176,kanan,2020-10-03,"SSB Bali Bintang Centre (2011), SSB Guntur (2012), SSB Putra",-,"Rp4,35Mlyr.",4345454545,3476363636,INCREASED,0,0,0,0,0.0,0,0,2026-10-05
448567,0,Daniel Mikolajewski,Borneo FC Samarinda,Indonesia (Liga 1),IN1L,1,Bek-Tengah,Defender,27,1999-08-25,False,Polandia,Asing Non-Asia,188,kanan,2026-09-15,Podbeskidzie Bielsko-Biała,-,"Rp2,17Mlyr.",2172727273,2607272727,DECREASED,0,0,0,0,0.0,0,0,2026-10-05
1221257,95,Ibrah Ohorella,Borneo FC Samarinda,Indonesia (Liga 1),IN1L,1,Bek-Tengah,Defender,19,2007-02-20,True,Indonesia,Lokal,181,kiri,2026-07-22,"SSB GRT Sitanala Soccer School, Persija U20 (2023-2026)",-,-,0,0,STABLE,0,0,0,0,0.0,0,0,2026-10-05
873512,23,Caxambu,Borneo FC Samarinda,Indonesia (Liga 1),IN1L,1,Bek-Kiri,Defender,29,1997-01-23,False,Brasil,Asing Non-Asia,180,kiri,2025-07-21,-,-,"Rp6,08Mlyr.",6083636364,4345454545,INCREASED,0,0,0,0,0.0,0,0,2026-10-05
505763,33,Reva Adi,Borneo FC Samarinda,Indonesia (Liga 1),IN1L,1,Bek-Kiri,Defender,30,1996-09-01,False,Indonesia,Lokal,172,kiri,2026-08-17,Frenz United (2013-2015),-,"Rp4,35Mlyr.",4345454545,4345454545,UNCHANGED,0,0,0,0,0.0,0,0,2026-10-05
1161445,11,Amar Brkić,Borneo FC Samarinda,Indonesia (Liga 1),IN1L,1,Bek-Kiri,Defender,19,2007-06-11,True,Indonesia,Lokal,170,kanan,2026-09-21,"SV Blau-Gelb Frankfurt, SG Rot-Weiss Frankfurt (-2021), Kick",-,-,0,0,STABLE,0,0,0,0,0.0,0,0,2026-10-05
924815,0,Rei Okada,Borneo FC Samarinda,Indonesia (Liga 1),IN1L,1,Bek-Kanan,Defender,24,2002-01-25,False,Jepang,Asia (AFC),172,kanan,2026-09-07,Nichidai Fujisawa HS,-,"Rp3,48Mlyr.",3476363636,2172727273,INCREASED,0,0,0,0,0.0,0,0,2026-10-05
506274,12,Rifad Marasabessy,Borneo FC Samarinda,Indonesia (Liga 1),IN1L,1,Bek-Kanan,Defender,27,1999-07-07,False,Indonesia,Lokal,168,kanan,2026-07-19,Semen Padang (2015-2016),-,"Rp1,30Mlyr.",1303636364,1738181818,DECREASED,0,0,0,0,0.0,0,0,2026-10-05
505753,0,Gavin Kwan,Borneo FC Samarinda,Indonesia (Liga 1),IN1L,1,Bek-Kanan,Defender,30,1996-04-05,False,Indonesia,Lokal,181,kanan,2024-07-01,"Villa 2000 (2010-2012), CFR Cluj II (2013-2014), Niendorfer ",-,"Rp869,09Jt.",869090909,1303636364,DECREASED,0,0,0,0,0.0,0,0,2026-10-05
112583,24,Diego Michiels,Borneo FC Samarinda,Indonesia (Liga 1),IN1L,1,Bek-Kanan,Defender,36,1990-08-08,False,Indonesia,Lokal,180,kanan,2022-05-01,"RODA Deventer, Go Ahead Eagles ",2027-06-30,"Rp869,09Jt.",869090909,869090909,UNCHANGED,0,0,0,0,0.0,0,0,2026-10-05
930103,87,Achmad Figo,Borneo FC Samarinda,Indonesia (Liga 1),IN1L,1,Bek-Kanan,Defender,24,2001-12-25,False,Indonesia,Lokal,180,keduanya,2026-07-19,"Persema Academy (2015-2018), Arema FC U18 (2019-2020)
",-,"Rp869,09Jt.",869090909,869090909,UNCHANGED,0,0,0,0,0.0,0,0,2026-10-05
889045,88,Dika Kuswardani,Borneo FC Samarinda,Indonesia (Liga 1),IN1L,1,Bek-Kanan,Defender,23,2003-03-05,False,Indonesia,Lokal,175,kanan,2024-07-08,"PFA Sukoharjo (-2018), PSS Sleman U16 (2018-2019), Garuda Se",-,"Rp434,55Jt.",434545455,434545455,UNCHANGED,0,0,0,0,0.0,0,0,2026-10-05
592343,15,Sousa,Borneo FC Samarinda,Indonesia (Liga 1),IN1L,1,Gel. Bertahan,Midfielder,31,1994-11-27,False,Brasil,Asing Non-Asia,184,kiri,2026-09-02,-,-,"Rp4,35Mlyr.",4345454545,4345454545,UNCHANGED,0,0,0,0,0.0,0,0,2026-10-05
1136359,50,Rivaldo Pakpahan,Borneo FC Samarinda,Indonesia (Liga 1),IN1L,1,Gel. Bertahan,Midfielder,23,2003-01-20,False,Indonesia,Lokal,172,kanan,2023-07-01,"SSB Siborongborong, PPLP Sumatera Utara, Kalteng Putra U19, ",2029-06-30,"Rp3,04Mlyr.",3041818182,3041818182,UNCHANGED,0,0,0,0,0.0,0,0,2026-10-05
1103840,65,Gabriel Oliveira,Borneo FC Samarinda,Indonesia (Liga 1),IN1L,1,Gel. Bertahan,Midfielder,24,2002-06-17,False,Brasil,Asing Non-Asia,180,kanan,2026-07-19,-,-,"Rp1,74Mlyr.",1738181818,1738181818,STABLE,0,0,0,0,0.0,0,0,2026-10-05
1285135,36,Aditya Warman,Borneo FC Samarinda,Indonesia (Liga 1),IN1L,1,Gel. Bertahan,Midfielder,21,2005-02-02,True,Indonesia,Lokal,177,kanan,2026-07-22,"Persija U18 (2023), Persija U20 (2023-2024)",-,"Rp1,30Mlyr.",1303636364,434545455,INCREASED,0,0,0,0,0.0,0,0,2026-10-05
1338912,21,Hermawan Widodo,Borneo FC Samarinda,Indonesia (Liga 1),IN1L,1,Gel. Bertahan,Midfielder,20,2006-03-22,True,Indonesia,Lokal,148,kanan,2026-08-01,"Borneo FC U18 (2023), Borneo FC U20 (2024) ",-,-,0,0,STABLE,0,0,0,0,0.0,0,0,2026-10-05
641131,10,Juan Felipe Villa,Borneo FC Samarinda,Indonesia (Liga 1),IN1L,1,Gel. Serang,Midfielder,26,1999-10-10,False,Kolombia,Asing Non-Asia,177,kanan,2025-07-01,"Liga Antioqueña, Gil Vicente FC",-,"Rp11,30Mlyr.",11298181818,8690909091,INCREASED,0,0,0,0,0.0,0,0,2026-10-05
288782,8,Marcos Astina,Borneo FC Samarinda,Indonesia (Liga 1),IN1L,1,Gel. Serang,Midfielder,30,1996-01-21,False,Argentina,Asing Non-Asia,170,kanan,2026-01-10,-,2027-06-30,"Rp5,21Mlyr.",5214545455,4345454545,INCREASED,0,0,0,0,0.0,0,0,2026-10-05
903324,6,Ikhsanul Zikrak,Borneo FC Samarinda,Indonesia (Liga 1),IN1L,1,Gel. Serang,Midfielder,23,2002-11-08,False,Indonesia,Lokal,175,kiri,2023-07-01,"PPLP Sumatera Barat (2017-2019), Pra PON Sumatera Barat (201",2027-06-30,"Rp1,74Mlyr.",1738181818,1303636364,INCREASED,0,0,0,0,0.0,0,0,2026-10-05
1284481,66,Dwiky Hardiansyah,Borneo FC Samarinda,Indonesia (Liga 1),IN1L,1,Gel. Serang,Midfielder,22,2004-04-19,True,Indonesia,Lokal,0,kanan,2024-07-01,"PSM Makassar U16 (2019-2021), RANS Nusantara U20 (2022), Bor",-,"Rp1,30Mlyr.",1303636364,1303636364,UNCHANGED,0,0,0,0,0.0,0,0,2026-10-05
1010791,0,Patrick,Borneo FC Samarinda,Indonesia (Liga 1),IN1L,1,Gel. Serang,Midfielder,24,2002-04-15,False,Brasil,Asing Non-Asia,175,kiri,2026-09-14,-,-,-,0,0,STABLE,0,0,0,0,0.0,0,0,2026-10-05
668237,7,Rodrigo Varanda,Borneo FC Samarinda,Indonesia (Liga 1),IN1L,1,Sayap Kiri,Attack,23,2003-01-11,False,Brasil,Asing Non-Asia,180,kanan,2026-07-19,-,-,"Rp6,95Mlyr.",6952727273,6952727273,INCREASED,0,0,0,0,0.0,0,0,2026-10-05
1187384,70,Arthur,Borneo FC Samarinda,Indonesia (Liga 1),IN1L,1,Sayap Kiri,Attack,26,2000-08-22,False,Brasil,Asing Non-Asia,188,kanan,2026-09-21,-,-,"Rp5,21Mlyr.",5214545455,6083636364,DECREASED,0,0,0,0,0.0,0,0,2026-10-05
1238513,55,Dandy Sonriza,Borneo FC Samarinda,Indonesia (Liga 1),IN1L,1,Sayap Kiri,Attack,23,2002-11-12,False,Indonesia,Lokal,175,kiri,2023-11-01,SSB Gasked Limapuluhkota,-,"Rp1,74Mlyr.",1738181818,1303636364,INCREASED,0,0,0,0,0.0,0,0,2026-10-05
1284482,26,Asgal Habib,Borneo FC Samarinda,Indonesia (Liga 1),IN1L,1,Sayap Kiri,Attack,22,2004-07-08,True,Indonesia,Lokal,0,kiri,2024-07-01,Borneo FC U20 (2023-2024),-,"Rp869,09Jt.",869090909,869090909,STABLE,0,0,0,0,0.0,0,0,2026-10-05
1355389,17,Redzuan Fachgi,Borneo FC Samarinda,Indonesia (Liga 1),IN1L,1,Sayap Kiri,Attack,21,2005-03-08,True,Indonesia,Lokal,160,kanan,2025-07-01,"PSM U18 (2022), PSF Academy Jakarta (2024), PON Sulsel (2024",-,"Rp173,82Jt.",173818182,173818182,UNCHANGED,0,0,0,0,0.0,0,0,2026-10-05
1338929,59,Rangga Sumarna,Borneo FC Samarinda,Indonesia (Liga 1),IN1L,1,Sayap Kiri,Attack,20,2006-07-10,True,Indonesia,Lokal,157,kanan,2025-07-01,"SSB ASAD 313 U18 (2022), Borneo FC U20 (2024-2026)",-,"Rp173,82Jt.",173818182,173818182,STABLE,0,0,0,0,0.0,0,0,2026-10-05
469049,53,Kablan Davy N'Goma,Borneo FC Samarinda,Indonesia (Liga 1),IN1L,1,Sayap Kanan,Attack,30,1995-10-13,False,Prancis,Asing Non-Asia,172,kiri,2026-07-19,-,-,"Rp1,30Mlyr.",1303636364,1303636364,INCREASED,0,0,0,0,0.0,0,0,2026-10-05
990597,18,Hugo Samir,Borneo FC Samarinda,Indonesia (Liga 1),IN1L,1,Sayap Kanan,Attack,21,2005-01-25,True,Indonesia,Lokal,177,kanan,2026-08-18,"Persebaya U13 (2018), ASIOP Apacinti (2019), Barito Putera U",-,"Rp869,09Jt.",869090909,869090909,UNCHANGED,0,0,0,0,0.0,0,0,2026-10-05
276025,9,Rubio,Borneo FC Samarinda,Indonesia (Liga 1),IN1L,1,Depan-Tengah,Attack,31,1995-06-24,False,Spanyol,Asing Non-Asia,185,kanan,2026-07-19,-,-,"Rp3,48Mlyr.",3476363636,2607272727,INCREASED,0,0,0,0,0.0,0,0,2026-10-05
851428,19,Moussa Diarra,Borneo FC Samarinda,Indonesia (Liga 1),IN1L,1,Depan-Tengah,Attack,27,1999-03-19,False,Malta,Asing Non-Asia,189,kanan,2026-08-30,-,-,"Rp2,17Mlyr.",2172727273,2172727273,STABLE,0,0,0,0,0.0,0,0,2026-10-05
904288,68,Habibi Jusuf,Borneo FC Samarinda,Indonesia (Liga 1),IN1L,1,Depan-Tengah,Attack,28,1998-08-05,False,Indonesia,Lokal,174,kanan,2023-11-21,"SSB Tunas Selatan, POPDA Ternate (2013), Persiter Ternate Yo",-,"Rp869,09Jt.",869090909,1303636364,DECREASED,0,0,0,0,0.0,0,0,2026-10-05
1380733,94,Dika Nurdiansyah,Borneo FC Samarinda,Indonesia (Liga 1),IN1L,1,Depan-Tengah,Attack,18,2007-10-27,True,Indonesia,Lokal,178,kanan,2025-07-01,"SSB Bina Sakti Rembang, PPLP Jawa Tengah, Borneo FC U16 (202",-,-,0,0,STABLE,0,0,0,0,0.0,0,0,2026-10-05
419624,29,Igor Rodrigues,Persita Tangerang,Indonesia (Liga 1),IN1L,1,Kiper,Goalkeeper,31,1995-05-05,False,Portugal,Asing Non-Asia,191,kiri,2024-07-11,"SC Leiria e Marrazes (2003-08 + 2009-11), União de Leiria (2",2027-06-30,"Rp6,52Mlyr.",6518181818,6083636364,INCREASED,0,0,0,0,0.0,0,0,2026-10-05
506546,96,Kartika Ajie,Persita Tangerang,Indonesia (Liga 1),IN1L,1,Kiper,Goalkeeper,30,1996-06-20,False,Indonesia,Lokal,182,kanan,2023-11-19,"SSB Mitra Teras, Persiba Balikpapan (2014-2016)",2027-06-30,"Rp1,74Mlyr.",1738181818,1738181818,UNCHANGED,0,0,0,0,0.0,0,0,2026-10-05
1293246,21,Rizwan Haikal,Persita Tangerang,Indonesia (Liga 1),IN1L,1,Kiper,Goalkeeper,22,2004-04-16,True,Indonesia,Lokal,186,kanan,2024-07-01,Persita U20 (2022-2025),2027-06-30,-,0,0,STABLE,0,0,0,0,0.0,0,0,2026-10-05
257141,5,Tamirlan Kozubaev,Persita Tangerang,Indonesia (Liga 1),IN1L,1,Bek-Tengah,Defender,32,1994-07-01,False,Kirgizstan,Asia (AFC),186,kiri,2025-01-06,-,2027-06-30,"Rp7,82Mlyr.",7821818182,7821818182,UNCHANGED,0,0,0,0,0.0,0,0,2026-10-05
522870,19,Javlon Guseynov,Persita Tangerang,Indonesia (Liga 1),IN1L,1,Bek-Tengah,Defender,35,1991-06-24,False,Uzbekistan,Asia (AFC),185,keduanya,2023-01-30,-,2027-06-30,"Rp2,61Mlyr.",2607272727,3041818182,DECREASED,0,0,0,0,0.0,0,0,2026-10-05
506159,4,Ryuji Utomo,Persita Tangerang,Indonesia (Liga 1),IN1L,1,Bek-Tengah,Defender,31,1995-07-01,False,Indonesia,Lokal,183,kanan,2025-07-01,"ASIOP Apacinti (2010-2011)
Deportivo Indonesia (2011-2012)",2027-06-30,"Rp2,17Mlyr.",2172727273,2607272727,DECREASED,0,0,0,0,0.0,0,0,2026-10-05
1022833,15,Charisma Fathoni,Persita Tangerang,Indonesia (Liga 1),IN1L,1,Bek-Tengah,Defender,25,2001-02-25,False,Indonesia,Lokal,177,kanan,2022-07-01,"ASIFA (2016-2021), Persita U20 (2021-2022)",2027-06-30,"Rp1,74Mlyr.",1738181818,1303636364,INCREASED,0,0,0,0,0.0,0,0,2026-10-05
930986,44,Dion Markx,Persita Tangerang,Indonesia (Liga 1),IN1L,1,Bek-Tengah,Defender,21,2005-06-29,True,Indonesia,Lokal,188,kanan,2026-08-30,"SV Spero (-2014), Vitesse (2014-2021), NEC Nijmegen (2021-20",-,"Rp173,82Jt.",173818182,173818182,STABLE,0,0,0,0,0.0,0,0,2026-10-05
1349390,53,Azwan Zulkarami,Persita Tangerang,Indonesia (Liga 1),IN1L,1,Bek-Tengah,Defender,20,2006-05-15,True,Indonesia,Lokal,180,kanan,2026-09-01,"SSB Astam (2019-2022) Persita U18 (2023), Persita U20 (2024)",-,-,0,0,STABLE,0,0,0,0,0.0,0,0,2026-10-05
742320,66,Mario Jardel,Persita Tangerang,Indonesia (Liga 1),IN1L,1,Bek-Kiri,Defender,25,2000-11-07,False,Indonesia,Lokal,165,kanan,2022-05-10,"PERSIB U17 (2017)
PERSIB U19 (2018)
PERSIB U20 (2019)",-,"Rp3,48Mlyr.",3476363636,3041818182,INCREASED,0,0,0,0,0.0,0,0,2026-10-05
506570,27,Zalnando,Persita Tangerang,Indonesia (Liga 1),IN1L,1,Bek-Kiri,Defender,29,1996-12-25,False,Indonesia,Lokal,176,kiri,2026-07-01,"Arsenal Soccer School Jakarta, Indonesia Football Academy (-",2027-06-30,"Rp1,74Mlyr.",1738181818,1738181818,UNCHANGED,0,0,0,0,0.0,0,0,2026-10-05
1349397,73,Aep Nursofyan,Persita Tangerang,Indonesia (Liga 1),IN1L,1,Bek-Kanan,Defender,20,2006-03-12,True,Indonesia,Lokal,0,kanan,2026-07-10,"DIklat Bareti U16 (2020), Persib U16 (2021), Persita U18 (20",2027-06-30,"Rp434,55Jt.",434545455,434545455,STABLE,0,0,0,0,0.0,0,0,2026-10-05
1349374,14,Diovani Rafly,Persita Tangerang,Indonesia (Liga 1),IN1L,1,Bek-Kanan,Defender,21,2005-07-14,True,Indonesia,Lokal,170,kanan,2026-07-10,"Persib U18 (-2022), Persita U18 (2023), Persita U20 (2023-)",-,-,0,0,STABLE,0,0,0,0,0.0,0,0,2026-10-05
1349394,42,Sandro Magenta,Persita Tangerang,Indonesia (Liga 1),IN1L,1,Bek-Kanan,Defender,20,2006-08-08,True,Indonesia,Lokal,175,kanan,2026-09-01,"Persita U18 (2023), Persita U20 (2024)",-,-,0,0,STABLE,0,0,0,0,0.0,0,0,2026-10-05
506165,18,Sutanto Tan,Persita Tangerang,Indonesia (Liga 1),IN1L,1,Gel. Bertahan,Midfielder,32,1994-05-04,False,Indonesia,Lokal,179,kanan,2026-07-12,"SSB Batam Junior (-2009), Geylang United U18 (2010), PERSIB ",-,"Rp2,61Mlyr.",2607272727,3041818182,DECREASED,0,0,0,0,0.0,0,0,2026-10-05
506148,33,Wahyudi Hamisi,Persita Tangerang,Indonesia (Liga 1),IN1L,1,Gel. Bertahan,Midfielder,29,1997-07-28,False,Indonesia,Lokal,166,kanan,2026-07-11,"PON Sulawesi Utara (2016), Borneo FC (2014-2016)",-,"Rp2,17Mlyr.",2172727273,2172727273,UNCHANGED,0,0,0,0,0.0,0,0,2026-10-05
1349380,36,Zulfan Djiaulhaq,Persita Tangerang,Indonesia (Liga 1),IN1L,1,Gel. Bertahan,Midfielder,19,2006-12-09,True,Indonesia,Lokal,175,kanan,2025-07-01,"Villa 2000 (2017-2022) Persita U18 (2022-2023), Persita U20 ",2027-06-30,"Rp1,30Mlyr.",1303636364,1303636364,STABLE,0,0,0,0,0.0,0,0,2026-10-05
296224,8,Pablo Ganet,Persita Tangerang,Indonesia (Liga 1),IN1L,1,Gel. Tengah,Midfielder,31,1994-11-04,False,Guinea Khatulistiwa,Asing Non-Asia,182,kanan,2025-07-11,-,2027-06-30,"Rp5,21Mlyr.",5214545455,5214545455,UNCHANGED,0,0,0,0,0.0,0,0,2026-10-05
183945,10,Éber Bessa,Persita Tangerang,Indonesia (Liga 1),IN1L,1,Gel. Serang,Midfielder,34,1992-03-21,False,Brasil,Asing Non-Asia,166,kanan,2025-01-01,Cruzeiro EC,2027-06-30,"Rp1,74Mlyr.",1738181818,1738181818,UNCHANGED,0,0,0,0,0.0,0,0,2026-10-05
172127,77,Tyronne,Persita Tangerang,Indonesia (Liga 1),IN1L,1,Gel. Serang,Midfielder,35,1991-01-27,False,Spanyol,Asing Non-Asia,180,kiri,2026-08-09,-,-,"Rp1,74Mlyr.",1738181818,1738181818,UNCHANGED,0,0,0,0,0.0,0,0,2026-10-05
598210,97,Luquinhas,Persita Tangerang,Indonesia (Liga 1),IN1L,1,Sayap Kiri,Attack,29,1997-04-22,False,Brasil,Asing Non-Asia,175,kanan,2026-07-21,"Tigres do Brasil, Botafogo FR",-,"Rp3,91Mlyr.",3910909091,3476363636,INCREASED,0,0,0,0,0.0,0,0,2026-10-05
201702,93,Aleksa Andrejic,Persita Tangerang,Indonesia (Liga 1),IN1L,1,Sayap Kiri,Attack,33,1993-01-24,False,Serbia,Asing Non-Asia,175,kanan,2025-08-01,FK Cukaricki (2009-2011),2027-06-30,"Rp2,17Mlyr.",2172727273,2607272727,DECREASED,0,0,0,0,0.0,0,0,2026-10-05
1115704,99,Esal Sahrul,Persita Tangerang,Indonesia (Liga 1),IN1L,1,Sayap Kiri,Attack,24,2002-03-14,False,Indonesia,Lokal,175,kiri,2023-01-01,Persita U20 (2020),2027-06-30,"Rp1,74Mlyr.",1738181818,1738181818,UNCHANGED,0,0,0,0,0.0,0,0,2026-10-05
1130203,46,Yardan Yafi,Persita Tangerang,Indonesia (Liga 1),IN1L,1,Sayap Kiri,Attack,22,2004-01-15,True,Indonesia,Lokal,164,kanan,2024-07-01,"SSB Benteng Muda IFA (2019), Persita U21 (2021), Persita U20",2027-06-30,"Rp869,09Jt.",869090909,1303636364,DECREASED,0,0,0,0,0.0,0,0,2026-10-05
1349377,30,Andriano Saputra,Persita Tangerang,Indonesia (Liga 1),IN1L,1,Sayap Kiri,Attack,22,2004-03-03,True,Indonesia,Lokal,170,kanan,2025-07-01,Persita U20 (2023-2024),2027-06-30,"Rp434,55Jt.",434545455,434545455,STABLE,0,0,0,0,0.0,0,0,2026-10-05
386150,7,Rayco Rodríguez,Persita Tangerang,Indonesia (Liga 1),IN1L,1,Sayap Kanan,Attack,29,1996-11-24,False,Spanyol,Asing Non-Asia,179,kanan,2025-07-09,UE Sant Julià (-2009),2027-06-30,"Rp7,82Mlyr.",7821818182,6083636364,INCREASED,0,0,0,0,0.0,0,0,2026-10-05
1349388,28,Dafiq Firdaus,Persita Tangerang,Indonesia (Liga 1),IN1L,1,Sayap Kanan,Attack,22,2004-04-28,True,Indonesia,Lokal,170,kanan,2025-07-01,"Persita U20 (2023-2024), PON Banten (2024)",2027-07-30,-,0,0,STABLE,0,0,0,0,0.0,0,0,2026-10-05
450051,90,Alexandre Ramalingom,Persita Tangerang,Indonesia (Liga 1),IN1L,1,Depan-Tengah,Attack,33,1993-03-17,False,Madagaskar,Asing Non-Asia,177,kanan,2026-07-07,-,-,"Rp6,08Mlyr.",6083636364,6083636364,UNCHANGED,0,0,0,0,0.0,0,0,2026-10-05
912420,11,Hokky Caraka,Persita Tangerang,Indonesia (Liga 1),IN1L,1,Depan-Tengah,Attack,22,2004-08-21,True,Indonesia,Lokal,180,kanan,2025-08-05,"SSB Handayani, Persopi, PSS Sleman U16 (2020), Garuda Select",2027-06-30,"Rp3,48Mlyr.",3476363636,3476363636,UNCHANGED,0,0,0,0,0.0,0,0,2026-10-05
506315,9,Ahmad Nur Hardianto,Persita Tangerang,Indonesia (Liga 1),IN1L,1,Depan-Tengah,Attack,31,1995-03-06,False,Indonesia,Lokal,178,kanan,2024-07-05,Persela (2010-2016),2027-06-30,"Rp2,61Mlyr.",2607272727,2607272727,UNCHANGED,0,0,0,0,0.0,0,0,2026-10-05
873410,52,Andhika Ramadhani,Persik Kediri,Indonesia (Liga 1),IN1L,1,Kiper,Goalkeeper,27,1999-01-05,False,Indonesia,Lokal,184,kanan,2026-07-29,Persebaya U20 (-2020),-,"Rp3,04Mlyr.",3041818182,3041818182,UNCHANGED,0,0,0,0,0.0,0,0,2026-10-05
904279,33,Husna Al Malik,Persik Kediri,Indonesia (Liga 1),IN1L,1,Kiper,Goalkeeper,23,2003-06-13,False,Indonesia,Lokal,178,kanan,2024-07-01,PSG Pati Youth (2020),2027-06-30,"Rp1,74Mlyr.",1738181818,2172727273,DECREASED,0,0,0,0,0.0,0,0,2026-10-05
1015863,27,Rizqi Abhirama,Persik Kediri,Indonesia (Liga 1),IN1L,1,Kiper,Goalkeeper,25,2001-07-02,False,Indonesia,Lokal,175,kiri,2025-07-23,"PPLP Jateng (2017-2019), PSS Sleman U18 (2019), PSS Sleman U",2027-06-30,"Rp869,09Jt.",869090909,869090909,UNCHANGED,0,0,0,0,0.0,0,0,2026-10-05
1015868,26,Satrio Azhar,Persik Kediri,Indonesia (Liga 1),IN1L,1,Kiper,Goalkeeper,25,2001-05-16,False,Indonesia,Lokal,177,kanan,2026-07-29,"SSB Salatiga, SSB H.U. Hatta Soreang, Persepar Palangkaraya ",-,"Rp434,55Jt.",434545455,434545455,UNCHANGED,0,0,0,0,0.0,0,0,2026-10-05
463735,84,Jun-heong Park,Persik Kediri,Indonesia (Liga 1),IN1L,1,Bek-Tengah,Defender,33,1993-01-25,False,Korea Selatan,Asia (AFC),192,kanan,2026-08-06,"Gyeongbuk Cheongrim Elementary School (경북청림초등학교, -2005),
Po",-,"Rp4,35Mlyr.",4345454545,4780000000,DECREASED,0,0,0,0,0.0,0,0,2026-10-05
591054,3,Kiko,Persik Kediri,Indonesia (Liga 1),IN1L,1,Bek-Tengah,Defender,26,2000-03-25,False,Portugal,Asing Non-Asia,182,keduanya,2024-07-20,SC Freamunde,2028-05-31,"Rp3,91Mlyr.",3910909091,3910909091,UNCHANGED,0,0,0,0,0.0,0,0,2026-10-05
142022,55,Marcelo Djaló,Persik Kediri,Indonesia (Liga 1),IN1L,1,Bek-Tengah,Defender,32,1993-10-08,False,Guinea-Bissau,Asing Non-Asia,193,kanan,2026-08-06,"Pineda (1999-2002), Mataró (2002-2006), Sanchez Libre (2006-",-,"Rp3,91Mlyr.",3910909091,4345454545,DECREASED,0,0,0,0,0.0,0,0,2026-10-05
1022831,68,Daffa Salman,Persik Kediri,Indonesia (Liga 1),IN1L,1,Bek-Tengah,Defender,24,2002-04-30,False,Indonesia,Lokal,180,kanan,2026-07-28,"Askot Cimahi (2017), Porprov Kota Tasikmalaya (2021)",-,"Rp1,30Mlyr.",1303636364,1738181818,DECREASED,0,0,0,0,0.0,0,0,2026-10-05
933096,15,Dimas Pamungkas,Persik Kediri,Indonesia (Liga 1),IN1L,1,Bek-Kiri,Defender,22,2004-07-31,True,Indonesia,Lokal,174,kiri,2026-07-29,"PERSIB U16 (2019), PERSIB U18 (2020-2022)",-,"Rp1,30Mlyr.",1303636364,1303636364,UNCHANGED,0,0,0,0,0.0,0,0,2026-10-05
746992,24,Yoga Adiatama,Persik Kediri,Indonesia (Liga 1),IN1L,1,Bek-Kiri,Defender,26,1999-12-22,False,Indonesia,Lokal,166,kiri,2025-07-01,"Galuh FC U17 (2016), Porda Kab. Ciamis (2018), PSIS U19 (201",2027-06-30,"Rp1,30Mlyr.",1303636364,1738181818,DECREASED,0,0,0,0,0.0,0,0,2026-10-05
1150388,18,Badrian Ilham,Persik Kediri,Indonesia (Liga 1),IN1L,1,Gel. Bertahan,Midfielder,24,2002-06-11,False,Indonesia,Lokal,168,kanan,2026-09-23,Persita U20 (-2023),-,"Rp869,09Jt.",869090909,1303636364,DECREASED,0,0,0,0,0.0,0,0,2026-10-05
455056,4,Imanol García,Persik Kediri,Indonesia (Liga 1),IN1L,1,Gel. Tengah,Midfielder,30,1995-12-26,False,Spanyol,Asing Non-Asia,182,kanan,2025-07-13,-,2027-06-30,"Rp5,21Mlyr.",5214545455,5214545455,UNCHANGED,0,0,0,0,0.0,0,0,2026-10-05
721919,6,Bayu Otto,Persik Kediri,Indonesia (Liga 1),IN1L,1,Gel. Tengah,Midfielder,26,1999-10-15,False,Indonesia,Lokal,163,kanan,2017-01-01,"SSB Triple S (2015)
Persedikab Kediri (2016)",2027-06-30,"Rp3,48Mlyr.",3476363636,3476363636,UNCHANGED,0,0,0,0,0.0,0,0,2026-10-05
549002,20,Eduardo Barbosa,Persik Kediri,Indonesia (Liga 1),IN1L,1,Gel. Tengah,Midfielder,23,2003-01-18,False,Portugal,Asing Non-Asia,180,keduanya,2026-08-14,"FC Paços de Ferreira (2011-16), Sporting CP (2016-22)",2028-06-30,"Rp2,61Mlyr.",2607272727,2607272727,UNCHANGED,0,0,0,0,0.0,0,0,2026-10-05
990601,8,Zanadin Fariz,Persik Kediri,Indonesia (Liga 1),IN1L,1,Gel. Tengah,Midfielder,22,2004-05-31,True,Indonesia,Lokal,165,kanan,2026-07-28,"TopSkor Indonesia (2016-2018), Badak Lampung U16 (2019), PER",-,"Rp2,17Mlyr.",2172727273,2172727273,UNCHANGED,0,0,0,0,0.0,0,0,2026-10-05
721907,11,Adi Eko,Persik Kediri,Indonesia (Liga 1),IN1L,1,Gel. Tengah,Midfielder,32,1994-01-18,False,Indonesia,Lokal,173,kanan,2018-01-01,Persedikab (2013),2027-06-30,"Rp1,30Mlyr.",1303636364,1303636364,UNCHANGED,0,0,0,0,0.0,0,0,2026-10-05
721085,17,Alfin Zidane,Persik Kediri,Indonesia (Liga 1),IN1L,1,Gel. Tengah,Midfielder,26,2000-03-13,False,Indonesia,Lokal,170,kiri,2026-07-29,SSB Bina Taruna (2009-2017),-,-,0,434545455,DECREASED,0,0,0,0,0.0,0,0,2026-10-05
193593,5,Jon Toral,Persik Kediri,Indonesia (Liga 1),IN1L,1,Gel. Serang,Midfielder,31,1995-02-05,False,Spanyol,Asing Non-Asia,184,kiri,2026-01-15,UE Barri Santés Creus (-2003),2027-05-31,"Rp7,82Mlyr.",7821818182,8690909091,DECREASED,0,0,0,0,0.0,0,0,2026-10-05
228484,10,Ezra Walian,Persik Kediri,Indonesia (Liga 1),IN1L,1,Sayap Kiri,Attack,28,1997-10-22,False,Indonesia,Lokal,185,kanan,2024-07-24,"FC VVC
HFC Haarlem
AZ (2008-2012)
Ajax (2012-2017)",2029-05-31,"Rp6,95Mlyr.",6952727273,6083636364,INCREASED,0,0,0,0,0.0,0,0,2026-10-05
265093,98,Reno Piscopo,Persik Kediri,Indonesia (Liga 1),IN1L,1,Sayap Kiri,Attack,28,1998-05-27,False,Australia,Asia (AFC),170,kanan,2026-08-29,-,-,"Rp6,95Mlyr.",6952727273,7821818182,DECREASED,0,0,0,0,0.0,0,0,2026-10-05
1037458,77,Fransiskus Alesandro,Persik Kediri,Indonesia (Liga 1),IN1L,1,Sayap Kiri,Attack,24,2002-07-12,False,Indonesia,Lokal,179,kanan,2026-07-28,"PPLP Kepulauan Riau (-2021), PS Harjuna Putra (2021)",-,"Rp1,74Mlyr.",1738181818,1303636364,INCREASED,0,0,0,0,0.0,0,0,2026-10-05
990599,19,Rendy Sanjaya,Persik Kediri,Indonesia (Liga 1),IN1L,1,Sayap Kiri,Attack,22,2004-04-11,True,Indonesia,Lokal,169,kanan,2025-08-27,"Perst Tabanan, SSB Putra Dewata (-2017), PPLP Musi Banyuasin",2027-06-30,"Rp1,30Mlyr.",1303636364,869090909,INCREASED,0,0,0,0,0.0,0,0,2026-10-05
1245482,23,Marselinus Ama Ola,Persik Kediri,Indonesia (Liga 1),IN1L,1,Sayap Kiri,Attack,21,2005-03-21,True,Indonesia,Lokal,170,kanan,2026-09-23,"SSB Bintang Ragunan, ASIOP (2016-2023), UD Logrones U19 (202",-,"Rp1,30Mlyr.",1303636364,869090909,INCREASED,0,0,0,0,0.0,0,0,2026-10-05
288460,7,Ernesto Gómez,Persik Kediri,Indonesia (Liga 1),IN1L,1,Sayap Kanan,Attack,32,1994-07-18,False,Spanyol,Asing Non-Asia,173,kanan,2026-02-02,-,2027-06-30,"Rp3,48Mlyr.",3476363636,3476363636,UNCHANGED,0,0,0,0,0.0,0,0,2026-10-05
990600,14,Althaf Alrizky,Persik Kediri,Indonesia (Liga 1),IN1L,1,Sayap Kanan,Attack,23,2003-01-06,False,Indonesia,Lokal,164,kanan,2026-07-28,"Tajimalela FA (-2019), TopSkor Indonesia (-2019), TIRA-Persi",-,"Rp2,61Mlyr.",2607272727,2607272727,UNCHANGED,0,0,0,0,0.0,0,0,2026-10-05
1010072,22,Dzaky Asraf,Persik Kediri,Indonesia (Liga 1),IN1L,1,Sayap Kanan,Attack,23,2003-02-06,False,Indonesia,Lokal,170,kanan,2026-07-28,"SSB Majene, PSM Makassar U16 (2019), PSM Makassar U18 (2020-",-,"Rp1,30Mlyr.",1303636364,1738181818,DECREASED,0,0,0,0,0.0,0,0,2026-10-05
311264,9,Sergio Castel,Persik Kediri,Indonesia (Liga 1),IN1L,1,Depan-Tengah,Attack,31,1995-02-22,False,Spanyol,Asing Non-Asia,188,kanan,2026-08-05,-,-,"Rp6,95Mlyr.",6952727273,7821818182,DECREASED,0,0,0,0,0.0,0,0,2026-10-05
647487,21,José Enrique,Persik Kediri,Indonesia (Liga 1),IN1L,1,Depan-Tengah,Attack,31,1995-08-26,False,Spanyol,Asing Non-Asia,186,kiri,2025-07-24,-,2027-06-30,"Rp5,21Mlyr.",5214545455,4345454545,INCREASED,0,0,0,0,0.0,0,0,2026-10-05
1104412,97,Mohammad Khanafi,Persik Kediri,Indonesia (Liga 1),IN1L,1,Depan-Tengah,Attack,28,1997-11-30,False,Indonesia,Lokal,171,kanan,2023-01-30,PON Jawa Timur (2020-2021),2027-06-30,"Rp1,30Mlyr.",1303636364,1738181818,DECREASED,0,0,0,0,0.0,0,0,2026-10-05
817926,30,Adi Satryo,Arema FC,Indonesia (Liga 1),IN1L,1,Kiper,Goalkeeper,25,2001-07-07,False,Indonesia,Lokal,179,kanan,2025-07-01,"PERSIB U16 (2017), Kalteng Putra U18 (2018), PPLP DKI Jakart",2027-06-30,"Rp3,91Mlyr.",3910909091,3910909091,UNCHANGED,0,0,0,0,0.0,0,0,2026-10-05
575535,26,Syahrul Trisna,Arema FC,Indonesia (Liga 1),IN1L,1,Kiper,Goalkeeper,30,1995-11-26,False,Indonesia,Lokal,180,kanan,2026-07-07,PS TNI U21 (2016),-,"Rp2,17Mlyr.",2172727273,2607272727,DECREASED,0,0,0,0,0.0,0,0,2026-10-05
601654,31,Gianluca Pandeynuwu,Arema FC,Indonesia (Liga 1),IN1L,1,Kiper,Goalkeeper,28,1997-11-09,False,Indonesia,Lokal,185,kanan,2026-07-07,Borneo FC U21 (2016),-,"Rp2,17Mlyr.",2172727273,2607272727,DECREASED,0,0,0,0,0.0,0,0,2026-10-05
817983,16,Erlangga Setyo,Arema FC,Indonesia (Liga 1),IN1L,1,Kiper,Goalkeeper,23,2003-04-16,False,Indonesia,Lokal,196,kanan,2026-07-07,"PERSIB U16 (2019), Garuda Select (2019-2020), PERSIB U20 (20",-,"Rp869,09Jt.",869090909,1303636364,DECREASED,0,0,0,0,0.0,0,0,2026-10-05
547658,3,Diego Landis,Arema FC,Indonesia (Liga 1),IN1L,1,Bek-Tengah,Defender,28,1998-05-03,False,Brasil,Asing Non-Asia,193,kanan,2026-07-10,-,-,"Rp5,21Mlyr.",5214545455,4345454545,INCREASED,0,0,0,0,0.0,0,0,2026-10-05
473376,66,Hansamu Yama,Arema FC,Indonesia (Liga 1),IN1L,1,Bek-Tengah,Defender,31,1995-01-16,False,Indonesia,Lokal,181,kanan,2026-07-07,"SSB Mojokerto Muda (2010-2011), Deportivo Indonesia (2011-20",-,"Rp2,61Mlyr.",2607272727,2607272727,UNCHANGED,0,0,0,0,0.0,0,0,2026-10-05
188715,5,Walisson Maia,Arema FC,Indonesia (Liga 1),IN1L,1,Bek-Tengah,Defender,35,1991-08-21,False,Brasil,Asing Non-Asia,187,kanan,2026-02-05,-,-,"Rp434,55Jt.",434545455,434545455,UNCHANGED,0,0,0,0,0.0,0,0,2026-10-05
1347045,23,Azmiy Aziz,Arema FC,Indonesia (Liga 1),IN1L,1,Bek-Tengah,Defender,20,2006-05-25,True,Indonesia,Lokal,151,kanan,2026-07-07,"Madura United U16 (2023), Madura United U18 (2023), Persik K",-,-,0,0,STABLE,0,0,0,0,0.0,0,0,2026-10-05
662817,4,Leo Guntara,Arema FC,Indonesia (Liga 1),IN1L,1,Bek-Kiri,Defender,32,1994-08-17,False,Indonesia,Lokal,171,kiri,2026-07-07,"Persisko U21 (2012), Sriwijaya U21 (2012-2013), Semen Padang",-,"Rp3,48Mlyr.",3476363636,3476363636,UNCHANGED,0,0,0,0,0.0,0,0,2026-10-05
185419,87,Johan Alfarizi,Arema FC,Indonesia (Liga 1),IN1L,1,Bek-Kiri,Defender,36,1990-05-25,False,Indonesia,Lokal,173,kiri,2012-12-01,"Arema Indonesia U18 (2007-2008), Arema Indonesia U21 (2008-2",2027-06-30,"Rp173,82Jt.",173818182,173818182,UNCHANGED,0,0,0,0,0.0,0,0,2026-10-05
1050309,19,Achmad Maulana,Arema FC,Indonesia (Liga 1),IN1L,1,Bek-Kanan,Defender,23,2003-04-24,False,Indonesia,Lokal,182,kanan,2024-07-01,Persija U20 (-2022),2027-06-30,"Rp2,17Mlyr.",2172727273,3041818182,DECREASED,0,0,0,0,0.0,0,0,2026-10-05
1366373,14,Alfiansyah,Arema FC,Indonesia (Liga 1),IN1L,1,Bek-Kanan,Defender,22,2003-10-29,True,Indonesia,Lokal,166,kanan,2025-08-31,SSB Kompas FC,-,-,0,0,STABLE,0,0,0,0,0.0,0,0,2026-10-05
505892,17,Hanif Sjahbandi,Arema FC,Indonesia (Liga 1),IN1L,1,Gel. Bertahan,Midfielder,29,1997-04-07,False,Indonesia,Lokal,181,kanan,2026-09-17,"Indonesia Football Academy (2010-2012), Jove Español (2012-2",-,"Rp3,91Mlyr.",3910909091,4345454545,DECREASED,0,0,0,0,0.0,0,0,2026-10-05
1130043,25,Matheus Blade,Arema FC,Indonesia (Liga 1),IN1L,1,Gel. Bertahan,Midfielder,29,1997-05-15,False,Brasil,Asing Non-Asia,188,kanan,2025-08-08,-,2027-06-30,"Rp3,48Mlyr.",3476363636,3041818182,INCREASED,0,0,0,0,0.0,0,0,2026-10-05
737170,85,Alfeandra Dewangga,Arema FC,Indonesia (Liga 1),IN1L,1,Gel. Bertahan,Midfielder,25,2001-06-28,False,Indonesia,Lokal,179,kiri,2026-07-07,"SSB SSS, SSB Persada, SSB Bhaladika, PPLP Jawa Tengah (2018-",2028-06-30,"Rp3,48Mlyr.",3476363636,3910909091,DECREASED,0,0,0,0,0.0,0,0,2026-10-05
989215,24,Robi Darwis,Arema FC,Indonesia (Liga 1),IN1L,1,Gel. Bertahan,Midfielder,23,2003-08-02,False,Indonesia,Lokal,170,kanan,2026-07-07,"SSB A7 Atep (2011-2019), PERSIB U16 (2019), PERSIB U18 (2020",-,"Rp2,61Mlyr.",2607272727,2607272727,UNCHANGED,0,0,0,0,0.0,0,0,2026-10-05
237851,18,Betinho,Arema FC,Indonesia (Liga 1),IN1L,1,Gel. Bertahan,Midfielder,34,1992-04-04,False,Brasil,Asing Non-Asia,182,kanan,2025-08-01,-,2027-06-30,"Rp1,74Mlyr.",1738181818,1738181818,UNCHANGED,0,0,0,0,0.0,0,0,2026-10-05
989230,8,Arkhan Fikri,Arema FC,Indonesia (Liga 1),IN1L,1,Gel. Tengah,Midfielder,21,2004-12-28,True,Indonesia,Lokal,165,kanan,2022-06-01,"Akademi Kwarta Medan, PS Kwarta U15 (2018), All Star Rahunin",2027-05-31,"Rp4,78Mlyr.",4780000000,4780000000,UNCHANGED,0,0,0,0,0.0,0,0,2026-10-05
498048,6,Julián Guevara,Arema FC,Indonesia (Liga 1),IN1L,1,Gel. Tengah,Midfielder,34,1992-05-04,False,Kolombia,Asing Non-Asia,193,kiri,2023-11-16,América de Cali,2027-06-30,"Rp1,74Mlyr.",1738181818,2172727273,DECREASED,0,0,0,0,0.0,0,0,2026-10-05
1470781,40,Abyan Pratista,Arema FC,Indonesia (Liga 1),IN1L,1,Gel. Tengah,Midfielder,19,2007-06-10,True,Indonesia,Lokal,0,kanan,2026-07-07,"Arema U16 (2023-2024), Arema U18 (2024-2025), Arema U20 (202",-,-,0,0,STABLE,0,0,0,0,0.0,0,0,2026-10-05
455188,10,Gustavo França,Arema FC,Indonesia (Liga 1),IN1L,1,Gel. Serang,Midfielder,28,1998-04-24,False,Brasil,Asing Non-Asia,176,keduanya,2026-01-20,-,2027-06-30,"Rp4,78Mlyr.",4780000000,4780000000,UNCHANGED,0,0,0,0,0.0,0,0,2026-10-05
553506,95,Careca,Arema FC,Indonesia (Liga 1),IN1L,1,Gel. Serang,Midfielder,31,1995-08-26,False,Brasil,Asing Non-Asia,184,kiri,2026-07-17,-,-,"Rp4,78Mlyr.",4780000000,3476363636,INCREASED,0,0,0,0,0.0,0,0,2026-10-05
552247,7,Gabriel Silva,Arema FC,Indonesia (Liga 1),IN1L,1,Sayap Kiri,Attack,29,1997-04-08,False,Brasil,Asing Non-Asia,170,kanan,2026-01-13,-,2026-12-31,"Rp4,78Mlyr.",4780000000,3910909091,INCREASED,0,0,0,0,0.0,0,0,2026-10-05
873874,98,MV,Arema FC,Indonesia (Liga 1),IN1L,1,Sayap Kiri,Attack,28,1998-07-10,False,Brasil,Asing Non-Asia,172,kanan,2026-07-17,-,-,"Rp3,48Mlyr.",3476363636,3476363636,INCREASED,0,0,0,0,0.0,0,0,2026-10-05
912245,13,Tito Hamzah,Arema FC,Indonesia (Liga 1),IN1L,1,Sayap Kanan,Attack,24,2002-08-10,False,Indonesia,Lokal,165,kanan,2021-07-13,"SSB Sempalwadak, Arema Youth (2015-2020), Arema FC U20 (2024",2027-06-30,"Rp3,04Mlyr.",3041818182,3041818182,UNCHANGED,0,0,0,0,0.0,0,0,2026-10-05
1115707,11,Salim Tuharea,Arema FC,Indonesia (Liga 1),IN1L,1,Sayap Kanan,Attack,22,2004-02-13,True,Indonesia,Lokal,170,kanan,2024-07-01,PS Louruhu (2019),-,"Rp2,17Mlyr.",2172727273,2172727273,UNCHANGED,0,0,0,0,0.0,0,0,2026-10-05
1356042,21,Fikri Arjidan,Arema FC,Indonesia (Liga 1),IN1L,1,Sayap Kanan,Attack,22,2004-02-08,True,Indonesia,Lokal,170,kanan,2025-08-07,"PS Kwarta Deli Serdang Youth (2024), PON Sumut (2024)",-,"Rp434,55Jt.",434545455,434545455,UNCHANGED,0,0,0,0,0.0,0,0,2026-10-05
186865,41,Dendi Santoso,Arema FC,Indonesia (Liga 1),IN1L,1,Sayap Kanan,Attack,36,1990-05-16,False,Indonesia,Lokal,172,keduanya,2013-01-01,"SSB Unibraw 82 (1999-2003), Arema Indonesia (2004-2008)
",2027-06-30,"Rp434,55Jt.",434545455,434545455,UNCHANGED,0,0,0,0,0.0,0,0,2026-10-05
646004,29,Gustavo Henrique,Arema FC,Indonesia (Liga 1),IN1L,1,Depan-Tengah,Attack,30,1995-11-08,False,Brasil,Asing Non-Asia,185,kanan,2026-07-17,-,-,"Rp5,65Mlyr.",5649090909,6952727273,DECREASED,0,0,0,0,0.0,0,0,2026-10-05
935250,9,Mauro Zijlstra,Arema FC,Indonesia (Liga 1),IN1L,1,Depan-Tengah,Attack,21,2004-11-09,True,Indonesia,Lokal,189,kanan,2026-08-22,"AZ Alkmaar (-2019), AFC Amsterdam (2019-2022)",-,"Rp1,30Mlyr.",1303636364,1303636364,UNCHANGED,0,0,0,0,0.0,0,0,2026-10-05
989207,20,Razzaa Fachrezi,Arema FC,Indonesia (Liga 1),IN1L,1,Depan-Tengah,Attack,22,2004-06-04,True,Indonesia,Lokal,0,kanan,2025-07-01,"SSB ASTAM, Imran Soccer School (ISA Indonesia) (2016), PS Ti",-,"Rp173,82Jt.",173818182,173818182,INCREASED,0,0,0,0,0.0,0,0,2026-10-05
1124986,34,Samuel Otusanya,Arema FC,Indonesia (Liga 1),IN1L,1,Depan-Tengah,Attack,22,2004-06-27,True,Nigeria,Asing Non-Asia,186,kiri,2026-08-17,Stars Builders Academy,-,-,0,869090909,DECREASED,0,0,0,0,0.0,0,0,2026-10-05
1336935,22,Dimas Aryaguna,Arema FC,Indonesia (Liga 1),IN1L,1,Depan-Tengah,Attack,21,2005-08-09,True,Indonesia,Lokal,170,kanan,2025-07-01,"Arema FC U18 (2023), Arema FC U20 (2024)",-,-,0,0,STABLE,0,0,0,0,0.0,0,0,2026-10-05
734647,21,Ernando Ari,Persebaya Surabaya,Indonesia (Liga 1),IN1L,1,Kiper,Goalkeeper,24,2002-02-27,False,Indonesia,Lokal,179,kanan,2020-01-05,"PPLP Jateng (-2018), Persebaya U20 (2018-2020), Garuda Selec",2028-05-31,"Rp4,78Mlyr.",4780000000,5214545455,DECREASED,0,0,0,0,0.0,0,0,2026-10-05
742322,30,Reza Arya,Persebaya Surabaya,Indonesia (Liga 1),IN1L,1,Kiper,Goalkeeper,26,2000-05-18,False,Indonesia,Lokal,188,kanan,2026-07-07,"PPLP Sulsel, PSM U17 (2017), PSM U18 (2018), PSM U19 (2019)",2028-06-30,"Rp2,61Mlyr.",2607272727,2607272727,UNCHANGED,0,0,0,0,0.0,0,0,2026-10-05
1041007,24,Lutfi Masrohan,Persebaya Surabaya,Indonesia (Liga 1),IN1L,1,Kiper,Goalkeeper,25,2001-09-08,False,Indonesia,Lokal,182,kanan,2026-08-01,PON Jatim (2022),-,"Rp1,74Mlyr.",1738181818,1738181818,UNCHANGED,0,0,0,0,0.0,0,0,2026-10-05
1475388,0,Kenzo Albar,Persebaya Surabaya,Indonesia (Liga 1),IN1L,1,Kiper,Goalkeeper,17,2008-11-16,True,Indonesia,Lokal,0,kanan,2025-07-01,"Persebaya Surabaya U16 (2024), Persebaya Surabaya U18 (2025)",-,-,0,0,STABLE,0,0,0,0,0.0,0,0,2026-10-05
1436256,1,Muhammad Ilham,Persebaya Surabaya,Indonesia (Liga 1),IN1L,1,Kiper,Goalkeeper,19,2007-05-07,True,Indonesia,Lokal,0,kanan,2025-07-01,"Persebaya U16 (2023-2024), Persebaya U18 (2024-2025), Perseb",-,-,0,0,STABLE,0,0,0,0,0.0,0,0,2026-10-05
655080,4,Yuran Fernandes,Persebaya Surabaya,Indonesia (Liga 1),IN1L,1,Bek-Tengah,Defender,31,1994-10-19,False,Tanjung Verde,Asing Non-Asia,198,kiri,2026-07-07,-,-,"Rp6,52Mlyr.",6518181818,6952727273,DECREASED,0,0,0,0,0.0,0,0,2026-10-05
904281,22,Syahrul Lasinari,Persebaya Surabaya,Indonesia (Liga 1),IN1L,1,Bek-Tengah,Defender,26,1999-12-24,False,Indonesia,Lokal,178,kanan,2026-07-07,-,2027-06-30,"Rp3,04Mlyr.",3041818182,3476363636,DECREASED,0,0,0,0,0.0,0,0,2026-10-05
136556,5,Risto Mitrevski,Persebaya Surabaya,Indonesia (Liga 1),IN1L,1,Bek-Tengah,Defender,35,1991-10-05,False,Makedonia Utara,Asing Non-Asia,187,keduanya,2025-07-01,-,2027-06-30,"Rp1,74Mlyr.",1738181818,2172727273,DECREASED,0,0,0,0,0.0,0,0,2026-10-05
540950,34,Wálber,Persebaya Surabaya,Indonesia (Liga 1),IN1L,1,Bek-Tengah,Defender,29,1997-06-12,False,Brasil,Asing Non-Asia,186,kanan,2026-07-10,-,-,"Rp1,30Mlyr.",1303636364,1738181818,DECREASED,0,0,0,0,0.0,0,0,2026-10-05
1023211,18,Randy May,Persebaya Surabaya,Indonesia (Liga 1),IN1L,1,Bek-Tengah,Defender,26,2000-09-21,False,Indonesia,Lokal,180,kanan,2024-07-06,PON Papua (2019-2021),-,"Rp434,55Jt.",434545455,434545455,UNCHANGED,0,0,0,0,0.0,0,0,2026-10-05
435211,17,Jefferson,Persebaya Surabaya,Indonesia (Liga 1),IN1L,1,Bek-Kiri,Defender,29,1997-01-03,False,Brasil,Asing Non-Asia,176,kiri,2026-01-10,-,2028-05-31,"Rp4,78Mlyr.",4780000000,4345454545,INCREASED,0,0,0,0,0.0,0,0,2026-10-05
721910,31,Yusuf Meilana,Persebaya Surabaya,Indonesia (Liga 1),IN1L,1,Bek-Kiri,Defender,28,1998-05-04,False,Indonesia,Lokal,176,keduanya,2026-07-07,Persedikab U17 (2016),2027-06-30,"Rp3,04Mlyr.",3041818182,3476363636,DECREASED,0,0,0,0,0.0,0,0,2026-10-05
989216,15,Mikael Tata,Persebaya Surabaya,Indonesia (Liga 1),IN1L,1,Bek-Kiri,Defender,22,2004-05-10,True,Indonesia,Lokal,174,kiri,2023-11-08,"Persipura U16 (2019-2020), Persipura U18 (2021), Bone FC (20",-,"Rp2,61Mlyr.",2607272727,2607272727,UNCHANGED,0,0,0,0,0.0,0,0,2026-10-05
1008739,2,Arief Catur,Persebaya Surabaya,Indonesia (Liga 1),IN1L,1,Bek-Kanan,Defender,27,1999-07-25,False,Indonesia,Lokal,174,kanan,2022-04-20,"Persebaya U20 (-2019), PON Jatim (2021)",-,"Rp3,91Mlyr.",3910909091,3476363636,INCREASED,0,0,0,0,0.0,0,0,2026-10-05
729102,33,Koko Ari,Persebaya Surabaya,Indonesia (Liga 1),IN1L,1,Bek-Kanan,Defender,26,2000-01-09,False,Indonesia,Lokal,178,kanan,2025-07-01,"H.B.S. Surabaya, Persebaya U20 (2017-2019)",2028-05-31,"Rp2,61Mlyr.",2607272727,2607272727,UNCHANGED,0,0,0,0,0.0,0,0,2026-10-05
559358,53,Rachmat Irianto,Persebaya Surabaya,Indonesia (Liga 1),IN1L,1,Gel. Bertahan,Midfielder,27,1999-09-03,False,Indonesia,Lokal,175,kanan,2025-07-01,"Frenz United (2014-2016), Indonesia Muda (2016)",2027-05-31,"Rp4,35Mlyr.",4345454545,4345454545,UNCHANGED,0,0,0,0,0.0,0,0,2026-10-05
645327,40,Gledson,Persebaya Surabaya,Indonesia (Liga 1),IN1L,1,Gel. Bertahan,Midfielder,31,1995-05-18,False,Brasil,Asing Non-Asia,184,kanan,2026-07-11,-,-,"Rp1,74Mlyr.",1738181818,1738181818,UNCHANGED,0,0,0,0,0.0,0,0,2026-10-05
1345628,55,Sadida Putra,Persebaya Surabaya,Indonesia (Liga 1),IN1L,1,Gel. Bertahan,Midfielder,21,2005-04-26,True,Indonesia,Lokal,175,kanan,2025-07-01,"PS Bina Taruna (2022), Bhayangkara FC U18 (2023), Bhayangkar",-,"Rp1,30Mlyr.",1303636364,434545455,INCREASED,0,0,0,0,0.0,0,0,2026-10-05
478588,20,Ramalho,Persebaya Surabaya,Indonesia (Liga 1),IN1L,1,Gel. Tengah,Midfielder,27,1999-07-01,False,Portugal,Asing Non-Asia,182,kanan,2026-07-07,"CF Fão, SC Braga, FC Marinhas, Gil Vicente",-,"Rp6,95Mlyr.",6952727273,6952727273,UNCHANGED,0,0,0,0,0.0,0,0,2026-10-05
1130958,68,Toni Firmansyah,Persebaya Surabaya,Indonesia (Liga 1),IN1L,1,Gel. Tengah,Midfielder,21,2005-01-14,True,Indonesia,Lokal,167,kanan,2023-07-01,"Putra Mars (2018)
Persebaya U13 (2018)
Persebaya U14 (2019",-,"Rp2,61Mlyr.",2607272727,2172727273,INCREASED,0,0,0,0,0.0,0,0,2026-10-05
1313687,81,Ichsas Baihaqi,Persebaya Surabaya,Indonesia (Liga 1),IN1L,1,Gel. Tengah,Midfielder,19,2007-03-17,True,Indonesia,Lokal,0,kanan,2025-07-01,"PSAL Liga Internal Persebaya, Persebaya U16 (2023-2024)",-,"Rp869,09Jt.",869090909,869090909,UNCHANGED,0,0,0,0,0.0,0,0,2026-10-05
1345630,72,Aleandro Maulana,Persebaya Surabaya,Indonesia (Liga 1),IN1L,1,Gel. Tengah,Midfielder,18,2007-11-01,True,Indonesia,Lokal,175,kanan,2024-07-01,"Persebaya U16 (2023), Persebaya U18 (2024), Persebaya U20 (2",-,-,0,0,STABLE,0,0,0,0,0.0,0,0,2026-10-05
336109,7,Francisco Rivera,Persebaya Surabaya,Indonesia (Liga 1),IN1L,1,Gel. Serang,Midfielder,32,1994-09-23,False,Meksiko,Asing Non-Asia,170,kiri,2024-07-01,-,2029-05-31,"Rp6,95Mlyr.",6952727273,6952727273,UNCHANGED,0,0,0,0,0.0,0,0,2026-10-05
506303,42,Saddil Ramdani,Persebaya Surabaya,Indonesia (Liga 1),IN1L,1,Sayap Kiri,Attack,27,1999-01-02,False,Indonesia,Lokal,172,kiri,2026-09-08,ASIFA (2012-2015),-,"Rp6,08Mlyr.",6083636364,5649090909,INCREASED,0,0,0,0,0.0,0,0,2026-10-05
470869,11,Miguel Pereira,Persebaya Surabaya,Indonesia (Liga 1),IN1L,1,Sayap Kanan,Attack,27,1999-01-31,False,Portugal,Asing Non-Asia,180,kanan,2026-07-08,"CCPAD (2008-2012), FC Fontelas (2012-2013), SC Braga, Palmei",2028-06-30,"Rp12,17Mlyr.",12167272727,6083636364,INCREASED,0,0,0,0,0.0,0,0,2026-10-05
663259,77,Malik Risaldi,Persebaya Surabaya,Indonesia (Liga 1),IN1L,1,Sayap Kanan,Attack,29,1996-11-23,False,Indonesia,Lokal,179,kanan,2024-07-01,"WCP Academy (2010-2013), Gresik United (2014-2015), Persela ",2028-06-30,"Rp4,78Mlyr.",4780000000,4780000000,UNCHANGED,0,0,0,0,0.0,0,0,2026-10-05
875218,66,Dicky Kurniawan,Persebaya Surabaya,Indonesia (Liga 1),IN1L,1,Sayap Kanan,Attack,24,2002-06-06,False,Indonesia,Lokal,165,kiri,2026-07-07,"Assyabaab (2007-2014), Bintang Timur (2014-2018), Persebaya ",2029-06-30,"Rp1,74Mlyr.",1738181818,1738181818,UNCHANGED,0,0,0,0,0.0,0,0,2026-10-05
1201381,12,Alfan Suaib,Persebaya Surabaya,Indonesia (Liga 1),IN1L,1,Sayap Kanan,Attack,22,2004-03-24,True,Indonesia,Lokal,173,kanan,2023-11-15,"SSB Binter Liga TopSkor Indonesia (2021), Persebaya U20 (202",-,"Rp869,09Jt.",869090909,869090909,UNCHANGED,0,0,0,0,0.0,0,0,2026-10-05
551664,10,Matheus Lagoa,Persebaya Surabaya,Indonesia (Liga 1),IN1L,1,Sayap Kanan,Attack,30,1996-03-13,False,Brasil,Asing Non-Asia,175,kanan,2026-09-03,-,-,-,0,0,STABLE,0,0,0,0,0.0,0,0,2026-10-05
225024,39,Alex Martins,Persebaya Surabaya,Indonesia (Liga 1),IN1L,1,Depan-Tengah,Attack,33,1993-07-08,False,Brasil,Asing Non-Asia,187,kanan,2026-07-08,-,-,"Rp5,65Mlyr.",5649090909,5649090909,UNCHANGED,0,0,0,0,0.0,0,0,2026-10-05
360667,14,Yann Mabella,Persebaya Surabaya,Indonesia (Liga 1),IN1L,1,Depan-Tengah,Attack,30,1996-02-22,False,Kongo,Asing Non-Asia,183,kanan,2026-07-08,"AS Lyon-Duchère (2002–2005), Champagne SPF (2005–2006), CAS ",-,"Rp5,21Mlyr.",5214545455,5214545455,UNCHANGED,0,0,0,0,0.0,0,0,2026-10-05
971960,9,Ramadhan Sananta,Persebaya Surabaya,Indonesia (Liga 1),IN1L,1,Depan-Tengah,Attack,23,2002-11-27,False,Indonesia,Lokal,182,kanan,2026-07-07,"Kepri Belia FC U17 (-2019), Asian School Football U18 (2019)",2028-06-30,"Rp4,78Mlyr.",4780000000,4780000000,UNCHANGED,0,0,0,0,0.0,0,0,2026-10-05
989222,16,Ricky Pratama,Persebaya Surabaya,Indonesia (Liga 1),IN1L,1,Depan-Tengah,Attack,23,2003-05-06,False,Indonesia,Lokal,178,kanan,2026-07-07,"PSM U16 (2019), PSM U18 (2020-2021)",2028-06-30,"Rp2,17Mlyr.",2172727273,2607272727,DECREASED,0,0,0,0,0.0,0,0,2026-10-05
1435977,0,Dimas Adi,Persebaya Surabaya,Indonesia (Liga 1),IN1L,1,Depan-Tengah,Attack,18,2008-04-13,True,Indonesia,Lokal,0,kiri,2026-08-01,"SSB Persita Taupa, SSB Labuan Beru, PSM Makassar U18 (2024-2",-,-,0,0,STABLE,0,0,0,0,0.0,0,0,2026-10-05
558962,97,Hilmansyah,PSM Makassar,Indonesia (Liga 1),IN1L,1,Kiper,Goalkeeper,29,1997-05-25,False,Indonesia,Lokal,183,kanan,2024-07-01,"SSB Puncak, Persijo Jeneponto, Perseka Bosowa",2028-05-31,"Rp3,48Mlyr.",3476363636,3476363636,UNCHANGED,0,0,0,0,0.0,0,0,2026-10-05
927770,1,Ardiansyah,PSM Makassar,Indonesia (Liga 1),IN1L,1,Kiper,Goalkeeper,23,2003-03-28,False,Indonesia,Lokal,180,kanan,2021-06-09,"Borneo FC U16 (2019), PSM U18 (2021)",-,"Rp869,09Jt.",869090909,869090909,UNCHANGED,0,0,0,0,0.0,0,0,2026-10-05
515666,51,Syaiful Syamsuddin,PSM Makassar,Indonesia (Liga 1),IN1L,1,Kiper,Goalkeeper,33,1993-06-11,False,Indonesia,Lokal,175,kanan,2026-07-01,-,2027-06-30,-,0,434545455,DECREASED,0,0,0,0,0.0,0,0,2026-10-05
1436668,20,Poetro Negoro,PSM Makassar,Indonesia (Liga 1),IN1L,1,Kiper,Goalkeeper,19,2007-10-04,True,Indonesia,Lokal,180,kanan,2025-07-01,"SSB Putra Sejati, SSB Bina Taruna, PSM Makassar U18 (2024-20",-,-,0,0,STABLE,0,0,0,0,0.0,0,0,2026-10-05
246831,94,Dusan Lagator,PSM Makassar,Indonesia (Liga 1),IN1L,1,Bek-Tengah,Defender,32,1994-03-29,False,Montenegro,Asing Non-Asia,190,kanan,2026-02-06,Cetinje,2027-01-31,"Rp6,95Mlyr.",6952727273,7821818182,DECREASED,0,0,0,0,0.0,0,0,2026-10-05
554040,2,Aloísio Neto,PSM Makassar,Indonesia (Liga 1),IN1L,1,Bek-Tengah,Defender,29,1997-08-16,False,Brasil,Asing Non-Asia,188,kiri,2024-07-04,CD Nacional,2027-06-30,"Rp5,21Mlyr.",5214545455,5214545455,UNCHANGED,0,0,0,0,0.0,0,0,2026-10-05
706834,43,Nenad Lalic,PSM Makassar,Indonesia (Liga 1),IN1L,1,Bek-Tengah,Defender,27,1999-04-05,False,Serbia,Asing Non-Asia,197,kanan,2026-08-12,FK Vojvodina ,2027-06-30,"Rp5,21Mlyr.",5214545455,3476363636,INCREASED,0,0,0,0,0.0,0,0,2026-10-05
939850,47,Agung Mannan,PSM Makassar,Indonesia (Liga 1),IN1L,1,Bek-Tengah,Defender,28,1998-08-06,False,Indonesia,Lokal,175,kiri,2026-08-01,-,2027-06-30,"Rp1,30Mlyr.",1303636364,1303636364,UNCHANGED,0,0,0,0,0.0,0,0,2026-10-05
445102,22,Victor Luiz,PSM Makassar,Indonesia (Liga 1),IN1L,1,Bek-Kiri,Defender,28,1997-12-05,False,Brasil,Asing Non-Asia,177,kiri,2024-07-05,-,2027-06-30,"Rp6,08Mlyr.",6083636364,6083636364,UNCHANGED,0,0,0,0,0.0,0,0,2026-10-05
1351183,76,Jonathan Kawalo,PSM Makassar,Indonesia (Liga 1),IN1L,1,Bek-Kiri,Defender,20,2006-01-14,True,Indonesia,Lokal,169,kiri,2026-08-01,"Ranomawuri FC (-2024), PSM U20 (2024-2026)",-,-,0,0,STABLE,0,0,0,0,0.0,0,0,2026-10-05
506017,27,Henhen Herdiana,PSM Makassar,Indonesia (Liga 1),IN1L,1,Bek-Kanan,Defender,31,1995-09-10,False,Indonesia,Lokal,169,kanan,2026-08-01,"SSB Bareti Ciater (-2014), PON Jawa Barat (2014-2016), Dikla",2027-06-30,"Rp2,61Mlyr.",2607272727,2607272727,UNCHANGED,0,0,0,0,0.0,0,0,2026-10-05
1009333,71,Mufli Hidayat,PSM Makassar,Indonesia (Liga 1),IN1L,1,Bek-Kanan,Defender,21,2005-08-07,True,Indonesia,Lokal,172,kanan,2022-12-01,"SSB Watampone (2017-2018), Imran Soccer Academy (2019), PSM ",-,"Rp1,30Mlyr.",1303636364,869090909,INCREASED,0,0,0,0,0.0,0,0,2026-10-05
345714,8,Stefan Jevtoski,PSM Makassar,Indonesia (Liga 1),IN1L,1,Gel. Bertahan,Midfielder,29,1997-09-02,False,Makedonia Utara,Asing Non-Asia,180,kanan,2026-07-07,-,2027-06-30,"Rp5,21Mlyr.",5214545455,3476363636,INCREASED,0,0,0,0,0.0,0,0,2026-10-05
674025,45,Akbar Tanjung,PSM Makassar,Indonesia (Liga 1),IN1L,1,Gel. Bertahan,Midfielder,33,1993-05-16,False,Indonesia,Lokal,186,kanan,2022-05-31,-,-,"Rp3,48Mlyr.",3476363636,3910909091,DECREASED,0,0,0,0,0.0,0,0,2026-10-05
1023195,88,Ananda Raehan,PSM Makassar,Indonesia (Liga 1),IN1L,1,Gel. Bertahan,Midfielder,22,2003-12-17,True,Indonesia,Lokal,175,kanan,2022-06-01,"SSB Hasanuddin, PSM Makassar U18 (2021-2022)",-,"Rp3,04Mlyr.",3041818182,3041818182,UNCHANGED,0,0,0,0,0.0,0,0,2026-10-05
505765,48,Muhammad Arfan,PSM Makassar,Indonesia (Liga 1),IN1L,1,Gel. Bertahan,Midfielder,30,1996-01-22,False,Indonesia,Lokal,170,kanan,2017-12-01,"SSB Hasanuddin (2010-2015), PSM Makassar (2016)",-,"Rp2,61Mlyr.",2607272727,2607272727,UNCHANGED,0,0,0,0,0.0,0,0,2026-10-05
630446,6,Resky Fandi,PSM Makassar,Indonesia (Liga 1),IN1L,1,Gel. Bertahan,Midfielder,27,1999-09-06,False,Indonesia,Lokal,173,kanan,2025-07-04,"Asprov Sulawesi Barat (-2017), Persija U21 (2019)",-,"Rp1,30Mlyr.",1303636364,1303636364,UNCHANGED,0,0,0,0,0.0,0,0,2026-10-05
61612,10,Navarone Foor,PSM Makassar,Indonesia (Liga 1),IN1L,1,Gel. Tengah,Midfielder,34,1992-02-04,False,Belanda,Asing Non-Asia,175,keduanya,2026-08-01,"ASV Sparta '57 (-2001), NEC Nijmegen (2001-2009), NEC/FC Oss",2027-06-30,"Rp2,61Mlyr.",2607272727,3041818182,DECREASED,0,0,0,0,0.0,0,0,2026-10-05
252711,17,Rasyid Bakri,PSM Makassar,Indonesia (Liga 1),IN1L,1,Gel. Tengah,Midfielder,35,1991-01-17,False,Indonesia,Lokal,164,kanan,2011-07-01,"Makassar Football School (2001-2005)
PSM Makassar (2006)
M",-,"Rp434,55Jt.",434545455,869090909,DECREASED,0,0,0,0,0.0,0,0,2026-10-05
354081,16,Sergio Aguero,PSM Makassar,Indonesia (Liga 1),IN1L,1,Gel. Serang,Midfielder,32,1994-04-07,False,Malaysia,ASEAN,172,kanan,2026-08-01,"Club Atlético River Plate, Club Atlético All Boys.",2028-06-30,"Rp2,17Mlyr.",2172727273,2607272727,DECREASED,0,0,0,0,0.0,0,0,2026-10-05
1242717,29,Fahrul Aditia,PSM Makassar,Indonesia (Liga 1),IN1L,1,Gel. Serang,Midfielder,23,2003-06-26,False,Indonesia,Lokal,170,kanan,2024-07-01,"Bhayangkara FC U15 (2017), Bhayangkara FC U17 (2018), SSB An",-,"Rp1,30Mlyr.",1303636364,1303636364,UNCHANGED,0,0,0,0,0.0,0,0,2026-10-05
1475042,19,Kaka Amrullah,PSM Makassar,Indonesia (Liga 1),IN1L,1,Gel. Serang,Midfielder,18,2007-11-07,True,Indonesia,Lokal,0,kanan,2026-07-01,"SSB Prima Putra Kendari (2015-2023), PSM Makassar U16 (2023-",-,-,0,0,STABLE,0,0,0,0,0.0,0,0,2026-10-05
697701,24,Rizky Eka Pratama,PSM Makassar,Indonesia (Liga 1),IN1L,1,Sayap Kiri,Attack,26,1999-12-24,False,Indonesia,Lokal,171,kanan,2019-03-01,PSM Makassar U19 (2017-2019),-,"Rp3,48Mlyr.",3476363636,3476363636,UNCHANGED,0,0,0,0,0.0,0,0,2026-10-05
806345,11,Luka Bulatovic,PSM Makassar,Indonesia (Liga 1),IN1L,1,Sayap Kanan,Attack,27,1998-12-16,False,Serbia,Asing Non-Asia,180,kiri,2026-07-27,-,2027-06-30,"Rp5,21Mlyr.",5214545455,5214545455,UNCHANGED,0,0,0,0,0.0,0,0,2026-10-05
1147215,81,Abdul Rahman,PSM Makassar,Indonesia (Liga 1),IN1L,1,Sayap Kanan,Attack,24,2002-08-01,False,Indonesia,Lokal,173,kanan,2024-07-03,"Badak Lampung U18 (2019), Badak Lampung U20 (2020)
",-,"Rp1,74Mlyr.",1738181818,2172727273,DECREASED,0,0,0,0,0.0,0,0,2026-10-05
1152867,18,Gala Pagamo,PSM Makassar,Indonesia (Liga 1),IN1L,1,Sayap Kanan,Attack,20,2006-08-11,True,Indonesia,Lokal,178,kanan,2025-07-23,"PPLP Sumbar (2021), Gasliko Limapuluh Kota U15 (2021), PSP P",-,"Rp869,09Jt.",869090909,869090909,UNCHANGED,0,0,0,0,0.0,0,0,2026-10-05
1381236,77,Riski Aditya,PSM Makassar,Indonesia (Liga 1),IN1L,1,Sayap Kanan,Attack,19,2007-01-01,True,Indonesia,Lokal,0,kanan,2026-08-01,"Persim (-2020), TopSkor Indonesia (2021-2023), Persija U16 (",-,-,0,0,STABLE,0,0,0,0,0.0,0,0,2026-10-05
699752,9,Luka Cumic,PSM Makassar,Indonesia (Liga 1),IN1L,1,Depan-Tengah,Attack,25,2001-05-25,False,Serbia,Asing Non-Asia,190,kanan,2026-01-25,-,2027-06-30,"Rp5,21Mlyr.",5214545455,6083636364,DECREASED,0,0,0,0,0.0,0,0,2026-10-05
979555,14,Kodai Tanaka,PSM Makassar,Indonesia (Liga 1),IN1L,1,Depan-Tengah,Attack,26,1999-12-23,False,Jepang,Asia (AFC),176,kanan,2026-09-01,"Yokohama F.Marinos Primary, Yokohama F.Marinos Junior Youth,",2027-06-30,"Rp3,48Mlyr.",3476363636,3910909091,DECREASED,0,0,0,0,0.0,0,0,2026-10-05
1263366,28,Arham Darmawan,PSM Makassar,Indonesia (Liga 1),IN1L,1,Depan-Tengah,Attack,20,2006-06-20,True,Indonesia,Lokal,175,kanan,2024-07-01,"SSB M17 Marwal Iskandar Makassar (-2021), Tim GSI Luwu Utara",-,"Rp869,09Jt.",869090909,434545455,INCREASED,0,0,0,0,0.0,0,0,2026-10-05
175912,7,Lars Veldwijk,PSM Makassar,Indonesia (Liga 1),IN1L,1,Depan-Tengah,Attack,35,1991-08-21,False,Afrika Selatan,Asing Non-Asia,197,kanan,2026-09-01,"Legmeervogels, Argon, FC Volendam (-2010)",2027-06-30,-,0,5214545455,DECREASED,0,0,0,0,0.0,0,0,2026-10-05
510765,12,Awan Setho,Bhayangkara Presisi Lampung FC,Indonesia (Liga 1),IN1L,1,Kiper,Goalkeeper,29,1997-03-19,False,Indonesia,Lokal,175,kanan,2017-01-01,"SSB Persisac (2004-2011), SSB Pengcab Semarang (2010), Depor",2027-06-30,"Rp2,17Mlyr.",2172727273,2607272727,DECREASED,0,0,0,0,0.0,0,0,2026-10-05
892885,71,Fahri,Bhayangkara Presisi Lampung FC,Indonesia (Liga 1),IN1L,1,Kiper,Goalkeeper,26,2000-08-18,False,Indonesia,Lokal,185,kanan,2026-07-24,Semen Padang U20 (2019-2020),-,"Rp1,74Mlyr.",1738181818,2172727273,DECREASED,0,0,0,0,0.0,0,0,2026-10-05
1592905,0,Lewison Manurung,Bhayangkara Presisi Lampung FC,Indonesia (Liga 1),IN1L,1,Kiper,Goalkeeper,0,-,False,Indonesia,Lokal,0,kanan,2026-08-31,-,-,-,0,0,STABLE,0,0,0,0,0.0,0,0,2026-10-05
1592904,32,Gyandra Akbar,Bhayangkara Presisi Lampung FC,Indonesia (Liga 1),IN1L,1,Kiper,Goalkeeper,0,-,False,Indonesia,Lokal,0,kanan,2026-08-31,Bhayangkara U20 (2025),-,-,0,0,STABLE,0,0,0,0,0.0,0,0,2026-10-05
409273,6,Kevin Sibille,Bhayangkara Presisi Lampung FC,Indonesia (Liga 1),IN1L,1,Bek-Tengah,Defender,28,1998-09-15,False,Argentina,Asing Non-Asia,182,kanan,2026-08-07,-,-,"Rp7,82Mlyr.",7821818182,6952727273,INCREASED,0,0,0,0,0.0,0,0,2026-10-05
824649,41,Muhammad Ferarri,Bhayangkara Presisi Lampung FC,Indonesia (Liga 1),IN1L,1,Bek-Tengah,Defender,23,2003-06-21,False,Indonesia,Lokal,181,kanan,2025-07-03,"Zico FC, Topskor Indonesia (2017), PS Tira Persikabo U19 (20",2027-06-30,"Rp4,35Mlyr.",4345454545,4780000000,DECREASED,0,0,0,0,0.0,0,0,2026-10-05
344971,4,Nehar Sadiki,Bhayangkara Presisi Lampung FC,Indonesia (Liga 1),IN1L,1,Bek-Tengah,Defender,28,1998-03-16,False,Makedonia Utara,Asing Non-Asia,195,kanan,2025-07-12,-,2027-06-30,"Rp3,91Mlyr.",3910909091,3476363636,INCREASED,0,0,0,0,0.0,0,0,2026-10-05
1221259,26,Ferre Murari,Bhayangkara Presisi Lampung FC,Indonesia (Liga 1),IN1L,1,Bek-Tengah,Defender,21,2005-07-26,True,Indonesia,Lokal,179,kanan,2024-07-01,"SSB Mayoma (-2019), Bhayangkara FC U16 (2019-2021), Bhayangk",-,"Rp173,82Jt.",173818182,173818182,UNCHANGED,0,0,0,0,0.0,0,0,2026-10-05
576737,11,Firza Andika,Bhayangkara Presisi Lampung FC,Indonesia (Liga 1),IN1L,1,Bek-Kiri,Defender,27,1999-05-11,False,Indonesia,Lokal,169,kiri,2025-07-01,"Tasbi Soccer School (2008-2015), Semen Padang (2015-2017)	",-,"Rp3,91Mlyr.",3910909091,4345454545,DECREASED,0,0,0,0,0.0,0,0,2026-10-05
1021777,58,Frengky Missa,Bhayangkara Presisi Lampung FC,Indonesia (Liga 1),IN1L,1,Bek-Kiri,Defender,22,2004-02-20,True,Indonesia,Lokal,168,kiri,2024-07-16,"Persab Belu
PON NTT (2021)
Persija U18 (2021-2022)",2027-06-30,"Rp2,61Mlyr.",2607272727,2172727273,INCREASED,0,0,0,0,0.0,0,0,2026-10-05
506326,2,Putu Gede,Bhayangkara Presisi Lampung FC,Indonesia (Liga 1),IN1L,1,Bek-Kanan,Defender,31,1995-06-07,False,Indonesia,Lokal,176,kanan,2023-11-11,"Perseden Denpasar U15, Diklat Ragunan (2011-2013), PS Polri ",2027-06-30,"Rp3,91Mlyr.",3910909091,3476363636,INCREASED,0,0,0,0,0.0,0,0,2026-10-05
506451,33,Made Andhika,Bhayangkara Presisi Lampung FC,Indonesia (Liga 1),IN1L,1,Bek-Kanan,Defender,30,1996-07-12,False,Indonesia,Lokal,173,kanan,2026-08-29,"Perseden
PS Badung
Bali United U21 (2016)",-,"Rp3,48Mlyr.",3476363636,4345454545,DECREASED,0,0,0,0,0.0,0,0,2026-10-05
1082953,16,George Brown,Bhayangkara Presisi Lampung FC,Indonesia (Liga 1),IN1L,1,Bek-Kanan,Defender,27,1999-06-04,False,Indonesia,Lokal,179,kanan,2026-07-27,Hutton FC,-,"Rp1,30Mlyr.",1303636364,1303636364,UNCHANGED,0,0,0,0,0.0,0,0,2026-10-05
697408,28,Mauricio Vera,Bhayangkara Presisi Lampung FC,Indonesia (Liga 1),IN1L,1,Gel. Bertahan,Midfielder,28,1998-05-08,False,Argentina,Asing Non-Asia,180,kiri,2026-08-07,-,-,"Rp6,95Mlyr.",6952727273,10429090909,DECREASED,0,0,0,0,0.0,0,0,2026-10-05
376867,5,Moisés Gaúcho,Bhayangkara Presisi Lampung FC,Indonesia (Liga 1),IN1L,1,Gel. Bertahan,Midfielder,32,1994-09-24,False,Brasil,Asing Non-Asia,181,kanan,2025-07-20,-,2027-06-30,"Rp3,48Mlyr.",3476363636,3476363636,UNCHANGED,0,0,0,0,0.0,0,0,2026-10-05
1275382,0,Evandra Florasta,Bhayangkara Presisi Lampung FC,Indonesia (Liga 1),IN1L,1,Gel. Bertahan,Midfielder,18,2008-06-17,True,Indonesia,Lokal,170,kiri,2025-07-01,"Bhayangkara FC U13, Diklat Persema, Bhayangkara FC U16",2027-06-30,-,0,0,STABLE,0,0,0,0,0.0,0,0,2026-10-05
1245868,79,Fandi Pamungkas,Bhayangkara Presisi Lampung FC,Indonesia (Liga 1),IN1L,1,Gel. Bertahan,Midfielder,20,2006-05-02,True,Indonesia,Lokal,178,kanan,2026-09-01,"PSS Sleman U16 (2020-2022), Bhayangkara Presisi FC U18 (2022",-,-,0,0,STABLE,0,0,0,0,0.0,0,0,2026-10-05
564842,97,Jefferson Brenes,Bhayangkara Presisi Lampung FC,Indonesia (Liga 1),IN1L,1,Gel. Tengah,Midfielder,29,1997-04-13,False,Kosta Rika,Asing Non-Asia,173,kanan,2026-08-30,-,-,"Rp5,21Mlyr.",5214545455,4780000000,INCREASED,0,0,0,0,0.0,0,0,2026-10-05
1282899,27,Yano Putra,Bhayangkara Presisi Lampung FC,Indonesia (Liga 1),IN1L,1,Gel. Tengah,Midfielder,23,2003-09-26,False,Indonesia,Lokal,168,kanan,2026-07-26,ACL Football Academy (AFA Bali) Bali Lions,-,"Rp2,61Mlyr.",2607272727,1738181818,INCREASED,0,0,0,0,0.0,0,0,2026-10-05
507533,19,TM Ichsan,Bhayangkara Presisi Lampung FC,Indonesia (Liga 1),IN1L,1,Gel. Tengah,Midfielder,28,1997-11-25,False,Indonesia,Lokal,176,kanan,2017-01-01,"SSB Brata, Bhayangkara (2016)",2027-06-30,"Rp1,30Mlyr.",1303636364,1303636364,UNCHANGED,0,0,0,0,0.0,0,0,2026-10-05
506333,23,Wahyu Subo Seto,Bhayangkara Presisi Lampung FC,Indonesia (Liga 1),IN1L,1,Gel. Serang,Midfielder,33,1993-07-16,False,Indonesia,Lokal,168,kanan,2014-01-01,Bhayangkara U21 (2011-2014),2027-06-30,"Rp1,74Mlyr.",1738181818,1738181818,UNCHANGED,0,0,0,0,0.0,0,0,2026-10-05
575759,20,Sani Rizki,Bhayangkara Presisi Lampung FC,Indonesia (Liga 1),IN1L,1,Sayap Kiri,Attack,28,1998-01-07,False,Indonesia,Lokal,165,kanan,2018-03-01,"Urakan FC Youth, Bhayangkara FC U19 (2017)",2027-06-30,"Rp2,61Mlyr.",2607272727,2607272727,UNCHANGED,0,0,0,0,0.0,0,0,2026-10-05
1024631,22,Ginanjar Wahyu,Bhayangkara Presisi Lampung FC,Indonesia (Liga 1),IN1L,1,Sayap Kiri,Attack,22,2003-11-20,True,Indonesia,Lokal,179,kanan,2024-07-19,"Inspire Academy (2019-2020), POPDA Kota Bandung (2021), Bhay",2027-06-30,"Rp869,09Jt.",869090909,869090909,UNCHANGED,0,0,0,0,0.0,0,0,2026-10-05
1179418,88,Luke Keet,Bhayangkara Presisi Lampung FC,Indonesia (Liga 1),IN1L,1,Sayap Kiri,Attack,23,2003-07-28,False,Indonesia,Lokal,181,kanan,2026-07-24,Cornellà U19 (-2021),-,-,0,434545455,DECREASED,0,0,0,0,0.0,0,0,2026-10-05
1435973,0,Danish Wibowo,Bhayangkara Presisi Lampung FC,Indonesia (Liga 1),IN1L,1,Sayap Kiri,Attack,17,2009-04-17,True,Indonesia,Lokal,0,kanan,2026-08-31,"SSB Lampung First Class, Madura United U14 (2022), ASIOP FA,",-,-,0,0,STABLE,0,0,0,0,0.0,0,0,2026-10-05
376441,10,Allano,Bhayangkara Presisi Lampung FC,Indonesia (Liga 1),IN1L,1,Sayap Kanan,Attack,31,1995-04-24,False,Brasil,Asing Non-Asia,182,kiri,2026-07-28,-,-,"Rp6,95Mlyr.",6952727273,6952727273,UNCHANGED,0,0,0,0,0.0,0,0,2026-10-05
676922,17,Moussa Sidibé,Bhayangkara Presisi Lampung FC,Indonesia (Liga 1),IN1L,1,Sayap Kanan,Attack,31,1994-11-21,False,Malta,Asing Non-Asia,170,kiri,2026-07-30,Calasanz de Soria Juvenil (2012-2013),-,"Rp4,78Mlyr.",4780000000,4780000000,UNCHANGED,0,0,0,0,0.0,0,0,2026-10-05
657748,99,Matías Ocampo,Bhayangkara Presisi Lampung FC,Indonesia (Liga 1),IN1L,1,Sayap Kanan,Attack,24,2002-03-14,False,Uruguay,Asing Non-Asia,180,kanan,2026-08-12,"Club Zorzal, Defensor Sporting (-12/2019)",-,"Rp3,48Mlyr.",3476363636,3476363636,UNCHANGED,0,0,0,0,0.0,0,0,2026-10-05
663675,96,Ryan Kurnia,Bhayangkara Presisi Lampung FC,Indonesia (Liga 1),IN1L,1,Sayap Kanan,Attack,30,1996-06-28,False,Indonesia,Lokal,180,kanan,2025-07-01,"SSB Gelora Muda, SSB Cikeas Junior, Kota Bekasi Piala Soerat",2027-06-30,"Rp2,61Mlyr.",2607272727,3041818182,DECREASED,0,0,0,0,0.0,0,0,2026-10-05
1221265,14,Raheem Nugraha,Bhayangkara Presisi Lampung FC,Indonesia (Liga 1),IN1L,1,Sayap Kanan,Attack,21,2005-06-14,True,Indonesia,Lokal,0,kanan,2026-08-31,"Persebaya U13 (2018), Persebaya U14 (2019), Bhayangkara FC U",-,-,0,434545455,DECREASED,0,0,0,0,0.0,0,0,2026-10-05
344968,7,Milan Ristovski,Bhayangkara Presisi Lampung FC,Indonesia (Liga 1),IN1L,1,Depan-Tengah,Attack,28,1998-04-08,False,Makedonia Utara,Asing Non-Asia,188,kanan,2026-07-23,-,-,"Rp5,21Mlyr.",5214545455,4345454545,INCREASED,0,0,0,0,0.0,0,0,2026-10-05
527823,9,Anton Søjberg,Bhayangkara Presisi Lampung FC,Indonesia (Liga 1),IN1L,1,Depan-Tengah,Attack,25,2000-12-21,False,Denmark,Asing Non-Asia,186,kiri,2026-08-27,-,-,"Rp3,04Mlyr.",3041818182,3041818182,UNCHANGED,0,0,0,0,0.0,0,0,2026-10-05
644062,43,Ega Rizky,PSS Sleman,Indonesia (Liga 1),IN1L,1,Kiper,Goalkeeper,34,1992-08-23,False,Indonesia,Lokal,176,kanan,2024-07-04,PON Jawa Tengah (2012),2027-06-30,"Rp1,30Mlyr.",1303636364,1303636364,UNCHANGED,0,0,0,0,0.0,0,0,2026-10-05
1141924,31,Safaat Romadhona,PSS Sleman,Indonesia (Liga 1),IN1L,1,Kiper,Goalkeeper,23,2002-11-18,False,Indonesia,Lokal,178,kanan,2023-07-01,"PFA Sukoharjo, PERSIS GR Muda (2018), PSIK Klaten U17 (2019-",2027-06-30,"Rp434,55Jt.",434545455,434545455,UNCHANGED,0,0,0,0,0.0,0,0,2026-10-05
740160,1,Pedro Caracoci,PSS Sleman,Indonesia (Liga 1),IN1L,1,Kiper,Goalkeeper,26,2000-01-18,False,Brasil,Asing Non-Asia,194,kanan,2026-07-30,-,-,-,0,869090909,DECREASED,0,0,0,0,0.0,0,0,2026-10-05
1580633,71,Lukman Adi,PSS Sleman,Indonesia (Liga 1),IN1L,1,Kiper,Goalkeeper,0,-,False,Indonesia,Lokal,0,kanan,2025-08-01,"PSS Sleman U16, PSS Sleman U18 (2025)",-,-,0,0,STABLE,0,0,0,0,0.0,0,0,2026-10-05
340032,55,Christophe Nduwarugira,PSS Sleman,Indonesia (Liga 1),IN1L,1,Bek-Tengah,Defender,32,1994-06-22,False,Burundi,Asing Non-Asia,186,kiri,2026-08-02,-,-,"Rp6,08Mlyr.",6083636364,6083636364,UNCHANGED,0,0,0,0,0.0,0,0,2026-10-05
681697,3,Lucão,PSS Sleman,Indonesia (Liga 1),IN1L,1,Bek-Tengah,Defender,33,1993-07-10,False,Brasil,Asing Non-Asia,198,kanan,2026-07-15,-,2027-06-30,"Rp3,04Mlyr.",3041818182,3476363636,DECREASED,0,0,0,0,0.0,0,0,2026-10-05
209163,4,Cleberson,PSS Sleman,Indonesia (Liga 1),IN1L,1,Bek-Tengah,Defender,34,1992-08-17,False,Brasil,Asing Non-Asia,185,kanan,2024-07-15,-,2027-06-30,"Rp3,04Mlyr.",3041818182,3910909091,DECREASED,0,0,0,0,0.0,0,0,2026-10-05
252643,19,Fachruddin Aryanto,PSS Sleman,Indonesia (Liga 1),IN1L,1,Bek-Tengah,Defender,37,1989-02-19,False,Indonesia,Lokal,185,kanan,2024-07-01,SSB Satrio Pandawa,2027-06-30,"Rp869,09Jt.",869090909,1303636364,DECREASED,0,0,0,0,0.0,0,0,2026-10-05
506335,73,Jajang Mulyana,PSS Sleman,Indonesia (Liga 1),IN1L,1,Bek-Tengah,Defender,37,1988-10-23,False,Indonesia,Lokal,182,kanan,2025-07-10,PERSIB (2004-2006),-,"Rp173,82Jt.",173818182,173818182,UNCHANGED,0,0,0,0,0.0,0,0,2026-10-05
1292370,33,Joseph Kurniawan,PSS Sleman,Indonesia (Liga 1),IN1L,1,Bek-Tengah,Defender,21,2005-07-09,True,Indonesia,Lokal,178,kanan,2024-08-01,"Diklat Merden Indonesia, JK Academy (2021), Popda Purworejo ",2027-06-30,-,0,0,STABLE,0,0,0,0,0.0,0,0,2026-10-05
666829,6,Kevin Gomes,PSS Sleman,Indonesia (Liga 1),IN1L,1,Bek-Kiri,Defender,28,1998-06-24,False,Indonesia,Lokal,182,kiri,2023-01-20,Copinha (January 2018),2027-06-30,"Rp3,04Mlyr.",3041818182,2172727273,INCREASED,0,0,0,0,0.0,0,0,2026-10-05
818610,16,Salman Alfarid,PSS Sleman,Indonesia (Liga 1),IN1L,1,Bek-Kiri,Defender,24,2002-04-16,False,Indonesia,Lokal,174,kiri,2025-07-11,"Diklat Ragunan (-2018), Garuda Select (2019), Persija Jakart",2027-06-30,"Rp869,09Jt.",869090909,1303636364,DECREASED,0,0,0,0,0.0,0,0,2026-10-05
1339431,17,Saiful Djoge,PSS Sleman,Indonesia (Liga 1),IN1L,1,Bek-Kanan,Defender,20,2006-03-24,True,Indonesia,Lokal,169,kanan,2025-08-22,Dewa United U20 (2024),2027-06-30,"Rp1,74Mlyr.",1738181818,1303636364,INCREASED,0,0,0,0,0.0,0,0,2026-10-05
1032395,74,Fadel Ahmad,PSS Sleman,Indonesia (Liga 1),IN1L,1,Bek-Kanan,Defender,20,2006-06-24,True,Indonesia,Lokal,165,kanan,2024-08-01,"OKKY Youth Soccer League (2018), GMSA (2022), PSS Sleman U16",2027-06-30,-,0,0,STABLE,0,0,0,0,0.0,0,0,2026-10-05
1510984,13,Farrel Luckyta,PSS Sleman,Indonesia (Liga 1),IN1L,1,Gel. Tengah,Midfielder,17,2009-06-10,True,Indonesia,Lokal,0,kanan,2026-07-01,PSS Sleman U18 (2024-2025),-,-,0,0,STABLE,0,0,0,0,0.0,0,0,2026-10-05
527732,10,Frédéric Injaï,PSS Sleman,Indonesia (Liga 1),IN1L,1,Gel. Bertahan,Midfielder,30,1995-11-09,False,Prancis,Asing Non-Asia,198,kiri,2025-07-13,"Espérance Paris 19eme (2003-2011), INF Clairefontaine (2007-",2027-05-31,"Rp3,91Mlyr.",3910909091,3476363636,INCREASED,0,0,0,0,0.0,0,0,2026-10-05
903872,28,Arda Alfareza,PSS Sleman,Indonesia (Liga 1),IN1L,1,Gel. Bertahan,Midfielder,25,2001-07-28,False,Indonesia,Lokal,0,kiri,2025-08-22,"Sriwijaya U16 (2018), Sriwijaya U19 (2018), Barito Putera U1",2027-06-30,"Rp1,74Mlyr.",1738181818,1303636364,INCREASED,0,0,0,0,0.0,0,0,2026-10-05
1141925,76,Dominikus Dion,PSS Sleman,Indonesia (Liga 1),IN1L,1,Gel. Tengah,Midfielder,21,2004-10-14,True,Indonesia,Lokal,166,kanan,2023-07-01,PSS Sleman U20 (2022-2023),2027-06-30,"Rp3,48Mlyr.",3476363636,3041818182,INCREASED,0,0,0,0,0.0,0,0,2026-10-05
364860,8,Moussa Bagayoko,PSS Sleman,Indonesia (Liga 1),IN1L,1,Gel. Tengah,Midfielder,27,1998-12-18,False,Malta,Asing Non-Asia,181,keduanya,2026-08-01,-,-,"Rp2,61Mlyr.",2607272727,2172727273,INCREASED,0,0,0,0,0.0,0,0,2026-10-05
1311158,30,Isfandyar Abdillah,PSS Sleman,Indonesia (Liga 1),IN1L,1,Gel. Tengah,Midfielder,19,2007-06-23,True,Indonesia,Lokal,160,kanan,2026-08-03,"SSB Tlanjung, Persikabo U18 (2024-2025)",-,"Rp1,74Mlyr.",1738181818,1303636364,INCREASED,0,0,0,0,0.0,0,0,2026-10-05
76548,23,Kim Kurniawan,PSS Sleman,Indonesia (Liga 1),IN1L,1,Gel. Tengah,Midfielder,36,1990-03-23,False,Indonesia,Lokal,168,keduanya,2021-03-01,"FV Knittlingen, Karlsruher SC",2027-06-30,"Rp434,55Jt.",434545455,434545455,UNCHANGED,0,0,0,0,0.0,0,0,2026-10-05
1292369,0,Ferrel Arda,PSS Sleman,Indonesia (Liga 1),IN1L,1,Gel. Tengah,Midfielder,21,2005-02-28,True,Indonesia,Lokal,0,kanan,2024-08-01,"Arema Football Academy (2021), PSS U18 (2021-2024), PSS U20 ",2027-06-30,-,0,0,STABLE,0,0,0,0,0.0,0,0,2026-10-05
882034,7,Hiromu Tanaka,PSS Sleman,Indonesia (Liga 1),IN1L,1,Gelandang Kiri,Midfielder,27,1999-04-15,False,Jepang,Asia (AFC),174,kanan,2026-07-15,"FC Ojima Jr, Maebashi SC, Kiryu Daiichi HS, Rissho Universit",-,"Rp3,04Mlyr.",3041818182,3476363636,DECREASED,0,0,0,0,0.0,0,0,2026-10-05
1361292,27,Markus Madjar,PSS Sleman,Indonesia (Liga 1),IN1L,1,Gel. Serang,Midfielder,21,2005-04-14,True,Indonesia,Lokal,175,kanan,2026-09-08,PON Papua (2024),-,"Rp869,09Jt.",869090909,434545455,INCREASED,0,0,0,0,0.0,0,0,2026-10-05
143121,88,Melvyn Lorenzen,PSS Sleman,Indonesia (Liga 1),IN1L,1,Sayap Kiri,Attack,31,1994-11-26,False,Uganda,Asing Non-Asia,188,kanan,2026-07-31,"SpVgg Putlos (2001-2005), Oldenburger SV (2005-2007), Holste",-,"Rp5,21Mlyr.",5214545455,5214545455,UNCHANGED,0,0,0,0,0.0,0,0,2026-10-05
134458,15,Stefan Ashkovski,PSS Sleman,Indonesia (Liga 1),IN1L,1,Sayap Kiri,Attack,34,1992-02-24,False,Makedonia Utara,Asing Non-Asia,179,kiri,2026-08-03,-,-,"Rp1,30Mlyr.",1303636364,1738181818,DECREASED,0,0,0,0,0.0,0,0,2026-10-05
1424531,22,Junior Haqi,PSS Sleman,Indonesia (Liga 1),IN1L,1,Sayap Kiri,Attack,25,2001-03-23,False,Indonesia,Lokal,0,kanan,2025-07-09,"ASIOP, ASIFA, Persija U18 (2019-2021)",2027-06-30,"Rp1,30Mlyr.",1303636364,434545455,INCREASED,0,0,0,0,0.0,0,0,2026-10-05
1351605,72,Claudio Mutzi,PSS Sleman,Indonesia (Liga 1),IN1L,1,Sayap Kiri,Attack,23,2003-05-28,False,Indonesia,Lokal,0,kanan,2025-01-11,"PON Sumut (2024), PSS U20 (2024-)",2027-06-30,"Rp173,82Jt.",173818182,173818182,STABLE,0,0,0,0,0.0,0,0,2026-10-05
505793,25,Riko Simanjuntak,PSS Sleman,Indonesia (Liga 1),IN1L,1,Sayap Kanan,Attack,34,1992-01-26,False,Indonesia,Lokal,158,kanan,2026-07-15,-,2027-06-30,"Rp2,17Mlyr.",2172727273,2607272727,DECREASED,0,0,0,0,0.0,0,0,2026-10-05
346767,11,Gustavo Tocantins,PSS Sleman,Indonesia (Liga 1),IN1L,1,Depan-Tengah,Attack,30,1996-01-11,False,Brasil,Asing Non-Asia,179,keduanya,2024-07-06,-,2027-06-30,"Rp5,65Mlyr.",5649090909,4780000000,INCREASED,0,0,0,0,0.0,0,0,2026-10-05
647385,18,Matheus Fornazari,PSS Sleman,Indonesia (Liga 1),IN1L,1,Depan-Tengah,Attack,30,1995-10-07,False,Brasil,Asing Non-Asia,203,kanan,2026-07-30,Paraná Clube (2007-2009),-,"Rp5,21Mlyr.",5214545455,6083636364,DECREASED,0,0,0,0,0.0,0,0,2026-10-05
575532,97,Dimas Drajad,PSS Sleman,Indonesia (Liga 1),IN1L,1,Depan-Tengah,Attack,29,1997-03-30,False,Indonesia,Lokal,178,kanan,2026-07-29,"SSB WCP (-2012), Deportivo Indonesia (2012-2013), Persegres ",-,"Rp2,61Mlyr.",2607272727,3041818182,DECREASED,0,0,0,0,0.0,0,0,2026-10-05
559293,20,Sendri Johansah,Persijap Jepara,Indonesia (Liga 1),IN1L,1,Kiper,Goalkeeper,33,1993-06-11,False,Indonesia,Lokal,179,kanan,2024-08-14,-,2027-06-30,"Rp1,30Mlyr.",1303636364,1303636364,UNCHANGED,0,0,0,0,0.0,0,0,2026-10-05
602890,1,Rajiv Abizal,Persijap Jepara,Indonesia (Liga 1),IN1L,1,Kiper,Goalkeeper,27,1998-11-07,False,Indonesia,Lokal,175,kanan,2026-09-03,"ASIFA (-2017), Barito Putera U19 (2017)",-,"Rp869,09Jt.",869090909,869090909,UNCHANGED,0,0,0,0,0.0,0,0,2026-10-05
653693,26,Rakasurya Handika,Persijap Jepara,Indonesia (Liga 1),IN1L,1,Kiper,Goalkeeper,26,2000-06-13,False,Indonesia,Lokal,180,kanan,2026-08-17,"PPLP Jawa Tengah (-2018), Bali United U19 (2018-2019)",-,"Rp869,09Jt.",869090909,869090909,UNCHANGED,0,0,0,0,0.0,0,0,2026-10-05
246420,4,Tiri,Persijap Jepara,Indonesia (Liga 1),IN1L,1,Bek-Tengah,Defender,35,1991-07-14,False,Spanyol,Asing Non-Asia,186,kiri,2026-01-10,-,2027-06-30,"Rp3,04Mlyr.",3041818182,3476363636,DECREASED,0,0,0,0,0.0,0,0,2026-10-05
1014268,15,Samuel Ofori,Persijap Jepara,Indonesia (Liga 1),IN1L,1,Bek-Tengah,Defender,27,1999-04-06,False,Ghana,Asing Non-Asia,185,kanan,2026-08-17,-,-,"Rp2,61Mlyr.",2607272727,2172727273,INCREASED,0,0,0,0,0.0,0,0,2026-10-05
433824,44,Sergio Chica,Persijap Jepara,Indonesia (Liga 1),IN1L,1,Bek-Tengah,Defender,30,1996-07-11,False,Spanyol,Asing Non-Asia,188,kanan,2026-09-03,-,-,"Rp1,74Mlyr.",1738181818,1738181818,UNCHANGED,0,0,0,0,0.0,0,0,2026-10-05
783395,0,Oumar Bah,Persijap Jepara,Indonesia (Liga 1),IN1L,1,Bek-Tengah,Defender,31,1995-01-05,False,Guinea,Asing Non-Asia,190,kanan,2026-08-15,-,-,-,0,0,STABLE,0,0,0,0,0.0,0,0,2026-10-05
1275358,37,Raihan Apriansyah,Persijap Jepara,Indonesia (Liga 1),IN1L,1,Bek-Tengah,Defender,18,2008-04-17,True,Indonesia,Lokal,189,kanan,2026-09-03,"Asiana Soccer School, Persita U14, Dewa United U16, Persik U",-,-,0,0,STABLE,0,0,0,0,0.0,0,0,2026-10-05
1352238,45,Dion Galeh,Persijap Jepara,Indonesia (Liga 1),IN1L,1,Bek-Tengah,Defender,23,2003-04-17,False,Indonesia,Lokal,0,kanan,2026-09-05,"Borneo FC U18 (2023-2024), Borneo FC U20 (2023-2024)",-,-,0,0,STABLE,0,0,0,0,0.0,0,0,2026-10-05
1336940,84,Rubben Lesmana,Persijap Jepara,Indonesia (Liga 1),IN1L,1,Bek-Tengah,Defender,20,2006-08-26,True,Indonesia,Lokal,184,kanan,2026-09-23,"Arema FC U18 (2023), Arema FC U20 (2024-2025), Madura United",-,-,0,0,STABLE,0,0,0,0,0.0,0,0,2026-10-05
929287,22,Buyung Ismu,Persijap Jepara,Indonesia (Liga 1),IN1L,1,Bek-Kiri,Defender,27,1999-05-08,False,Indonesia,Lokal,170,keduanya,2026-01-11,PERSIS U18 (2017),2027-06-30,"Rp869,09Jt.",869090909,869090909,UNCHANGED,0,0,0,0,0.0,0,0,2026-10-05
1168950,14,Rahmat Hidayat,Persijap Jepara,Indonesia (Liga 1),IN1L,1,Bek-Kanan,Defender,24,2002-06-19,False,Indonesia,Lokal,0,kanan,2024-08-01,"Askot Kota Bandung U15 (2017), PERSIB U16 (2018), PERSIB U18",2027-06-30,"Rp1,74Mlyr.",1738181818,1738181818,UNCHANGED,0,0,0,0,0.0,0,0,2026-10-05
1146900,0,Zidane Afandi,Persijap Jepara,Indonesia (Liga 1),IN1L,1,Bek-Kanan,Defender,24,2002-02-25,False,Indonesia,Lokal,170,kanan,2026-09-18,"Indonesia Rising Star Soccer School (2014-2016), SSB Bina Ta",-,"Rp869,09Jt.",869090909,869090909,UNCHANGED,0,0,0,0,0.0,0,0,2026-10-05
1326787,32,Claudio Oliveira,Persijap Jepara,Indonesia (Liga 1),IN1L,1,Bek-Kanan,Defender,19,2006-10-28,True,Indonesia,Lokal,0,kanan,2026-09-23,Persik Kediri U20 (2024),-,"Rp173,82Jt.",173818182,173818182,STABLE,0,0,0,0,0.0,0,0,2026-10-05
762389,3,Rakhmatsho Rakhmatzoda,Persijap Jepara,Indonesia (Liga 1),IN1L,1,Gel. Bertahan,Midfielder,22,2004-04-06,True,Tajikistan,Asia (AFC),182,kanan,2026-08-16,-,-,"Rp3,91Mlyr.",3910909091,3476363636,INCREASED,0,0,0,0,0.0,0,0,2026-10-05
559308,16,Tegar Infantrie,Persijap Jepara,Indonesia (Liga 1),IN1L,1,Gel. Bertahan,Midfielder,27,1999-05-08,False,Indonesia,Lokal,175,kanan,2026-08-16,"PPLP Jawa Tengah, PSIS Semarang",-,"Rp869,09Jt.",869090909,869090909,UNCHANGED,0,0,0,0,0.0,0,0,2026-10-05
1352449,0,Heriansyah Yan,Persijap Jepara,Indonesia (Liga 1),IN1L,1,Gel. Bertahan,Midfielder,23,2003-09-03,False,Indonesia,Lokal,175,kanan,2025-08-12,"Persipare U17 (2018-2020), Pra Porprov Sulsel (2021), PON Su",-,-,0,0,STABLE,0,0,0,0,0.0,0,0,2026-10-05
647945,8,Paulo Santamaría,Persijap Jepara,Indonesia (Liga 1),IN1L,1,Gel. Tengah,Midfielder,25,2001-05-24,False,Kosta Rika,Asing Non-Asia,187,kiri,2026-08-15,-,-,"Rp2,17Mlyr.",2172727273,1738181818,INCREASED,0,0,0,0,0.0,0,0,2026-10-05
1452212,18,Felix Marcelino,Persijap Jepara,Indonesia (Liga 1),IN1L,1,Gel. Tengah,Midfielder,21,2005-03-20,True,Indonesia,Lokal,172,kanan,2025-07-01,"ASIFA, PSG Pati U17, Safin Pati",-,-,0,0,STABLE,0,0,0,0,0.0,0,0,2026-10-05
216424,10,Pirulo,Persijap Jepara,Indonesia (Liga 1),IN1L,1,Gel. Serang,Midfielder,34,1992-04-17,False,Spanyol,Asing Non-Asia,176,kiri,2026-08-20,-,-,"Rp1,30Mlyr.",1303636364,1738181818,DECREASED,0,0,0,0,0.0,0,0,2026-10-05
982628,71,Adzikry Fadlillah,Persijap Jepara,Indonesia (Liga 1),IN1L,1,Gel. Serang,Midfielder,23,2003-02-26,False,Indonesia,Lokal,0,kanan,2026-08-13,"PERSIB U16 (2019-2020), PERSIB U18 (2021-2023), PERSIB U20 (",-,"Rp1,30Mlyr.",1303636364,1303636364,UNCHANGED,0,0,0,0,0.0,0,0,2026-10-05
818618,30,Rendy Juliansyah,Persijap Jepara,Indonesia (Liga 1),IN1L,1,Gel. Serang,Midfielder,24,2002-07-27,False,Indonesia,Lokal,181,kanan,2026-09-23,ASIOP (2010-2018),-,"Rp869,09Jt.",869090909,434545455,INCREASED,0,0,0,0,0.0,0,0,2026-10-05
1359868,81,Joananda Adiguna,Persijap Jepara,Indonesia (Liga 1),IN1L,1,Gel. Serang,Midfielder,20,2006-06-08,True,Indonesia,Lokal,176,kanan,2026-09-01,Persijap U20 (2025-2026),-,-,0,0,STABLE,0,0,0,0,0.0,0,0,2026-10-05
1605922,83,Zidan Apriadi,Persijap Jepara,Indonesia (Liga 1),IN1L,1,Gel. Tengah,Midfielder,0,-,False,Indonesia,Lokal,0,kanan,2026-09-23,-,-,-,0,0,STABLE,0,0,0,0,0.0,0,0,2026-10-05
1605923,85,Rivaldi Wuliyanto,Persijap Jepara,Indonesia (Liga 1),IN1L,1,Gel. Tengah,Midfielder,0,-,False,Indonesia,Lokal,0,kanan,2026-09-23,-,-,-,0,0,STABLE,0,0,0,0,0.0,0,0,2026-10-05
277397,70,Vasko Kalezic,Persijap Jepara,Indonesia (Liga 1),IN1L,1,Sayap Kiri,Attack,32,1994-03-14,False,Montenegro,Asing Non-Asia,185,kanan,2026-09-10,-,-,"Rp4,35Mlyr.",4345454545,4345454545,UNCHANGED,0,0,0,0,0.0,0,0,2026-10-05
1145001,17,Yaya Sogodogo,Persijap Jepara,Indonesia (Liga 1),IN1L,1,Sayap Kiri,Attack,23,2002-11-20,False,Pantai Gading,Asing Non-Asia,0,kanan,2026-08-15,-,-,"Rp1,74Mlyr.",1738181818,1738181818,UNCHANGED,0,0,0,0,0.0,0,0,2026-10-05
1271604,27,Reycredo Bukit,Persijap Jepara,Indonesia (Liga 1),IN1L,1,Sayap Kiri,Attack,22,2004-01-27,True,Indonesia,Lokal,170,kanan,2026-09-05,"SSB ASTAM (2018-2019), PERSIB Bandung Youth (2019), PERSIB B",-,"Rp434,55Jt.",434545455,173818182,INCREASED,0,0,0,0,0.0,0,0,2026-10-05
543493,55,Najeeb Yakubu,Persijap Jepara,Indonesia (Liga 1),IN1L,1,Sayap Kanan,Attack,26,2000-05-01,False,Selandia Baru,Asing Non-Asia,182,kanan,2026-09-17,UniStar Academy ,-,"Rp6,08Mlyr.",6083636364,6083636364,UNCHANGED,0,0,0,0,0.0,0,0,2026-10-05
979622,25,China,Persijap Jepara,Indonesia (Liga 1),IN1L,1,Sayap Kanan,Attack,28,1998-07-09,False,Brasil,Asing Non-Asia,0,kanan,2026-09-04,-,-,"Rp1,74Mlyr.",1738181818,869090909,INCREASED,0,0,0,0,0.0,0,0,2026-10-05
1313683,21,Rendi Saepul,Persijap Jepara,Indonesia (Liga 1),IN1L,1,Sayap Kanan,Attack,21,2005-05-21,True,Indonesia,Lokal,165,kanan,2024-08-01,"SSB Family United (2017), SSB Roksi FC (2022), Nusantara Uni",2027-06-30,"Rp1,30Mlyr.",1303636364,869090909,INCREASED,0,0,0,0,0.0,0,0,2026-10-05
506166,96,Ambrizal Umanailo,Persijap Jepara,Indonesia (Liga 1),IN1L,1,Sayap Kanan,Attack,30,1996-06-12,False,Indonesia,Lokal,166,kanan,2026-08-17,Villa 2000 (2012-2015),-,"Rp1,30Mlyr.",1303636364,1303636364,UNCHANGED,0,0,0,0,0.0,0,0,2026-10-05
1349382,11,Bil’asqan Hi Tenang,Persijap Jepara,Indonesia (Liga 1),IN1L,1,Sayap Kanan,Attack,20,2005-10-27,True,Indonesia,Lokal,170,kanan,2026-09-23,Persita U20 (2023-2025),-,"Rp869,09Jt.",869090909,434545455,INCREASED,0,0,0,0,0.0,0,0,2026-10-05
1329000,97,Ahmad Wadil,Persijap Jepara,Indonesia (Liga 1),IN1L,1,Sayap Kanan,Attack,23,2003-07-09,False,Indonesia,Lokal,177,kiri,2026-08-16,"Askot Parepare U17 (2018-2019), Pra Porprov Sulses (2021), P",-,"Rp869,09Jt.",869090909,869090909,UNCHANGED,0,0,0,0,0.0,0,0,2026-10-05
1350665,82,Kelvin Prakoso,Persijap Jepara,Indonesia (Liga 1),IN1L,1,Sayap Kanan,Attack,20,2006-08-18,True,Indonesia,Lokal,168,kanan,2026-09-01,"PSIS U16 (2023-2024), PSIS U18 (2023-2024), PSIS U20 (2024-2",-,-,0,0,STABLE,0,0,0,0,0.0,0,0,2026-10-05
957474,9,Juan Douglas,Persijap Jepara,Indonesia (Liga 1),IN1L,1,Depan-Tengah,Attack,31,1995-08-09,False,Brasil,Asing Non-Asia,180,kiri,2026-08-15,-,-,"Rp1,74Mlyr.",1738181818,2607272727,DECREASED,0,0,0,0,0.0,0,0,2026-10-05
904473,85,Jefri Wibowo,Isenmulang Kalteng FC,Indonesia (Liga 1),IN1L,1,Kiper,Goalkeeper,27,1999-01-31,False,Indonesia,Lokal,178,kiri,2024-08-24,"Tiga Naga U17 (2016-2017), PS TNI U19 (2017), Bali United U1",2027-06-30,"Rp1,30Mlyr.",1303636364,869090909,INCREASED,0,0,0,0,0.0,0,0,2026-10-05
532752,1,Lucas Frigeri,Isenmulang Kalteng FC,Indonesia (Liga 1),IN1L,1,Kiper,Goalkeeper,37,1989-06-15,False,Brasil,Asing Non-Asia,194,kanan,2026-09-21,-,-,"Rp869,09Jt.",869090909,869090909,UNCHANGED,0,0,0,0,0.0,0,0,2026-10-05
1021774,89,Adre Arido,Isenmulang Kalteng FC,Indonesia (Liga 1),IN1L,1,Kiper,Goalkeeper,22,2004-08-13,True,Indonesia,Lokal,187,kanan,2026-08-26,"SSB Urakan, Jakarta Football School (JFS), SSB Bina Taruna (",-,-,0,434545455,DECREASED,0,0,0,0,0.0,0,0,2026-10-05
1346620,27,Irham Nadzhofa,Isenmulang Kalteng FC,Indonesia (Liga 1),IN1L,1,Kiper,Goalkeeper,19,2007-02-11,True,Indonesia,Lokal,170,kanan,2026-08-31,"SSB FIFA Farmel (2020-2023) Persija U16 (2023), Persija U18 ",-,-,0,0,STABLE,0,0,0,0,0.0,0,0,2026-10-05
487347,4,Léo Lelis,Isenmulang Kalteng FC,Indonesia (Liga 1),IN1L,1,Bek-Tengah,Defender,32,1993-11-15,False,Brasil,Asing Non-Asia,189,keduanya,2026-08-16,"Comercial Futebol Clube (SP) (2009), Sociedade Esportiva Vil",-,"Rp2,61Mlyr.",2607272727,3041818182,DECREASED,0,0,0,0,0.0,0,0,2026-10-05
721942,13,Fayrushi,Isenmulang Kalteng FC,Indonesia (Liga 1),IN1L,1,Bek-Tengah,Defender,28,1998-08-13,False,Indonesia,Lokal,178,kanan,2025-07-16,"PPLP Aceh (2013-2016), Persiraja U18 (2014-2016), Porwil Ace",2027-06-30,"Rp2,17Mlyr.",2172727273,2172727273,UNCHANGED,0,0,0,0,0.0,0,0,2026-10-05
724281,18,Ardi Ramdani,Isenmulang Kalteng FC,Indonesia (Liga 1),IN1L,1,Bek-Tengah,Defender,28,1997-12-28,False,Indonesia,Lokal,178,kanan,2020-08-01,Porda Kab. Garut (2017),2027-06-30,"Rp2,17Mlyr.",2172727273,1738181818,INCREASED,0,0,0,0,0.0,0,0,2026-10-05
697517,74,Douglas Cruz,Isenmulang Kalteng FC,Indonesia (Liga 1),IN1L,1,Bek-Tengah,Defender,28,1998-09-04,False,Brasil,Asing Non-Asia,190,kiri,2026-07-29,-,-,"Rp2,17Mlyr.",2172727273,1738181818,INCREASED,0,0,0,0,0.0,0,0,2026-10-05
519867,33,Rafael Ribeiro,Isenmulang Kalteng FC,Indonesia (Liga 1),IN1L,1,Bek-Tengah,Defender,30,1996-01-18,False,Brasil,Asing Non-Asia,190,kanan,2026-08-07,-,-,"Rp1,74Mlyr.",1738181818,869090909,INCREASED,0,0,0,0,0.0,0,0,2026-10-05
1286512,5,Harli Cahya,Isenmulang Kalteng FC,Indonesia (Liga 1),IN1L,1,Bek-Tengah,Defender,23,2002-12-10,False,Indonesia,Lokal,0,kanan,2022-09-18,-,2027-06-30,"Rp434,55Jt.",434545455,434545455,UNCHANGED,0,0,0,0,0.0,0,0,2026-10-05
990603,37,Firman Ramadhan,Isenmulang Kalteng FC,Indonesia (Liga 1),IN1L,1,Bek-Kiri,Defender,22,2003-11-07,True,Indonesia,Lokal,172,kiri,2026-08-15,"TopSkor Indonesia (2016-2019), Badak Lampung U16 (2019), PER",-,"Rp869,09Jt.",869090909,869090909,UNCHANGED,0,0,0,0,0.0,0,0,2026-10-05
1183056,31,Indra Feri,Isenmulang Kalteng FC,Indonesia (Liga 1),IN1L,1,Bek-Kanan,Defender,25,2001-03-28,False,Indonesia,Lokal,166,kanan,2026-07-27,"SSB Mars Praya NTB , PS Mataram (2019), Pra PON NTB (2019)",-,"Rp2,17Mlyr.",2172727273,1738181818,INCREASED,0,0,0,0,0.0,0,0,2026-10-05
1286510,34,Galuh Nata,Isenmulang Kalteng FC,Indonesia (Liga 1),IN1L,1,Gel. Bertahan,Midfielder,24,2002-03-01,False,Indonesia,Lokal,166,kanan,2024-02-18,"PERSIB Bandung U16 (2018), PERSIB Bandung U19 (2019) ",2027-06-30,"Rp1,30Mlyr.",1303636364,869090909,INCREASED,0,0,0,0,0.0,0,0,2026-10-05
1294204,8,Shafa Abdillah,Isenmulang Kalteng FC,Indonesia (Liga 1),IN1L,1,Gel. Bertahan,Midfielder,26,2000-05-02,False,Indonesia,Lokal,0,kiri,2024-08-06,Farmel Isvil,2027-06-30,"Rp869,09Jt.",869090909,434545455,INCREASED,0,0,0,0,0.0,0,0,2026-10-05
693233,12,Modou Manneh,Isenmulang Kalteng FC,Indonesia (Liga 1),IN1L,1,Gel. Tengah,Midfielder,25,2001-02-13,False,Georgia,Asing Non-Asia,0,kiri,2026-08-16,-,-,"Rp3,91Mlyr.",3910909091,3041818182,INCREASED,0,0,0,0,0.0,0,0,2026-10-05
1172708,80,Roy Sandy,Isenmulang Kalteng FC,Indonesia (Liga 1),IN1L,1,Gel. Tengah,Midfielder,21,2005-04-05,True,Indonesia,Lokal,0,kanan,2026-09-01,Dewa United U20 (2022-2023),-,"Rp869,09Jt.",869090909,434545455,INCREASED,0,0,0,0,0.0,0,0,2026-10-05
1367612,14,Kenji Nishioka,Isenmulang Kalteng FC,Indonesia (Liga 1),IN1L,1,Gel. Serang,Midfielder,25,2001-06-09,False,Filipina,ASEAN,175,kanan,2026-07-22,-,-,"Rp2,61Mlyr.",2607272727,1738181818,INCREASED,0,0,0,0,0.0,0,0,2026-10-05
1031925,30,Brayen Pondaag,Isenmulang Kalteng FC,Indonesia (Liga 1),IN1L,1,Gel. Serang,Midfielder,24,2001-12-17,False,Indonesia,Lokal,175,kanan,2025-07-23,"SSB Sparta (2012-2013), Bina Taruna (2015-2016), Persbit Bit",2027-06-30,"Rp2,61Mlyr.",2607272727,1303636364,INCREASED,0,0,0,0,0.0,0,0,2026-10-05
354938,10,Makan Konate,Isenmulang Kalteng FC,Indonesia (Liga 1),IN1L,1,Gel. Serang,Midfielder,34,1991-11-10,False,Malta,Asing Non-Asia,178,kanan,2024-12-19,-,2027-06-30,"Rp869,09Jt.",869090909,1303636364,DECREASED,0,0,0,0,0.0,0,0,2026-10-05
823517,23,Adriel Fernández,Isenmulang Kalteng FC,Indonesia (Liga 1),IN1L,1,Sayap Kiri,Attack,30,1996-03-22,False,Bolivia,Asing Non-Asia,177,kanan,2026-08-16,-,-,"Rp3,91Mlyr.",3910909091,3476363636,INCREASED,0,0,0,0,0.0,0,0,2026-10-05
1475381,29,Reza Muhammad,Isenmulang Kalteng FC,Indonesia (Liga 1),IN1L,1,Sayap Kiri,Attack,18,2008-04-09,True,Indonesia,Lokal,0,kanan,2026-07-23,Persita U20 (2025-),-,-,0,0,STABLE,0,0,0,0,0.0,0,0,2026-10-05
817931,90,Ramadhan,Isenmulang Kalteng FC,Indonesia (Liga 1),IN1L,1,Sayap Kanan,Attack,25,2001-09-01,False,Indonesia,Lokal,167,kanan,2026-07-24,"SSB Patriot Labu (2017), Persidi (2017-2019), Persiraja U20 ",-,"Rp2,61Mlyr.",2607272727,1738181818,INCREASED,0,0,0,0,0.0,0,0,2026-10-05
506518,66,Gufroni Al Maruf,Isenmulang Kalteng FC,Indonesia (Liga 1),IN1L,1,Sayap Kanan,Attack,29,1997-07-19,False,Indonesia,Lokal,172,kanan,2026-07-24,Gresik United (2017),-,"Rp1,30Mlyr.",1303636364,1303636364,UNCHANGED,0,0,0,0,0.0,0,0,2026-10-05
1294205,19,Satrio Mega,Isenmulang Kalteng FC,Indonesia (Liga 1),IN1L,1,Sayap Kanan,Attack,20,2006-05-07,True,Indonesia,Lokal,169,kanan,2024-08-06,"Farmel Isvil, Persita U16 (2021), Persita U16 (2022-2024)",2027-06-30,"Rp869,09Jt.",869090909,173818182,INCREASED,0,0,0,0,0.0,0,0,2026-10-05
539395,97,Vinícius Baiano,Isenmulang Kalteng FC,Indonesia (Liga 1),IN1L,1,Depan-Kedua,Attack,29,1997-07-16,False,Brasil,Asing Non-Asia,180,kanan,2026-08-07,-,-,"Rp6,08Mlyr.",6083636364,3476363636,INCREASED,0,0,0,0,0.0,0,0,2026-10-05
614508,7,Adilson Silva,Isenmulang Kalteng FC,Indonesia (Liga 1),IN1L,1,Depan-Tengah,Attack,29,1997-07-30,False,Portugal,Asing Non-Asia,191,kanan,2025-08-08,Juventude Évora,2027-06-30,"Rp4,35Mlyr.",4345454545,3041818182,INCREASED,0,0,0,0,0.0,0,0,2026-10-05
874899,67,Rafly Ariyanto,Isenmulang Kalteng FC,Indonesia (Liga 1),IN1L,1,Depan-Tengah,Attack,25,2001-05-17,False,Indonesia,Lokal,178,kanan,2025-07-15,"Diklat Bintang Pelajar Salatiga (2016), Peseban Banjarmasin ",2027-06-30,"Rp1,74Mlyr.",1738181818,869090909,INCREASED,0,0,0,0,0.0,0,0,2026-10-05
1036575,99,Sérgio Mendonça,Isenmulang Kalteng FC,Indonesia (Liga 1),IN1L,1,Depan-Tengah,Attack,22,2004-01-22,True,Brasil,Asing Non-Asia,191,keduanya,2026-08-23,-,-,"Rp1,30Mlyr.",1303636364,1303636364,UNCHANGED,0,0,0,0,0.0,0,0,2026-10-05
746949,9,Muhammad Ridwan,Isenmulang Kalteng FC,Indonesia (Liga 1),IN1L,1,Depan-Tengah,Attack,26,2000-06-13,False,Indonesia,Lokal,184,kanan,2026-08-08,"Persab Brebes U17 (2016-2017), Diklat Ragunan (2015-2017)",-,"Rp869,09Jt.",869090909,1303636364,DECREASED,0,0,0,0,0.0,0,0,2026-10-05
1435978,21,Fardan Ary,Isenmulang Kalteng FC,Indonesia (Liga 1),IN1L,1,Gel. Tengah,Midfielder,17,2009-02-09,True,Indonesia,Lokal,0,kanan,2026-09-01,"Farmel FA, Madura United U16 (2024-2025)",-,-,0,0,STABLE,0,0,0,0,0.0,0,0,2026-10-05
181611,30,Dominik Holec,Garudayaksa FC,Indonesia (Liga 1),IN1L,1,Kiper,Goalkeeper,32,1994-07-28,False,Slowakia,Asing Non-Asia,191,kanan,2026-07-25,-,-,"Rp6,95Mlyr.",6952727273,6952727273,UNCHANGED,0,0,0,0,0.0,0,0,2026-10-05
1023954,14,Daffa Fasya,Garudayaksa FC,Indonesia (Liga 1),IN1L,1,Kiper,Goalkeeper,22,2004-05-07,True,Indonesia,Lokal,185,kanan,2026-07-08,"SSB Asag-Biha Majalengka, Borneo FC U18 (2021), Garuda Selec",-,"Rp1,30Mlyr.",1303636364,1738181818,DECREASED,0,0,0,0,0.0,0,0,2026-10-05
506543,23,Yoewanto Beny,Garudayaksa FC,Indonesia (Liga 1),IN1L,1,Kiper,Goalkeeper,33,1993-04-03,False,Indonesia,Lokal,181,kanan,2024-08-05,"Arema Indonesia U18 (2008-2009), Deportivo Indonesia (2009-2",2027-06-30,"Rp1,30Mlyr.",1303636364,1303636364,UNCHANGED,0,0,0,0,0.0,0,0,2026-10-05
330031,4,Paulo Ricardo,Garudayaksa FC,Indonesia (Liga 1),IN1L,1,Bek-Tengah,Defender,32,1994-07-13,False,Brasil,Asing Non-Asia,188,kanan,2026-08-08,-,-,"Rp5,21Mlyr.",5214545455,5214545455,UNCHANGED,0,0,0,0,0.0,0,0,2026-10-05
719822,5,Wahyu Prasetyo,Garudayaksa FC,Indonesia (Liga 1),IN1L,1,Bek-Tengah,Defender,28,1998-03-21,False,Indonesia,Lokal,180,kanan,2026-07-07,"Porprov Kab. Kendal (2017), Puslat Kendal (2017), Pekalongan",-,"Rp4,35Mlyr.",4345454545,4345454545,UNCHANGED,0,0,0,0,0.0,0,0,2026-10-05
676802,16,Hamra Hehanussa,Garudayaksa FC,Indonesia (Liga 1),IN1L,1,Bek-Tengah,Defender,27,1999-07-01,False,Indonesia,Lokal,178,kiri,2026-08-11,Persija U21 (2017-2019),-,"Rp3,48Mlyr.",3476363636,3476363636,UNCHANGED,0,0,0,0,0.0,0,0,2026-10-05
583316,28,Filip Stamenkovic,Garudayaksa FC,Indonesia (Liga 1),IN1L,1,Bek-Tengah,Defender,28,1998-09-15,False,Serbia,Asing Non-Asia,192,kanan,2026-08-10,"FK Rad, FK Voždovac",-,"Rp2,17Mlyr.",2172727273,2607272727,DECREASED,0,0,0,0,0.0,0,0,2026-10-05
875750,27,Aldo Claudio,Garudayaksa FC,Indonesia (Liga 1),IN1L,1,Bek-Tengah,Defender,28,1997-12-02,False,Indonesia,Lokal,183,kanan,2026-09-23,PPLP Jawa tengah (2013-2015),-,"Rp869,09Jt.",869090909,434545455,INCREASED,0,0,0,0,0.0,0,0,2026-10-05
1339453,24,Alfin Kelilauw,Garudayaksa FC,Indonesia (Liga 1),IN1L,1,Bek-Kiri,Defender,20,2006-02-18,True,Indonesia,Lokal,178,kiri,2026-07-07,"SSB Maluku Utara Selection (2020-2023), Dewa United U18 (202",2028-06-30,"Rp2,61Mlyr.",2607272727,1303636364,INCREASED,0,0,0,0,0.0,0,0,2026-10-05
692828,31,Arif Setiawan,Garudayaksa FC,Indonesia (Liga 1),IN1L,1,Bek-Kiri,Defender,28,1998-09-04,False,Indonesia,Lokal,173,kiri,2026-08-30,PSBL Langsa (2017-2018),-,"Rp1,74Mlyr.",1738181818,1303636364,INCREASED,0,0,0,0,0.0,0,0,2026-10-05
1275359,33,Azizu Milanesta,Garudayaksa FC,Indonesia (Liga 1),IN1L,1,Bek-Kiri,Defender,17,2008-12-08,True,Indonesia,Lokal,173,kiri,2026-09-01,"Asiana Soccer School, Dewa United U16, Persik U18",-,-,0,0,STABLE,0,0,0,0,0.0,0,0,2026-10-05
824650,56,Alfriyanto Nico,Garudayaksa FC,Indonesia (Liga 1),IN1L,1,Bek-Kanan,Defender,23,2003-04-03,False,Indonesia,Lokal,172,kanan,2026-07-07,"PFA Sukoharjo (-2018), PERSIS U15 (2018), Diklat Ragunan (20",-,"Rp2,17Mlyr.",2172727273,2607272727,DECREASED,0,0,0,0,0.0,0,0,2026-10-05
399844,12,Aleksandar Busnić,Garudayaksa FC,Indonesia (Liga 1),IN1L,1,Gel. Bertahan,Midfielder,28,1997-12-04,False,Serbia,Asing Non-Asia,191,kanan,2026-09-10,-,-,"Rp8,69Mlyr.",8690909091,6083636364,INCREASED,0,0,0,0,0.0,0,0,2026-10-05
728354,21,Adittia Gigis,Garudayaksa FC,Indonesia (Liga 1),IN1L,1,Gel. Bertahan,Midfielder,27,1999-05-22,False,Indonesia,Lokal,181,kanan,2025-08-26,"Powilda Depok (2012), Suratin Depok (2013), Timnas Pelajar U",2027-06-30,"Rp3,04Mlyr.",3041818182,2607272727,INCREASED,0,0,0,0,0.0,0,0,2026-10-05
742321,6,Theo Numberi,Garudayaksa FC,Indonesia (Liga 1),IN1L,1,Gel. Bertahan,Midfielder,25,2001-09-01,False,Indonesia,Lokal,164,kanan,2026-07-19,"PPLP Papua (2016), Diklat Ragunan (2017), Persipura U19 (201",-,"Rp1,30Mlyr.",1303636364,1303636364,UNCHANGED,0,0,0,0,0.0,0,0,2026-10-05
1275383,26,Tristan Ibrahim,Garudayaksa FC,Indonesia (Liga 1),IN1L,1,Gel. Bertahan,Midfielder,18,2008-01-24,True,Indonesia,Lokal,175,kanan,2026-09-01,"Asiana Soccer School, Dewa United U16",-,-,0,0,STABLE,0,0,0,0,0.0,0,0,2026-10-05
559357,77,Sidik Saimima,Garudayaksa FC,Indonesia (Liga 1),IN1L,1,Gel. Tengah,Midfielder,29,1997-06-04,False,Indonesia,Lokal,165,kanan,2026-01-20,"SSB Maehanu (2011), Bajul Ijo (2012), Porprov Banyumas (2013",2027-05-31,"Rp1,74Mlyr.",1738181818,1738181818,UNCHANGED,0,0,0,0,0.0,0,0,2026-10-05
339069,11,Christian Frydek,Garudayaksa FC,Indonesia (Liga 1),IN1L,1,Gel. Serang,Midfielder,27,1999-02-01,False,Turki,Asing Non-Asia,171,kanan,2026-09-17,AC Sparta Praha (2006 - 2016),-,"Rp6,52Mlyr.",6518181818,8690909091,DECREASED,0,0,0,0,0.0,0,0,2026-10-05
226697,10,Ryo Matsumura,Garudayaksa FC,Indonesia (Liga 1),IN1L,1,Gel. Serang,Midfielder,32,1994-06-15,False,Jepang,Asia (AFC),166,kanan,2026-08-03,-,-,"Rp4,78Mlyr.",4780000000,5214545455,DECREASED,0,0,0,0,0.0,0,0,2026-10-05
506488,29,Septian David,Garudayaksa FC,Indonesia (Liga 1),IN1L,1,Gel. Serang,Midfielder,30,1996-09-02,False,Indonesia,Lokal,174,keduanya,2026-07-07,"SSB Baladika (-2012), Deportivo Indonesia (2012-2013)",-,"Rp2,61Mlyr.",2607272727,3041818182,DECREASED,0,0,0,0,0.0,0,0,2026-10-05
653694,18,Arapenta Poerba,Garudayaksa FC,Indonesia (Liga 1),IN1L,1,Gel. Serang,Midfielder,27,1998-11-01,False,Indonesia,Lokal,175,kanan,2026-01-20,"SSB Putra Harapan (2008), Diklat Ragunan (2014-2017), Bali U",2027-06-30,"Rp1,30Mlyr.",1303636364,1303636364,UNCHANGED,0,0,0,0,0.0,0,0,2026-10-05
1286981,70,Carlos Iury,Garudayaksa FC,Indonesia (Liga 1),IN1L,1,Sayap Kiri,Attack,25,2001-03-08,False,Brasil,Asing Non-Asia,176,kanan,2026-09-23,FC São Paulo,-,"Rp7,82Mlyr.",7821818182,4345454545,INCREASED,0,0,0,0,0.0,0,0,2026-10-05
926896,81,Jairo Jean,Garudayaksa FC,Indonesia (Liga 1),IN1L,1,Sayap Kiri,Attack,28,1998-06-22,False,Haiti,Asing Non-Asia,170,kanan,2026-09-15,-,-,"Rp7,82Mlyr.",7821818182,11298181818,DECREASED,0,0,0,0,0.0,0,0,2026-10-05
623962,17,Carlo Armiento,Garudayaksa FC,Indonesia (Liga 1),IN1L,1,Sayap Kiri,Attack,27,1999-06-04,False,Australia,Asia (AFC),179,kiri,2026-08-31,-,-,"Rp6,08Mlyr.",6083636364,6083636364,UNCHANGED,0,0,0,0,0.0,0,0,2026-10-05
517090,99,Muhammad Sihran,Garudayaksa FC,Indonesia (Liga 1),IN1L,1,Sayap Kiri,Attack,27,1999-03-08,False,Indonesia,Lokal,158,kiri,2026-07-20,"Tiga Putra (2017), Borneo FC U19 (2018), Borneo FC U20 (2019",-,"Rp3,91Mlyr.",3910909091,3910909091,UNCHANGED,0,0,0,0,0.0,0,0,2026-10-05
1312952,49,Dheco Zacky,Garudayaksa FC,Indonesia (Liga 1),IN1L,1,Sayap Kiri,Attack,21,2005-02-21,True,Indonesia,Lokal,165,kiri,2024-09-01,"SSB Surya Adi, PPLP Muba, PS Palembang U17 U20 (2021-2023), ",2027-06-30,"Rp1,30Mlyr.",1303636364,1303636364,UNCHANGED,0,0,0,0,0.0,0,0,2026-10-05
252717,7,Andik Vermansyah,Garudayaksa FC,Indonesia (Liga 1),IN1L,1,Sayap Kanan,Attack,34,1991-11-23,False,Indonesia,Lokal,163,keduanya,2025-08-28,"SSB Suryanaga, Persebaya (2005-2008)",2027-06-30,"Rp869,09Jt.",869090909,1303636364,DECREASED,0,0,0,0,0.0,0,0,2026-10-05
570547,9,Brian Rubio,Garudayaksa FC,Indonesia (Liga 1),IN1L,1,Depan-Tengah,Attack,29,1996-11-09,False,Meksiko,Asing Non-Asia,186,kanan,2026-08-22,-,-,"Rp13,91Mlyr.",13905454545,12167272727,INCREASED,0,0,0,0,0.0,0,0,2026-10-05
721914,20,Septian Bagaskara,Garudayaksa FC,Indonesia (Liga 1),IN1L,1,Depan-Tengah,Attack,29,1997-09-26,False,Indonesia,Lokal,183,keduanya,2026-07-23,"SSB Triple S (2004-2015), Persedikab (2015), Manchester Unit",-,"Rp3,04Mlyr.",3041818182,3476363636,DECREASED,0,0,0,0,0.0,0,0,2026-10-05
991806,8,Arkhan Kaka,Garudayaksa FC,Indonesia (Liga 1),IN1L,1,Depan-Tengah,Attack,19,2007-09-02,True,Indonesia,Lokal,188,kanan,2026-09-01,"SSB Mitra Tunas Muda Blitar (2019), PSBK Blitar U13 (2019), ",-,"Rp1,30Mlyr.",1303636364,1303636364,UNCHANGED,0,0,0,0,0.0,0,0,2026-10-05
875194,19,Cahya Supriadi,PSIM Yogyakarta,Indonesia (Liga 1),IN1L,1,Kiper,Goalkeeper,23,2003-02-11,False,Indonesia,Lokal,179,keduanya,2025-07-14,"Persija U16 (2018-2019), Persija U18 (2020-2022), Persija U2",2028-06-30,"Rp4,35Mlyr.",4345454545,3910909091,INCREASED,0,0,0,0,0.0,0,0,2026-10-05
900619,26,Harlan Suardi,PSIM Yogyakarta,Indonesia (Liga 1),IN1L,1,Kiper,Goalkeeper,27,1999-01-26,False,Indonesia,Lokal,175,kanan,2025-07-01,"SSB Beringin Putra Makassar (2009), Borneo U19 (2017)",2027-06-30,"Rp2,17Mlyr.",2172727273,2607272727,DECREASED,0,0,0,0,0.0,0,0,2026-10-05
1180504,47,Khairul Fikri,PSIM Yogyakarta,Indonesia (Liga 1),IN1L,1,Kiper,Goalkeeper,23,2003-02-24,False,Indonesia,Lokal,178,kanan,2023-09-01,"SSB Bharata, SSB Baturetno (2011-2018), Persiba Bantul U17 (",2029-06-30,"Rp869,09Jt.",869090909,869090909,UNCHANGED,0,0,0,0,0.0,0,0,2026-10-05
1577987,73,Athaullah Daib,PSIM Yogyakarta,Indonesia (Liga 1),IN1L,1,Kiper,Goalkeeper,16,2010-04-09,True,Indonesia,Lokal,0,kanan,2026-08-07,PSIM U16 (2025-2026),-,-,0,0,STABLE,0,0,0,0,0.0,0,0,2026-10-05
657270,5,Franco Ramos Mingo,PSIM Yogyakarta,Indonesia (Liga 1),IN1L,1,Bek-Tengah,Defender,29,1997-09-18,False,Argentina,Asing Non-Asia,188,kanan,2025-07-05,-,-,"Rp6,52Mlyr.",6518181818,6083636364,INCREASED,0,0,0,0,0.0,0,0,2026-10-05
868232,3,Yusaku Yamadera,PSIM Yogyakarta,Indonesia (Liga 1),IN1L,1,Bek-Tengah,Defender,29,1997-08-04,False,Jepang,Asia (AFC),182,kiri,2024-07-14,-,2027-06-30,"Rp5,21Mlyr.",5214545455,4780000000,INCREASED,0,0,0,0,0.0,0,0,2026-10-05
497176,2,Jop van der Avert,PSIM Yogyakarta,Indonesia (Liga 1),IN1L,1,Bek-Tengah,Defender,26,2000-05-11,False,Belanda,Asing Non-Asia,186,kiri,2026-02-03,"MOC'17 Bergen op Zoom, RBC Roosendaal, NAC Breda (2011-2019)",2027-06-30,"Rp3,48Mlyr.",3476363636,3910909091,DECREASED,0,0,0,0,0.0,0,0,2026-10-05
719340,14,Rendra Teddy,PSIM Yogyakarta,Indonesia (Liga 1),IN1L,1,Bek-Tengah,Defender,30,1996-06-14,False,Indonesia,Lokal,176,kanan,2024-07-03,-,2027-06-30,"Rp2,17Mlyr.",2172727273,2172727273,UNCHANGED,0,0,0,0,0.0,0,0,2026-10-05
438566,24,Ondrej Rudzan,PSIM Yogyakarta,Indonesia (Liga 1),IN1L,1,Bek-Kiri,Defender,28,1998-07-25,False,Turki,Asing Non-Asia,187,kiri,2026-07-23,"FK Mladá Boleslav (2004 - 2007)
TJ Sokol Pěčice (2007 - 200",-,"Rp2,61Mlyr.",2607272727,2607272727,UNCHANGED,0,0,0,0,0.0,0,0,2026-10-05
1183049,25,Alwi Fadilah,PSIM Yogyakarta,Indonesia (Liga 1),IN1L,1,Bek-Kiri,Defender,22,2004-05-10,True,Indonesia,Lokal,166,kiri,2026-07-20,"Imran Soccer Academy (2012-2018), Semen Padang U16 (2016-201",-,"Rp869,09Jt.",869090909,434545455,INCREASED,0,0,0,0,0.0,0,0,2026-10-05
875193,15,Raka Cahyana,PSIM Yogyakarta,Indonesia (Liga 1),IN1L,1,Bek-Kanan,Defender,22,2004-02-24,True,Indonesia,Lokal,168,kanan,2025-07-01,"Askot Bekasi, Bina Taruna (-2019), Persija U16 (2020), Persi",2027-06-30,"Rp2,61Mlyr.",2607272727,2607272727,UNCHANGED,0,0,0,0,0.0,0,0,2026-10-05
345435,13,Adrian Purzycki,PSIM Yogyakarta,Indonesia (Liga 1),IN1L,1,Gel. Bertahan,Midfielder,29,1997-08-02,False,Polandia,Asing Non-Asia,183,kanan,2026-07-21,"Bedford Town (-2008), Swansea City AFC (2008-2010), Polonia ",-,"Rp3,48Mlyr.",3476363636,3476363636,UNCHANGED,0,0,0,0,0.0,0,0,2026-10-05
982611,21,Diandra Diaz,PSIM Yogyakarta,Indonesia (Liga 1),IN1L,1,Gel. Bertahan,Midfielder,22,2004-02-01,True,Indonesia,Lokal,168,kanan,2025-07-10,"Topskor Indonesia (2018), PERSIB U16 (2019-2020), Diklat PER",2027-06-30,"Rp1,30Mlyr.",1303636364,869090909,INCREASED,0,0,0,0,0.0,0,0,2026-10-05
558958,52,Ahmad Agung,PSIM Yogyakarta,Indonesia (Liga 1),IN1L,1,Gel. Bertahan,Midfielder,30,1996-03-09,False,Indonesia,Lokal,180,kanan,2026-07-20,"Berlian Rajawali (2013-2014), PON Jawa Tengah (2016)",-,"Rp1,30Mlyr.",1303636364,1303636364,UNCHANGED,0,0,0,0,0.0,0,0,2026-10-05
719106,29,Rio Hardiawan,PSIM Yogyakarta,Indonesia (Liga 1),IN1L,1,Gel. Tengah,Midfielder,29,1996-12-29,False,Indonesia,Lokal,170,kanan,2024-07-01,PON Babel (2016),2027-06-30,"Rp2,17Mlyr.",2172727273,2172727273,UNCHANGED,0,0,0,0,0.0,0,0,2026-10-05
904481,23,Ghulam Fatkur,PSIM Yogyakarta,Indonesia (Liga 1),IN1L,1,Gel. Tengah,Midfielder,27,1999-04-11,False,Indonesia,Lokal,167,kanan,2022-05-14,"Tiga Naga U17 (2016)
PS TNI U19 (2017)
Bali United U19 (20",2027-06-30,"Rp1,74Mlyr.",1738181818,1738181818,UNCHANGED,0,0,0,0,0.0,0,0,2026-10-05
267655,11,Ezequiel Vidal,PSIM Yogyakarta,Indonesia (Liga 1),IN1L,1,Gel. Serang,Midfielder,31,1995-08-02,False,Argentina,Asing Non-Asia,168,kiri,2025-07-09,-,2027-06-30,"Rp7,82Mlyr.",7821818182,7821818182,UNCHANGED,0,0,0,0,0.0,0,0,2026-10-05
292452,10,Zé Valente,PSIM Yogyakarta,Indonesia (Liga 1),IN1L,1,Gel. Serang,Midfielder,32,1994-05-14,False,Portugal,Asing Non-Asia,180,kiri,2025-07-01,"USC Paredes, FC Paços de Ferreira",2027-06-30,"Rp6,08Mlyr.",6083636364,6518181818,DECREASED,0,0,0,0,0.0,0,0,2026-10-05
867726,8,Savio Sheva,PSIM Yogyakarta,Indonesia (Liga 1),IN1L,1,Gel. Serang,Midfielder,25,2001-04-23,False,Indonesia,Lokal,167,kanan,2021-03-31,"PSS Sleman U17 (2017-2018), PSS Sleman U18 (2019-2020)",2028-06-30,"Rp2,61Mlyr.",2607272727,2172727273,INCREASED,0,0,0,0,0.0,0,0,2026-10-05
892868,6,Muhammad Iqbal,PSIM Yogyakarta,Indonesia (Liga 1),IN1L,1,Gel. Serang,Midfielder,25,2000-10-27,False,Indonesia,Lokal,169,kanan,2025-07-01,PPLP Sumbar (2015-2018),2027-06-30,"Rp1,74Mlyr.",1738181818,869090909,INCREASED,0,0,0,0,0.0,0,0,2026-10-05
663261,27,Riyatno Abiyoso,PSIM Yogyakarta,Indonesia (Liga 1),IN1L,1,Sayap Kiri,Attack,27,1999-01-18,False,Indonesia,Lokal,165,kiri,2025-07-01,"Persela U17 (2018), Persela U19 (2019)",2027-05-31,"Rp2,17Mlyr.",2172727273,2172727273,UNCHANGED,0,0,0,0,0.0,0,0,2026-10-05
298207,7,Marvin Loría,PSIM Yogyakarta,Indonesia (Liga 1),IN1L,1,Sayap Kanan,Attack,29,1997-04-24,False,Kosta Rika,Asing Non-Asia,177,kiri,2026-08-08,-,-,"Rp8,69Mlyr.",8690909091,12167272727,DECREASED,0,0,0,0,0.0,0,0,2026-10-05
817932,17,Andi Irfan,PSIM Yogyakarta,Indonesia (Liga 1),IN1L,1,Sayap Kanan,Attack,25,2001-05-25,False,Indonesia,Lokal,161,kanan,2025-07-01,"Tiga Naga U17 (2016-2017), Bhayangkara U19 (2018)
",2027-06-30,"Rp2,17Mlyr.",2172727273,2607272727,DECREASED,0,0,0,0,0.0,0,0,2026-10-05
454550,99,Nermin Haljeta,PSIM Yogyakarta,Indonesia (Liga 1),IN1L,1,Depan-Tengah,Attack,29,1997-06-07,False,Slovenia,Asing Non-Asia,195,kanan,2025-07-01,-,2027-06-30,"Rp6,08Mlyr.",6083636364,6518181818,DECREASED,0,0,0,0,0.0,0,0,2026-10-05
288228,20,Adrián Dalmau,PSIM Yogyakarta,Indonesia (Liga 1),IN1L,1,Depan-Tengah,Attack,32,1994-03-23,False,Spanyol,Asing Non-Asia,180,kanan,2026-07-28,-,-,"Rp3,48Mlyr.",3476363636,4345454545,DECREASED,0,0,0,0,0.0,0,0,2026-10-05
213988,9,Mauro Caballero,PSIM Yogyakarta,Indonesia (Liga 1),IN1L,1,Depan-Tengah,Attack,31,1994-10-08,False,Paraguay,Asing Non-Asia,184,kiri,2026-07-15,-,2027-07-14,"Rp2,61Mlyr.",2607272727,2607272727,UNCHANGED,0,0,0,0,0.0,0,0,2026-10-05
931918,93,Cyrus Margono,Java United FC,Indonesia (Liga 1),IN1L,1,Kiper,Goalkeeper,24,2001-11-09,False,Indonesia,Lokal,191,kanan,2026-08-23,"Met Oval Academy, University of Denver(8/2019-8/2020)",2027-06-30,"Rp3,04Mlyr.",3041818182,3476363636,DECREASED,0,0,0,0,0.0,0,0,2026-10-05
561249,33,Miswar Saputra,Java United FC,Indonesia (Liga 1),IN1L,1,Kiper,Goalkeeper,30,1996-04-19,False,Indonesia,Lokal,183,kanan,2026-08-23,PSSB Bireuen (2015),-,"Rp1,74Mlyr.",1738181818,1738181818,UNCHANGED,0,0,0,0,0.0,0,0,2026-10-05
1206621,1,Jorge Meurer,Java United FC,Indonesia (Liga 1),IN1L,1,Kiper,Goalkeeper,25,2001-04-03,False,Brasil,Asing Non-Asia,195,kanan,2026-08-23,-,-,-,0,0,STABLE,0,0,0,0,0.0,0,0,2026-10-05
1452160,28,Zahir Fazya,Java United FC,Indonesia (Liga 1),IN1L,1,Kiper,Goalkeeper,17,2009-06-11,True,Indonesia,Lokal,0,kanan,2025-07-01,PON Malut,-,-,0,0,STABLE,0,0,0,0,0.0,0,0,2026-10-05
919745,4,Gustavo França,Java United FC,Indonesia (Liga 1),IN1L,1,Bek-Tengah,Defender,30,1996-07-20,False,Brasil,Asing Non-Asia,188,kanan,2025-07-24,-,2027-06-30,"Rp6,52Mlyr.",6518181818,6083636364,INCREASED,0,0,0,0,0.0,0,0,2026-10-05
523606,3,Cleylton,Java United FC,Indonesia (Liga 1),IN1L,1,Bek-Tengah,Defender,33,1993-03-19,False,Brasil,Asing Non-Asia,190,kanan,2026-09-23,-,2027-05-31,"Rp3,48Mlyr.",3476363636,3910909091,DECREASED,0,0,0,0,0.0,0,0,2026-10-05
1345581,35,Ariel Kurung,Java United FC,Indonesia (Liga 1),IN1L,1,Bek-Tengah,Defender,21,2005-07-03,True,Indonesia,Lokal,176,kanan,2025-07-30,Malut United U20 (2024),-,"Rp2,17Mlyr.",2172727273,1738181818,INCREASED,0,0,0,0,0.0,0,0,2026-10-05
746984,85,Muhamad Firly,Java United FC,Indonesia (Liga 1),IN1L,1,Bek-Tengah,Defender,27,1999-07-16,False,Indonesia,Lokal,185,kanan,2026-08-24,"SSB Cinangka, SSB Pelita Jaya (2010-2016), Barito Putera U20",-,"Rp1,74Mlyr.",1738181818,1303636364,INCREASED,0,0,0,0,0.0,0,0,2026-10-05
875177,23,Yance Sayuri,Java United FC,Indonesia (Liga 1),IN1L,1,Bek-Kiri,Defender,29,1997-09-22,False,Indonesia,Lokal,165,kiri,2024-07-01,"Onsel FC
Persemi Mimika",-,"Rp5,65Mlyr.",5649090909,5649090909,UNCHANGED,0,0,0,0,0.0,0,0,2026-10-05
1152423,96,Iksan Lestaluhu,Java United FC,Indonesia (Liga 1),IN1L,1,Bek-Kiri,Defender,22,2003-10-13,True,Indonesia,Lokal,167,kiri,2026-08-24,Arema FC U20 (2024),-,"Rp1,74Mlyr.",1738181818,1303636364,INCREASED,0,0,0,0,0.0,0,0,2026-10-05
832211,6,Christian Gomis,Java United FC,Indonesia (Liga 1),IN1L,1,Gel. Bertahan,Midfielder,28,1998-08-25,False,Senegal,Asing Non-Asia,202,kiri,2026-08-01,"Stade Vernolitain, US Verneuil-sur-Seine, OFC Les Mureaux (-",-,"Rp6,95Mlyr.",6952727273,6952727273,UNCHANGED,0,0,0,0,0.0,0,0,2026-10-05
669933,5,Jonata Machado,Java United FC,Indonesia (Liga 1),IN1L,1,Gel. Bertahan,Midfielder,27,1999-07-06,False,Brasil,Asing Non-Asia,183,kanan,2026-08-25,-,-,"Rp5,21Mlyr.",5214545455,5649090909,DECREASED,0,0,0,0,0.0,0,0,2026-10-05
1023525,56,Ridho Syuhada,Java United FC,Indonesia (Liga 1),IN1L,1,Gel. Bertahan,Midfielder,22,2004-06-18,True,Indonesia,Lokal,167,kanan,2025-07-24,"SSB Gasela Lamandau (2012-2015) , SSB Kobar Muda (2015-2016)",-,"Rp1,30Mlyr.",1303636364,1303636364,UNCHANGED,0,0,0,0,0.0,0,0,2026-10-05
1056104,68,Tri Setiawan,Java United FC,Indonesia (Liga 1),IN1L,1,Gel. Bertahan,Midfielder,22,2004-05-20,True,Indonesia,Lokal,178,kanan,2025-07-24,-,-,"Rp1,30Mlyr.",1303636364,1738181818,DECREASED,0,0,0,0,0.0,0,0,2026-10-05
468254,28,Vander,Java United FC,Indonesia (Liga 1),IN1L,1,Gel. Bertahan,Midfielder,28,1998-09-13,False,Brasil,Asing Non-Asia,176,kanan,2026-09-21,-,-,-,0,1738181818,DECREASED,0,0,0,0,0.0,0,0,2026-10-05
417972,8,Kei Hirose,Java United FC,Indonesia (Liga 1),IN1L,1,Gel. Tengah,Midfielder,30,1995-11-20,False,Jepang,Asia (AFC),172,keduanya,2026-08-01,"Maebashi Ikuei HS, Senshu University",-,"Rp7,82Mlyr.",7821818182,6952727273,INCREASED,0,0,0,0,0.0,0,0,2026-10-05
1351670,67,Syahrul Ramadhani,Java United FC,Indonesia (Liga 1),IN1L,1,Gel. Tengah,Midfielder,19,2006-10-21,True,Indonesia,Lokal,179,kanan,2026-08-31,"Arema U18 (2023), Malut United U20 (2024-2026)",-,-,0,0,STABLE,0,0,0,0,0.0,0,0,2026-10-05
1022832,88,Fahreza Sudin,Java United FC,Indonesia (Liga 1),IN1L,1,Gel. Serang,Midfielder,26,2000-08-12,False,Indonesia,Lokal,168,kanan,2026-08-26,"Persiter U17 (2017), Villa FC 2000 Academy (2018), Binter Fo",-,"Rp3,04Mlyr.",3041818182,2607272727,INCREASED,0,0,0,0,0.0,0,0,2026-10-05
561225,21,Frets Butuan,Java United FC,Indonesia (Liga 1),IN1L,1,Sayap Kiri,Attack,30,1996-06-04,False,Indonesia,Lokal,167,kanan,2023-11-28,SSB Adidas Halbar,-,"Rp2,61Mlyr.",2607272727,2607272727,UNCHANGED,0,0,0,0,0.0,0,0,2026-10-05
592342,9,Kaio Nunes,Java United FC,Indonesia (Liga 1),IN1L,1,Sayap Kiri,Attack,30,1996-01-11,False,Brasil,Asing Non-Asia,180,kanan,2026-08-25,-,-,"Rp1,74Mlyr.",1738181818,1738181818,INCREASED,0,0,0,0,0.0,0,0,2026-10-05
1055519,77,Armando Oropa,Java United FC,Indonesia (Liga 1),IN1L,1,Sayap Kiri,Attack,23,2003-08-31,False,Indonesia,Lokal,178,kiri,2026-08-24,SSB Sapta Marga Saireri,-,"Rp1,74Mlyr.",1738181818,1738181818,UNCHANGED,0,0,0,0,0.0,0,0,2026-10-05
506460,11,Yabes Roni,Java United FC,Indonesia (Liga 1),IN1L,1,Sayap Kiri,Attack,31,1995-02-06,False,Indonesia,Lokal,168,keduanya,2026-08-26,"PS KDP (2010-2012), Persap Alor (2012-2014)",-,"Rp1,30Mlyr.",1303636364,1738181818,DECREASED,0,0,0,0,0.0,0,0,2026-10-05
663274,12,Yakob Sayuri,Java United FC,Indonesia (Liga 1),IN1L,1,Sayap Kanan,Attack,29,1997-09-22,False,Indonesia,Lokal,171,kanan,2024-07-01,"Onsel FC
Persemi Mimika",-,"Rp6,95Mlyr.",6952727273,6952727273,UNCHANGED,0,0,0,0,0.0,0,0,2026-10-05
81458,7,Ciro Alves,Java United FC,Indonesia (Liga 1),IN1L,1,Sayap Kanan,Attack,37,1989-04-18,False,Brasil,Asing Non-Asia,175,kanan,2025-07-23,"Salgueiro Atlético Clube (PE), Sport Recife (PE)",2027-06-30,"Rp3,04Mlyr.",3041818182,3476363636,DECREASED,0,0,0,0,0.0,0,0,2026-10-05
684999,14,Riyan Ardiansyah,Java United FC,Indonesia (Liga 1),IN1L,1,Sayap Kanan,Attack,30,1996-05-14,False,Indonesia,Lokal,174,kanan,2025-07-23,"PPLP Jateng (2011-2013), Persab Brebes (2013-2014), Persipa ",-,"Rp1,74Mlyr.",1738181818,1738181818,UNCHANGED,0,0,0,0,0.0,0,0,2026-10-05
1202422,19,Taufik Rustam,Java United FC,Indonesia (Liga 1),IN1L,1,Sayap Kanan,Attack,21,2005-02-21,True,Indonesia,Lokal,165,kanan,2025-07-24,"SSB Binter Academy Ternate, Persiter Youth (2023), Persija U",-,"Rp1,30Mlyr.",1303636364,434545455,INCREASED,0,0,0,0,0.0,0,0,2026-10-05
1345605,80,Aprilian Bernadus,Java United FC,Indonesia (Liga 1),IN1L,1,Sayap Kanan,Attack,21,2005-04-08,True,Indonesia,Lokal,169,kiri,2025-07-30,Malut United U20 (2024),-,"Rp173,82Jt.",173818182,173818182,UNCHANGED,0,0,0,0,0.0,0,0,2026-10-05
686044,70,Gustavo Almeida,Java United FC,Indonesia (Liga 1),IN1L,1,Depan-Tengah,Attack,30,1996-07-25,False,Brasil,Asing Non-Asia,185,kanan,2026-09-02,-,-,"Rp4,78Mlyr.",4780000000,5214545455,DECREASED,0,0,0,0,0.0,0,0,2026-10-05
190933,17,David da Silva,Java United FC,Indonesia (Liga 1),IN1L,1,Depan-Tengah,Attack,36,1989-11-12,False,Brasil,Asing Non-Asia,185,kanan,2025-07-24,-,-,"Rp1,74Mlyr.",1738181818,2172727273,DECREASED,0,0,0,0,0.0,0,0,2026-10-05
1345603,99,Rifael Salmon,Java United FC,Indonesia (Liga 1),IN1L,1,Depan-Tengah,Attack,21,2005-08-05,True,Indonesia,Lokal,169,kanan,2025-07-30,Malut United U20 (2024-2025),-,"Rp173,82Jt.",173818182,173818182,UNCHANGED,0,0,0,0,0.0,0,0,2026-10-05
902685,65,Rudi Nurdin,PSMS Medan,Indonesia (Liga 2),ILI2,2,Kiper,Goalkeeper,27,1999-04-02,False,Indonesia,Lokal,189,kanan,2026-07-07,PPLP Maluku Utara,-,"Rp1,74Mlyr.",1738181818,1303636364,INCREASED,0,0,0,0,0.0,0,0,2026-10-05
354932,1,Muhammad Natshir,PSMS Medan,Indonesia (Liga 2),ILI2,2,Kiper,Goalkeeper,33,1993-02-13,False,Indonesia,Lokal,182,kanan,2026-07-07,"PERSIB Bandung (2006-2008), Pelita Jaya (2008-2011), Arema I",-,"Rp869,09Jt.",869090909,1303636364,DECREASED,0,0,0,0,0.0,0,0,2026-10-05
940455,22,Ahmad Gunandi,PSMS Medan,Indonesia (Liga 2),ILI2,2,Kiper,Goalkeeper,26,2000-01-01,False,Indonesia,Lokal,0,kanan,2025-08-05,Bhayangkara U20 (2019),2027-06-30,"Rp434,55Jt.",434545455,434545455,UNCHANGED,0,0,0,0,0.0,0,0,2026-10-05
721937,31,Fakhrurrazi Quba,PSMS Medan,Indonesia (Liga 2),ILI2,2,Kiper,Goalkeeper,37,1989-09-29,False,Indonesia,Lokal,178,kanan,2024-07-08,"PSBL Langsa (2008), PSLS Lhokseumawe (2009)
",2027-06-30,"Rp434,55Jt.",434545455,434545455,UNCHANGED,0,0,0,0,0.0,0,0,2026-10-05
284741,3,Ângelo Meneses,PSMS Medan,Indonesia (Liga 2),ILI2,2,Bek-Tengah,Defender,33,1993-07-03,False,Portugal,Asing Non-Asia,189,kanan,2026-07-17,FC Famalicão (2001-2004),-,"Rp3,91Mlyr.",3910909091,4345454545,DECREASED,0,0,0,0,0.0,0,0,2026-10-05
719341,96,Azis Hutagalung,PSMS Medan,Indonesia (Liga 2),ILI2,2,Bek-Tengah,Defender,30,1996-01-12,False,Indonesia,Lokal,180,kanan,2026-07-07,"Bintang Muda Sorkam (2008), PON Sumut (2016)",-,"Rp2,17Mlyr.",2172727273,2172727273,UNCHANGED,0,0,0,0,0.0,0,0,2026-10-05
1312375,5,Bintang Arrahim,PSMS Medan,Indonesia (Liga 2),ILI2,2,Bek-Tengah,Defender,22,2004-05-01,True,Indonesia,Lokal,181,kanan,2026-07-07,"SSB Pelita Bangsa, SSB Persegat FC, SKO Sumatera Barat (2019",-,"Rp1,30Mlyr.",1303636364,869090909,INCREASED,0,0,0,0,0.0,0,0,2026-10-05
1010076,23,Sulthan Zaky,PSMS Medan,Indonesia (Liga 2),ILI2,2,Bek-Tengah,Defender,20,2006-03-23,True,Indonesia,Lokal,184,kanan,2026-07-19,PSM Makassar U16 (2021),-,"Rp869,09Jt.",869090909,434545455,INCREASED,0,0,0,0,0.0,0,0,2026-10-05
644068,55,Asyraq Gufron,PSMS Medan,Indonesia (Liga 2),ILI2,2,Bek-Tengah,Defender,30,1996-02-09,False,Indonesia,Lokal,175,kanan,2026-07-19,"Persibo Bojonegoro (2012), Bhayangkara FC U19 (2017)",-,"Rp434,55Jt.",434545455,434545455,INCREASED,0,0,0,0,0.0,0,0,2026-10-05
560981,12,Samuel Simanjuntak,PSMS Medan,Indonesia (Liga 2),ILI2,2,Bek-Kiri,Defender,27,1999-07-31,False,Indonesia,Lokal,172,kiri,2026-07-07,"Jakarta Football Academy, Royal European FA (2016), Persija ",-,"Rp1,30Mlyr.",1303636364,1303636364,UNCHANGED,0,0,0,0,0.0,0,0,2026-10-05
1050308,2,Rayhan Utina,PSMS Medan,Indonesia (Liga 2),ILI2,2,Bek-Kiri,Defender,22,2004-08-08,True,Indonesia,Lokal,175,kiri,2026-07-07,"Firman Utina Academy, Kalteng Putra U16 (2019), Persija U16 ",-,"Rp869,09Jt.",869090909,869090909,UNCHANGED,0,0,0,0,0.0,0,0,2026-10-05
1007607,4,Haykal Alhafiz,PSMS Medan,Indonesia (Liga 2),ILI2,2,Bek-Kiri,Defender,25,2001-03-24,False,Indonesia,Lokal,172,kiri,2026-09-04,"Persida Sidoarjo Youth (2018), UNTAG Rosita (2019), Persebay",-,"Rp869,09Jt.",869090909,1303636364,DECREASED,0,0,0,0,0.0,0,0,2026-10-05
1032156,26,Rizdjar Nurviat,PSMS Medan,Indonesia (Liga 2),ILI2,2,Bek-Kanan,Defender,20,2006-01-02,True,Indonesia,Lokal,179,kanan,2026-07-07,"SSB Igoku Cirebon, SSB Bina Sentra (2016-2017), Borneo FC U1",-,"Rp1,30Mlyr.",1303636364,1303636364,UNCHANGED,0,0,0,0,0.0,0,0,2026-10-05
1347615,27,Rizky Syahputra,PSMS Medan,Indonesia (Liga 2),ILI2,2,Bek-Kanan,Defender,20,2006-06-27,True,Indonesia,Lokal,170,kanan,2026-09-06,"PPLP Sumut (-2024), PERSIS U20 (2024-2025)",-,-,0,0,STABLE,0,0,0,0,0.0,0,0,2026-10-05
264765,69,Manahati Lestusen,PSMS Medan,Indonesia (Liga 2),ILI2,2,Gel. Bertahan,Midfielder,32,1993-12-17,False,Indonesia,Lokal,168,kanan,2026-07-07,"Deportivo Indonesia (2010–2012)
Peñarol (2012, on loan)",-,"Rp2,61Mlyr.",2607272727,3041818182,DECREASED,0,0,0,0,0.0,0,0,2026-10-05
818631,68,Farhan Rahman,PSMS Medan,Indonesia (Liga 2),ILI2,2,Gel. Bertahan,Midfielder,24,2002-03-03,False,Indonesia,Lokal,167,kanan,2026-01-13,"SSB Tidola (-2016), SSB Mitra Manakarra (2016-2017), PSM U17",-,"Rp1,30Mlyr.",1303636364,869090909,INCREASED,0,0,0,0,0.0,0,0,2026-10-05
1172707,8,Adlin Cahya,PSMS Medan,Indonesia (Liga 2),ILI2,2,Gel. Tengah,Midfielder,22,2004-05-06,True,Indonesia,Lokal,175,kanan,2026-07-07,Dewa United U20 (2022-2023),-,"Rp1,30Mlyr.",1303636364,869090909,INCREASED,0,0,0,0,0.0,0,0,2026-10-05
1339452,28,Zaki Alim,PSMS Medan,Indonesia (Liga 2),ILI2,2,Gel. Tengah,Midfielder,20,2006-07-28,True,Indonesia,Lokal,165,kanan,2026-07-07,"Dewa United U18 (2023-2024), Dewa United U20 (2024)",-,"Rp434,55Jt.",434545455,434545455,STABLE,0,0,0,0,0.0,0,0,2026-10-05
1346376,24,Akram Albar,PSMS Medan,Indonesia (Liga 2),ILI2,2,Gel. Tengah,Midfielder,20,2006-01-11,True,Indonesia,Lokal,167,kanan,2026-08-13,"PERSIB U16 (2023), PERSIB U18 (2023), PERSIB U20 (2023-2024)",-,-,0,0,STABLE,0,0,0,0,0.0,0,0,2026-10-05
644075,15,Rangga Muslim,PSMS Medan,Indonesia (Liga 2),ILI2,2,Gel. Serang,Midfielder,32,1994-05-13,False,Indonesia,Lokal,166,keduanya,2026-07-07,Tunas Yogya (2013),-,"Rp869,09Jt.",869090909,869090909,UNCHANGED,0,0,0,0,0.0,0,0,2026-10-05
1182516,19,Pramoedya Putra,PSMS Medan,Indonesia (Liga 2),ILI2,2,Gel. Serang,Midfielder,20,2006-06-02,True,Indonesia,Lokal,173,kanan,2026-08-13,"Asia Football School (2019-), SSB Indocement (2021), Topskor",-,"Rp869,09Jt.",869090909,869090909,UNCHANGED,0,0,0,0,0.0,0,0,2026-10-05
1023521,10,Phillerson,PSMS Medan,Indonesia (Liga 2),ILI2,2,Sayap Kiri,Attack,27,1998-12-15,False,Brasil,Asing Non-Asia,175,kanan,2026-07-07,-,-,"Rp3,48Mlyr.",3476363636,2607272727,INCREASED,0,0,0,0,0.0,0,0,2026-10-05
746977,7,Irfan Jauhari,PSMS Medan,Indonesia (Liga 2),ILI2,2,Sayap Kiri,Attack,25,2001-01-31,False,Indonesia,Lokal,173,kanan,2026-07-07,"BJL 2000 (2018)
Bali United U18 (2019)",-,"Rp2,61Mlyr.",2607272727,2607272727,UNCHANGED,0,0,0,0,0.0,0,0,2026-10-05
1221262,13,Dani Saputra,PSMS Medan,Indonesia (Liga 2),ILI2,2,Sayap Kiri,Attack,20,2006-09-01,True,Indonesia,Lokal,170,kanan,2026-07-07,"Persiraja U16 (2021), Bina Sentra U16 (2022), Borneo FC U18 ",-,"Rp1,30Mlyr.",1303636364,173818182,INCREASED,0,0,0,0,0.0,0,0,2026-10-05
1050843,21,Ikhsan Chan,PSMS Medan,Indonesia (Liga 2),ILI2,2,Sayap Kanan,Attack,22,2004-05-01,True,Indonesia,Lokal,173,kanan,2026-07-07,Persiraja U18 (2021),-,"Rp1,30Mlyr.",1303636364,1303636364,UNCHANGED,0,0,0,0,0.0,0,0,2026-10-05
945737,54,Roken Tampubolon,PSMS Medan,Indonesia (Liga 2),ILI2,2,Sayap Kanan,Attack,27,1999-04-05,False,Indonesia,Lokal,160,kanan,2026-07-07,-,-,"Rp1,30Mlyr.",1303636364,1303636364,UNCHANGED,0,0,0,0,0.0,0,0,2026-10-05
506575,99,Rachmad Hidayat,PSMS Medan,Indonesia (Liga 2),ILI2,2,Sayap Kanan,Attack,35,1991-03-10,False,Indonesia,Lokal,172,kanan,2026-07-07,"SSB Putra Muda (-2005), Medan United (2005-2009), PSMS Medan",-,"Rp869,09Jt.",869090909,869090909,UNCHANGED,0,0,0,0,0.0,0,0,2026-10-05
521547,9,Javi Siverio,PSMS Medan,Indonesia (Liga 2),ILI2,2,Depan-Tengah,Attack,28,1997-11-14,False,Spanyol,Asing Non-Asia,182,kanan,2026-07-01,-,-,"Rp4,35Mlyr.",4345454545,5214545455,DECREASED,0,0,0,0,0.0,0,0,2026-10-05
1149714,30,Muhammad Ragil,PSMS Medan,Indonesia (Liga 2),ILI2,2,Depan-Tengah,Attack,21,2005-05-08,True,Indonesia,Lokal,184,kanan,2026-09-01,"SSB Gumarang (2013), SSB Sampali (2017), Diklat Merden (2020",-,"Rp1,74Mlyr.",1738181818,1303636364,INCREASED,0,0,0,0,0.0,0,0,2026-10-05
1339456,14,Raihan Utama,PSMS Medan,Indonesia (Liga 2),ILI2,2,Depan-Tengah,Attack,20,2006-04-24,True,Indonesia,Lokal,172,kanan,2026-07-07,"Cipta Cendikia Football Academy, Garuda Select V (2022-2023)",-,"Rp1,30Mlyr.",1303636364,434545455,INCREASED,0,0,0,0,0.0,0,0,2026-10-05
731870,17,Taufik Hidayat,PSMS Medan,Indonesia (Liga 2),ILI2,2,Depan-Tengah,Attack,26,1999-12-16,False,Indonesia,Lokal,179,kanan,2026-07-07,"Persikab U17 (2016), PERSIB U17 (2017), Sriwijaya U19 (2017-",-,"Rp1,30Mlyr.",1303636364,1303636364,UNCHANGED,0,0,0,0,0.0,0,0,2026-10-05
1031926,12,Ikram Al Giffari,Semen Padang FC,Indonesia (Liga 2),ILI2,2,Kiper,Goalkeeper,20,2006-01-06,True,Indonesia,Lokal,182,kanan,2022-11-03,"SSB Remaja Tarusan (2016), SSB Lilingga Dharmasraya (2017), ",2027-05-31,"Rp3,04Mlyr.",3041818182,3041818182,UNCHANGED,0,0,0,0,0.0,0,0,2026-10-05
506567,31,Dikri Yusron,Semen Padang FC,Indonesia (Liga 2),ILI2,2,Kiper,Goalkeeper,31,1995-01-08,False,Indonesia,Lokal,180,kanan,2026-07-07,"Deportivo Indonesia (2012), PERSIB Bandung (2013-2015), Sriw",-,"Rp1,30Mlyr.",1303636364,1303636364,UNCHANGED,0,0,0,0,0.0,0,0,2026-10-05
666713,89,Iqbal Bachtiar,Semen Padang FC,Indonesia (Liga 2),ILI2,2,Kiper,Goalkeeper,28,1998-05-02,False,Indonesia,Lokal,187,kanan,2025-07-12,"SSB Bulog, SSB Persada, Frenz United (2012-2014), Semen Pada",2027-06-30,"Rp173,82Jt.",173818182,173818182,INCREASED,0,0,0,0,0.0,0,0,2026-10-05
1458642,1,Mulyadi Rani,Semen Padang FC,Indonesia (Liga 2),ILI2,2,Kiper,Goalkeeper,20,2006-04-26,True,Indonesia,Lokal,180,kanan,2026-07-13,"Persik Kediri U16, Arema U20 (2023-2024), PON Sulawesi Selat",-,-,0,0,STABLE,0,0,0,0,0.0,0,0,2026-10-05
559286,27,Safrudin Tahar,Semen Padang FC,Indonesia (Liga 2),ILI2,2,Bek-Tengah,Defender,32,1993-12-13,False,Indonesia,Lokal,172,kanan,2026-07-07,Persija U21 (2009),-,"Rp3,48Mlyr.",3476363636,3910909091,DECREASED,0,0,0,0,0.0,0,0,2026-10-05
1156278,4,Anwar Rifai,Semen Padang FC,Indonesia (Liga 2),ILI2,2,Bek-Tengah,Defender,25,2001-01-23,False,Indonesia,Lokal,180,kanan,2026-07-07,"Persija Muda (2019), PON DKI Jakarta (2019), AD Sports FC La",-,"Rp1,30Mlyr.",1303636364,1303636364,UNCHANGED,0,0,0,0,0.0,0,0,2026-10-05
692139,17,Nurdiansyah,Semen Padang FC,Indonesia (Liga 2),ILI2,2,Bek-Tengah,Defender,27,1998-12-18,False,Indonesia,Lokal,176,kiri,2026-07-07,Borneo FC (2015-2017),-,"Rp1,30Mlyr.",1303636364,1303636364,UNCHANGED,0,0,0,0,0.0,0,0,2026-10-05
941714,3,Octovianus Kapisa,Semen Padang FC,Indonesia (Liga 2),ILI2,2,Bek-Tengah,Defender,29,1996-12-15,False,Indonesia,Lokal,184,kiri,2026-07-07,"SSB Asasi Nafri, SSB Santos Biak",-,"Rp869,09Jt.",869090909,869090909,UNCHANGED,0,0,0,0,0.0,0,0,2026-10-05
561012,5,Erwin Gutawa,Semen Padang FC,Indonesia (Liga 2),ILI2,2,Bek-Tengah,Defender,34,1992-07-06,False,Indonesia,Lokal,175,kanan,2026-07-07,"Samaenre 90 FC, Tonra Muda FC
",-,"Rp434,55Jt.",434545455,434545455,UNCHANGED,0,0,0,0,0.0,0,0,2026-10-05
226941,26,Igor Cukovic,Semen Padang FC,Indonesia (Liga 2),ILI2,2,Bek-Tengah,Defender,33,1993-06-06,False,Montenegro,Asing Non-Asia,191,kanan,2026-07-07,-,-,"Rp434,55Jt.",434545455,434545455,UNCHANGED,0,0,0,0,0.0,0,0,2026-10-05
1032151,42,Andre Pangestu,Semen Padang FC,Indonesia (Liga 2),ILI2,2,Bek-Tengah,Defender,20,2006-01-22,True,Indonesia,Lokal,184,kiri,2026-07-07,"SSB Putra Dewata Bali (2019), Bali United U16 (2021-2022), G",-,"Rp434,55Jt.",434545455,434545455,UNCHANGED,0,0,0,0,0.0,0,0,2026-10-05
506162,28,Rezaldi Hehanussa,Semen Padang FC,Indonesia (Liga 2),ILI2,2,Bek-Kiri,Defender,30,1995-11-07,False,Indonesia,Lokal,178,kiri,2026-07-07,"ASIOP Apacinti (2005-2006), Villa 2000 (2007-2012), Persitan",-,"Rp2,17Mlyr.",2172727273,2607272727,DECREASED,0,0,0,0,0.0,0,0,2026-10-05
735557,2,Bagas Kaffa,Semen Padang FC,Indonesia (Liga 2),ILI2,2,Bek-Kanan,Defender,24,2002-01-16,False,Indonesia,Lokal,174,kanan,2026-07-07,"SSB Nagapakca
SSB Putra Harapan Magelang
GISSI Magelang
A",-,"Rp2,17Mlyr.",2172727273,2607272727,DECREASED,0,0,0,0,0.0,0,0,2026-10-05
506161,11,Novri Setiawan,Semen Padang FC,Indonesia (Liga 2),ILI2,2,Bek-Kanan,Defender,32,1993-11-11,False,Indonesia,Lokal,173,keduanya,2026-07-07,"SSB Campago, Persepar Padang Pariaman, Deportivo Indonesia (",-,"Rp1,74Mlyr.",1738181818,2172727273,DECREASED,0,0,0,0,0.0,0,0,2026-10-05
1037453,19,Agim Fariansyah,Semen Padang FC,Indonesia (Liga 2),ILI2,2,Bek-Kanan,Defender,27,1998-11-03,False,Indonesia,Lokal,165,kanan,2026-07-07,-,-,"Rp869,09Jt.",869090909,869090909,UNCHANGED,0,0,0,0,0.0,0,0,2026-10-05
1475070,30,Ghifari Azhhari,Semen Padang FC,Indonesia (Liga 2),ILI2,2,Bek-Kanan,Defender,19,2007-09-15,True,Indonesia,Lokal,0,kanan,2026-01-22,-,2027-06-30,"Rp173,82Jt.",173818182,173818182,STABLE,0,0,0,0,0.0,0,0,2026-10-05
1032393,73,Zulkifli Lukmansyah,Semen Padang FC,Indonesia (Liga 2),ILI2,2,Bek-Kanan,Defender,20,2006-09-08,True,Indonesia,Lokal,166,kanan,2026-07-07,"SSB Jatira Bandung, Diklat PERSIB, PERSIB U16 (2021-2023), P",-,-,0,0,STABLE,0,0,0,0,0.0,0,0,2026-10-05
506126,88,Alwi Slamat,Semen Padang FC,Indonesia (Liga 2),ILI2,2,Gel. Bertahan,Midfielder,27,1998-12-16,False,Indonesia,Lokal,168,kiri,2026-07-07,Semen Padang U21,-,"Rp2,17Mlyr.",2172727273,2607272727,DECREASED,0,0,0,0,0.0,0,0,2026-10-05
506167,8,Muhammad Hargianto,Semen Padang FC,Indonesia (Liga 2),ILI2,2,Gel. Bertahan,Midfielder,30,1996-07-24,False,Indonesia,Lokal,168,kanan,2026-07-07,"SSB Banteng Muda (2004), SSB Rajawali Muda (2009), IFA (2010",-,"Rp1,74Mlyr.",1738181818,1738181818,UNCHANGED,0,0,0,0,0.0,0,0,2026-10-05
734645,18,Kemaluddin,Semen Padang FC,Indonesia (Liga 2),ILI2,2,Gel. Bertahan,Midfielder,27,1999-04-28,False,Indonesia,Lokal,167,kanan,2026-07-07,"PPLP Central Java, Persebaya U20 (2019)",-,"Rp869,09Jt.",869090909,869090909,UNCHANGED,0,0,0,0,0.0,0,0,2026-10-05
1475072,90,Arif Rahman,Semen Padang FC,Indonesia (Liga 2),ILI2,2,Gel. Bertahan,Midfielder,20,2006-03-11,True,Indonesia,Lokal,0,kanan,2026-07-14,-,-,-,0,0,STABLE,0,0,0,0,0.0,0,0,2026-10-05
735558,66,David Maulana,Semen Padang FC,Indonesia (Liga 2),ILI2,2,Gel. Tengah,Midfielder,24,2002-02-25,False,Indonesia,Lokal,169,kiri,2026-07-07,"SSB PTP Wilayah 1 Sumut, PSSA Asahan U15 (2017), PPLP Sumate",-,"Rp1,30Mlyr.",1303636364,869090909,INCREASED,0,0,0,0,0.0,0,0,2026-10-05
257478,33,Lazar Zlicic,Semen Padang FC,Indonesia (Liga 2),ILI2,2,Gel. Tengah,Midfielder,29,1997-02-07,False,Serbia,Asing Non-Asia,182,kanan,2026-07-17,-,2028-05-31,"Rp869,09Jt.",869090909,1303636364,DECREASED,0,0,0,0,0.0,0,0,2026-10-05
596308,96,Sávio Roberto,Semen Padang FC,Indonesia (Liga 2),ILI2,2,Gel. Serang,Midfielder,30,1996-04-30,False,Brasil,Asing Non-Asia,189,kanan,2026-09-25,-,-,"Rp6,08Mlyr.",6083636364,6083636364,UNCHANGED,0,0,0,0,0.0,0,0,2026-10-05
506018,25,Gian Zola,Semen Padang FC,Indonesia (Liga 2),ILI2,2,Gel. Serang,Midfielder,28,1998-08-05,False,Indonesia,Lokal,165,kiri,2026-07-07,"SSB POR UNI (2004-2008), Diklat PERSIB (2008-2014), PERSIB (",-,"Rp1,74Mlyr.",1738181818,1738181818,UNCHANGED,0,0,0,0,0.0,0,0,2026-10-05
195271,6,Stefano Lilipaly,Semen Padang FC,Indonesia (Liga 2),ILI2,2,Sayap Kiri,Attack,36,1990-01-10,False,Indonesia,Lokal,175,kanan,2026-07-15,"DCG (1997-2000). AZ Alkmaar (2000-2001), FC Utrecht (2001-20",-,"Rp3,04Mlyr.",3041818182,3476363636,DECREASED,0,0,0,0,0.0,0,0,2026-10-05
908800,15,Firman Juliansyah,Semen Padang FC,Indonesia (Liga 2),ILI2,2,Sayap Kiri,Attack,23,2003-07-07,False,Indonesia,Lokal,163,kanan,2021-07-05,PPLP Sumbar (2018-2021),2027-05-31,"Rp1,74Mlyr.",1738181818,2172727273,DECREASED,0,0,0,0,0.0,0,0,2026-10-05
311681,23,Esteban Vizcarra,Semen Padang FC,Indonesia (Liga 2),ILI2,2,Sayap Kiri,Attack,40,1986-04-11,False,Indonesia,Lokal,175,keduanya,2026-07-07,-,-,"Rp173,82Jt.",173818182,173818182,UNCHANGED,0,0,0,0,0.0,0,0,2026-10-05
252685,91,Rahmat,Semen Padang FC,Indonesia (Liga 2),ILI2,2,Sayap Kiri,Attack,38,1988-05-28,False,Indonesia,Lokal,173,kanan,2026-07-01,PSM Makassar,-,"Rp173,82Jt.",173818182,173818182,UNCHANGED,0,0,0,0,0.0,0,0,2026-10-05
719111,98,Ari Maring,Semen Padang FC,Indonesia (Liga 2),ILI2,2,Sayap Kanan,Attack,28,1998-06-15,False,Indonesia,Lokal,175,kanan,2026-07-07,"SSB Ideal Narmada (-2017), Bali United U19 (2017)",-,"Rp2,17Mlyr.",2172727273,1738181818,INCREASED,0,0,0,0,0.0,0,0,2026-10-05
723807,77,Kasim Botan,Semen Padang FC,Indonesia (Liga 2),ILI2,2,Sayap Kanan,Attack,29,1997-04-14,False,Indonesia,Lokal,170,kanan,2026-07-07,"Akademi Harbi Putra Samarinda, Harbi Putra Samarinda (2014-2",-,"Rp1,30Mlyr.",1303636364,1738181818,DECREASED,0,0,0,0,0.0,0,0,2026-10-05
789427,93,Júnior Batista,Semen Padang FC,Indonesia (Liga 2),ILI2,2,Depan-Tengah,Attack,33,1993-04-11,False,Brasil,Asing Non-Asia,192,kanan,2026-08-19,-,-,"Rp2,17Mlyr.",2172727273,2607272727,DECREASED,0,0,0,0,0.0,0,0,2026-10-05
506380,10,Irvan Mofu,Semen Padang FC,Indonesia (Liga 2),ILI2,2,Depan-Tengah,Attack,31,1995-02-05,False,Indonesia,Lokal,180,kanan,2026-07-07,-,-,"Rp1,30Mlyr.",1303636364,1303636364,UNCHANGED,0,0,0,0,0.0,0,0,2026-10-05
48765,9,Ilija Spasojević,Semen Padang FC,Indonesia (Liga 2),ILI2,2,Depan-Tengah,Attack,39,1987-09-11,False,Indonesia,Lokal,187,keduanya,2026-07-07,-,-,"Rp869,09Jt.",869090909,1303636364,DECREASED,0,0,0,0,0.0,0,0,2026-10-05
1486023,7,Ilham Pratama,Semen Padang FC,Indonesia (Liga 2),ILI2,2,Depan-Tengah,Attack,19,2007-07-02,True,Indonesia,Lokal,0,kanan,2026-07-07,"PSM U16, PSM U18 (-2026)",-,-,0,0,STABLE,0,0,0,0,0.0,0,0,2026-10-05
1275392,20,Mierza Firjatullah,Semen Padang FC,Indonesia (Liga 2),ILI2,2,Depan-Tengah,Attack,17,2009-02-15,True,Indonesia,Lokal,175,kanan,2026-08-20,"SSB Saint Prima, SSB UNI, Asiana Soccer School, Dewa United ",-,-,0,0,STABLE,0,0,0,0,0.0,0,0,2026-10-05
1144122,31,Zaenuri Azhar,Persikad,Indonesia (Liga 2),ILI2,2,Kiper,Goalkeeper,24,2002-03-16,False,Indonesia,Lokal,0,kanan,2026-08-23,"Citeureup Raya FC (2021), Persikabo U20 (2022)",-,"Rp434,55Jt.",434545455,434545455,UNCHANGED,0,0,0,0,0.0,0,0,2026-10-05
1304539,23,Yehezkiel Petra,Persikad,Indonesia (Liga 2),ILI2,2,Kiper,Goalkeeper,20,2006-04-21,True,Indonesia,Lokal,178,kanan,2025-09-01,"Bhayangkara FC U18 (2023-2024), SSB Seven Three (-2024), Nus",2027-06-30,"Rp173,82Jt.",173818182,173818182,STABLE,0,0,0,0,0.0,0,0,2026-10-05
1275352,48,Dafa Al Gasemi,Persikad,Indonesia (Liga 2),ILI2,2,Kiper,Goalkeeper,18,2008-02-12,True,Indonesia,Lokal,185,kanan,2026-09-13,"SSB ASAD 313 (-2023), Asiana Soccer School (2023-2024), Dewa",-,-,0,0,STABLE,0,0,0,0,0.0,0,0,2026-10-05
1339433,80,Ghana Hadi,Persikad,Indonesia (Liga 2),ILI2,2,Kiper,Goalkeeper,20,2006-07-08,True,Indonesia,Lokal,178,kanan,2026-09-11,"Villa 2000 (2018-2021), Persija Youth (2021-2023). Dewa Unit",-,-,0,0,STABLE,0,0,0,0,0.0,0,0,2026-10-05
1474139,82,Azrial Aksa,Persikad,Indonesia (Liga 2),ILI2,2,Kiper,Goalkeeper,19,2007-06-08,True,Indonesia,Lokal,0,kanan,2026-09-24,"SSB Saint Prima (2021), Borneo FC Junior (2022), PERSIB Band",-,-,0,0,STABLE,0,0,0,0,0.0,0,0,2026-10-05
1034284,2,Habib Omar Fofana,Persikad,Indonesia (Liga 2),ILI2,2,Bek-Tengah,Defender,27,1998-11-16,False,Pantai Gading,Asing Non-Asia,192,kiri,2026-08-28,-,-,"Rp1,30Mlyr.",1303636364,1303636364,UNCHANGED,0,0,0,0,0.0,0,0,2026-10-05
1017339,32,Yudi Safrizal,Persikad,Indonesia (Liga 2),ILI2,2,Bek-Tengah,Defender,27,1999-06-09,False,Indonesia,Lokal,179,kanan,2025-09-01,"PON Sumut (2019)
",2027-06-30,"Rp1,30Mlyr.",1303636364,869090909,INCREASED,0,0,0,0,0.0,0,0,2026-10-05
1032155,16,Ibnu Yazid,Persikad,Indonesia (Liga 2),ILI2,2,Bek-Tengah,Defender,20,2006-01-18,True,Indonesia,Lokal,183,kanan,2026-08-22,"CISS Soccer Skill, AIA Junior Cup (2018), Erlangga FA (2020)",-,"Rp434,55Jt.",434545455,173818182,INCREASED,0,0,0,0,0.0,0,0,2026-10-05
506505,22,Herwin Saputra,Persikad,Indonesia (Liga 2),ILI2,2,Bek-Tengah,Defender,35,1991-01-10,False,Indonesia,Lokal,180,kiri,2026-08-27,PSM Makassar U21 (2009),-,"Rp434,55Jt.",434545455,434545455,UNCHANGED,0,0,0,0,0.0,0,0,2026-10-05
1594169,26,Roman Badawi,Persikad,Indonesia (Liga 2),ILI2,2,Bek-Tengah,Defender,18,2008-09-05,True,Indonesia,Lokal,173,kanan,2026-09-02,Garudayaksa U19 (2026),-,-,0,0,STABLE,0,0,0,0,0.0,0,0,2026-10-05
506520,30,Rendy Saputra,Persikad,Indonesia (Liga 2),ILI2,2,Bek-Kiri,Defender,37,1989-09-16,False,Indonesia,Lokal,175,keduanya,2026-08-27,-,-,-,0,173818182,DECREASED,0,0,0,0,0.0,0,0,2026-10-05
1586325,20,Salim Maidullah,Persikad,Indonesia (Liga 2),ILI2,2,Bek-Kiri,Defender,20,2005-11-20,True,Indonesia,Lokal,0,kanan,2026-08-22,-,-,-,0,0,STABLE,0,0,0,0,0.0,0,0,2026-10-05
1051941,14,Imus Wiranda,Persikad,Indonesia (Liga 2),ILI2,2,Bek-Kanan,Defender,24,2002-08-14,False,Indonesia,Lokal,165,kanan,2025-08-26,-,2027-06-30,"Rp1,30Mlyr.",1303636364,869090909,INCREASED,0,0,0,0,0.0,0,0,2026-10-05
1099034,6,Ade Suryana,Persikad,Indonesia (Liga 2),ILI2,2,Bek-Kanan,Defender,26,2000-03-12,False,Indonesia,Lokal,170,kanan,2026-08-23,Persikabo U18 (2017),-,-,0,434545455,DECREASED,0,0,0,0,0.0,0,0,2026-10-05
719488,53,Dolly Gultom,Persikad,Indonesia (Liga 2),ILI2,2,Gel. Bertahan,Midfielder,33,1993-03-05,False,Indonesia,Lokal,170,kanan,2026-01-14,Deportivo Indonesia (2010-2011),-,"Rp173,82Jt.",173818182,173818182,UNCHANGED,0,0,0,0,0.0,0,0,2026-10-05
1312369,15,Fikri Firdaus,Persikad,Indonesia (Liga 2),ILI2,2,Gel. Tengah,Midfielder,24,2002-07-31,False,Indonesia,Lokal,170,kanan,2026-08-23,-,-,-,0,434545455,DECREASED,0,0,0,0,0.0,0,0,2026-10-05
746951,95,Sedek Tuakia,Persikad,Indonesia (Liga 2),ILI2,2,Gel. Tengah,Midfielder,24,2001-12-10,False,Indonesia,Lokal,167,kanan,2026-09-02,"SSB Nusantara Masohi (2018-2019), PS Pelauw Putra (-2019), B",-,-,0,434545455,DECREASED,0,0,0,0,0.0,0,0,2026-10-05
1353113,21,Nico Sitepu,Persikad,Indonesia (Liga 2),ILI2,2,Gel. Tengah,Midfielder,21,2004-12-09,True,Indonesia,Lokal,0,kanan,2026-08-13,"PSKB Binjai U17 (2022), Porprov Sumatera Utara (2022), PON S",-,-,0,0,STABLE,0,0,0,0,0.0,0,0,2026-10-05
719105,12,Fikri Ardiansyah,Persikad,Indonesia (Liga 2),ILI2,2,Gel. Serang,Midfielder,30,1995-12-25,False,Indonesia,Lokal,165,kiri,2025-09-06,-,2027-06-30,"Rp1,30Mlyr.",1303636364,869090909,INCREASED,0,0,0,0,0.0,0,0,2026-10-05
1288839,39,Assyifa Marhaen,Persikad,Indonesia (Liga 2),ILI2,2,Gel. Serang,Midfielder,20,2006-02-25,True,Indonesia,Lokal,170,kanan,2026-08-26,"Astanaga FC (2015), ASIOP Apacinti (2017-2021), Persija U16 ",-,-,0,173818182,DECREASED,0,0,0,0,0.0,0,0,2026-10-05
1340361,19,Fachry Ghulam,Persikad,Indonesia (Liga 2),ILI2,2,Gel. Serang,Midfielder,20,2006-09-19,True,Indonesia,Lokal,170,kanan,2026-08-22,"Persija Jakarta U18 (2023), Madura United U20 (2024-2025), P",-,-,0,0,STABLE,0,0,0,0,0.0,0,0,2026-10-05
1594170,24,Gilang Alviqi,Persikad,Indonesia (Liga 2),ILI2,2,Gel. Serang,Midfielder,18,2008-03-14,True,Indonesia,Lokal,0,kanan,2026-09-02,"Asiana SS, Dewa United U16 (2023-2024), Persik Kediri (2024-",-,-,0,0,STABLE,0,0,0,0,0.0,0,0,2026-10-05
1470794,46,Indra Pratama,Persikad,Indonesia (Liga 2),ILI2,2,Gel. Serang,Midfielder,20,2006-05-06,True,Indonesia,Lokal,0,kanan,2026-09-24,Arema U20 (2025-2026),-,-,0,0,STABLE,0,0,0,0,0.0,0,0,2026-10-05
1352908,5,Rizky Ananda,Persikad,Indonesia (Liga 2),ILI2,2,Gel. Tengah,Midfielder,24,2002-02-15,False,Indonesia,Lokal,0,kanan,2026-08-26,-,-,-,0,0,STABLE,0,0,0,0,0.0,0,0,2026-10-05
1594803,33,Pahri Al Mudzaki,Persikad,Indonesia (Liga 2),ILI2,2,Gel. Tengah,Midfielder,19,2007-06-23,True,Indonesia,Lokal,0,kanan,2026-09-03,"Bhayangkara U16 (2023), Semen Padang U18 (2024)",-,-,0,0,STABLE,0,0,0,0,0.0,0,0,2026-10-05
1586324,77,Yusril Tawainella,Persikad,Indonesia (Liga 2),ILI2,2,Gel. Tengah,Midfielder,19,2007-08-30,True,Indonesia,Lokal,0,kanan,2026-08-22,AGS Soccer School,-,-,0,0,STABLE,0,0,0,0,0.0,0,0,2026-10-05
903329,17,Ramdani Tawainella,Persikad,Indonesia (Liga 2),ILI2,2,Sayap Kiri,Attack,26,2000-01-01,False,Indonesia,Lokal,0,kanan,2026-08-22,"SSB Tulehu Putra, SSB ASIOP Apacinti (2014), PPLP Bogor (201",-,-,0,434545455,DECREASED,0,0,0,0,0.0,0,0,2026-10-05
589016,10,Jhon Mena,Persikad,Indonesia (Liga 2),ILI2,2,Sayap Kanan,Attack,29,1997-06-06,False,Kolombia,Asing Non-Asia,181,keduanya,2026-08-29,-,-,"Rp2,17Mlyr.",2172727273,1738181818,INCREASED,0,0,0,0,0.0,0,0,2026-10-05
1351590,11,Reyfaldo Hermawan,Persikad,Indonesia (Liga 2),ILI2,2,Sayap Kanan,Attack,20,2006-02-04,True,Indonesia,Lokal,160,kanan,2026-09-02,"Merden Football Academy (2021-2023), Persija Youth (2023-202",-,-,0,0,STABLE,0,0,0,0,0.0,0,0,2026-10-05
1472118,18,Satria Dwi,Persikad,Indonesia (Liga 2),ILI2,2,Sayap Kanan,Attack,18,2007-11-10,True,Indonesia,Lokal,0,kanan,2026-09-02,Dewa United U20 (2025-),-,-,0,0,STABLE,0,0,0,0,0.0,0,0,2026-10-05
1095825,9,Gustavo França,Persikad,Indonesia (Liga 2),ILI2,2,Depan-Tengah,Attack,24,2002-06-30,False,Brasil,Asing Non-Asia,188,kanan,2026-09-08,-,-,"Rp1,30Mlyr.",1303636364,1738181818,DECREASED,0,0,0,0,0.0,0,0,2026-10-05
719345,27,Faisal Ramadoni,Persikad,Indonesia (Liga 2),ILI2,2,Depan-Tengah,Attack,28,1998-01-20,False,Indonesia,Lokal,0,kanan,2021-11-01,"Porwil Kab. Mandailing Natal (2016-2017), Medan Utama FC (20",2027-06-30,"Rp869,09Jt.",869090909,869090909,UNCHANGED,0,0,0,0,0.0,0,0,2026-10-05
1594804,28,Arfin Syahputra,Persikad,Indonesia (Liga 2),ILI2,2,Gel. Tengah,Midfielder,18,2008-01-28,True,Indonesia,Lokal,0,kanan,2026-09-03,"Asiana SS, Dewa United U16 (2023-2024), Persik U18 (2024-202",-,-,0,0,STABLE,0,0,0,0,0.0,0,0,2026-10-05
746989,60,Yofandani Pranata,PSGC Ciamis,Indonesia (Liga 2),ILI2,2,Kiper,Goalkeeper,25,2001-04-09,False,Indonesia,Lokal,182,kanan,2026-09-02,"SSB Terang Bangsa (2014), PSIS Semarang U17 (2017), BJL 2000",-,"Rp434,55Jt.",434545455,434545455,UNCHANGED,0,0,0,0,0.0,0,0,2026-10-05
1346358,1,Raufa Aghastya,PSGC Ciamis,Indonesia (Liga 2),ILI2,2,Kiper,Goalkeeper,20,2005-11-25,True,Indonesia,Lokal,172,kanan,2026-08-21,"SSB Saint Prima (2018-2023) PERSIB U18 (2023), PERSIB U20 (2",-,-,0,0,STABLE,0,0,0,0,0.0,0,0,2026-10-05
1352913,23,Adinda Suryatama,PSGC Ciamis,Indonesia (Liga 2),ILI2,2,Kiper,Goalkeeper,19,2006-11-06,True,Indonesia,Lokal,0,kanan,2026-08-20,Safin Pati Sports School (2021-2024),-,-,0,0,STABLE,0,0,0,0,0.0,0,0,2026-10-05
94970,92,Min-hyeok Kim,PSGC Ciamis,Indonesia (Liga 2),ILI2,2,Bek-Tengah,Defender,34,1992-02-27,False,Korea Selatan,Asia (AFC),187,kanan,2026-09-01,"Yeosu Mipyeong Elementary School (여수미평초등학교, 2003),
Yeosu Gu",-,"Rp4,35Mlyr.",4345454545,5214545455,DECREASED,0,0,0,0,0.0,0,0,2026-10-05
1055631,15,Zikri Ferdiansyah,PSGC Ciamis,Indonesia (Liga 2),ILI2,2,Bek-Tengah,Defender,22,2003-12-20,True,Indonesia,Lokal,171,kanan,2026-08-12,Persik Kediri U20 (2024),-,"Rp869,09Jt.",869090909,869090909,UNCHANGED,0,0,0,0,0.0,0,0,2026-10-05
982610,21,Faris Abdul,PSGC Ciamis,Indonesia (Liga 2),ILI2,2,Bek-Tengah,Defender,23,2003-07-21,False,Indonesia,Lokal,172,kanan,2026-09-08,"SSB Siaga Pratama (-2018), Topskor Indonesia (2018-2019), TI",-,-,0,0,STABLE,0,0,0,0,0.0,0,0,2026-10-05
1346372,17,Odilo Pinutusta,PSGC Ciamis,Indonesia (Liga 2),ILI2,2,Bek-Tengah,Defender,21,2005-01-08,True,Indonesia,Lokal,175,kanan,2026-08-20,"ASIOP Football Academy (2018-2023), PERSIB U20 (2023-2024)",-,-,0,0,STABLE,0,0,0,0,0.0,0,0,2026-10-05
1346360,82,Alvin Kurniawan,PSGC Ciamis,Indonesia (Liga 2),ILI2,2,Bek-Tengah,Defender,20,2006-02-10,True,Indonesia,Lokal,162,kanan,2026-08-20,"PERSIB U18 (2023), PERSIB U20 (2024)",-,-,0,0,STABLE,0,0,0,0,0.0,0,0,2026-10-05
1017336,77,Fardan Harahap,PSGC Ciamis,Indonesia (Liga 2),ILI2,2,Bek-Kiri,Defender,26,2000-03-05,False,Indonesia,Lokal,168,kiri,2026-08-18,"Popnas Sumut (2017), Sriwijaya FC (2018), PON Sumut (2021)",-,"Rp1,30Mlyr.",1303636364,869090909,INCREASED,0,0,0,0,0.0,0,0,2026-10-05
1311161,71,Muhammad Fikram,PSGC Ciamis,Indonesia (Liga 2),ILI2,2,Bek-Kanan,Defender,22,2004-08-01,True,Indonesia,Lokal,0,kanan,2025-11-07,"Akademi PERSIB Cimahi (2020-2023), PERSIB U20 (2023-2024)",2027-06-30,-,0,173818182,DECREASED,0,0,0,0,0.0,0,0,2026-10-05
1408415,29,Kevin Pasha,PSGC Ciamis,Indonesia (Liga 2),ILI2,2,Bek-Kanan,Defender,19,2007-01-15,True,Indonesia,Lokal,0,kanan,2026-09-23,"PERSIB U16 (2023-2024), PERSIB U18 (2024-2025)",-,-,0,0,STABLE,0,0,0,0,0.0,0,0,2026-10-05
1353474,66,Surya Wardana,PSGC Ciamis,Indonesia (Liga 2),ILI2,2,Gel. Tengah,Midfielder,22,2004-09-27,True,Indonesia,Lokal,0,kanan,2024-12-01,PON Jawa Barat (2024),2027-06-30,-,0,0,STABLE,0,0,0,0,0.0,0,0,2026-10-05
1486863,78,Gianda Fateh,PSGC Ciamis,Indonesia (Liga 2),ILI2,2,Gel. Tengah,Midfielder,19,2007-04-26,True,Indonesia,Lokal,0,kanan,2025-11-22,"PERSIB U16 (2023-2024), PERSIB U18 (2024-2025)",2027-06-30,-,0,0,STABLE,0,0,0,0,0.0,0,0,2026-10-05
506021,6,Ahmad Baasith,PSGC Ciamis,Indonesia (Liga 2),ILI2,2,Gel. Bertahan,Midfielder,30,1996-06-15,False,Indonesia,Lokal,178,kanan,2026-08-11,"PERSIB, PON Jawa Barat (2016)",-,"Rp1,74Mlyr.",1738181818,1303636364,INCREASED,0,0,0,0,0.0,0,0,2026-10-05
575533,5,Iman Fathurahman,PSGC Ciamis,Indonesia (Liga 2),ILI2,2,Gel. Bertahan,Midfielder,32,1994-05-31,False,Indonesia,Lokal,175,kanan,2026-08-12,Pelita Bandung Raya (2013-2014),-,"Rp869,09Jt.",869090909,434545455,INCREASED,0,0,0,0,0.0,0,0,2026-10-05
506579,24,Ichsan Kurniawan,PSGC Ciamis,Indonesia (Liga 2),ILI2,2,Gel. Bertahan,Midfielder,30,1995-12-24,False,Indonesia,Lokal,169,kanan,2026-08-12,"Sriwijaya FC U21 (2011-2012), PON Sumatra Selatan (2016)",-,"Rp869,09Jt.",869090909,869090909,UNCHANGED,0,0,0,0,0.0,0,0,2026-10-05
1032770,91,Bagus Cahaya,PSGC Ciamis,Indonesia (Liga 2),ILI2,2,Gel. Bertahan,Midfielder,20,2006-08-03,True,Indonesia,Lokal,165,kanan,2026-08-20,"Diklat PERSIB (-2021), PERSIB U16 (2021-2022), PERSIB U18 (2",-,-,0,0,STABLE,0,0,0,0,0.0,0,0,2026-10-05
1261871,22,Darel Valentino,PSGC Ciamis,Indonesia (Liga 2),ILI2,2,Gel. Tengah,Midfielder,21,2005-05-06,True,Indonesia,Lokal,178,kiri,2026-08-20,"SSB Roksi FC (2021-2022), PERSIB Bandung U18 (2022-2024), Ga",-,"Rp173,82Jt.",173818182,434545455,DECREASED,0,0,0,0,0.0,0,0,2026-10-05
1113362,8,Darrell Ang,PSGC Ciamis,Indonesia (Liga 2),ILI2,2,Gel. Tengah,Midfielder,22,2004-01-02,True,Indonesia,Lokal,172,kiri,2026-08-11,"1.CfR Pforzheim (2020-2022), VFL Kurpfalz Neckarau (2022-202",-,-,0,0,STABLE,0,0,0,0,0.0,0,0,2026-10-05
1346367,20,Izmir Yandrika,PSGC Ciamis,Indonesia (Liga 2),ILI2,2,Gel. Tengah,Midfielder,20,2006-03-03,True,Indonesia,Lokal,157,kanan,2025-10-01,"PERSIB U18 (2023), PERSIB U20 (2024)",2027-06-30,-,0,0,STABLE,0,0,0,0,0.0,0,0,2026-10-05
1486861,12,Ghani Fathir,PSGC Ciamis,Indonesia (Liga 2),ILI2,2,Gelandang Kanan,Midfielder,18,2008-06-09,True,Indonesia,Lokal,0,kanan,2025-10-01,PSGC U17 (2023-2025),2027-06-30,-,0,0,STABLE,0,0,0,0,0.0,0,0,2026-10-05
431126,57,Johan Bonilla,PSGC Ciamis,Indonesia (Liga 2),ILI2,2,Gel. Serang,Midfielder,30,1996-05-30,False,Kosta Rika,Asing Non-Asia,168,kiri,2026-08-18,-,-,"Rp4,35Mlyr.",4345454545,3476363636,INCREASED,0,0,0,0,0.0,0,0,2026-10-05
561013,14,Ganjar Kurniawan,PSGC Ciamis,Indonesia (Liga 2),ILI2,2,Gel. Serang,Midfielder,32,1994-08-14,False,Indonesia,Lokal,175,kiri,2019-01-01,Pelita Jaya U21 (2013),2027-06-30,-,0,0,STABLE,0,0,0,0,0.0,0,0,2026-10-05
1474132,28,Muhammad Rokhmat,PSGC Ciamis,Indonesia (Liga 2),ILI2,2,Gel. Serang,Midfielder,19,2007-01-17,True,Indonesia,Lokal,0,kanan,2026-08-20,"PERSIB U18 (2024-2025), PERSIB U20 (2025-2026)",-,-,0,0,STABLE,0,0,0,0,0.0,0,0,2026-10-05
1376684,64,Alsidqi Raffa,PSGC Ciamis,Indonesia (Liga 2),ILI2,2,Gel. Tengah,Midfielder,18,2008-07-28,True,Indonesia,Lokal,0,kanan,2026-08-20,"PERSIB U16 (2023-2024), PERSIB U18 (2024-)",-,-,0,0,STABLE,0,0,0,0,0.0,0,0,2026-10-05
1349392,46,Kaka Depriadi,PSGC Ciamis,Indonesia (Liga 2),ILI2,2,Sayap Kiri,Attack,21,2005-01-23,True,Indonesia,Lokal,170,kanan,2026-08-21,"Persita U18 (2023), Persita U20 (2023-2024)",-,"Rp869,09Jt.",869090909,173818182,INCREASED,0,0,0,0,0.0,0,0,2026-10-05
724320,11,Aldi Imron,PSGC Ciamis,Indonesia (Liga 2),ILI2,2,Sayap Kiri,Attack,30,1995-12-13,False,Indonesia,Lokal,0,kiri,2014-03-01,"Zalrus FC, Porda Kab. Ciamis",2027-06-30,-,0,0,STABLE,0,0,0,0,0.0,0,0,2026-10-05
933097,7,Ferdiansyah,PSGC Ciamis,Indonesia (Liga 2),ILI2,2,Sayap Kanan,Attack,23,2003-07-15,False,Indonesia,Lokal,172,kanan,2026-08-11,"SSB UNI, PERSIB U16 (2019), Garuda Select (2019-2020), Persi",-,"Rp869,09Jt.",869090909,869090909,UNCHANGED,0,0,0,0,0.0,0,0,2026-10-05
902656,19,Dennish Diaz,PSGC Ciamis,Indonesia (Liga 2),ILI2,2,Sayap Kanan,Attack,25,2001-01-28,False,Indonesia,Lokal,174,kanan,2026-09-25,"ASIOP (2015-2017), Borneo FC U19 (2018), Palencia Football A",-,-,0,434545455,DECREASED,0,0,0,0,0.0,0,0,2026-10-05
1340866,30,Akmal Juanda,PSGC Ciamis,Indonesia (Liga 2),ILI2,2,Sayap Kanan,Attack,22,2004-09-30,True,Indonesia,Lokal,0,kanan,2025-09-25,"SSB Champions Kodim (2019-2020), Persip Pasee U17 (2021), PO",2027-06-30,-,0,173818182,DECREASED,0,0,0,0,0.0,0,0,2026-10-05
1346370,36,Athaya Zahran,PSGC Ciamis,Indonesia (Liga 2),ILI2,2,Sayap Kanan,Attack,20,2006-01-22,True,Indonesia,Lokal,166,kanan,2026-09-23,"Imran Soccer Academy (2017-2020), PERSIB U18 (2023), PERSIB ",-,-,0,0,STABLE,0,0,0,0,0.0,0,0,2026-10-05
189519,9,Yandi Sofyan,PSGC Ciamis,Indonesia (Liga 2),ILI2,2,Depan-Tengah,Attack,34,1992-05-25,False,Indonesia,Lokal,176,kanan,2026-08-11,"Persigar Garut (2001-2006), PERSIB Bandung (2006-2007), Depo",-,"Rp869,09Jt.",869090909,1303636364,DECREASED,0,0,0,0,0.0,0,0,2026-10-05
82364,10,Ezechiel Ndouasel,PSGC Ciamis,Indonesia (Liga 2),ILI2,2,Depan-Tengah,Attack,38,1988-04-22,False,Turkmenistan,Asia (AFC),186,kanan,2026-08-12,Tourbillon FC,-,"Rp869,09Jt.",869090909,1303636364,DECREASED,0,0,0,0,0.0,0,0,2026-10-05
951603,1,Dicki Agung,PSPS Pekanbaru,Indonesia (Liga 2),ILI2,2,Kiper,Goalkeeper,27,1998-12-16,False,Indonesia,Lokal,180,kanan,2026-07-09,PON Jatim (2021),-,"Rp869,09Jt.",869090909,434545455,INCREASED,0,0,0,0,0.0,0,0,2026-10-05
559244,75,Januarius Meka,PSPS Pekanbaru,Indonesia (Liga 2),ILI2,2,Kiper,Goalkeeper,26,2000-01-03,False,Indonesia,Lokal,187,kanan,2026-07-10,"Bina Bakat Pangkalan Bun (2010-2012), SKO Barito Putera (201",-,"Rp434,55Jt.",434545455,434545455,UNCHANGED,0,0,0,0,0.0,0,0,2026-10-05
1153865,20,Dian Rizkiyana,PSPS Pekanbaru,Indonesia (Liga 2),ILI2,2,Kiper,Goalkeeper,24,2002-06-12,False,Indonesia,Lokal,185,kanan,2026-07-23,"POPDA Purwakarta (2018), Benpica FC Karawang (2018), POPWILN",-,-,0,434545455,DECREASED,0,0,0,0,0.0,0,0,2026-10-05
1439420,78,Davian Rayan,PSPS Pekanbaru,Indonesia (Liga 2),ILI2,2,Kiper,Goalkeeper,18,2008-05-29,True,Indonesia,Lokal,175,kanan,2025-08-10,PSF Academy,-,-,0,0,STABLE,0,0,0,0,0.0,0,0,2026-10-05
1152871,6,Muhammad Revan,PSPS Pekanbaru,Indonesia (Liga 2),ILI2,2,Bek-Tengah,Defender,24,2002-07-04,False,Indonesia,Lokal,174,kanan,2026-07-07,Persiraja U20 (2020),-,"Rp1,30Mlyr.",1303636364,869090909,INCREASED,0,0,0,0,0.0,0,0,2026-10-05
1346602,18,Zidan Khairullah,PSPS Pekanbaru,Indonesia (Liga 2),ILI2,2,Bek-Tengah,Defender,20,2005-12-29,True,Indonesia,Lokal,170,kanan,2026-07-25,"Persija U16 (2023), Persija U18 (2023), Persija U20 (2024)",-,"Rp869,09Jt.",869090909,434545455,INCREASED,0,0,0,0,0.0,0,0,2026-10-05
1351453,19,Pramudya Trenady,PSPS Pekanbaru,Indonesia (Liga 2),ILI2,2,Bek-Tengah,Defender,21,2004-12-14,True,Indonesia,Lokal,179,kanan,2026-02-06,PON Riau (2024),2027-06-30,"Rp173,82Jt.",173818182,173818182,STABLE,0,0,0,0,0.0,0,0,2026-10-05
880640,5,Luiz Motta,PSPS Pekanbaru,Indonesia (Liga 2),ILI2,2,Bek-Tengah,Defender,29,1997-04-30,False,Brasil,Asing Non-Asia,188,kanan,2026-09-01,"- 2016: São Carlos FC U20 (SP/Brazil)
- 2015/2016: Comercia",-,-,0,869090909,DECREASED,0,0,0,0,0.0,0,0,2026-10-05
904487,77,Ilham Syafri,PSPS Pekanbaru,Indonesia (Liga 2),ILI2,2,Bek-Kiri,Defender,26,2000-05-25,False,Indonesia,Lokal,165,kiri,2026-01-10,"PS Duri U14 (2016), PPLP Riau (2016), Tiga Naga U17 (2017), ",2027-06-30,"Rp1,30Mlyr.",1303636364,1303636364,UNCHANGED,0,0,0,0,0.0,0,0,2026-10-05
506273,3,Rendika Rama,PSPS Pekanbaru,Indonesia (Liga 2),ILI2,2,Bek-Kiri,Defender,33,1993-03-16,False,Indonesia,Lokal,178,kiri,2026-07-14,Persebaya (2009),-,"Rp434,55Jt.",434545455,869090909,DECREASED,0,0,0,0,0.0,0,0,2026-10-05
1297747,13,Ihsan Kusuma,PSPS Pekanbaru,Indonesia (Liga 2),ILI2,2,Bek-Kanan,Defender,20,2006-07-28,True,Indonesia,Lokal,168,kanan,2026-07-27,"SSB Bintang Timur, PS Paluta, Akademi Kwarta (-2021), Persij",-,"Rp1,30Mlyr.",1303636364,869090909,INCREASED,0,0,0,0,0.0,0,0,2026-10-05
189520,25,Alfin Tuasalamony,PSPS Pekanbaru,Indonesia (Liga 2),ILI2,2,Bek-Kanan,Defender,33,1993-05-17,False,Indonesia,Lokal,177,kanan,2025-09-01,Deportivo Indonesia,2027-06-30,"Rp1,30Mlyr.",1303636364,1738181818,DECREASED,0,0,0,0,0.0,0,0,2026-10-05
1577007,15,Zacky Arya,PSPS Pekanbaru,Indonesia (Liga 2),ILI2,2,Bek-Kanan,Defender,19,2007-01-15,True,Indonesia,Lokal,0,kanan,2026-07-27,-,-,-,0,0,STABLE,0,0,0,0,0.0,0,0,2026-10-05
631820,8,Matheus Machado,PSPS Pekanbaru,Indonesia (Liga 2),ILI2,2,Gel. Bertahan,Midfielder,28,1998-08-28,False,Brasil,Asing Non-Asia,175,kanan,2026-07-12,-,-,"Rp1,74Mlyr.",1738181818,2172727273,DECREASED,0,0,0,0,0.0,0,0,2026-10-05
989208,63,Aulia Lubis,PSPS Pekanbaru,Indonesia (Liga 2),ILI2,2,Gel. Bertahan,Midfielder,22,2003-11-27,True,Indonesia,Lokal,165,kanan,2026-07-07,"SSB Satria Porta, RMD Batavia (2015-2017), Jakarta Football ",-,"Rp1,30Mlyr.",1303636364,869090909,INCREASED,0,0,0,0,0.0,0,0,2026-10-05
944233,14,Reza Kusuma,PSPS Pekanbaru,Indonesia (Liga 2),ILI2,2,Gel. Tengah,Midfielder,26,2000-02-07,False,Indonesia,Lokal,174,kanan,2026-09-02,"SSB Mutiara Cempaka, Vamos Indonesia",-,"Rp1,30Mlyr.",1303636364,869090909,INCREASED,0,0,0,0,0.0,0,0,2026-10-05
559356,4,Misbakus Solikin,PSPS Pekanbaru,Indonesia (Liga 2),ILI2,2,Gel. Tengah,Midfielder,34,1992-09-01,False,Indonesia,Lokal,166,kanan,2026-01-10,"SSB Al-Rayyan, PSIL Lumajang (2009-2014)",2027-06-30,"Rp869,09Jt.",869090909,869090909,INCREASED,0,0,0,0,0.0,0,0,2026-10-05
724326,97,Ilham Fathoni,PSPS Pekanbaru,Indonesia (Liga 2),ILI2,2,Gel. Serang,Midfielder,28,1997-12-31,False,Indonesia,Lokal,173,kanan,2023-07-01,"SSB Batu Bersurat (2010-2015), Rumbai FC (2015), PS UIR (201",2027-06-30,"Rp1,74Mlyr.",1738181818,1738181818,UNCHANGED,0,0,0,0,0.0,0,0,2026-10-05
1353162,55,Jenico Riski,PSPS Pekanbaru,Indonesia (Liga 2),ILI2,2,Gel. Serang,Midfielder,20,2006-02-19,True,Indonesia,Lokal,0,kanan,2026-07-22,"SSB Persekab (2018-2021), PSF Academy (2022-2024)",-,-,0,0,STABLE,0,0,0,0,0.0,0,0,2026-10-05
1156695,17,Asir Asiz,PSPS Pekanbaru,Indonesia (Liga 2),ILI2,2,Sayap Kiri,Attack,23,2003-04-07,False,Indonesia,Lokal,168,kanan,2023-07-21,PON Sulawesi Selatan (2020-2021),2028-06-30,"Rp3,91Mlyr.",3910909091,3476363636,INCREASED,0,0,0,0,0.0,0,0,2026-10-05
1180830,7,Hamzah Deva,PSPS Pekanbaru,Indonesia (Liga 2),ILI2,2,Sayap Kiri,Attack,24,2002-03-31,False,Indonesia,Lokal,165,kiri,2026-07-07,PSDS U17 (2019),-,"Rp1,74Mlyr.",1738181818,1303636364,INCREASED,0,0,0,0,0.0,0,0,2026-10-05
1577006,11,Doni Aditya,PSPS Pekanbaru,Indonesia (Liga 2),ILI2,2,Sayap Kiri,Attack,20,2006-02-10,True,Indonesia,Lokal,0,kanan,2026-07-27,-,-,-,0,0,STABLE,0,0,0,0,0.0,0,0,2026-10-05
1115709,32,Vieri Ariyanto,PSPS Pekanbaru,Indonesia (Liga 2),ILI2,2,Sayap Kanan,Attack,25,2000-11-19,False,Indonesia,Lokal,0,kanan,2026-01-10,SSB Persigawa Timur,2027-06-30,"Rp1,74Mlyr.",1738181818,1303636364,INCREASED,0,0,0,0,0.0,0,0,2026-10-05
724296,99,Natanael Siringoringo,PSPS Pekanbaru,Indonesia (Liga 2),ILI2,2,Sayap Kanan,Attack,27,1999-09-18,False,Indonesia,Lokal,168,kanan,2026-07-01,PSMS Medan (2019),-,"Rp1,30Mlyr.",1303636364,869090909,INCREASED,0,0,0,0,0.0,0,0,2026-10-05
1311167,62,Dimas Wicaksono,PSPS Pekanbaru,Indonesia (Liga 2),ILI2,2,Sayap Kanan,Attack,19,2007-07-16,True,Indonesia,Lokal,173,kanan,2026-08-04,"PS Pelindo Internal Persebaya, Persebaya U16 (2023-2024)",-,"Rp869,09Jt.",869090909,434545455,INCREASED,0,0,0,0,0.0,0,0,2026-10-05
1472180,22,Fahran Darwan,PSPS Pekanbaru,Indonesia (Liga 2),ILI2,2,Sayap Kanan,Attack,19,2006-10-10,True,Indonesia,Lokal,0,kanan,2026-07-08,Malut United U20 (2025-2026),-,-,0,0,STABLE,0,0,0,0,0.0,0,0,2026-10-05
978387,10,Antônio Gamaroni,PSPS Pekanbaru,Indonesia (Liga 2),ILI2,2,Depan-Tengah,Attack,26,2000-02-21,False,Brasil,Asing Non-Asia,182,kiri,2026-01-11,"Amparo U15-17, Botafogo-SP U19, Santos FC U23",2027-06-30,"Rp3,48Mlyr.",3476363636,3041818182,INCREASED,0,0,0,0,0.0,0,0,2026-10-05
1485591,26,Asad Zidan,PSPS Pekanbaru,Indonesia (Liga 2),ILI2,2,Depan-Tengah,Attack,20,2006-06-20,True,Indonesia,Lokal,0,kanan,2026-07-22,-,-,-,0,0,STABLE,0,0,0,0,0.0,0,0,2026-10-05
1505340,16,Hendika Pratama,PSPS Pekanbaru,Indonesia (Liga 2),ILI2,2,Gel. Tengah,Midfielder,19,2007-04-17,True,Indonesia,Lokal,0,kanan,-,-,-,-,0,0,STABLE,0,0,0,0,0.0,0,0,2026-10-05
506157,52,Rizky Darmawan,PSIS Semarang,Indonesia (Liga 2),ILI2,2,Kiper,Goalkeeper,32,1994-02-05,False,Indonesia,Lokal,180,kiri,2023-07-01,"Persija U21 (2011-2012), PON DKI Jakarta (2016)",2027-06-30,"Rp1,30Mlyr.",1303636364,1303636364,UNCHANGED,0,0,0,0,0.0,0,0,2026-10-05
573047,1,Reky Rahayu,PSIS Semarang,Indonesia (Liga 2),ILI2,2,Kiper,Goalkeeper,33,1993-05-08,False,Indonesia,Lokal,176,kanan,2026-07-21,Persita U21 (2011-2013),-,"Rp869,09Jt.",869090909,869090909,UNCHANGED,0,0,0,0,0.0,0,0,2026-10-05
918664,96,Ray Redondo,PSIS Semarang,Indonesia (Liga 2),ILI2,2,Kiper,Goalkeeper,30,1996-03-19,False,Indonesia,Lokal,182,kanan,2026-07-07,"PSIS Youth, Bhayangkara Youth",-,"Rp869,09Jt.",869090909,1303636364,DECREASED,0,0,0,0,0.0,0,0,2026-10-05
1345625,38,Bima Al-Rusi,PSIS Semarang,Indonesia (Liga 2),ILI2,2,Kiper,Goalkeeper,20,2006-06-14,True,Indonesia,Lokal,172,kanan,2026-09-01,"Persebaya U18 (2023-2024), Persebaya U20 (2024)",-,-,0,0,STABLE,0,0,0,0,0.0,0,0,2026-10-05
817924,33,Komang Tri,PSIS Semarang,Indonesia (Liga 2),ILI2,2,Bek-Tengah,Defender,25,2001-01-24,False,Indonesia,Lokal,181,kanan,2026-07-07,"SSB Putra Perkanthi (2017), PS Badung (2018), Bali United U1",-,"Rp2,17Mlyr.",2172727273,1738181818,INCREASED,0,0,0,0,0.0,0,0,2026-10-05
506124,97,Andy Setyo,PSIS Semarang,Indonesia (Liga 2),ILI2,2,Bek-Tengah,Defender,29,1997-09-16,False,Indonesia,Lokal,180,kanan,2026-07-07,Borneo FC (2015-2016),-,"Rp1,74Mlyr.",1738181818,2172727273,DECREASED,0,0,0,0,0.0,0,0,2026-10-05
985723,25,Akbar Arjunsyah,PSIS Semarang,Indonesia (Liga 2),ILI2,2,Bek-Tengah,Defender,25,2001-07-21,False,Indonesia,Lokal,175,kanan,2026-07-07,Persebaya U18 (2019),-,"Rp869,09Jt.",869090909,869090909,UNCHANGED,0,0,0,0,0.0,0,0,2026-10-05
506450,4,Agus Nova,PSIS Semarang,Indonesia (Liga 2),ILI2,2,Bek-Tengah,Defender,33,1992-11-29,False,Indonesia,Lokal,181,kanan,2026-07-07,SSB Putra Pegok,-,"Rp434,55Jt.",434545455,434545455,UNCHANGED,0,0,0,0,0.0,0,0,2026-10-05
505647,15,Fabiano Beltrame,PSIS Semarang,Indonesia (Liga 2),ILI2,2,Bek-Tengah,Defender,44,1982-08-29,False,Indonesia,Lokal,184,kanan,2026-07-31,-,-,"Rp173,82Jt.",173818182,173818182,UNCHANGED,0,0,0,0,0.0,0,0,2026-10-05
506138,18,Abduh Lestaluhu,PSIS Semarang,Indonesia (Liga 2),ILI2,2,Bek-Kiri,Defender,32,1993-10-16,False,Indonesia,Lokal,170,kiri,2026-07-09,"Tunas Gamalama, Pra-PON Pelajar Maluku Utara, Deportivo Indo",-,"Rp1,74Mlyr.",1738181818,2172727273,DECREASED,0,0,0,0,0.0,0,0,2026-10-05
1275389,30,Yohanes Gandrung,PSIS Semarang,Indonesia (Liga 2),ILI2,2,Bek-Kiri,Defender,18,2008-03-30,True,Indonesia,Lokal,0,kiri,2026-09-01,Akademi PERSIB Cimahi,-,-,0,0,STABLE,0,0,0,0,0.0,0,0,2026-10-05
1177314,41,Amirul Fisabilillah,PSIS Semarang,Indonesia (Liga 2),ILI2,2,Bek-Kanan,Defender,19,2006-11-25,True,Indonesia,Lokal,163,kanan,2026-07-07,"TopSkor Indonesia, Persija U16 (2021-2022), Persija U18 (202",-,"Rp2,17Mlyr.",2172727273,1738181818,INCREASED,0,0,0,0,0.0,0,0,2026-10-05
817986,13,Bayu Fiqri,PSIS Semarang,Indonesia (Liga 2),ILI2,2,Bek-Kanan,Defender,25,2001-08-10,False,Indonesia,Lokal,176,kanan,2026-07-15,"PON Jatim, Barurejo Putra, ASIFA (2018-2019)",-,"Rp1,30Mlyr.",1303636364,1303636364,UNCHANGED,0,0,0,0,0.0,0,0,2026-10-05
1032153,20,Habil Akbar,PSIS Semarang,Indonesia (Liga 2),ILI2,2,Bek-Kanan,Defender,20,2006-05-25,True,Indonesia,Lokal,171,kanan,2024-01-24,"PSB Bonansa Solo (2012), PPLOP Jawa Tengah (2022-2024), Bhay",2027-06-30,"Rp869,09Jt.",869090909,434545455,INCREASED,0,0,0,0,0.0,0,0,2026-10-05
663679,12,Nuri Fasya,PSIS Semarang,Indonesia (Liga 2),ILI2,2,Bek-Kanan,Defender,27,1999-01-23,False,Indonesia,Lokal,171,kanan,2026-07-09,Persibo Bojonegoro (2017),-,"Rp434,55Jt.",434545455,869090909,DECREASED,0,0,0,0,0.0,0,0,2026-10-05
720584,19,Ricki Ariansyah,PSIS Semarang,Indonesia (Liga 2),ILI2,2,Gel. Bertahan,Midfielder,29,1997-06-10,False,Indonesia,Lokal,167,kiri,2026-07-08,PSMS Medan U19 (2016),-,"Rp1,74Mlyr.",1738181818,1738181818,UNCHANGED,0,0,0,0,0.0,0,0,2026-10-05
875238,32,Rifky Dwi Septiawan,PSIS Semarang,Indonesia (Liga 2),ILI2,2,Gel. Bertahan,Midfielder,24,2002-02-03,False,Indonesia,Lokal,172,kiri,2026-09-17,"Persikota U17, Persita U20 (2020)",-,"Rp1,74Mlyr.",1738181818,1738181818,UNCHANGED,0,0,0,0,0.0,0,0,2026-10-05
1153588,16,Muammar Khadafi,PSIS Semarang,Indonesia (Liga 2),ILI2,2,Gel. Bertahan,Midfielder,28,1998-03-09,False,Indonesia,Lokal,168,kanan,2026-07-07,-,-,"Rp1,30Mlyr.",1303636364,1303636364,UNCHANGED,0,0,0,0,0.0,0,0,2026-10-05
560982,8,Syahrian Abimanyu,PSIS Semarang,Indonesia (Liga 2),ILI2,2,Gel. Tengah,Midfielder,27,1999-04-25,False,Indonesia,Lokal,171,kiri,2026-07-07,"SSB Mandiri Jaya Bogor, Jakarta Football Academy, Levante UD",-,"Rp2,17Mlyr.",2172727273,2607272727,DECREASED,0,0,0,0,0.0,0,0,2026-10-05
506521,27,Fitra Ridwan,PSIS Semarang,Indonesia (Liga 2),ILI2,2,Gel. Tengah,Midfielder,32,1994-03-16,False,Indonesia,Lokal,169,kanan,2026-07-12,-,-,"Rp1,30Mlyr.",1303636364,1303636364,UNCHANGED,0,0,0,0,0.0,0,0,2026-10-05
1486155,43,Fadistya Mahendra,PSIS Semarang,Indonesia (Liga 2),ILI2,2,Gel. Tengah,Midfielder,19,2007-04-04,True,Indonesia,Lokal,0,kanan,2026-09-01,"Persis U16 (2023-2024), PSS U19 (2026)",-,-,0,0,STABLE,0,0,0,0,0.0,0,0,2026-10-05
587776,10,Jonathan Bustos,PSIS Semarang,Indonesia (Liga 2),ILI2,2,Gel. Serang,Midfielder,32,1994-06-29,False,Argentina,Asing Non-Asia,174,kiri,2026-07-28,-,-,"Rp3,04Mlyr.",3041818182,3910909091,DECREASED,0,0,0,0,0.0,0,0,2026-10-05
683218,90,Jack Brown,PSIS Semarang,Indonesia (Liga 2),ILI2,2,Gel. Serang,Midfielder,24,2001-11-02,False,Indonesia,Lokal,175,kanan,2026-07-07,Lincoln City,-,"Rp869,09Jt.",869090909,869090909,UNCHANGED,0,0,0,0,0.0,0,0,2026-10-05
1097745,31,Krisna Sulistia,PSIS Semarang,Indonesia (Liga 2),ILI2,2,Sayap Kiri,Attack,20,2006-05-31,True,Indonesia,Lokal,171,kanan,2025-08-08,"SSB Djarum Kudus, Galasiswa (2019), Gabsis Sambas U15 (2020)",2027-06-30,"Rp1,30Mlyr.",1303636364,869090909,INCREASED,0,0,0,0,0.0,0,0,2026-10-05
1168944,77,Lorensius Sabda,PSIS Semarang,Indonesia (Liga 2),ILI2,2,Sayap Kiri,Attack,26,2000-01-14,False,Indonesia,Lokal,0,kanan,2026-07-07,-,-,"Rp1,30Mlyr.",1303636364,869090909,INCREASED,0,0,0,0,0.0,0,0,2026-10-05
559315,22,Hari Nur,PSIS Semarang,Indonesia (Liga 2),ILI2,2,Sayap Kiri,Attack,37,1989-07-31,False,Indonesia,Lokal,178,keduanya,2026-07-07,-,-,"Rp173,82Jt.",173818182,173818182,UNCHANGED,0,0,0,0,0.0,0,0,2026-10-05
506455,11,Miftahul Hamdi,PSIS Semarang,Indonesia (Liga 2),ILI2,2,Sayap Kanan,Attack,30,1995-12-13,False,Indonesia,Lokal,174,kanan,2026-07-16,PPLD Aceh (2012),-,"Rp2,61Mlyr.",2607272727,2607272727,UNCHANGED,0,0,0,0,0.0,0,0,2026-10-05
506128,17,Ahmad Nufiandani,PSIS Semarang,Indonesia (Liga 2),ILI2,2,Sayap Kanan,Attack,31,1994-11-20,False,Indonesia,Lokal,178,kanan,2026-07-10,"Arema Indonesia (2011-2012), Persijap Jepara (2012-2013), Pu",-,"Rp2,61Mlyr.",2607272727,2607272727,UNCHANGED,0,0,0,0,0.0,0,0,2026-10-05
720305,70,Thaufan Hidayat,PSIS Semarang,Indonesia (Liga 2),ILI2,2,Sayap Kanan,Attack,32,1993-11-23,False,Indonesia,Lokal,165,keduanya,2026-02-06,"SSB Semen Gresik, Persebaya (-2016)",2027-06-30,"Rp869,09Jt.",869090909,869090909,UNCHANGED,0,0,0,0,0.0,0,0,2026-10-05
1366792,73,Seva Setiadi,PSIS Semarang,Indonesia (Liga 2),ILI2,2,Sayap Kanan,Attack,19,2007-02-17,True,Indonesia,Lokal,171,kanan,2026-09-01,"Diklat PERSIB (2018-2021),PS Tira Kabo U16 (2021), PSIS U16 ",-,-,0,0,STABLE,0,0,0,0,0.0,0,0,2026-10-05
735814,7,Deri Corfe,PSIS Semarang,Indonesia (Liga 2),ILI2,2,Depan-Tengah,Attack,28,1998-03-03,False,Inggris,Asing Non-Asia,188,kanan,2026-07-13,-,-,"Rp3,48Mlyr.",3476363636,3476363636,UNCHANGED,0,0,0,0,0.0,0,0,2026-10-05
440979,91,Felipe Cadenazzi,PSIS Semarang,Indonesia (Liga 2),ILI2,2,Depan-Tengah,Attack,34,1991-10-12,False,Argentina,Asing Non-Asia,191,kiri,2026-09-25,-,-,"Rp1,30Mlyr.",1303636364,1738181818,DECREASED,0,0,0,0,0.0,0,0,2026-10-05
1180827,21,Rafli Mahreza,Persela Lamongan,Indonesia (Liga 2),ILI2,2,Kiper,Goalkeeper,29,1997-01-01,False,Indonesia,Lokal,173,kanan,2025-07-01,"Ragunan Diklat (2015-2017), PPLM Nasional (2015-2017)",2027-06-30,"Rp1,30Mlyr.",1303636364,869090909,INCREASED,0,0,0,0,0.0,0,0,2026-10-05
1008654,27,Eko Saputro,Persela Lamongan,Indonesia (Liga 2),ILI2,2,Kiper,Goalkeeper,27,1999-03-27,False,Indonesia,Lokal,182,kanan,2026-08-13,"Puslatkot Kediri, Persik Kediri (2018), PON Jatim (2020-2021",-,"Rp434,55Jt.",434545455,869090909,DECREASED,0,0,0,0,0.0,0,0,2026-10-05
1580572,30,Leonel Sasmita,Persela Lamongan,Indonesia (Liga 2),ILI2,2,Kiper,Goalkeeper,0,-,False,Indonesia,Lokal,0,kanan,2026-08-13,Persela Football Academy,-,-,0,0,STABLE,0,0,0,0,0.0,0,0,2026-10-05
1461328,90,Aryandy Widiansyah,Persela Lamongan,Indonesia (Liga 2),ILI2,2,Kiper,Goalkeeper,24,2002-02-06,False,Indonesia,Lokal,0,kanan,2026-08-13,-,-,-,0,0,STABLE,0,0,0,0,0.0,0,0,2026-10-05
539521,20,Gonçalves,Persela Lamongan,Indonesia (Liga 2),ILI2,2,Bek-Tengah,Defender,30,1996-03-04,False,Brasil,Asing Non-Asia,188,kiri,2025-07-01,-,2027-06-30,"Rp3,48Mlyr.",3476363636,3910909091,DECREASED,0,0,0,0,0.0,0,0,2026-10-05
591371,29,Muhammad Syukron,Persela Lamongan,Indonesia (Liga 2),ILI2,2,Bek-Tengah,Defender,29,1997-02-24,False,Indonesia,Lokal,183,kanan,2026-07-07,"PON DKI Jakarta, Bhayangkara U21 (2016)",-,"Rp869,09Jt.",869090909,434545455,INCREASED,0,0,0,0,0.0,0,0,2026-10-05
867724,56,Ifan Nanda,Persela Lamongan,Indonesia (Liga 2),ILI2,2,Bek-Tengah,Defender,25,2001-03-29,False,Indonesia,Lokal,181,kanan,2026-08-28,PSS Sleman Youth (2020-),-,"Rp869,09Jt.",869090909,869090909,UNCHANGED,0,0,0,0,0.0,0,0,2026-10-05
929311,78,Hadi Ardiansyah,Persela Lamongan,Indonesia (Liga 2),ILI2,2,Bek-Tengah,Defender,25,2000-12-01,False,Indonesia,Lokal,0,kanan,2026-09-01,"SSB Tunas Rifo, PERSIB U17 (2017), Persija U19 (2018), Persi",-,"Rp869,09Jt.",869090909,434545455,INCREASED,0,0,0,0,0.0,0,0,2026-10-05
1577165,50,Shobrian Widyansyah,Persela Lamongan,Indonesia (Liga 2),ILI2,2,Bek-Tengah,Defender,20,2006-03-06,True,Indonesia,Lokal,0,kanan,2026-08-04,-,-,-,0,0,STABLE,0,0,0,0,0.0,0,0,2026-10-05
1182546,18,Indra Rianto,Persela Lamongan,Indonesia (Liga 2),ILI2,2,Bek-Kiri,Defender,24,2002-01-07,False,Indonesia,Lokal,165,kiri,2025-07-01,-,2027-06-30,"Rp1,30Mlyr.",1303636364,869090909,INCREASED,0,0,0,0,0.0,0,0,2026-10-05
941887,57,Rafiud Drajat,Persela Lamongan,Indonesia (Liga 2),ILI2,2,Bek-Kanan,Defender,27,1999-07-15,False,Indonesia,Lokal,164,kanan,2023-07-01,"Pertamina Soccer Star (2014), Persija U19 (2017), PSM U19 (2",2027-06-30,"Rp1,30Mlyr.",1303636364,869090909,INCREASED,0,0,0,0,0.0,0,0,2026-10-05
1607262,31,Fahri Putra,Persela Lamongan,Indonesia (Liga 2),ILI2,2,Bek-Kanan,Defender,17,2008-12-12,True,Indonesia,Lokal,0,kanan,2026-09-23,"Bhayangkara U16 (2023-2024), Bali United U18 (2025-2026)",-,-,0,0,STABLE,0,0,0,0,0.0,0,0,2026-10-05
1471447,25,Ahmad Showwam,Persela Lamongan,Indonesia (Liga 2),ILI2,2,Gel. Tengah,Midfielder,19,2007-05-02,True,Indonesia,Lokal,0,kanan,2026-09-01,"PSIS U16 (-2023), PSM Makassar U18 (2024-2025) Bhayangkara F",-,-,0,0,STABLE,0,0,0,0,0.0,0,0,2026-10-05
505888,12,Hendro Siswanto,Persela Lamongan,Indonesia (Liga 2),ILI2,2,Gel. Bertahan,Midfielder,36,1990-03-12,False,Indonesia,Lokal,172,kanan,2025-07-01,"SSB Tuban (2006-2007), PON Jawa Timur (2008)",2027-06-30,"Rp869,09Jt.",869090909,1303636364,DECREASED,0,0,0,0,0.0,0,0,2026-10-05
1577164,23,Fajar Az-Zahir,Persela Lamongan,Indonesia (Liga 2),ILI2,2,Gel. Tengah,Midfielder,18,2007-11-27,True,Indonesia,Lokal,0,kanan,2026-08-04,-,-,-,0,0,STABLE,0,0,0,0,0.0,0,0,2026-10-05
629369,7,Hambali Tholib,Persela Lamongan,Indonesia (Liga 2),ILI2,2,Gel. Serang,Midfielder,26,2000-06-20,False,Indonesia,Lokal,170,kiri,2025-07-01,"Diklat Ragunan (2016-2018), Persab Brebes U17 (2016)",2027-06-30,"Rp2,17Mlyr.",2172727273,1738181818,INCREASED,0,0,0,0,0.0,0,0,2026-10-05
1334938,8,Haikal Riza,Persela Lamongan,Indonesia (Liga 2),ILI2,2,Gel. Serang,Midfielder,21,2005-01-01,True,Indonesia,Lokal,164,kanan,2026-07-07,"IMFA Kediri (-2022), Persik Kediri U18 (2022-2023), Persik K",2027-06-30,"Rp869,09Jt.",869090909,434545455,INCREASED,0,0,0,0,0.0,0,0,2026-10-05
1038777,64,Zidan Arrosyid,Persela Lamongan,Indonesia (Liga 2),ILI2,2,Gel. Serang,Midfielder,19,2006-10-22,True,Indonesia,Lokal,0,kiri,2026-08-11,"Galasiswa U14 (2020), PSS Sleman U16 (2021-2022), PSS Sleman",-,"Rp173,82Jt.",173818182,434545455,DECREASED,0,0,0,0,0.0,0,0,2026-10-05
1606976,88,Athaillah Akbar,Persela Lamongan,Indonesia (Liga 2),ILI2,2,Gel. Serang,Midfielder,19,2007-02-25,True,Indonesia,Lokal,0,kanan,2026-09-01,-,-,-,0,0,STABLE,0,0,0,0,0.0,0,0,2026-10-05
1429091,71,Affani Ubaidillah,Persela Lamongan,Indonesia (Liga 2),ILI2,2,Sayap Kiri,Attack,19,2007-07-11,True,Indonesia,Lokal,0,kanan,2025-07-22,"Gajah Putra Soccer School, Persik Kediri U18 (2023), Akademi",2028-06-30,"Rp1,30Mlyr.",1303636364,869090909,INCREASED,0,0,0,0,0.0,0,0,2026-10-05
506527,99,KH Yudo,Persela Lamongan,Indonesia (Liga 2),ILI2,2,Sayap Kiri,Attack,33,1993-07-16,False,Indonesia,Lokal,173,keduanya,2026-07-07,"Arema Indonesia (2011-2012), PERSIB Bandung (2012-2013)",-,"Rp434,55Jt.",434545455,434545455,UNCHANGED,0,0,0,0,0.0,0,0,2026-10-05
901008,17,Ruy Arianto,Persela Lamongan,Indonesia (Liga 2),ILI2,2,Sayap Kiri,Attack,22,2004-07-07,True,Indonesia,Lokal,165,kiri,2026-07-07,"Persebaya U16 (2019), Persebaya U18 (2020), Persebaya U20 (2",-,-,0,434545455,DECREASED,0,0,0,0,0.0,0,0,2026-10-05
669396,10,Caíque Souza,Persela Lamongan,Indonesia (Liga 2),ILI2,2,Sayap Kanan,Attack,27,1999-01-13,False,Brasil,Asing Non-Asia,171,kanan,2026-07-07,-,-,"Rp1,30Mlyr.",1303636364,1303636364,INCREASED,0,0,0,0,0.0,0,0,2026-10-05
506339,22,Dendy Sulistyawan,Persela Lamongan,Indonesia (Liga 2),ILI2,2,Depan-Tengah,Attack,29,1996-10-12,False,Indonesia,Lokal,176,kanan,2026-07-01,Persela U21 (2014-2016),-,"Rp3,04Mlyr.",3041818182,3041818182,UNCHANGED,0,0,0,0,0.0,0,0,2026-10-05
742319,80,Risqki Utomo,Persela Lamongan,Indonesia (Liga 2),ILI2,2,Depan-Tengah,Attack,27,1998-11-05,False,Indonesia,Lokal,166,kanan,2026-02-04,"Lamongan FC (2017), Persela U19 (2018), Persela U20 (2019) ",2027-06-30,"Rp1,74Mlyr.",1738181818,1738181818,UNCHANGED,0,0,0,0,0.0,0,0,2026-10-05
1008784,19,Adam Malik,Persela Lamongan,Indonesia (Liga 2),ILI2,2,Depan-Tengah,Attack,26,1999-12-18,False,Indonesia,Lokal,0,kanan,2025-07-01,"PSIL Lumajang Youth (2016)
Porprov Jawa Timur (2019)",2027-06-30,"Rp1,30Mlyr.",1303636364,1738181818,DECREASED,0,0,0,0,0.0,0,0,2026-10-05
160638,9,Juninho Cabral,Persela Lamongan,Indonesia (Liga 2),ILI2,2,Depan-Tengah,Attack,34,1992-03-10,False,Brasil,Asing Non-Asia,180,kanan,2026-07-11,-,-,"Rp869,09Jt.",869090909,1303636364,DECREASED,0,0,0,0,0.0,0,0,2026-10-05
559185,1,Andriyas Francisco,Persiraja Banda Aceh,Indonesia (Liga 2),ILI2,2,Kiper,Goalkeeper,26,2000-07-08,False,Indonesia,Lokal,180,kanan,2025-08-14,"Arema U17 (2017), Arema U19 (2017-2019)",2027-06-30,"Rp869,09Jt.",869090909,869090909,UNCHANGED,0,0,0,0,0.0,0,0,2026-10-05
1019228,12,Aditya Arya,Persiraja Banda Aceh,Indonesia (Liga 2),ILI2,2,Kiper,Goalkeeper,22,2004-01-01,True,Indonesia,Lokal,183,kanan,2026-07-29,"ASIFA (2019-2021), Bhayangkara FC U18 (2021), Persebaya U20 ",-,"Rp434,55Jt.",434545455,434545455,UNCHANGED,0,0,0,0,0.0,0,0,2026-10-05
990616,22,Gede Aditya,Persiraja Banda Aceh,Indonesia (Liga 2),ILI2,2,Kiper,Goalkeeper,22,2004-07-04,True,Indonesia,Lokal,182,kanan,2026-07-26,"Persebaya U16 (2019-2020)
Garuda Select (2020-2021)
PERSIS",-,"Rp173,82Jt.",173818182,173818182,UNCHANGED,0,0,0,0,0.0,0,0,2026-10-05
1601185,31,Aulia Marsel,Persiraja Banda Aceh,Indonesia (Liga 2),ILI2,2,Kiper,Goalkeeper,0,-,False,Indonesia,Lokal,0,kanan,2026-08-01,-,-,-,0,0,STABLE,0,0,0,0,0.0,0,0,2026-10-05
639379,3,Daniel Alemão,Persiraja Banda Aceh,Indonesia (Liga 2),ILI2,2,Bek-Tengah,Defender,27,1999-04-04,False,Brasil,Asing Non-Asia,193,kanan,2026-07-30,"EC Noroeste (SP), SU 1° Dezembro",-,"Rp1,30Mlyr.",1303636364,1738181818,DECREASED,0,0,0,0,0.0,0,0,2026-10-05
1179509,18,Aditya Saputra,Persiraja Banda Aceh,Indonesia (Liga 2),ILI2,2,Bek-Tengah,Defender,25,2001-07-06,False,Indonesia,Lokal,0,kanan,2025-07-22,-,2027-06-30,"Rp434,55Jt.",434545455,434545455,STABLE,0,0,0,0,0.0,0,0,2026-10-05
1008746,87,Wahyu Jati,Persiraja Banda Aceh,Indonesia (Liga 2),ILI2,2,Bek-Tengah,Defender,25,2000-12-13,False,Indonesia,Lokal,178,kanan,2026-07-22,SSB Mitra Surabaya,-,"Rp434,55Jt.",434545455,434545455,UNCHANGED,0,0,0,0,0.0,0,0,2026-10-05
1395098,67,Rangga Bolang,Persiraja Banda Aceh,Indonesia (Liga 2),ILI2,2,Bek-Tengah,Defender,19,2007-05-21,True,Indonesia,Lokal,178,kanan,2026-08-09,"SSB Latulua FC (2021-2024), PSA Ambon (2023), Malut United U",-,-,0,0,STABLE,0,0,0,0,0.0,0,0,2026-10-05
1578650,4,Said Kaysa,Persiraja Banda Aceh,Indonesia (Liga 2),ILI2,2,Bek-Kiri,Defender,20,2006-06-22,True,Indonesia,Lokal,0,kanan,2026-08-08,-,2029-06-30,-,0,0,STABLE,0,0,0,0,0.0,0,0,2026-10-05
1578648,23,Raffa Fathary,Persiraja Banda Aceh,Indonesia (Liga 2),ILI2,2,Bek-Kiri,Defender,17,2009-05-09,True,Indonesia,Lokal,0,kanan,2026-08-08,Persiraja U19 (2026),2029-06-30,-,0,0,STABLE,0,0,0,0,0.0,0,0,2026-10-05
559186,14,Jayus Hariono,Persiraja Banda Aceh,Indonesia (Liga 2),ILI2,2,Gel. Bertahan,Midfielder,29,1997-01-27,False,Indonesia,Lokal,174,kanan,2026-07-24,-,-,"Rp1,30Mlyr.",1303636364,1303636364,UNCHANGED,0,0,0,0,0.0,0,0,2026-10-05
1297744,16,Faris Adit,Persiraja Banda Aceh,Indonesia (Liga 2),ILI2,2,Gel. Bertahan,Midfielder,22,2004-09-24,True,Indonesia,Lokal,168,kanan,2026-07-29,-,-,"Rp869,09Jt.",869090909,869090909,UNCHANGED,0,0,0,0,0.0,0,0,2026-10-05
598928,88,Rafif Adri,Persiraja Banda Aceh,Indonesia (Liga 2),ILI2,2,Gel. Bertahan,Midfielder,27,1999-02-25,False,Indonesia,Lokal,172,kanan,2026-07-27,"Kabomania U17 (2016), Bhayangkara U17 (2016), PS TNI U19 (20",-,"Rp869,09Jt.",869090909,869090909,UNCHANGED,0,0,0,0,0.0,0,0,2026-10-05
1153587,5,Muharir,Persiraja Banda Aceh,Indonesia (Liga 2),ILI2,2,Gel. Tengah,Midfielder,24,2001-12-12,False,Indonesia,Lokal,165,kanan,2025-08-05,"Patriot FC Panton Labu, PON Aceh (2021)",2027-06-30,"Rp1,30Mlyr.",1303636364,869090909,INCREASED,0,0,0,0,0.0,0,0,2026-10-05
1150645,25,Azyah Madilesa,Persiraja Banda Aceh,Indonesia (Liga 2),ILI2,2,Gel. Tengah,Midfielder,20,2005-11-25,True,Indonesia,Lokal,169,kanan,2026-08-04,"Indonesia Muda Football Academy (IMFA) Semarang, PSIS U18 (2",-,"Rp1,30Mlyr.",1303636364,1303636364,UNCHANGED,0,0,0,0,0.0,0,0,2026-10-05
969385,19,Ridha Umami,Persiraja Banda Aceh,Indonesia (Liga 2),ILI2,2,Gel. Tengah,Midfielder,26,2000-03-12,False,Indonesia,Lokal,167,kanan,2026-08-08,"PSAP Sigli U17 (2016), PON Aceh (2020-2021)",2028-06-30,-,0,434545455,DECREASED,0,0,0,0,0.0,0,0,2026-10-05
658056,10,Martín Cháves,Persiraja Banda Aceh,Indonesia (Liga 2),ILI2,2,Gel. Serang,Midfielder,28,1998-05-12,False,Uruguay,Asing Non-Asia,165,kanan,2026-08-07,"Nacional de Colonia, Juventud de Colonia, CA Peñarol",-,"Rp4,35Mlyr.",4345454545,3910909091,INCREASED,0,0,0,0,0.0,0,0,2026-10-05
1032768,57,Tegar Islami,Persiraja Banda Aceh,Indonesia (Liga 2),ILI2,2,Gel. Serang,Midfielder,20,2006-02-06,True,Indonesia,Lokal,175,kiri,2026-07-28,"SBA Indonesia, Galasiswa U14 (2020), Borneo FC U16 (2021-202",-,-,0,0,STABLE,0,0,0,0,0.0,0,0,2026-10-05
1441334,15,Mujahidin,Persiraja Banda Aceh,Indonesia (Liga 2),ILI2,2,Gel. Tengah,Midfielder,24,2002-04-02,False,Indonesia,Lokal,168,kanan,2025-08-09,PSLS U16,2027-06-30,"Rp434,55Jt.",434545455,173818182,INCREASED,0,0,0,0,0.0,0,0,2026-10-05
1601184,13,Nabil Muannisi,Persiraja Banda Aceh,Indonesia (Liga 2),ILI2,2,Gel. Tengah,Midfielder,0,-,False,Indonesia,Lokal,0,kanan,2026-08-01,-,-,-,0,0,STABLE,0,0,0,0,0.0,0,0,2026-10-05
1500278,21,Muhammad Fazri,Persiraja Banda Aceh,Indonesia (Liga 2),ILI2,2,Gel. Tengah,Midfielder,19,2007-07-18,True,Indonesia,Lokal,0,kanan,2026-07-25,Raga Negeri FA (2025),-,-,0,0,STABLE,0,0,0,0,0.0,0,0,2026-10-05
1601183,30,Faiz Wafi,Persiraja Banda Aceh,Indonesia (Liga 2),ILI2,2,Gel. Tengah,Midfielder,0,-,False,Indonesia,Lokal,0,kanan,2026-08-01,"Prapora ABDYA, Persas Sabang U17 (2025)",-,-,0,0,STABLE,0,0,0,0,0.0,0,0,2026-10-05
936172,7,Indra Arya,Persiraja Banda Aceh,Indonesia (Liga 2),ILI2,2,Sayap Kiri,Attack,23,2003-07-01,False,Indonesia,Lokal,172,kanan,2026-07-23,POPWil Bandung (2019-2020),-,"Rp1,74Mlyr.",1738181818,2172727273,DECREASED,0,0,0,0,0.0,0,0,2026-10-05
506338,20,Ilham Armaiyn,Persiraja Banda Aceh,Indonesia (Liga 2),ILI2,2,Sayap Kiri,Attack,30,1996-05-10,False,Indonesia,Lokal,165,kiri,2026-07-26,"SSB Tunas Gamalama (2012), Diklat Ragunan (2013-2015)",-,"Rp869,09Jt.",869090909,869090909,UNCHANGED,0,0,0,0,0.0,0,0,2026-10-05
1314561,70,Tedja Kusuma,Persiraja Banda Aceh,Indonesia (Liga 2),ILI2,2,Sayap Kiri,Attack,20,2006-09-16,True,Indonesia,Lokal,175,kanan,2026-07-22,"Persita U16 (2021-2022), Persita U18 (2022-2024)",-,"Rp869,09Jt.",869090909,869090909,UNCHANGED,0,0,0,0,0.0,0,0,2026-10-05
1007955,17,Dwiki Mardiyanto,Persiraja Banda Aceh,Indonesia (Liga 2),ILI2,2,Sayap Kanan,Attack,26,2000-03-21,False,Indonesia,Lokal,163,kanan,2026-07-25,"Persebaya Youth (-2020), PON Jatim (2020-2021)",-,"Rp1,30Mlyr.",1303636364,1303636364,UNCHANGED,0,0,0,0,0.0,0,0,2026-10-05
824357,9,Djakaridja Junior Traoré,Persiraja Banda Aceh,Indonesia (Liga 2),ILI2,2,Depan-Tengah,Attack,28,1998-08-02,False,Pantai Gading,Asing Non-Asia,193,kanan,2026-07-31,-,-,"Rp1,74Mlyr.",1738181818,2172727273,DECREASED,0,0,0,0,0.0,0,0,2026-10-05
1578649,11,Pitian Husni,Persiraja Banda Aceh,Indonesia (Liga 2),ILI2,2,Depan-Tengah,Attack,24,2002-06-08,False,Indonesia,Lokal,167,kanan,2026-08-08,-,2028-06-30,-,0,0,STABLE,0,0,0,0,0.0,0,0,2026-10-05
1578647,27,Khalidin,Persiraja Banda Aceh,Indonesia (Liga 2),ILI2,2,Depan-Tengah,Attack,0,-,False,Indonesia,Lokal,0,kanan,2026-08-08,-,2028-06-30,-,0,0,STABLE,0,0,0,0,0.0,0,0,2026-10-05
1486573,29,Ibrahim Faisal,Persiraja Banda Aceh,Indonesia (Liga 2),ILI2,2,Depan-Tengah,Attack,23,2003-09-19,False,Indonesia,Lokal,0,kanan,2026-08-04,PS. Barito Putera U16 (2019),-,-,0,0,STABLE,0,0,0,0,0.0,0,0,2026-10-05
1395099,77,Risky Safri,Persiraja Banda Aceh,Indonesia (Liga 2),ILI2,2,Depan-Tengah,Attack,19,2007-05-05,True,Indonesia,Lokal,176,kanan,2026-08-09,"Malut United U18 (2024-2025), Malut United U20 (2025-2026)",-,-,0,0,STABLE,0,0,0,0,0.0,0,0,2026-10-05
1601182,8,Andhika Maulana,Persiraja Banda Aceh,Indonesia (Liga 2),ILI2,2,Gel. Tengah,Midfielder,0,-,False,Indonesia,Lokal,0,kanan,2026-08-01,"Popda Aceh (2024), Persada ABDYA U17 (2025)",-,-,0,0,STABLE,0,0,0,0,0.0,0,0,2026-10-05
1052919,81,Ramadhan,Sumsel United FC,Indonesia (Liga 2),ILI2,2,Kiper,Goalkeeper,29,1997-02-08,False,Indonesia,Lokal,173,kanan,2026-02-06,PraPON Sulteng (2016),2027-06-30,"Rp869,09Jt.",869090909,869090909,UNCHANGED,0,0,0,0,0.0,0,0,2026-10-05
1036532,64,Panggih Triatmojo,Sumsel United FC,Indonesia (Liga 2),ILI2,2,Kiper,Goalkeeper,26,2000-03-07,False,Indonesia,Lokal,0,kanan,2025-07-01,"SSB Porto Musirawas (2015), Persimura Musirawas (2019), Porp",2027-06-30,"Rp434,55Jt.",434545455,434545455,UNCHANGED,0,0,0,0,0.0,0,0,2026-10-05
1009177,31,Komang Aryantara,Sumsel United FC,Indonesia (Liga 2),ILI2,2,Kiper,Goalkeeper,21,2005-04-01,True,Indonesia,Lokal,181,kanan,2026-08-17,"SSB Mandala United, Bali United U18 (2021-2023)",-,"Rp173,82Jt.",173818182,173818182,UNCHANGED,0,0,0,0,0.0,0,0,2026-10-05
1600906,24,Maikchel Wijaya,Sumsel United FC,Indonesia (Liga 2),ILI2,2,Kiper,Goalkeeper,0,-,False,Indonesia,Lokal,0,kanan,2026-09-01,"Porsido FC Lahat U17 (2023), Porprov Sumsel (2023)",-,-,0,0,STABLE,0,0,0,0,0.0,0,0,2026-10-05
575754,28,Arif Satria,Sumsel United FC,Indonesia (Liga 2),ILI2,2,Bek-Tengah,Defender,31,1995-09-17,False,Indonesia,Lokal,183,kanan,2026-08-26,Semen Padang U21 (2014-2015),-,"Rp1,74Mlyr.",1738181818,1738181818,UNCHANGED,0,0,0,0,0.0,0,0,2026-10-05
1183454,23,Ragil Dimas,Sumsel United FC,Indonesia (Liga 2),ILI2,2,Bek-Tengah,Defender,24,2002-08-31,False,Indonesia,Lokal,178,kanan,2026-08-28,-,-,"Rp869,09Jt.",869090909,869090909,UNCHANGED,0,0,0,0,0.0,0,0,2026-10-05
1304540,4,Razan Akbar,Sumsel United FC,Indonesia (Liga 2),ILI2,2,Bek-Tengah,Defender,21,2005-02-24,True,Indonesia,Lokal,0,kanan,2026-08-15,"SSB Saswco (2019), PERSIB Bandung U16 (2023), PERSIB Bandung",-,"Rp434,55Jt.",434545455,434545455,UNCHANGED,0,0,0,0,0.0,0,0,2026-10-05
1345617,34,Fedly Damara,Sumsel United FC,Indonesia (Liga 2),ILI2,2,Bek-Tengah,Defender,20,2006-02-05,True,Indonesia,Lokal,175,kanan,2026-08-23,"Persebaya U16 (2023), Persebaya U18 (2023), Persebaya U20 (2",-,"Rp434,55Jt.",434545455,434545455,UNCHANGED,0,0,0,0,0.0,0,0,2026-10-05
904284,42,Zakaria,Sumsel United FC,Indonesia (Liga 2),ILI2,2,Bek-Tengah,Defender,29,1997-05-05,False,Indonesia,Lokal,175,kanan,2025-07-01,-,2027-06-30,"Rp173,82Jt.",173818182,434545455,DECREASED,0,0,0,0,0.0,0,0,2026-10-05
869207,25,Frank Sokoy,Sumsel United FC,Indonesia (Liga 2),ILI2,2,Bek-Kiri,Defender,29,1997-07-16,False,Indonesia,Lokal,170,kiri,2026-08-18,Persitoli Tolikara (2019),-,"Rp869,09Jt.",869090909,869090909,UNCHANGED,0,0,0,0,0.0,0,0,2026-10-05
746955,26,Kartika Vedhayanto,Sumsel United FC,Indonesia (Liga 2),ILI2,2,Bek-Kanan,Defender,24,2002-01-25,False,Indonesia,Lokal,170,kanan,2026-08-21,"PPLP Jawa Tengah (2018-2019), Garuda Select (2019), PSIS U18",-,"Rp869,09Jt.",869090909,869090909,UNCHANGED,0,0,0,0,0.0,0,0,2026-10-05
1584728,55,Wafa Habiby,Sumsel United FC,Indonesia (Liga 2),ILI2,2,Bek-Kanan,Defender,19,2007-05-04,True,Indonesia,Lokal,0,kanan,2026-08-20,"Popda Sumsel, Sumsel United U19 (2025)",-,-,0,0,STABLE,0,0,0,0,0.0,0,0,2026-10-05
721796,6,Tegar Pangestu,Sumsel United FC,Indonesia (Liga 2),ILI2,2,Gel. Bertahan,Midfielder,33,1993-06-12,False,Indonesia,Lokal,174,kanan,2026-08-24,"Persibabar U15, Persibabar U18, PON Babel (2016), Persibabar",-,"Rp869,09Jt.",869090909,869090909,UNCHANGED,0,0,0,0,0.0,0,0,2026-10-05
875209,5,Duta Atapelwa,Sumsel United FC,Indonesia (Liga 2),ILI2,2,Gel. Bertahan,Midfielder,25,2001-01-28,False,Indonesia,Lokal,182,kiri,2026-08-17,"BMIFA (2016), Persita (2017-2019), PERSIB U20 (2019), Persit",-,"Rp434,55Jt.",434545455,434545455,UNCHANGED,0,0,0,0,0.0,0,0,2026-10-05
662801,16,Chrystna Bhagascara,Sumsel United FC,Indonesia (Liga 2),ILI2,2,Gel. Tengah,Midfielder,28,1998-06-22,False,Indonesia,Lokal,170,kanan,2026-08-18,ASIFA (-2016),-,"Rp1,30Mlyr.",1303636364,1738181818,DECREASED,0,0,0,0,0.0,0,0,2026-10-05
1600907,15,Fajar Romadhon,Sumsel United FC,Indonesia (Liga 2),ILI2,2,Gel. Tengah,Midfielder,17,2008-10-15,True,Indonesia,Lokal,0,kanan,2026-09-01,"Barito Putera U18 (2024-2025), Sumsel United U19 (2026)",-,-,0,0,STABLE,0,0,0,0,0.0,0,0,2026-10-05
1598424,47,Daffa Hardi,Sumsel United FC,Indonesia (Liga 2),ILI2,2,Gel. Tengah,Midfielder,19,2007-07-16,True,Indonesia,Lokal,0,kanan,2026-09-09,Sumsel United U19 (2025-2026),-,-,0,0,STABLE,0,0,0,0,0.0,0,0,2026-10-05
556653,10,Felipe Ryan,Sumsel United FC,Indonesia (Liga 2),ILI2,2,Gel. Serang,Midfielder,29,1997-04-28,False,Brasil,Asing Non-Asia,180,kiri,2026-09-23,-,-,"Rp3,48Mlyr.",3476363636,3041818182,INCREASED,0,0,0,0,0.0,0,0,2026-10-05
1349384,17,Rizki Ramadhan,Sumsel United FC,Indonesia (Liga 2),ILI2,2,Gel. Serang,Midfielder,19,2006-10-23,True,Indonesia,Lokal,165,kanan,2026-09-09,"Persita U18 (2023), Persita U20 (2024)",-,-,0,0,STABLE,0,0,0,0,0.0,0,0,2026-10-05
1598882,18,Aziz Yamantoro,Sumsel United FC,Indonesia (Liga 2),ILI2,2,Gel. Tengah,Midfielder,0,-,False,Indonesia,Lokal,0,kanan,2026-09-10,-,-,-,0,0,STABLE,0,0,0,0,0.0,0,0,2026-10-05
1286511,11,Kadir Toyo,Sumsel United FC,Indonesia (Liga 2),ILI2,2,Sayap Kiri,Attack,25,2000-12-22,False,Indonesia,Lokal,0,kanan,2026-08-18,-,-,"Rp869,09Jt.",869090909,869090909,UNCHANGED,0,0,0,0,0.0,0,0,2026-10-05
1187383,14,Hibiki Mochizuki,Sumsel United FC,Indonesia (Liga 2),ILI2,2,Sayap Kiri,Attack,27,1998-10-09,False,Jepang,Asia (AFC),175,kanan,2026-08-19,"Kawasaki Frontale, Soka HS, Soka University",-,"Rp434,55Jt.",434545455,434545455,UNCHANGED,0,0,0,0,0.0,0,0,2026-10-05
1344958,78,Wahyu Poru,Sumsel United FC,Indonesia (Liga 2),ILI2,2,Sayap Kiri,Attack,23,2003-07-29,False,Indonesia,Lokal,0,kiri,2026-08-15,"Borneo FC U20 (2023-2024), PON Sulawesi Tengah (2024)",-,-,0,869090909,DECREASED,0,0,0,0,0.0,0,0,2026-10-05
1036531,22,Tomi Darmawan,Sumsel United FC,Indonesia (Liga 2),ILI2,2,Sayap Kanan,Attack,25,2001-03-16,False,Indonesia,Lokal,0,kanan,2025-07-01,"PPLPD Musi Banyuasin (2016-2018), Porwil Bengkulu (2019), PP",2027-06-30,"Rp1,30Mlyr.",1303636364,869090909,INCREASED,0,0,0,0,0.0,0,0,2026-10-05
717208,7,Andreas Ado,Sumsel United FC,Indonesia (Liga 2),ILI2,2,Sayap Kanan,Attack,29,1997-03-15,False,Indonesia,Lokal,174,kanan,2026-08-16,"ASIOP (2009-2012), Diklat Ragunan (2012-2015), PPLM DKI Jaka",-,"Rp869,09Jt.",869090909,869090909,UNCHANGED,0,0,0,0,0.0,0,0,2026-10-05
505749,9,Dedi Hartono,Sumsel United FC,Indonesia (Liga 2),ILI2,2,Sayap Kanan,Attack,38,1987-11-12,False,Indonesia,Lokal,165,kanan,2026-08-27,-,-,"Rp173,82Jt.",173818182,173818182,UNCHANGED,0,0,0,0,0.0,0,0,2026-10-05
1173626,21,Masagus Zakaria,Sumsel United FC,Indonesia (Liga 2),ILI2,2,Sayap Kanan,Attack,23,2002-10-20,False,Indonesia,Lokal,170,kanan,2026-08-21,"PS PUSRI U17 (2019), Persita U18 (2020), SKO Sumsel (2018-20",-,-,0,869090909,DECREASED,0,0,0,0,0.0,0,0,2026-10-05
1349401,27,Aidil Subhi,Sumsel United FC,Indonesia (Liga 2),ILI2,2,Sayap Kanan,Attack,19,2006-10-27,True,Indonesia,Lokal,180,kanan,2026-09-08,"SSB Farmel (2021-2024), Persita U20 (2024)",-,-,0,0,STABLE,0,0,0,0,0.0,0,0,2026-10-05
367697,32,Kenneth Ngwoke,Sumsel United FC,Indonesia (Liga 2),ILI2,2,Depan-Tengah,Attack,33,1993-03-29,False,Nigeria,Asing Non-Asia,183,kanan,2026-09-01,-,-,-,0,1738181818,DECREASED,0,0,0,0,0.0,0,0,2026-10-05
875221,99,Fajar Firdaus,Sumsel United FC,Indonesia (Liga 2),ILI2,2,Depan-Tengah,Attack,23,2002-10-21,False,Indonesia,Lokal,170,kanan,2026-09-07,"Persija U16 (2018), Persija U18 (2019-2020), Persija U20 (20",-,-,0,434545455,DECREASED,0,0,0,0,0.0,0,0,2026-10-05
1598127,97,Pasha Andrio,Sumsel United FC,Indonesia (Liga 2),ILI2,2,Depan-Tengah,Attack,19,2007-04-30,True,Indonesia,Lokal,0,kanan,2026-09-08,"Borneo U16 (2023-2024), Borneo U18 (2024-2025), Sumsel U19 (",-,-,0,0,STABLE,0,0,0,0,0.0,0,0,2026-10-05
1055622,21,Havizd Muzaki,Deltras FC,Indonesia (Liga 2),ILI2,2,Kiper,Goalkeeper,24,2002-01-12,False,Indonesia,Lokal,175,kanan,2026-08-18,SSB Muspan Kla-Dentist,-,"Rp1,30Mlyr.",1303636364,869090909,INCREASED,0,0,0,0,0.0,0,0,2026-10-05
559184,29,Samuel Reimas,Deltras FC,Indonesia (Liga 2),ILI2,2,Kiper,Goalkeeper,34,1992-09-11,False,Indonesia,Lokal,176,kanan,2026-08-10,"SSB Sosisal Surabaya, Sawiat FC Kota Sorong, Forester Kab. S",-,"Rp869,09Jt.",869090909,869090909,UNCHANGED,0,0,0,0,0.0,0,0,2026-10-05
561224,33,Abdul Rohim,Deltras FC,Indonesia (Liga 2),ILI2,2,Kiper,Goalkeeper,34,1992-04-06,False,Indonesia,Lokal,180,kanan,2026-08-26,-,-,"Rp173,82Jt.",173818182,173818182,UNCHANGED,0,0,0,0,0.0,0,0,2026-10-05
1310953,81,Rafi Ardiono,Deltras FC,Indonesia (Liga 2),ILI2,2,Kiper,Goalkeeper,20,2006-03-06,True,Indonesia,Lokal,179,kanan,2026-09-01,Deltras U17 (2023),-,-,0,0,STABLE,0,0,0,0,0.0,0,0,2026-10-05
950149,13,Muhammad Idris,Deltras FC,Indonesia (Liga 2),ILI2,2,Bek-Tengah,Defender,27,1998-12-13,False,Indonesia,Lokal,175,kanan,2023-09-01,PON Jatim (2020-2021),-,"Rp1,74Mlyr.",1738181818,1303636364,INCREASED,0,0,0,0,0.0,0,0,2026-10-05
309098,4,Jahanbakhsh Taher,Deltras FC,Indonesia (Liga 2),ILI2,2,Bek-Tengah,Defender,36,1990-01-31,False,Iran,Asia (AFC),187,kanan,2026-08-13,-,-,-,0,869090909,DECREASED,0,0,0,0,0.0,0,0,2026-10-05
1580604,31,Christian Deo,Deltras FC,Indonesia (Liga 2),ILI2,2,Bek-Tengah,Defender,19,2007-04-19,True,Indonesia,Lokal,0,kanan,2026-08-14,-,-,-,0,0,STABLE,0,0,0,0,0.0,0,0,2026-10-05
1021035,17,Marsel Usemahu,Deltras FC,Indonesia (Liga 2),ILI2,2,Bek-Kiri,Defender,29,1997-07-23,False,Indonesia,Lokal,176,kanan,2024-12-26,"SSB Tulehu, PS Tulehu Putra 1997, Pra PON Maluku (2020)",-,"Rp1,30Mlyr.",1303636364,869090909,INCREASED,0,0,0,0,0.0,0,0,2026-10-05
506572,26,Marckho Merauje,Deltras FC,Indonesia (Liga 2),ILI2,2,Bek-Kanan,Defender,31,1994-12-04,False,Indonesia,Lokal,178,kanan,2026-08-19,"Persipura Jayapura, PON Papua",-,"Rp2,17Mlyr.",2172727273,2172727273,UNCHANGED,0,0,0,0,0.0,0,0,2026-10-05
1346601,45,Dani Ibrohim,Deltras FC,Indonesia (Liga 2),ILI2,2,Bek-Kanan,Defender,20,2006-07-13,True,Indonesia,Lokal,147,kanan,2026-08-21,"Imran Soccer Academy (2019-2022) Persija U16 (2023), Persija",-,"Rp1,74Mlyr.",1738181818,434545455,INCREASED,0,0,0,0,0.0,0,0,2026-10-05
644063,3,Bagus Nirwanto,Deltras FC,Indonesia (Liga 2),ILI2,2,Bek-Kanan,Defender,33,1993-03-23,False,Indonesia,Lokal,165,kanan,2026-09-04,Deltras U21,-,"Rp869,09Jt.",869090909,869090909,UNCHANGED,0,0,0,0,0.0,0,0,2026-10-05
901893,23,Hamdi Sula,Deltras FC,Indonesia (Liga 2),ILI2,2,Bek-Kanan,Defender,28,1997-11-03,False,Indonesia,Lokal,175,kanan,2026-08-17,-,-,"Rp869,09Jt.",869090909,1303636364,DECREASED,0,0,0,0,0.0,0,0,2026-10-05
944503,5,Ichlasul Qadri,Deltras FC,Indonesia (Liga 2),ILI2,2,Gel. Bertahan,Midfielder,26,2000-03-29,False,Indonesia,Lokal,0,kanan,2026-08-28,"Poram (2018), Kalteng Putra U20 (2019), PON Maluku Utara (20",-,"Rp1,30Mlyr.",1303636364,1303636364,UNCHANGED,0,0,0,0,0.0,0,0,2026-10-05
506577,6,Manda Cingi,Deltras FC,Indonesia (Liga 2),ILI2,2,Gel. Bertahan,Midfielder,33,1993-05-29,False,Indonesia,Lokal,170,kanan,2026-09-20,"SSB Tunas Saburai, SSB Pahoman United, Sriwijaya FC (2014-20",-,"Rp869,09Jt.",869090909,869090909,UNCHANGED,0,0,0,0,0.0,0,0,2026-10-05
722688,87,Shulton Fajar,Deltras FC,Indonesia (Liga 2),ILI2,2,Gel. Bertahan,Midfielder,32,1994-02-04,False,Indonesia,Lokal,170,kanan,2026-08-10,PON Jatim (2015),-,"Rp869,09Jt.",869090909,869090909,UNCHANGED,0,0,0,0,0.0,0,0,2026-10-05
1337603,8,Ananta Krisna,Deltras FC,Indonesia (Liga 2),ILI2,2,Gel. Bertahan,Midfielder,20,2006-05-19,True,Indonesia,Lokal,171,kanan,2026-09-18,"SSB Putra Dewata (-2019), SSB Putra Tresna (2020), Bali Unit",-,"Rp434,55Jt.",434545455,434545455,STABLE,0,0,0,0,0.0,0,0,2026-10-05
206993,14,Hariono,Deltras FC,Indonesia (Liga 2),ILI2,2,Gel. Bertahan,Midfielder,41,1985-10-02,False,Indonesia,Lokal,169,kanan,2024-09-02,"Persida Sidoarjo (2003)
Deltras Sidoarjo",2027-06-30,"Rp173,82Jt.",173818182,173818182,UNCHANGED,0,0,0,0,0.0,0,0,2026-10-05
1346599,16,Raditya Rahardjo,Deltras FC,Indonesia (Liga 2),ILI2,2,Gel. Bertahan,Midfielder,19,2007-05-16,True,Indonesia,Lokal,179,kiri,2026-08-30,"SSB Klumpang Putra, Akademi Kwarta (-2022), PSSA Asahan U15 ",-,-,0,0,STABLE,0,0,0,0,0.0,0,0,2026-10-05
323534,19,Rizky Pellu,Deltras FC,Indonesia (Liga 2),ILI2,2,Gel. Tengah,Midfielder,34,1992-06-26,False,Indonesia,Lokal,177,kanan,2026-08-10,Deportivo Indonesia (2009-2010),-,"Rp173,82Jt.",173818182,173818182,INCREASED,0,0,0,0,0.0,0,0,2026-10-05
1486472,25,Ketut Dedi,Deltras FC,Indonesia (Liga 2),ILI2,2,Gelandang Kanan,Midfielder,19,2006-10-28,True,Indonesia,Lokal,176,kanan,2026-08-15,"Putra Angkasa Kapal U17, Bali United U20 (2025-)",-,-,0,0,STABLE,0,0,0,0,0.0,0,0,2026-10-05
604854,22,Ichsan Pratama,Deltras FC,Indonesia (Liga 2),ILI2,2,Gel. Serang,Midfielder,32,1993-10-09,False,Indonesia,Lokal,171,kiri,2026-08-09,-,-,"Rp869,09Jt.",869090909,869090909,UNCHANGED,0,0,0,0,0.0,0,0,2026-10-05
1458147,27,Rafly Juniar,Deltras FC,Indonesia (Liga 2),ILI2,2,Gel. Serang,Midfielder,19,2007-06-23,True,Indonesia,Lokal,0,kanan,2025-07-01,"Young Star FA, Deltras U17",2027-06-30,"Rp173,82Jt.",173818182,173818182,UNCHANGED,0,0,0,0,0.0,0,0,2026-10-05
1346605,28,Gading Kritanto,Deltras FC,Indonesia (Liga 2),ILI2,2,Gel. Serang,Midfielder,20,2006-02-03,True,Indonesia,Lokal,165,kanan,2026-08-14,"SSB Bhinneka Elang Muda Indonesia (2020-2023), Persija U16 (",-,-,0,0,STABLE,0,0,0,0,0.0,0,0,2026-10-05
1354758,0,Faizal Maulana,Deltras FC,Indonesia (Liga 2),ILI2,2,Gel. Tengah,Midfielder,22,2004-04-20,True,Indonesia,Lokal,0,kanan,2026-02-06,"Bhayangkara FC U17 (2021-2023), Porprov Sidoarjo, PON Jawa T",2027-06-30,-,0,0,STABLE,0,0,0,0,0.0,0,0,2026-10-05
1353174,35,Reza Saputra,Deltras FC,Indonesia (Liga 2),ILI2,2,Gel. Tengah,Midfielder,26,2000-03-10,False,Indonesia,Lokal,0,kanan,2026-02-05,-,2027-06-30,-,0,0,STABLE,0,0,0,0,0.0,0,0,2026-10-05
862579,77,Rian Lopes,Deltras FC,Indonesia (Liga 2),ILI2,2,Sayap Kiri,Attack,25,2001-03-26,False,Brasil,Asing Non-Asia,170,kanan,2025-08-15,Coritiba (U-15 - U17),2027-06-30,"Rp2,17Mlyr.",2172727273,1303636364,INCREASED,0,0,0,0,0.0,0,0,2026-10-05
1334933,11,Wigi Pratama,Deltras FC,Indonesia (Liga 2),ILI2,2,Sayap Kiri,Attack,22,2004-07-29,True,Indonesia,Lokal,0,kanan,2026-08-08,Persik Kediri U18 (2020-2021),-,"Rp869,09Jt.",869090909,869090909,UNCHANGED,0,0,0,0,0.0,0,0,2026-10-05
1039723,0,Flabio Soares,Deltras FC,Indonesia (Liga 2),ILI2,2,Sayap Kanan,Attack,27,1999-02-02,False,Indonesia,Lokal,162,kanan,2025-08-01,"TIRA-KABO U20, Bintang Timur Academy, PON NTT (2021), Arema ",2027-06-30,"Rp1,30Mlyr.",1303636364,1303636364,UNCHANGED,0,0,0,0,0.0,0,0,2026-10-05
1288298,30,Nathan Ari,Deltras FC,Indonesia (Liga 2),ILI2,2,Sayap Kanan,Attack,20,2006-08-03,True,Indonesia,Lokal,0,kanan,2026-08-15,"SSB Putra Dewata (-2020), FLAFA Bali (2021), Bali United U16",-,"Rp173,82Jt.",173818182,173818182,STABLE,0,0,0,0,0.0,0,0,2026-10-05
396123,10,Mohcine Hassan,Deltras FC,Indonesia (Liga 2),ILI2,2,Depan-Tengah,Attack,32,1994-09-30,False,Maroko,Asing Non-Asia,192,kanan,2026-09-07,-,-,"Rp1,74Mlyr.",1738181818,1738181818,UNCHANGED,0,0,0,0,0.0,0,0,2026-10-05
912423,9,Muhammad Irman,Deltras FC,Indonesia (Liga 2),ILI2,2,Depan-Tengah,Attack,27,1999-05-21,False,Indonesia,Lokal,175,kanan,2025-08-01,Sukabumi FC (2018),2027-06-30,"Rp1,30Mlyr.",1303636364,869090909,INCREASED,0,0,0,0,0.0,0,0,2026-10-05
558960,18,Martinus Novianto,Deltras FC,Indonesia (Liga 2),ILI2,2,Depan-Tengah,Attack,30,1995-11-03,False,Indonesia,Lokal,174,kanan,2025-08-01,"SSB Handayani, SSB Batu Retno, SSB Gama, PSIM Yogyakarta (20",2027-06-30,"Rp434,55Jt.",434545455,434545455,UNCHANGED,0,0,0,0,0.0,0,0,2026-10-05
1177312,20,Aulia Rahman,Deltras FC,Indonesia (Liga 2),ILI2,2,Depan-Tengah,Attack,20,2006-08-20,True,Indonesia,Lokal,180,kanan,2026-08-15,"Putra Tangerang FA (2018), SSB Putra Cisereh (2020-2022), Pe",-,-,0,173818182,DECREASED,0,0,0,0,0.0,0,0,2026-10-05
1354760,15,Achmad Dwi,Deltras FC,Indonesia (Liga 2),ILI2,2,Gel. Tengah,Midfielder,23,2003-01-31,False,Indonesia,Lokal,0,kanan,2026-09-01,PON Jawa Timur (2024),-,-,0,0,STABLE,0,0,0,0,0.0,0,0,2026-10-05
1581960,32,Aqil Agustian,Deltras FC,Indonesia (Liga 2),ILI2,2,Gel. Tengah,Midfielder,0,-,False,Indonesia,Lokal,0,kanan,2026-08-16,Deltras U19 (2025),-,-,0,0,STABLE,0,0,0,0,0.0,0,0,2026-10-05
825126,17,Dimas Fani,Adhyaksa FC Bekasi,Indonesia (Liga 2),ILI2,2,Kiper,Goalkeeper,26,2000-05-18,False,Indonesia,Lokal,175,kanan,2026-08-13,"Porprov Pati (2017)
Persipa Pati (2018-2019)
PSS Sleman U2",-,"Rp869,09Jt.",869090909,869090909,UNCHANGED,0,0,0,0,0.0,0,0,2026-10-05
1115710,21,Raka Okta,Adhyaksa FC Bekasi,Indonesia (Liga 2),ILI2,2,Kiper,Goalkeeper,22,2004-10-01,True,Indonesia,Lokal,176,kanan,2026-08-12,"PSS Sleman U16 (2021), PSS Sleman U18 (2022), PSM U20 (2023-",-,"Rp434,55Jt.",434545455,434545455,UNCHANGED,0,0,0,0,0.0,0,0,2026-10-05
1029087,24,Chairil Zul Azhar,Adhyaksa FC Bekasi,Indonesia (Liga 2),ILI2,2,Kiper,Goalkeeper,27,1999-03-19,False,Indonesia,Lokal,180,kanan,2026-08-12,"Bali United U19 (2017), PON Aceh (2021)",-,"Rp173,82Jt.",173818182,173818182,INCREASED,0,0,0,0,0.0,0,0,2026-10-05
1275353,81,Rendy Razzaqu,Adhyaksa FC Bekasi,Indonesia (Liga 2),ILI2,2,Kiper,Goalkeeper,18,2008-01-08,True,Indonesia,Lokal,187,kanan,2026-08-26,"SSB SevenThree, Perwira Timur FA, SSB SAWSCO, Akademi Persib",-,-,0,0,STABLE,0,0,0,0,0.0,0,0,2026-10-05
264608,3,Artur Vieira,Adhyaksa FC Bekasi,Indonesia (Liga 2),ILI2,2,Bek-Tengah,Defender,36,1990-06-11,False,Brasil,Asing Non-Asia,190,kanan,2026-08-15,-,-,"Rp869,09Jt.",869090909,1303636364,DECREASED,0,0,0,0,0.0,0,0,2026-10-05
721641,6,Arif Budiyono,Adhyaksa FC Bekasi,Indonesia (Liga 2),ILI2,2,Bek-Tengah,Defender,33,1993-02-26,False,Indonesia,Lokal,179,kanan,2026-08-12,Puslat Kendal,-,"Rp869,09Jt.",869090909,869090909,UNCHANGED,0,0,0,0,0.0,0,0,2026-10-05
575534,13,Didik Wahyu,Adhyaksa FC Bekasi,Indonesia (Liga 2),ILI2,2,Bek-Tengah,Defender,32,1994-02-13,False,Indonesia,Lokal,173,kanan,2026-08-14,-,-,"Rp869,09Jt.",869090909,869090909,UNCHANGED,0,0,0,0,0.0,0,0,2026-10-05
901583,4,Adhe Owen,Adhyaksa FC Bekasi,Indonesia (Liga 2),ILI2,2,Bek-Tengah,Defender,28,1998-07-04,False,Indonesia,Lokal,175,kiri,2026-08-31,"SSB Bina Tama, Persekat Youth (2015), Semen Padang (2017), P",-,"Rp434,55Jt.",434545455,434545455,UNCHANGED,0,0,0,0,0.0,0,0,2026-10-05
929310,5,Rangga Widiansyah,Adhyaksa FC Bekasi,Indonesia (Liga 2),ILI2,2,Bek-Kiri,Defender,24,2002-04-24,False,Indonesia,Lokal,166,kiri,2026-08-13,"Villa 2000 (2017), Persija U16 (2018), Persija U18 (2019-202",-,"Rp2,17Mlyr.",2172727273,1738181818,INCREASED,0,0,0,0,0.0,0,0,2026-10-05
722679,72,Dedi Tri Maulana,Adhyaksa FC Bekasi,Indonesia (Liga 2),ILI2,2,Bek-Kiri,Defender,27,1999-06-27,False,Indonesia,Lokal,170,kiri,2026-08-14,"Diklat Ragunan (2014-2017), Persab U17 (2016)",-,"Rp1,74Mlyr.",1738181818,1303636364,INCREASED,0,0,0,0,0.0,0,0,2026-10-05
990612,96,Faqih Maulana,Adhyaksa FC Bekasi,Indonesia (Liga 2),ILI2,2,Bek-Kiri,Defender,22,2004-09-11,True,Indonesia,Lokal,175,kiri,2026-08-13,"SSB Tajimalela, TopSkor Indonesia (2018), Bhayangkara U16 (2",-,"Rp1,30Mlyr.",1303636364,1738181818,DECREASED,0,0,0,0,0.0,0,0,2026-10-05
505644,12,Nazar Nurzaidin,Adhyaksa FC Bekasi,Indonesia (Liga 2),ILI2,2,Bek-Kanan,Defender,31,1995-05-24,False,Indonesia,Lokal,172,kanan,2026-08-12,"Persika Karawang, Rajawali Muda, Barito Putera U21 ",-,"Rp1,30Mlyr.",1303636364,869090909,INCREASED,0,0,0,0,0.0,0,0,2026-10-05
1023114,2,Muhammad Fariz,Adhyaksa FC Bekasi,Indonesia (Liga 2),ILI2,2,Bek-Kanan,Defender,22,2004-09-02,True,Indonesia,Lokal,160,kanan,2026-08-14,"PERSIS U15 (2019), PSS Sleman U18 (2021-2022)",-,"Rp869,09Jt.",869090909,1303636364,DECREASED,0,0,0,0,0.0,0,0,2026-10-05
1275361,14,Fabio Azka,Adhyaksa FC Bekasi,Indonesia (Liga 2),ILI2,2,Bek-Kanan,Defender,18,2008-02-29,True,Indonesia,Lokal,167,kanan,2026-08-26,"Persija U16 (2023), Persija U18 (2023), Persija U20 (2023-20",-,-,0,0,STABLE,0,0,0,0,0.0,0,0,2026-10-05
506581,16,Hafit Ibrahim,Adhyaksa FC Bekasi,Indonesia (Liga 2),ILI2,2,Gel. Bertahan,Midfielder,33,1993-05-12,False,Indonesia,Lokal,170,kanan,2026-08-12,Sriwijaya FC U21 (2011-2012),-,"Rp869,09Jt.",869090909,869090909,UNCHANGED,0,0,0,0,0.0,0,0,2026-10-05
1275381,15,Algazani Dwi,Adhyaksa FC Bekasi,Indonesia (Liga 2),ILI2,2,Gel. Bertahan,Midfielder,18,2008-01-06,True,Indonesia,Lokal,172,kanan,2026-08-26,"Farmel Football Academy, Persija U20 (2024)",-,"Rp173,82Jt.",173818182,173818182,STABLE,0,0,0,0,0.0,0,0,2026-10-05
1150647,68,Amar Fadzillah,Adhyaksa FC Bekasi,Indonesia (Liga 2),ILI2,2,Gel. Tengah,Midfielder,24,2002-02-08,False,Indonesia,Lokal,170,kiri,2026-08-13,"SSB Garuda Putra (-2014), Villa 2000 FC (2015-2018), Persija",-,"Rp1,30Mlyr.",1303636364,1303636364,UNCHANGED,0,0,0,0,0.0,0,0,2026-10-05
576405,99,Delvin Rumbino,Adhyaksa FC Bekasi,Indonesia (Liga 2),ILI2,2,Gel. Tengah,Midfielder,31,1995-06-03,False,Indonesia,Lokal,175,kanan,2026-08-14,PSBS Biak Numfor,-,"Rp869,09Jt.",869090909,434545455,INCREASED,0,0,0,0,0.0,0,0,2026-10-05
1202842,8,Mirza Zakaria,Adhyaksa FC Bekasi,Indonesia (Liga 2),ILI2,2,Gel. Tengah,Midfielder,22,2004-09-17,True,Indonesia,Lokal,162,kanan,2024-09-01,"Persik Kediri U18 (2021)
RANS Nusantara U20 (2022)
Dewa Un",-,"Rp434,55Jt.",434545455,869090909,DECREASED,0,0,0,0,0.0,0,0,2026-10-05
1345673,36,Reiva Apriliansyah,Adhyaksa FC Bekasi,Indonesia (Liga 2),ILI2,2,Gel. Tengah,Midfielder,20,2006-04-10,True,Indonesia,Lokal,176,kiri,2026-09-07,SSB Eko Primavera (2018-2021),-,"Rp173,82Jt.",173818182,173818182,UNCHANGED,0,0,0,0,0.0,0,0,2026-10-05
861908,10,Tatsuhide Shimizu,Adhyaksa FC Bekasi,Indonesia (Liga 2),ILI2,2,Gel. Serang,Midfielder,30,1996-04-01,False,Jepang,Asia (AFC),173,kanan,2026-08-15,"FCYSA, Kamoi Jr HS, Yamato Minami HS",-,"Rp3,48Mlyr.",3476363636,2607272727,INCREASED,0,0,0,0,0.0,0,0,2026-10-05
1352676,28,Eduard Mandosir,Adhyaksa FC Bekasi,Indonesia (Liga 2),ILI2,2,Gel. Serang,Midfielder,22,2004-03-31,True,Indonesia,Lokal,0,kanan,2026-08-12,PON Papua Barat (2024),-,"Rp1,74Mlyr.",1738181818,1303636364,INCREASED,0,0,0,0,0.0,0,0,2026-10-05
1592906,33,Fairuz Al Abid,Adhyaksa FC Bekasi,Indonesia (Liga 2),ILI2,2,Gel. Tengah,Midfielder,19,2007-03-24,True,Indonesia,Lokal,0,kanan,2026-08-31,"Persiku U17 (2023), Barito Putera U16 (2024), Barito Putera ",-,-,0,0,STABLE,0,0,0,0,0.0,0,0,2026-10-05
1179498,64,Rafly Selang,Adhyaksa FC Bekasi,Indonesia (Liga 2),ILI2,2,Sayap Kiri,Attack,21,2005-04-08,True,Indonesia,Lokal,167,keduanya,2026-08-14,"SSB Cipta Cendikia (2018-2023), T-Eleven Soccer School, Garu",-,"Rp2,17Mlyr.",2172727273,1738181818,INCREASED,0,0,0,0,0.0,0,0,2026-10-05
728350,77,Jackson Tiwu,Adhyaksa FC Bekasi,Indonesia (Liga 2),ILI2,2,Sayap Kiri,Attack,30,1995-10-24,False,Indonesia,Lokal,0,kiri,2026-08-12,Pra Pon NTT (2015-2016),-,"Rp1,30Mlyr.",1303636364,869090909,INCREASED,0,0,0,0,0.0,0,0,2026-10-05
1349372,11,Evan Tuhuteru,Adhyaksa FC Bekasi,Indonesia (Liga 2),ILI2,2,Sayap Kiri,Attack,20,2006-07-09,True,Indonesia,Lokal,165,kiri,2026-08-31,"POPDA Kabupaten Bogor (2022-2023) Persikabo U20 (2023), Pers",-,-,0,0,STABLE,0,0,0,0,0.0,0,0,2026-10-05
644074,26,Irkham Mila,Adhyaksa FC Bekasi,Indonesia (Liga 2),ILI2,2,Sayap Kanan,Attack,28,1998-05-02,False,Indonesia,Lokal,168,kanan,2026-08-12,"Persekat Kab.Tegal U18, SSB Binatama, Persekat Tegal (2015)",-,"Rp1,30Mlyr.",1303636364,1738181818,DECREASED,0,0,0,0,0.0,0,0,2026-10-05
1449552,19,Hamka Hamza,Adhyaksa FC Bekasi,Indonesia (Liga 2),ILI2,2,Sayap Kanan,Attack,20,2006-01-17,True,Indonesia,Lokal,173,kanan,2025-08-26,"SSB Basis, Bekasi Raya, Menteng Junior, Buaran Putra U17 (20",-,"Rp173,82Jt.",173818182,173818182,STABLE,0,0,0,0,0.0,0,0,2026-10-05
1275388,7,Zahaby Gholy,Adhyaksa FC Bekasi,Indonesia (Liga 2),ILI2,2,Sayap Kanan,Attack,17,2008-12-05,True,Indonesia,Lokal,171,keduanya,2026-08-26,"Persija U16 (2023), Persija U20 (2024-)",-,-,0,0,STABLE,0,0,0,0,0.0,0,0,2026-10-05
1485650,27,Zaid Imam,Adhyaksa FC Bekasi,Indonesia (Liga 2),ILI2,2,Sayap Kanan,Attack,19,2007-08-27,True,Indonesia,Lokal,0,kanan,2026-08-13,"Persija U16 (2023-2024), Bali United U18 (2024-2025)",-,-,0,0,STABLE,0,0,0,0,0.0,0,0,2026-10-05
724699,20,Riki Dwi Saputro,Adhyaksa FC Bekasi,Indonesia (Liga 2),ILI2,2,Depan-Tengah,Attack,31,1995-02-20,False,Indonesia,Lokal,175,kanan,2026-08-13,PS Siak U21 (2017),-,"Rp1,30Mlyr.",1303636364,1303636364,UNCHANGED,0,0,0,0,0.0,0,0,2026-10-05
354942,29,Rudiyana,Adhyaksa FC Bekasi,Indonesia (Liga 2),ILI2,2,Depan-Tengah,Attack,34,1992-05-04,False,Indonesia,Lokal,174,kanan,2026-08-12,PERSIB (2014-2015),-,"Rp434,55Jt.",434545455,434545455,UNCHANGED,0,0,0,0,0.0,0,0,2026-10-05
294618,9,Rundell Winchester,Adhyaksa FC Bekasi,Indonesia (Liga 2),ILI2,2,Depan-Tengah,Attack,32,1993-12-16,False,Trinidad dan Tobago,Asing Non-Asia,188,kanan,2026-08-31,-,-,"Rp173,82Jt.",173818182,173818182,UNCHANGED,0,0,0,0,0.0,0,0,2026-10-05
505785,21,Muhammad Ridwan,Persiku Kudus,Indonesia (Liga 2),ILI2,2,Kiper,Goalkeeper,35,1991-03-26,False,Indonesia,Lokal,179,kanan,2026-09-09,"SSB Villa 2000, Persita Tangerang U15, Persita Tangerang U18",-,"Rp869,09Jt.",869090909,869090909,UNCHANGED,0,0,0,0,0.0,0,0,2026-10-05
506569,51,Rangga Pratama,Persiku Kudus,Indonesia (Liga 2),ILI2,2,Kiper,Goalkeeper,30,1996-04-18,False,Indonesia,Lokal,175,kanan,2026-09-09,Barito Putera U21 (2016),-,"Rp434,55Jt.",434545455,434545455,UNCHANGED,0,0,0,0,0.0,0,0,2026-10-05
1292373,57,Fidelis Davin,Persiku Kudus,Indonesia (Liga 2),ILI2,2,Kiper,Goalkeeper,22,2004-04-24,True,Indonesia,Lokal,0,kanan,2026-08-29,"Persitema U15 (2017), PSS Sleman U16 (2018-2021), PSS Sleman",-,-,0,0,STABLE,0,0,0,0,0.0,0,0,2026-10-05
517089,5,Nurhidayat,Persiku Kudus,Indonesia (Liga 2),ILI2,2,Bek-Tengah,Defender,27,1999-04-05,False,Indonesia,Lokal,173,kanan,2026-09-09,"PON Sulsel (2015-2016), Bhayangkara FC (2016)",-,"Rp1,74Mlyr.",1738181818,1738181818,UNCHANGED,0,0,0,0,0.0,0,0,2026-10-05
904297,50,Yohanes Kandaimu,Persiku Kudus,Indonesia (Liga 2),ILI2,2,Bek-Tengah,Defender,31,1995-08-12,False,Indonesia,Lokal,189,kanan,2026-09-09,PS Cigombong Putra,-,"Rp1,30Mlyr.",1303636364,1303636364,UNCHANGED,0,0,0,0,0.0,0,0,2026-10-05
904559,45,Syiha Buddin,Persiku Kudus,Indonesia (Liga 2),ILI2,2,Bek-Tengah,Defender,25,2001-04-05,False,Indonesia,Lokal,175,kanan,2026-09-09,"Porprov Jepara (2017), Persijap Youth (2018), PSS Sleman U18",-,"Rp869,09Jt.",869090909,1303636364,DECREASED,0,0,0,0,0.0,0,0,2026-10-05
1022396,77,Iqbal Hadi,Persiku Kudus,Indonesia (Liga 2),ILI2,2,Bek-Tengah,Defender,25,2001-02-22,False,Indonesia,Lokal,174,kanan,2026-09-01,"Persekam Metro FC U17 (2017), Perseru U19 (2018)",-,"Rp869,09Jt.",869090909,434545455,INCREASED,0,0,0,0,0.0,0,0,2026-10-05
647074,3,Willian Correia,Persiku Kudus,Indonesia (Liga 2),ILI2,2,Bek-Tengah,Defender,28,1998-02-10,False,Brasil,Asing Non-Asia,194,kiri,2026-09-11,-,-,-,0,869090909,DECREASED,0,0,0,0,0.0,0,0,2026-10-05
892886,8,Yulius Pamungkas,Persiku Kudus,Indonesia (Liga 2),ILI2,2,Bek-Kiri,Defender,26,2000-07-16,False,Indonesia,Lokal,157,kanan,2026-09-01,-,-,-,0,434545455,DECREASED,0,0,0,0,0.0,0,0,2026-10-05
1471439,87,Tegar Adit,Persiku Kudus,Indonesia (Liga 2),ILI2,2,Bek-Kiri,Defender,20,2006-09-09,True,Indonesia,Lokal,168,kiri,2026-09-01,Bhayangkara Presisi Lampung FC U20 (2025-),-,-,0,0,STABLE,0,0,0,0,0.0,0,0,2026-10-05
1181039,73,Bhima Wibnu,Persiku Kudus,Indonesia (Liga 2),ILI2,2,Bek-Kanan,Defender,26,2000-01-07,False,Indonesia,Lokal,173,kanan,2025-07-02,"PSBK U17 (2016), Persatu Youth (2017), Naga Emas Asri Youth ",2027-06-30,"Rp869,09Jt.",869090909,869090909,UNCHANGED,0,0,0,0,0.0,0,0,2026-10-05
721636,93,Lucky Oktavianto,Persiku Kudus,Indonesia (Liga 2),ILI2,2,Bek-Kanan,Defender,33,1993-10-05,False,Indonesia,Lokal,165,kanan,2026-09-09,"SSB Puslat Mars Magroyoso, Persijap U21 (2012-2014)",-,"Rp869,09Jt.",869090909,1303636364,DECREASED,0,0,0,0,0.0,0,0,2026-10-05
1338886,18,Rezal Pohan,Persiku Kudus,Indonesia (Liga 2),ILI2,2,Bek-Kanan,Defender,20,2006-08-03,True,Indonesia,Lokal,168,kanan,2026-09-01,"Borneo FC U16 (2023), Borneo FC U18 (2023-2024), Borneo FC U",-,-,0,0,STABLE,0,0,0,0,0.0,0,0,2026-10-05
1600567,88,Doli Nasution,Persiku Kudus,Indonesia (Liga 2),ILI2,2,Bek-Kanan,Defender,20,2006-04-13,True,Indonesia,Lokal,0,kanan,2026-09-01,Persipal U19 (2026),-,-,0,0,STABLE,0,0,0,0,0.0,0,0,2026-10-05
1458550,12,Tirto Wicaksono,Persiku Kudus,Indonesia (Liga 2),ILI2,2,Gel. Tengah,Midfielder,21,2005-10-01,True,Indonesia,Lokal,0,kanan,2026-09-01,"Diklat Salatiga TC (-2022), Dewa United U18 (2022)",-,-,0,0,STABLE,0,0,0,0,0.0,0,0,2026-10-05
1376677,66,Fadil Agha,Persiku Kudus,Indonesia (Liga 2),ILI2,2,Gel. Tengah,Midfielder,16,2009-11-14,True,Indonesia,Lokal,167,kanan,2026-09-01,SSB KKS Jateng (2023-2024) PSIS Semarang U16 (2024-2025),-,-,0,0,STABLE,0,0,0,0,0.0,0,0,2026-10-05
989219,15,Arjuna Agung,Persiku Kudus,Indonesia (Liga 2),ILI2,2,Gel. Bertahan,Midfielder,23,2003-06-24,False,Indonesia,Lokal,175,kanan,2026-09-09,"SSB Nafri, Persipura U16 (2019), Garuda Select (2020-2021), ",-,"Rp1,30Mlyr.",1303636364,1303636364,UNCHANGED,0,0,0,0,0.0,0,0,2026-10-05
1179511,23,Restu Akbar,Persiku Kudus,Indonesia (Liga 2),ILI2,2,Gel. Bertahan,Midfielder,23,2003-05-06,False,Indonesia,Lokal,166,kanan,2026-09-09,"Persikabo U18 (2021), Porprov Purwakarta (2022)",-,"Rp869,09Jt.",869090909,869090909,UNCHANGED,0,0,0,0,0.0,0,0,2026-10-05
719110,25,Mohammad Kanu,Persiku Kudus,Indonesia (Liga 2),ILI2,2,Gel. Bertahan,Midfielder,25,2001-04-27,False,Indonesia,Lokal,177,kanan,2026-08-23,"SSB UMS (-2013)
SSB ASIOP Apacinti (2013-2019)",-,"Rp869,09Jt.",869090909,869090909,UNCHANGED,0,0,0,0,0.0,0,0,2026-10-05
1060353,37,Zahran Alamsah,Persiku Kudus,Indonesia (Liga 2),ILI2,2,Gel. Bertahan,Midfielder,23,2003-08-06,False,Indonesia,Lokal,173,kiri,2026-09-09,"PERSIB U16 (2019), Bhayangkara FC U18 (2021)",-,"Rp434,55Jt.",434545455,434545455,UNCHANGED,0,0,0,0,0.0,0,0,2026-10-05
1422392,14,Dheo Budi,Persiku Kudus,Indonesia (Liga 2),ILI2,2,Gel. Tengah,Midfielder,24,2002-09-28,False,Indonesia,Lokal,165,kanan,2025-07-02,"SSB Gribig, SSB Djarum, Diklat Putra Kudus, Persiku Youth (2",2027-06-30,"Rp869,09Jt.",869090909,173818182,INCREASED,0,0,0,0,0.0,0,0,2026-10-05
892875,56,Irfan Afghoni,Persiku Kudus,Indonesia (Liga 2),ILI2,2,Gel. Tengah,Midfielder,29,1997-07-21,False,Indonesia,Lokal,162,kanan,2026-09-11,"Porprov Jateng (2018), PERSIS Youth (-2020)",-,-,0,1303636364,DECREASED,0,0,0,0,0.0,0,0,2026-10-05
345800,7,Barata,Persiku Kudus,Indonesia (Liga 2),ILI2,2,Gel. Serang,Midfielder,30,1996-03-03,False,Portugal,Asing Non-Asia,179,kanan,2026-09-11,CS Marítimo (2008-2011),-,"Rp2,17Mlyr.",2172727273,2607272727,DECREASED,0,0,0,0,0.0,0,0,2026-10-05
1313684,26,Safna Delpi,Persiku Kudus,Indonesia (Liga 2),ILI2,2,Gel. Serang,Midfielder,24,2002-04-26,False,Indonesia,Lokal,171,kanan,2026-09-09,"Persiku Kudus U17 (2019), Hati Bermain FC U17 (2020-2022)",-,"Rp869,09Jt.",869090909,434545455,INCREASED,0,0,0,0,0.0,0,0,2026-10-05
1600563,19,Dwi Aditia,Persiku Kudus,Indonesia (Liga 2),ILI2,2,Gel. Tengah,Midfielder,0,-,False,Indonesia,Lokal,0,kanan,2026-09-01,-,-,-,0,0,STABLE,0,0,0,0,0.0,0,0,2026-10-05
1600565,22,Krisna Suila,Persiku Kudus,Indonesia (Liga 2),ILI2,2,Gel. Tengah,Midfielder,0,-,False,Indonesia,Lokal,0,kanan,2026-09-01,"Diklat ISA, Barito Putera U19",-,-,0,0,STABLE,0,0,0,0,0.0,0,0,2026-10-05
722691,11,Muhammad Isa,Persiku Kudus,Indonesia (Liga 2),ILI2,2,Sayap Kiri,Attack,32,1994-09-04,False,Indonesia,Lokal,173,keduanya,2026-09-01,-,-,"Rp434,55Jt.",434545455,869090909,DECREASED,0,0,0,0,0.0,0,0,2026-10-05
867727,28,Bagas Umar,Persiku Kudus,Indonesia (Liga 2),ILI2,2,Sayap Kiri,Attack,25,2001-02-03,False,Indonesia,Lokal,160,kanan,2026-09-01,"SSB AMS, Pra PON DIY (2019), PSS Sleman U18 (2019-2020)",-,-,0,434545455,DECREASED,0,0,0,0,0.0,0,0,2026-10-05
1422393,71,Khoirul Anam,Persiku Kudus,Indonesia (Liga 2),ILI2,2,Sayap Kanan,Attack,24,2002-09-29,False,Indonesia,Lokal,171,kiri,2025-07-01,"PSIS Youth (2021), Porprov Kudus (2023)",2027-06-30,"Rp869,09Jt.",869090909,869090909,UNCHANGED,0,0,0,0,0.0,0,0,2026-10-05
1600566,67,Mufid Zainun,Persiku Kudus,Indonesia (Liga 2),ILI2,2,Sayap Kanan,Attack,17,2009-03-29,True,Indonesia,Lokal,158,kanan,2026-09-01,"KKS Football School, PPLP Jawa Tengah",-,-,0,0,STABLE,0,0,0,0,0.0,0,0,2026-10-05
603268,9,Ivan Veras,Persiku Kudus,Indonesia (Liga 2),ILI2,2,Depan-Tengah,Attack,29,1997-04-22,False,Belarus,Asing Non-Asia,178,keduanya,2026-09-01,-,-,"Rp434,55Jt.",434545455,434545455,UNCHANGED,0,0,0,0,0.0,0,0,2026-10-05
505917,24,Marinus Wanewar,Persiku Kudus,Indonesia (Liga 2),ILI2,2,Depan-Tengah,Attack,29,1997-02-24,False,Indonesia,Lokal,181,kanan,2026-09-24,"Reliv Christa (2015), Persipura (2016)",-,-,0,869090909,DECREASED,0,0,0,0,0.0,0,0,2026-10-05
1470795,79,Federico Assis,Persiku Kudus,Indonesia (Liga 2),ILI2,2,Depan-Tengah,Attack,19,2007-05-19,True,Indonesia,Lokal,0,kanan,2026-09-01,"Persik Kediri U18 (2024-2025), Arema U20 (2025-2026)",-,-,0,0,STABLE,0,0,0,0,0.0,0,0,2026-10-05
1486537,90,Muntasir Osman,Persiku Kudus,Indonesia (Liga 2),ILI2,2,Depan-Tengah,Attack,24,2002-02-15,False,Indonesia,Lokal,187,kanan,2026-09-24,-,-,-,0,0,STABLE,0,0,0,0,0.0,0,0,2026-10-05
1598426,17,Bagus Pradana,Persiku Kudus,Indonesia (Liga 2),ILI2,2,Gel. Tengah,Midfielder,19,2007-01-22,True,Indonesia,Lokal,174,kanan,2026-09-09,"SSB Djarum, PS Putra Kusuma, Persiku Youth, Persiku U19 (202",-,-,0,0,STABLE,0,0,0,0,0.0,0,0,2026-10-05
1033916,36,Adzib Al Hakim,Persipura Jayapura,Indonesia (Liga 2),ILI2,2,Kiper,Goalkeeper,27,1999-04-04,False,Indonesia,Lokal,175,kanan,2025-07-01,"PPLP Papua (2016), Persipura U19 (2017-2018), Pemda Waropen ",-,"Rp2,17Mlyr.",2172727273,1303636364,INCREASED,0,0,0,0,0.0,0,0,2026-10-05
505786,27,Rendy Oscario,Persipura Jayapura,Indonesia (Liga 2),ILI2,2,Kiper,Goalkeeper,27,1998-10-07,False,Indonesia,Lokal,178,kiri,2026-08-03,"ASIOP Apacinti (2012), Semen Padang Academy (2013-2016), Sem",-,"Rp1,30Mlyr.",1303636364,1303636364,UNCHANGED,0,0,0,0,0.0,0,0,2026-10-05
952538,35,Andika Wisnu,Persipura Jayapura,Indonesia (Liga 2),ILI2,2,Kiper,Goalkeeper,29,1997-03-18,False,Indonesia,Lokal,170,kanan,2026-08-07,"PON Jateng (2016)
PON Jateng (2019-2021)",-,"Rp434,55Jt.",434545455,434545455,UNCHANGED,0,0,0,0,0.0,0,0,2026-10-05
1421800,99,Yeremia Merauje,Persipura Jayapura,Indonesia (Liga 2),ILI2,2,Kiper,Goalkeeper,23,2002-11-19,False,Indonesia,Lokal,183,kanan,2025-07-01,Persipura U19 (2026-),-,-,0,0,STABLE,0,0,0,0,0.0,0,0,2026-10-05
952548,16,Alex Dusay,Persipura Jayapura,Indonesia (Liga 2),ILI2,2,Bek-Tengah,Defender,27,1999-02-16,False,Indonesia,Lokal,176,kanan,2024-09-01,"SSB Cigombong Putra Papua (2013-2016), Persipura U19 (2016-2",2027-06-30,"Rp1,74Mlyr.",1738181818,1303636364,INCREASED,0,0,0,0,0.0,0,0,2026-10-05
458602,4,Ricardo Lima,Persipura Jayapura,Indonesia (Liga 2),ILI2,2,Bek-Tengah,Defender,32,1994-02-20,False,Brasil,Asing Non-Asia,189,kiri,2026-08-16,-,-,"Rp869,09Jt.",869090909,869090909,UNCHANGED,0,0,0,0,0.0,0,0,2026-10-05
1352665,5,Sukandar Kansai,Persipura Jayapura,Indonesia (Liga 2),ILI2,2,Bek-Tengah,Defender,23,2003-06-11,False,Indonesia,Lokal,0,kanan,2025-07-01,-,-,"Rp173,82Jt.",173818182,173818182,STABLE,0,0,0,0,0.0,0,0,2026-10-05
505903,28,Israel Wamiau,Persipura Jayapura,Indonesia (Liga 2),ILI2,2,Bek-Tengah,Defender,31,1994-10-28,False,Indonesia,Lokal,186,kanan,2026-08-07,PON Papua (2016),-,-,0,869090909,DECREASED,0,0,0,0,0.0,0,0,2026-10-05
1177317,3,Tonci Ramandei,Persipura Jayapura,Indonesia (Liga 2),ILI2,2,Bek-Tengah,Defender,20,2006-03-12,True,Indonesia,Lokal,180,kanan,2026-08-31,"SSB Orion Star Sentani (2014-2021), SSB Nafri (2021-2022), P",-,-,0,0,STABLE,0,0,0,0,0.0,0,0,2026-10-05
1352664,74,Miuquel Alfrado,Persipura Jayapura,Indonesia (Liga 2),ILI2,2,Bek-Tengah,Defender,19,2006-11-25,True,Indonesia,Lokal,0,kanan,2026-08-01,"SSB Sapta Marga Serui (-2023), PSM Makassar U18 (2023-2024)",-,-,0,0,STABLE,0,0,0,0,0.0,0,0,2026-10-05
1183024,24,Febrianto Uopmabin,Persipura Jayapura,Indonesia (Liga 2),ILI2,2,Bek-Kiri,Defender,24,2002-02-24,False,Indonesia,Lokal,0,kiri,2025-07-01,-,-,"Rp2,17Mlyr.",2172727273,2607272727,DECREASED,0,0,0,0,0.0,0,0,2026-10-05
285478,14,Ruben Sanadi,Persipura Jayapura,Indonesia (Liga 2),ILI2,2,Bek-Kiri,Defender,39,1987-01-08,False,Indonesia,Lokal,170,kiri,2025-07-01,"Persigubin Gunung Bintang (2006), Diklat Ragunan (2006)
",-,"Rp173,82Jt.",173818182,173818182,UNCHANGED,0,0,0,0,0.0,0,0,2026-10-05
1599546,26,Agus Rumboirusi,Persipura Jayapura,Indonesia (Liga 2),ILI2,2,Bek-Kiri,Defender,19,2007-05-26,True,Indonesia,Lokal,0,kiri,2026-09-01,Persipura U19 (2025-2026),-,-,0,0,STABLE,0,0,0,0,0.0,0,0,2026-10-05
1315094,12,Rafael Sunuk,Persipura Jayapura,Indonesia (Liga 2),ILI2,2,Bek-Kanan,Defender,27,1999-07-15,False,Indonesia,Lokal,0,kanan,2024-09-01,-,2027-06-30,"Rp869,09Jt.",869090909,434545455,INCREASED,0,0,0,0,0.0,0,0,2026-10-05
148079,21,Yustinus Pae,Persipura Jayapura,Indonesia (Liga 2),ILI2,2,Bek-Kanan,Defender,43,1983-06-19,False,Indonesia,Lokal,172,kanan,2022-01-12,Persipura (1995-2002),2027-06-30,"Rp173,82Jt.",173818182,173818182,UNCHANGED,0,0,0,0,0.0,0,0,2026-10-05
1600551,2,Michael Kambu,Persipura Jayapura,Indonesia (Liga 2),ILI2,2,Bek-Kanan,Defender,20,2006-05-04,True,Indonesia,Lokal,0,kanan,2026-08-01,-,-,-,0,0,STABLE,0,0,0,0,0.0,0,0,2026-10-05
1031495,6,Yeter Amohoso,Persipura Jayapura,Indonesia (Liga 2),ILI2,2,Gel. Bertahan,Midfielder,26,2000-06-05,False,Indonesia,Lokal,165,kanan,2024-09-01,"Persipura U20 (-2019), PON Papua (2020-2021)",2027-06-30,"Rp434,55Jt.",434545455,869090909,DECREASED,0,0,0,0,0.0,0,0,2026-10-05
64557,13,Ian Kabes,Persipura Jayapura,Indonesia (Liga 2),ILI2,2,Gel. Bertahan,Midfielder,40,1986-05-14,False,Indonesia,Lokal,175,kanan,2005-01-01,PON Papua (2002),2027-06-30,"Rp173,82Jt.",173818182,173818182,UNCHANGED,0,0,0,0,0.0,0,0,2026-10-05
719108,44,Bima Ragil,Persipura Jayapura,Indonesia (Liga 2),ILI2,2,Gel. Bertahan,Midfielder,35,1991-08-26,False,Indonesia,Lokal,0,kanan,2026-02-04,-,2027-06-30,"Rp173,82Jt.",173818182,173818182,UNCHANGED,0,0,0,0,0.0,0,0,2026-10-05
1599547,78,Pilipus Sibetai,Persipura Jayapura,Indonesia (Liga 2),ILI2,2,Gel. Bertahan,Midfielder,20,2006-05-11,True,Indonesia,Lokal,0,kanan,2026-09-01,-,-,-,0,0,STABLE,0,0,0,0,0.0,0,0,2026-10-05
452779,8,Takuya Matsunaga,Persipura Jayapura,Indonesia (Liga 2),ILI2,2,Gel. Tengah,Midfielder,36,1990-06-10,False,Jepang,Asia (AFC),174,kanan,2025-07-05,Fushimi Kogyo HS,-,"Rp434,55Jt.",434545455,869090909,DECREASED,0,0,0,0,0.0,0,0,2026-10-05
668151,10,David Müller,Persipura Jayapura,Indonesia (Liga 2),ILI2,2,Gel. Tengah,Midfielder,32,1994-07-20,False,Argentina,Asing Non-Asia,179,kiri,2026-08-16,-,-,"Rp173,82Jt.",173818182,434545455,DECREASED,0,0,0,0,0.0,0,0,2026-10-05
579078,46,Todd Ferre,Persipura Jayapura,Indonesia (Liga 2),ILI2,2,Gel. Serang,Midfielder,27,1999-03-15,False,Indonesia,Lokal,158,kanan,2025-07-01,"SSB Imanuel, PPLP Papua (2016), Pertamina Soccer School (201",-,"Rp1,30Mlyr.",1303636364,1303636364,UNCHANGED,0,0,0,0,0.0,0,0,2026-10-05
1600552,15,Alberto Goan,Persipura Jayapura,Indonesia (Liga 2),ILI2,2,Gel. Tengah,Midfielder,0,-,False,Indonesia,Lokal,0,kanan,2026-08-01,-,-,-,0,0,STABLE,0,0,0,0,0.0,0,0,2026-10-05
1599548,18,Beton Kogoya,Persipura Jayapura,Indonesia (Liga 2),ILI2,2,Gel. Tengah,Midfielder,20,2006-04-05,True,Indonesia,Lokal,0,kanan,2026-09-01,SSB Heijnes Kotaraja (-2026),-,-,0,0,STABLE,0,0,0,0,0.0,0,0,2026-10-05
952266,11,Ricky Cawor,Persipura Jayapura,Indonesia (Liga 2),ILI2,2,Sayap Kiri,Attack,28,1998-01-26,False,Indonesia,Lokal,165,kanan,2026-08-03,"PS Gelora Putra FC Merauke (2011-2016), PON Papua (2018-2021",-,"Rp1,30Mlyr.",1303636364,1738181818,DECREASED,0,0,0,0,0.0,0,0,2026-10-05
505902,20,Elisa Basna,Persipura Jayapura,Indonesia (Liga 2),ILI2,2,Sayap Kiri,Attack,30,1996-02-04,False,Indonesia,Lokal,167,kanan,2023-09-01,Persipura Jayapura (2016-2018),2027-06-30,"Rp1,30Mlyr.",1303636364,1738181818,DECREASED,0,0,0,0,0.0,0,0,2026-10-05
505915,17,Yohanes Pahabol,Persipura Jayapura,Indonesia (Liga 2),ILI2,2,Sayap Kiri,Attack,34,1992-01-16,False,Indonesia,Lokal,163,kiri,2025-07-01,"PS Soison (2007), Persiwa U21 (2008-2009), Persipura U21 (20",-,"Rp434,55Jt.",434545455,434545455,UNCHANGED,0,0,0,0,0.0,0,0,2026-10-05
148088,86,Boaz Solossa,Persipura Jayapura,Indonesia (Liga 2),ILI2,2,Sayap Kiri,Attack,40,1986-03-16,False,Indonesia,Lokal,171,kiri,2024-09-06,"Persiss Sorong (1998-1999), PS Putra Yohan (1999-2000), Pers",2027-06-30,"Rp173,82Jt.",173818182,173818182,UNCHANGED,0,0,0,0,0.0,0,0,2026-10-05
1607268,19,Anderson Nabyal,Persipura Jayapura,Indonesia (Liga 2),ILI2,2,Sayap Kiri,Attack,18,2008-07-25,True,Indonesia,Lokal,0,kanan,2026-09-23,Persipura U19 (2026),-,-,0,0,STABLE,0,0,0,0,0.0,0,0,2026-10-05
941721,82,Jeam Kelly Sroyer,Persipura Jayapura,Indonesia (Liga 2),ILI2,2,Sayap Kanan,Attack,23,2002-12-11,False,Indonesia,Lokal,169,kanan,2025-07-01,-,-,"Rp3,48Mlyr.",3476363636,3041818182,INCREASED,0,0,0,0,0.0,0,0,2026-10-05
928133,23,Ramai Rumakiek,Persipura Jayapura,Indonesia (Liga 2),ILI2,2,Sayap Kanan,Attack,24,2002-04-19,False,Indonesia,Lokal,170,kanan,2021-05-01,"SSB Batik Cikombong, Persipura U16 (2018), Persipura U18 (20",2027-06-30,"Rp2,61Mlyr.",2607272727,3041818182,DECREASED,0,0,0,0,0.0,0,0,2026-10-05
575747,33,Gunansar Mandowen,Persipura Jayapura,Indonesia (Liga 2),ILI2,2,Sayap Kanan,Attack,25,2000-11-14,False,Indonesia,Lokal,161,kanan,2023-09-01,Persipura Jayapura (2016-2018),2027-06-30,"Rp1,74Mlyr.",1738181818,869090909,INCREASED,0,0,0,0,0.0,0,0,2026-10-05
1315095,47,Gelfias Waicang,Persipura Jayapura,Indonesia (Liga 2),ILI2,2,Sayap Kanan,Attack,20,2006-03-11,True,Indonesia,Lokal,165,kanan,2024-09-01,"Tunas Muda Hamadi, SSB Sumber Makmur, SSB Nafri U16 - Liga T",-,"Rp434,55Jt.",434545455,434545455,UNCHANGED,0,0,0,0,0.0,0,0,2026-10-05
607222,97,Alexsandro,Persipura Jayapura,Indonesia (Liga 2),ILI2,2,Depan-Tengah,Attack,29,1997-04-03,False,Brasil,Asing Non-Asia,175,kanan,2026-08-30,-,-,"Rp3,04Mlyr.",3041818182,3476363636,DECREASED,0,0,0,0,0.0,0,0,2026-10-05
1177448,7,Reno Salampessy,Persipura Jayapura,Indonesia (Liga 2),ILI2,2,Depan-Tengah,Attack,19,2007-06-22,True,Indonesia,Lokal,180,kanan,2025-01-01,"SSB Batik Jayapura (2018-), Persipura U16, SSB Heijnes Kotar",2027-06-30,"Rp2,61Mlyr.",2607272727,1303636364,INCREASED,0,0,0,0,0.0,0,0,2026-10-05
1570162,79,Lazarus Sinim,Persipura Jayapura,Indonesia (Liga 2),ILI2,2,Gel. Tengah,Midfielder,22,2004-03-25,True,Indonesia,Lokal,0,kanan,2026-08-03,PON Papua Selatan (2024),-,-,0,0,STABLE,0,0,0,0,0.0,0,0,2026-10-05
506498,86,Satria Tama,PS Barito Putera,Indonesia (Liga 2),ILI2,2,Kiper,Goalkeeper,29,1997-01-23,False,Indonesia,Lokal,183,kanan,2024-07-01,Gresik United U21 (2012-2015),2027-06-30,"Rp1,30Mlyr.",1303636364,1303636364,UNCHANGED,0,0,0,0,0.0,0,0,2026-10-05
506472,25,Riki Pambudi,PS Barito Putera,Indonesia (Liga 2),ILI2,2,Kiper,Goalkeeper,30,1995-12-24,False,Indonesia,Lokal,180,kanan,2026-08-08,Mitra Kukar (2013-2014),-,"Rp869,09Jt.",869090909,869090909,INCREASED,0,0,0,0,0.0,0,0,2026-10-05
904314,1,Norhalid,PS Barito Putera,Indonesia (Liga 2),ILI2,2,Kiper,Goalkeeper,29,1997-06-14,False,Indonesia,Lokal,175,kanan,2021-06-06,SSB Junior 2000 Banjarmasin,2027-06-30,"Rp434,55Jt.",434545455,869090909,DECREASED,0,0,0,0,0.0,0,0,2026-10-05
1152868,78,Danda Rama,PS Barito Putera,Indonesia (Liga 2),ILI2,2,Kiper,Goalkeeper,19,2007-02-23,True,Indonesia,Lokal,181,kanan,2024-07-17,"SSB Samudra Gemilang Pangandaran (2020-2021)
Ukut Goal Keep",-,-,0,0,STABLE,0,0,0,0,0.0,0,0,2026-10-05
388605,36,Renan Alves,PS Barito Putera,Indonesia (Liga 2),ILI2,2,Bek-Tengah,Defender,33,1992-12-17,False,Brasil,Asing Non-Asia,191,kanan,2025-07-01,-,2027-06-30,"Rp2,17Mlyr.",2172727273,2607272727,DECREASED,0,0,0,0,0.0,0,0,2026-10-05
559289,35,Haudi Abdillah,PS Barito Putera,Indonesia (Liga 2),ILI2,2,Bek-Tengah,Defender,33,1993-04-20,False,Indonesia,Lokal,180,kanan,2025-07-03,PPLP Salatiga,2027-06-30,"Rp869,09Jt.",869090909,1303636364,DECREASED,0,0,0,0,0.0,0,0,2026-10-05
735559,3,Yuswanto Aditya,PS Barito Putera,Indonesia (Liga 2),ILI2,2,Bek-Tengah,Defender,26,2000-05-10,False,Indonesia,Lokal,179,kanan,2020-01-01,"Bina Taruna (-2017), Persija U19 (2017), Barito Putera U19 (",2027-05-31,"Rp434,55Jt.",434545455,869090909,DECREASED,0,0,0,0,0.0,0,0,2026-10-05
1032764,29,Iqbal Gwijangge,PS Barito Putera,Indonesia (Liga 2),ILI2,2,Bek-Tengah,Defender,20,2006-08-29,True,Indonesia,Lokal,177,kanan,2024-07-01,"SSB Sidolig Bandung (2019), SSB Saswco Bandung (2020), Bandu",2027-06-30,"Rp434,55Jt.",434545455,434545455,UNCHANGED,0,0,0,0,0.0,0,0,2026-10-05
916111,55,Bima Reksa,PS Barito Putera,Indonesia (Liga 2),ILI2,2,Bek-Kiri,Defender,27,1999-06-21,False,Indonesia,Lokal,170,keduanya,2025-07-01,"SSB Kabomania, PERSIB U17 (2016), PS Tira U19 (2017)",2027-06-30,"Rp2,17Mlyr.",2172727273,1738181818,INCREASED,0,0,0,0,0.0,0,0,2026-10-05
904514,18,Rahma Nico,PS Barito Putera,Indonesia (Liga 2),ILI2,2,Bek-Kiri,Defender,26,2000-07-14,False,Indonesia,Lokal,165,kiri,2026-08-08,"PS Duri U14 (2016), PPLP Riau (2016-2017), Villa 2000 (2017)",-,"Rp434,55Jt.",434545455,434545455,UNCHANGED,0,0,0,0,0.0,0,0,2026-10-05
1598883,4,Reviani,PS Barito Putera,Indonesia (Liga 2),ILI2,2,Bek-Kiri,Defender,19,2007-08-04,True,Indonesia,Lokal,0,kanan,2026-09-10,-,-,-,0,0,STABLE,0,0,0,0,0.0,0,0,2026-10-05
506136,7,Gustur CP,PS Barito Putera,Indonesia (Liga 2),ILI2,2,Bek-Kanan,Defender,29,1997-01-11,False,Indonesia,Lokal,170,kanan,2026-08-08,"PPLP Jawa Tengah, PPSM Magelang (2015), PS TNI U21 (2016)",-,"Rp869,09Jt.",869090909,869090909,INCREASED,0,0,0,0,0.0,0,0,2026-10-05
662893,91,Dendi Maulana,PS Barito Putera,Indonesia (Liga 2),ILI2,2,Bek-Kanan,Defender,32,1994-08-19,False,Indonesia,Lokal,173,kanan,2026-08-08,-,-,"Rp434,55Jt.",434545455,434545455,INCREASED,0,0,0,0,0.0,0,0,2026-10-05
1598884,11,Amiruddin,PS Barito Putera,Indonesia (Liga 2),ILI2,2,Bek-Kanan,Defender,19,2007-09-03,True,Indonesia,Lokal,0,kanan,2026-09-10,PSM U18 (2024-2025),-,-,0,0,STABLE,0,0,0,0,0.0,0,0,2026-10-05
680805,17,Ferdiansyah,PS Barito Putera,Indonesia (Liga 2),ILI2,2,Gel. Bertahan,Midfielder,26,2000-04-24,False,Indonesia,Lokal,167,kanan,2019-01-01,"SSB Bina Taruna (2011-2015), Jakarta Timur FC (2016), Bhayan",2027-06-30,"Rp1,74Mlyr.",1738181818,869090909,INCREASED,0,0,0,0,0.0,0,0,2026-10-05
1032402,6,Nugroho Santoso,PS Barito Putera,Indonesia (Liga 2),ILI2,2,Gel. Bertahan,Midfielder,23,2003-09-19,False,Indonesia,Lokal,169,kanan,2026-08-08,Puslat Kudus U18 (2020-2021),-,"Rp1,30Mlyr.",1303636364,869090909,INCREASED,0,0,0,0,0.0,0,0,2026-10-05
874904,24,Aditiya Daffa,PS Barito Putera,Indonesia (Liga 2),ILI2,2,Gel. Bertahan,Midfielder,22,2004-01-11,True,Indonesia,Lokal,0,kanan,2021-03-04,"Persitangsel U15 (2019), Barito Putera U16 (2020-2022), Bari",2027-06-30,"Rp1,30Mlyr.",1303636364,1303636364,UNCHANGED,0,0,0,0,0.0,0,0,2026-10-05
575426,96,Muhammad Hidayat,PS Barito Putera,Indonesia (Liga 2),ILI2,2,Gel. Bertahan,Midfielder,30,1996-04-26,False,Indonesia,Lokal,177,kanan,2026-08-08,Borneo FC U21 (2015-2016),-,"Rp1,30Mlyr.",1303636364,1303636364,UNCHANGED,0,0,0,0,0.0,0,0,2026-10-05
1150528,66,Syamsul Rifai,PS Barito Putera,Indonesia (Liga 2),ILI2,2,Gel. Bertahan,Midfielder,20,2006-08-10,True,Indonesia,Lokal,165,kanan,2026-07-27,"SSB Cikeas Junior, CIP Taruna FC 1987, RANS Nusantara U18 (2",-,"Rp869,09Jt.",869090909,1303636364,DECREASED,0,0,0,0,0.0,0,0,2026-10-05
473379,13,Bayu Pradana,PS Barito Putera,Indonesia (Liga 2),ILI2,2,Gel. Bertahan,Midfielder,35,1991-04-19,False,Indonesia,Lokal,180,kanan,2019-01-22,Diklat Salatiga,2028-05-31,"Rp434,55Jt.",434545455,434545455,UNCHANGED,0,0,0,0,0.0,0,0,2026-10-05
500220,79,Kodai Nagashima,PS Barito Putera,Indonesia (Liga 2),ILI2,2,Gel. Tengah,Midfielder,28,1998-01-26,False,Jepang,Asia (AFC),173,kanan,2026-08-03,"JACPA Saitama, Seiritsu Zebra, Seiritsu Gakuen HS",-,"Rp3,04Mlyr.",3041818182,2607272727,INCREASED,0,0,0,0,0.0,0,0,2026-10-05
1338196,34,Aditia Mahpud,PS Barito Putera,Indonesia (Liga 2),ILI2,2,Gel. Tengah,Midfielder,21,2005-08-24,True,Indonesia,Lokal,171,kanan,2025-07-20,"Barito Putera U16 (2023), Barito Putera U18 (2023), Barito P",2028-06-30,"Rp869,09Jt.",869090909,869090909,UNCHANGED,0,0,0,0,0.0,0,0,2026-10-05
293941,31,Murilo,PS Barito Putera,Indonesia (Liga 2),ILI2,2,Sayap Kiri,Attack,31,1995-03-08,False,Brasil,Asing Non-Asia,180,kanan,2023-07-01,-,2027-06-30,"Rp3,91Mlyr.",3910909091,3910909091,UNCHANGED,0,0,0,0,0.0,0,0,2026-10-05
473378,26,Rizky Pora,PS Barito Putera,Indonesia (Liga 2),ILI2,2,Sayap Kiri,Attack,36,1989-11-22,False,Indonesia,Lokal,171,kiri,2016-04-01,Persambong Sula (2008-2010),-,"Rp869,09Jt.",869090909,869090909,UNCHANGED,0,0,0,0,0.0,0,0,2026-10-05
1557905,8,Korneles Howay,PS Barito Putera,Indonesia (Liga 2),ILI2,2,Sayap Kiri,Attack,17,2008-10-14,True,Indonesia,Lokal,169,kanan,2026-07-07,"SSB Doberay Manokwari, PS Barito Putera U19 (-2026)",-,-,0,0,STABLE,0,0,0,0,0.0,0,0,2026-10-05
1580634,21,Annur Hasnuryadi,PS Barito Putera,Indonesia (Liga 2),ILI2,2,Sayap Kiri,Attack,17,2009-04-20,True,Indonesia,Lokal,0,kanan,2026-08-12,Barito U18 (2025),-,-,0,0,STABLE,0,0,0,0,0.0,0,0,2026-10-05
1283482,71,Aimar Iskandar,PS Barito Putera,Indonesia (Liga 2),ILI2,2,Sayap Kanan,Attack,22,2003-12-04,True,Indonesia,Lokal,0,kanan,2024-07-17,Villa 2000 (2020-2023) PS Barito Putera U20 (2023-2024),-,"Rp1,30Mlyr.",1303636364,869090909,INCREASED,0,0,0,0,0.0,0,0,2026-10-05
723604,19,Bagus Kahfi,PS Barito Putera,Indonesia (Liga 2),ILI2,2,Sayap Kanan,Attack,24,2002-01-16,False,Indonesia,Lokal,169,kanan,2023-07-01,"SSB Nagapakca, SSB Putra Harapan Magelang, GISSI Magelang, A",-,"Rp869,09Jt.",869090909,1303636364,DECREASED,0,0,0,0,0.0,0,0,2026-10-05
1501211,30,Gerard Edginataqi,PS Barito Putera,Indonesia (Liga 2),ILI2,2,Sayap Kanan,Attack,19,2007-04-03,True,Indonesia,Lokal,0,kanan,2026-01-11,"Barito Putera U16 (2023-2024), Barito Putera U18 (2024-2025)",2028-06-30,"Rp434,55Jt.",434545455,434545455,STABLE,0,0,0,0,0.0,0,0,2026-10-05
1458405,27,Arya Satria,PS Barito Putera,Indonesia (Liga 2),ILI2,2,Sayap Kanan,Attack,20,2006-06-16,True,Indonesia,Lokal,171,kanan,2025-08-01,"Barito Putera U16, Barito Putera U18 (2023-2024)",-,-,0,0,STABLE,0,0,0,0,0.0,0,0,2026-10-05
594819,20,Wildan Ramdhani,PS Barito Putera,Indonesia (Liga 2),ILI2,2,Depan-Tengah,Attack,27,1998-12-24,False,Indonesia,Lokal,170,kanan,2025-07-01,"Por UNI Bandung (2004), Diklat PERSIB (-2018), PERSIB U19 (2",2027-06-30,"Rp1,30Mlyr.",1303636364,1303636364,UNCHANGED,0,0,0,0,0.0,0,0,2026-10-05
717568,9,Rafi Angga,PS Barito Putera,Indonesia (Liga 2),ILI2,2,Depan-Tengah,Attack,29,1996-10-19,False,Indonesia,Lokal,181,kanan,2026-08-08,PSMS Medan U21 (2016),-,"Rp869,09Jt.",869090909,434545455,INCREASED,0,0,0,0,0.0,0,0,2026-10-05
507325,75,Panggih Sambodo,De Red FC,Indonesia (Liga 2),ILI2,2,Kiper,Goalkeeper,28,1998-03-03,False,Indonesia,Lokal,183,kanan,2026-09-05,"ASIOP (-2016), Bhayangkara U21 (2016)",-,"Rp1,30Mlyr.",1303636364,1303636364,UNCHANGED,0,0,0,0,0.0,0,0,2026-10-05
561252,92,Dimas Galih,De Red FC,Indonesia (Liga 2),ILI2,2,Kiper,Goalkeeper,33,1992-11-23,False,Indonesia,Lokal,185,kiri,2026-09-09,"SSB Surabaya FC, Deportivo Indonesia (2008-2009), Persebaya ",-,"Rp434,55Jt.",434545455,434545455,UNCHANGED,0,0,0,0,0.0,0,0,2026-10-05
985748,69,Fajar Ali Syahbana,De Red FC,Indonesia (Liga 2),ILI2,2,Kiper,Goalkeeper,25,2001-03-20,False,Indonesia,Lokal,175,kanan,2026-09-08,"Persebaya U17 (2019), Persebaya U18 (2019), Persebaya U20 (2",-,-,0,173818182,DECREASED,0,0,0,0,0.0,0,0,2026-10-05
1598881,12,Ruben Rafli,De Red FC,Indonesia (Liga 2),ILI2,2,Kiper,Goalkeeper,0,-,False,Indonesia,Lokal,0,kanan,2026-09-09,-,-,-,0,0,STABLE,0,0,0,0,0.0,0,0,2026-10-05
1434781,93,Rical Vieri,De Red FC,Indonesia (Liga 2),ILI2,2,Bek-Tengah,Defender,24,2002-03-15,False,Indonesia,Lokal,0,kanan,2026-09-09,Bhayangkara U20 (2021),-,"Rp434,55Jt.",434545455,434545455,UNCHANGED,0,0,0,0,0.0,0,0,2026-10-05
1352022,2,Rizky Dwi Nugraha,De Red FC,Indonesia (Liga 2),ILI2,2,Bek-Tengah,Defender,23,2003-03-31,False,Indonesia,Lokal,0,kanan,2026-09-09,"Ngawi FC (2021), PON Jatim (2024)",-,"Rp173,82Jt.",173818182,173818182,STABLE,0,0,0,0,0.0,0,0,2026-10-05
901160,18,Keven,De Red FC,Indonesia (Liga 2),ILI2,2,Bek-Tengah,Defender,30,1995-11-27,False,Brasil,Asing Non-Asia,191,kiri,2026-09-07,-,-,-,0,0,STABLE,0,0,0,0,0.0,0,0,2026-10-05
1115708,66,Irwanto Bajo,De Red FC,Indonesia (Liga 2),ILI2,2,Bek-Kiri,Defender,27,1999-01-25,False,Indonesia,Lokal,170,kiri,2026-09-07,"SSB Mutiara Cempaka Utama (2010), Persija U19 (2016-2018), P",-,"Rp869,09Jt.",869090909,869090909,UNCHANGED,0,0,0,0,0.0,0,0,2026-10-05
1599555,27,Rayhan Putra,De Red FC,Indonesia (Liga 2),ILI2,2,Bek-Kiri,Defender,21,2005-04-04,True,Indonesia,Lokal,0,kanan,2026-09-01,Bhayangkara U18 (2023-2024),-,-,0,0,STABLE,0,0,0,0,0.0,0,0,2026-10-05
1351185,37,Achmad Riyadi,De Red FC,Indonesia (Liga 2),ILI2,2,Bek-Kanan,Defender,21,2005-01-18,True,Indonesia,Lokal,170,kanan,2026-09-06,"PSM U18 (2023-2024), PSM U20 (2024-2025)",-,"Rp1,30Mlyr.",1303636364,1303636364,UNCHANGED,0,0,0,0,0.0,0,0,2026-10-05
1024635,8,Fafa Sheva,De Red FC,Indonesia (Liga 2),ILI2,2,Bek-Kanan,Defender,21,2005-04-06,True,Indonesia,Lokal,180,kanan,2026-09-09,"SSB Gagak Muda (2014), Persija U16 (2021), Persija U18 (2022",-,"Rp869,09Jt.",869090909,434545455,INCREASED,0,0,0,0,0.0,0,0,2026-10-05
561248,13,Irvan Febrianto,De Red FC,Indonesia (Liga 2),ILI2,2,Bek-Kanan,Defender,29,1996-10-09,False,Indonesia,Lokal,164,kanan,2026-09-09,"Indonesia Muda, Persebaya (-2017)",-,-,0,869090909,DECREASED,0,0,0,0,0.0,0,0,2026-10-05
1598117,26,Hattam Pratama,De Red FC,Indonesia (Liga 2),ILI2,2,Bek-Kanan,Defender,20,2006-07-17,True,Indonesia,Lokal,0,kanan,2026-09-08,Bangkalan Soccer Academy,-,-,0,0,STABLE,0,0,0,0,0.0,0,0,2026-10-05
1598878,17,Ryanata Permana,De Red FC,Indonesia (Liga 2),ILI2,2,Gel. Tengah,Midfielder,0,-,False,Indonesia,Lokal,0,kanan,2026-09-09,Persepon Ponorogo U17 (2018-2020),-,-,0,0,STABLE,0,0,0,0,0.0,0,0,2026-10-05
1115705,6,Ahmad Fahd,De Red FC,Indonesia (Liga 2),ILI2,2,Gel. Bertahan,Midfielder,22,2003-12-16,True,Indonesia,Lokal,170,kiri,2026-09-07,"SSB Matador Mekarsari, Vamos Indonesia (2019-2020), HNK Zada",-,"Rp869,09Jt.",869090909,869090909,UNCHANGED,0,0,0,0,0.0,0,0,2026-10-05
1008785,23,Wisal El-Burji,De Red FC,Indonesia (Liga 2),ILI2,2,Gel. Tengah,Midfielder,28,1998-04-23,False,Indonesia,Lokal,0,kanan,2026-09-08,SSB Tunas Jaya Sepande,-,"Rp1,74Mlyr.",1738181818,1303636364,INCREASED,0,0,0,0,0.0,0,0,2026-10-05
559359,97,Adam Maulana,De Red FC,Indonesia (Liga 2),ILI2,2,Gel. Tengah,Midfielder,29,1997-03-26,False,Indonesia,Lokal,172,kanan,2026-09-09,"Al Rayyan, Persebaya (-2017)",-,"Rp1,30Mlyr.",1303636364,1303636364,UNCHANGED,0,0,0,0,0.0,0,0,2026-10-05
506145,88,Abdul Aziz,De Red FC,Indonesia (Liga 2),ILI2,2,Gel. Tengah,Midfielder,32,1994-02-14,False,Indonesia,Lokal,172,kanan,2026-09-09,"PERSIB U21 (2011-2014), Semen Padang U21 (2015), PON Jabar (",-,"Rp434,55Jt.",434545455,869090909,DECREASED,0,0,0,0,0.0,0,0,2026-10-05
371257,53,Dimitri,De Red FC,Indonesia (Liga 2),ILI2,2,Gel. Serang,Midfielder,26,2000-05-15,False,Brasil,Asing Non-Asia,175,kiri,2026-09-21,-,-,"Rp2,17Mlyr.",2172727273,1738181818,INCREASED,0,0,0,0,0.0,0,0,2026-10-05
733278,28,Braif Fatari,De Red FC,Indonesia (Liga 2),ILI2,2,Gel. Serang,Midfielder,24,2002-04-09,False,Indonesia,Lokal,180,kanan,2026-09-06,"Garuda Select (2019), Persija U20 (2019-2020)",-,"Rp869,09Jt.",869090909,869090909,UNCHANGED,0,0,0,0,0.0,0,0,2026-10-05
831782,79,Genta Alparedo,De Red FC,Indonesia (Liga 2),ILI2,2,Gel. Serang,Midfielder,24,2001-10-07,False,Indonesia,Lokal,170,kiri,2026-09-09,Semen Padang U18 (2019-2020),-,"Rp869,09Jt.",869090909,434545455,INCREASED,0,0,0,0,0.0,0,0,2026-10-05
1032399,14,Da-bin Ji,De Red FC,Indonesia (Liga 2),ILI2,2,Gel. Serang,Midfielder,20,2006-03-03,True,Indonesia,Lokal,177,kanan,2026-09-06,"Cipta Cendikia U12 (2018), ASIOP (2018-2024), Bhayangkara U2",-,-,0,0,STABLE,0,0,0,0,0.0,0,0,2026-10-05
1598425,0,Rangga Wijaya,De Red FC,Indonesia (Liga 2),ILI2,2,Gel. Tengah,Midfielder,0,-,False,Indonesia,Lokal,0,kanan,2026-09-09,Garudayaksa U19 (2026),-,-,0,0,STABLE,0,0,0,0,0.0,0,0,2026-10-05
1607260,76,Arya Wahab,De Red FC,Indonesia (Liga 2),ILI2,2,Gel. Tengah,Midfielder,0,-,False,Indonesia,Lokal,0,kanan,2026-09-01,-,-,-,0,0,STABLE,0,0,0,0,0.0,0,0,2026-10-05
1598879,78,Danial El Zeno,De Red FC,Indonesia (Liga 2),ILI2,2,Gel. Tengah,Midfielder,18,2008-05-07,True,Indonesia,Lokal,0,kanan,2026-09-09,NSS Soccer School Sidoarjo,-,-,0,0,STABLE,0,0,0,0,0.0,0,0,2026-10-05
1598877,24,Atha Jabrani,De Red FC,Indonesia (Liga 2),ILI2,2,Sayap Kiri,Attack,18,2008-06-03,True,Indonesia,Lokal,0,kanan,2026-09-09,Persebaya U18 (2025-2026),-,-,0,0,STABLE,0,0,0,0,0.0,0,0,2026-10-05
1598880,64,Umar Thoriq,De Red FC,Indonesia (Liga 2),ILI2,2,Sayap Kiri,Attack,18,2008-01-04,True,Indonesia,Lokal,0,kanan,2026-09-09,-,-,-,0,0,STABLE,0,0,0,0,0.0,0,0,2026-10-05
699897,54,Supriadi,De Red FC,Indonesia (Liga 2),ILI2,2,Sayap Kanan,Attack,24,2002-05-23,False,Indonesia,Lokal,164,kanan,2026-09-09,"SSB Rungkut FC (-2014), SSB Bina Taruna (2015), SSB Blue Eag",-,"Rp1,30Mlyr.",1303636364,1303636364,UNCHANGED,0,0,0,0,0.0,0,0,2026-10-05
942930,11,Giofani,De Red FC,Indonesia (Liga 2),ILI2,2,Sayap Kanan,Attack,28,1998-08-23,False,Indonesia,Lokal,169,kanan,2026-09-07,"Madura United Youth (2018), Porprov Malang (2019)",-,"Rp869,09Jt.",869090909,869090909,INCREASED,0,0,0,0,0.0,0,0,2026-10-05
1182184,77,Raja Siregar,De Red FC,Indonesia (Liga 2),ILI2,2,Sayap Kanan,Attack,22,2004-07-07,True,Indonesia,Lokal,160,kanan,2026-09-24,PSDS U15 (2019),-,"Rp869,09Jt.",869090909,869090909,UNCHANGED,0,0,0,0,0.0,0,0,2026-10-05
257460,10,Fellipe Veloso,De Red FC,Indonesia (Liga 2),ILI2,2,Depan-Tengah,Attack,32,1994-01-22,False,Brasil,Asing Non-Asia,183,kanan,2026-09-05,-,-,"Rp3,48Mlyr.",3476363636,3476363636,UNCHANGED,0,0,0,0,0.0,0,0,2026-10-05
663276,25,Kahar Muzakkar,De Red FC,Indonesia (Liga 2),ILI2,2,Depan-Tengah,Attack,27,1999-05-05,False,Indonesia,Lokal,175,kanan,2026-09-06,"PSM Makassar U21 (2016), Barito Putra U19 (2018), Barito Put",-,"Rp1,74Mlyr.",1738181818,1303636364,INCREASED,0,0,0,0,0.0,0,0,2026-10-05
1297745,19,Muhammad Sadewa,De Red FC,Indonesia (Liga 2),ILI2,2,Depan-Tengah,Attack,20,2006-05-30,True,Indonesia,Lokal,167,kiri,2026-09-09,"ASIFA (-2023), Bhayangkara U18 (2023-2024)
",-,"Rp1,30Mlyr.",1303636364,1303636364,UNCHANGED,0,0,0,0,0.0,0,0,2026-10-05
742315,21,Titan Agung,De Red FC,Indonesia (Liga 2),ILI2,2,Depan-Tengah,Attack,25,2001-06-05,False,Indonesia,Lokal,176,kanan,2026-09-07,"Persid Jember Youth (2017), Arema U19 (2018), Arema U20 (201",-,"Rp1,30Mlyr.",1303636364,869090909,INCREASED,0,0,0,0,0.0,0,0,2026-10-05
558956,22,Hanis Saghara,De Red FC,Indonesia (Liga 2),ILI2,2,Depan-Tengah,Attack,27,1999-09-08,False,Indonesia,Lokal,173,kanan,2026-09-08,Persibo Bojonegoro (2016-2017),-,"Rp869,09Jt.",869090909,1303636364,DECREASED,0,0,0,0,0.0,0,0,2026-10-05
1156279,95,Andrian Casvari,RANS Nusantara FC,Indonesia (Liga 2),ILI2,2,Kiper,Goalkeeper,27,1999-06-30,False,Indonesia,Lokal,0,kiri,2026-08-20,"Porprov Banten (2018), Persija Muda (2019), Pra PON DKI (201",-,"Rp173,82Jt.",173818182,173818182,UNCHANGED,0,0,0,0,0.0,0,0,2026-10-05
1354751,14,Davin Prasetiyo,RANS Nusantara FC,Indonesia (Liga 2),ILI2,2,Kiper,Goalkeeper,22,2004-06-14,True,Indonesia,Lokal,0,kanan,2025-08-06,PON Jawa Timur,2027-06-30,-,0,0,STABLE,0,0,0,0,0.0,0,0,2026-10-05
1485735,20,Ditea Cahya,RANS Nusantara FC,Indonesia (Liga 2),ILI2,2,Kiper,Goalkeeper,19,2007-07-29,True,Indonesia,Lokal,0,kanan,2025-11-01,-,2027-06-30,-,0,0,STABLE,0,0,0,0,0.0,0,0,2026-10-05
1038776,26,Andrika Fathir,RANS Nusantara FC,Indonesia (Liga 2),ILI2,2,Kiper,Goalkeeper,20,2006-02-17,True,Indonesia,Lokal,178,kanan,2026-08-28,"POPB DKI Jakarta U15, SSB Sukamaya (2018-2019), PS Bina Taru",-,-,0,0,STABLE,0,0,0,0,0.0,0,0,2026-10-05
1102933,3,Bayu Aji,RANS Nusantara FC,Indonesia (Liga 2),ILI2,2,Bek-Tengah,Defender,26,2000-01-31,False,Indonesia,Lokal,178,kanan,2026-07-27,"Bali United U19 (2019), Arema FC U20 (2024)",-,"Rp869,09Jt.",869090909,869090909,UNCHANGED,0,0,0,0,0.0,0,0,2026-10-05
506503,48,Achmad Faris,RANS Nusantara FC,Indonesia (Liga 2),ILI2,2,Bek-Tengah,Defender,33,1993-03-07,False,Indonesia,Lokal,170,kanan,2026-08-10,Sriwijaya U21 (2012-2013),-,"Rp869,09Jt.",869090909,1303636364,DECREASED,0,0,0,0,0.0,0,0,2026-10-05
1146199,24,Amanhom Khamis,RANS Nusantara FC,Indonesia (Liga 2),ILI2,2,Bek-Tengah,Defender,24,2002-07-19,False,Sudan Selatan,Asing Non-Asia,195,kanan,2026-08-21,-,-,-,0,2172727273,DECREASED,0,0,0,0,0.0,0,0,2026-10-05
1345619,17,Dandy Aryanto,RANS Nusantara FC,Indonesia (Liga 2),ILI2,2,Bek-Kiri,Defender,20,2005-12-12,True,Indonesia,Lokal,169,kanan,2025-11-25,"Persebaya U20 (2024), Persebaya U18 (2023)",2027-06-30,-,0,0,STABLE,0,0,0,0,0.0,0,0,2026-10-05
1353181,87,Almaghfiru Inzaghi,RANS Nusantara FC,Indonesia (Liga 2),ILI2,2,Bek-Kiri,Defender,22,2004-06-08,True,Indonesia,Lokal,0,kanan,2025-08-05,Bhayangkara FC U20 (2023-2024),2027-06-30,-,0,0,STABLE,0,0,0,0,0.0,0,0,2026-10-05
1037451,72,Bayu Setiawan,RANS Nusantara FC,Indonesia (Liga 2),ILI2,2,Bek-Kanan,Defender,27,1998-12-27,False,Indonesia,Lokal,166,kanan,2026-08-21,PraPON DKI (2018-2019),-,"Rp1,30Mlyr.",1303636364,1303636364,UNCHANGED,0,0,0,0,0.0,0,0,2026-10-05
354935,22,Dias Angga,RANS Nusantara FC,Indonesia (Liga 2),ILI2,2,Bek-Kanan,Defender,37,1989-05-06,False,Indonesia,Lokal,169,kanan,2026-08-05,"PERSIB U17 (2006), PERSIB U21 (2009-2011)",-,"Rp173,82Jt.",173818182,173818182,UNCHANGED,0,0,0,0,0.0,0,0,2026-10-05
1486576,28,Alfharidz Sobirin,RANS Nusantara FC,Indonesia (Liga 2),ILI2,2,Bek-Kanan,Defender,23,2003-06-29,False,Indonesia,Lokal,0,kanan,2026-08-04,"Bandung Pro United (2022), PS. Barito Putera U20 (2023), PON",-,-,0,0,STABLE,0,0,0,0,0.0,0,0,2026-10-05
1514357,77,Iqbal Nugraha,RANS Nusantara FC,Indonesia (Liga 2),ILI2,2,Bek-Kanan,Defender,20,2006-07-13,True,Indonesia,Lokal,0,kanan,2026-08-20,-,-,-,0,0,STABLE,0,0,0,0,0.0,0,0,2026-10-05
662816,31,Rosad Setiawan,RANS Nusantara FC,Indonesia (Liga 2),ILI2,2,Gel. Bertahan,Midfielder,30,1996-08-09,False,Indonesia,Lokal,172,kanan,2026-08-21,Semen Padang U21 (2015),-,"Rp2,61Mlyr.",2607272727,3041818182,DECREASED,0,0,0,0,0.0,0,0,2026-10-05
263621,89,Yu-jun Lee,RANS Nusantara FC,Indonesia (Liga 2),ILI2,2,Gel. Bertahan,Midfielder,37,1989-09-26,False,Indonesia,Lokal,175,kanan,2026-08-13,"Gwachon Elementary School (과천초등학교, -2001), Osan Middle Schoo",-,"Rp173,82Jt.",173818182,173818182,UNCHANGED,0,0,0,0,0.0,0,0,2026-10-05
730781,88,Vikrian Akbar,RANS Nusantara FC,Indonesia (Liga 2),ILI2,2,Gel. Bertahan,Midfielder,26,2000-03-31,False,Indonesia,Lokal,175,kanan,2026-08-28,"Arema U19 (2017-2018), Arema U20 (2019)",-,-,0,434545455,DECREASED,0,0,0,0,0.0,0,0,2026-10-05
1032762,13,Sultan Akbar,RANS Nusantara FC,Indonesia (Liga 2),ILI2,2,Gel. Bertahan,Midfielder,20,2006-01-18,True,Indonesia,Lokal,174,kanan,2026-08-20,"SSB Kabomania ,Cipta Cendikia (2018), ASIOP (2018-2021), Per",-,-,0,0,STABLE,0,0,0,0,0.0,0,0,2026-10-05
1363890,18,Aswin,RANS Nusantara FC,Indonesia (Liga 2),ILI2,2,Gel. Bertahan,Midfielder,23,2003-05-10,False,Indonesia,Lokal,173,kanan,2026-08-20,"Porprov Majene (2022), PON Sulbar (2023-2024)",-,-,0,0,STABLE,0,0,0,0,0.0,0,0,2026-10-05
1299158,16,Refan Nadief,RANS Nusantara FC,Indonesia (Liga 2),ILI2,2,Gel. Tengah,Midfielder,21,2005-06-01,True,Indonesia,Lokal,0,kanan,2026-08-20,"Persija U17, Persija Muda, Persija U20 (2023-2025)",-,-,0,869090909,DECREASED,0,0,0,0,0.0,0,0,2026-10-05
505897,10,Muhammad Rafli,RANS Nusantara FC,Indonesia (Liga 2),ILI2,2,Gel. Serang,Midfielder,27,1998-11-24,False,Indonesia,Lokal,180,keduanya,2026-08-01,"ASIOP Apacinti (2006-2014), ASIFA (2015-2017), Bhayangkara F",-,"Rp1,30Mlyr.",1303636364,1303636364,UNCHANGED,0,0,0,0,0.0,0,0,2026-10-05
1500279,21,Dirk Lukas,RANS Nusantara FC,Indonesia (Liga 2),ILI2,2,Gel. Serang,Midfielder,20,2006-01-26,True,Indonesia,Lokal,0,kanan,2026-09-09,"PPLP Papua, PON Papua Barat",-,"Rp173,82Jt.",173818182,173818182,STABLE,0,0,0,0,0.0,0,0,2026-10-05
854314,29,Ladji Malle,RANS Nusantara FC,Indonesia (Liga 2),ILI2,2,Sayap Kiri,Attack,24,2001-11-12,False,Malta,Asing Non-Asia,0,kiri,2026-09-04,"AS Bamako, Leader Foot Académie, Right To Dream Academy",-,"Rp1,30Mlyr.",1303636364,1303636364,UNCHANGED,0,0,0,0,0.0,0,0,2026-10-05
1275386,11,Daniel Alfrido,RANS Nusantara FC,Indonesia (Liga 2),ILI2,2,Sayap Kiri,Attack,18,2008-03-12,True,Indonesia,Lokal,171,kiri,2026-08-04,"Asiana Soccer School, Persita U14, Dewa United U16, Persik U",-,-,0,0,STABLE,0,0,0,0,0.0,0,0,2026-10-05
268682,9,Martin Hoel Andersen,RANS Nusantara FC,Indonesia (Liga 2),ILI2,2,Depan-Tengah,Attack,30,1995-12-04,False,Nigeria,Asing Non-Asia,189,kanan,2026-08-15,-,-,"Rp2,17Mlyr.",2172727273,3041818182,DECREASED,0,0,0,0,0.0,0,0,2026-10-05
505894,27,Dedik Setiawan,RANS Nusantara FC,Indonesia (Liga 2),ILI2,2,Depan-Tengah,Attack,32,1994-06-27,False,Indonesia,Lokal,177,kanan,2026-07-31,"SSB Sinar Mas (2010-2011), Persekam Metro (2011-2015)",-,"Rp1,74Mlyr.",1738181818,2172727273,DECREASED,0,0,0,0,0.0,0,0,2026-10-05
1451257,0,Agusti Ardiansyah,RANS Nusantara FC,Indonesia (Liga 2),ILI2,2,Depan-Tengah,Attack,19,2007-08-08,True,Indonesia,Lokal,0,kanan,2026-09-04,"SSB Abimanyu (Jakarta City Development), Dewa United U16 (20",-,-,0,0,STABLE,0,0,0,0,0.0,0,0,2026-10-05
1485734,19,Yanari Kurniawan,RANS Nusantara FC,Indonesia (Liga 2),ILI2,2,Depan-Tengah,Attack,22,2004-01-04,True,Indonesia,Lokal,0,kanan,2025-10-28,Gabsis Sambas U15 (2020),-,-,0,0,STABLE,0,0,0,0,0.0,0,0,2026-10-05
1350685,23,Rendi Irawan,RANS Nusantara FC,Indonesia (Liga 2),ILI2,2,Depan-Tengah,Attack,20,2006-05-21,True,Indonesia,Lokal,170,kanan,2026-08-20,"SSB Pasopati Siak Riau (2020), Diklat Imran Soccer Academy (",-,-,0,0,STABLE,0,0,0,0,0.0,0,0,2026-10-05
1485738,79,Raya Sheva,RANS Nusantara FC,Indonesia (Liga 2),ILI2,2,Depan-Tengah,Attack,19,2007-05-08,True,Indonesia,Lokal,0,kanan,2025-11-01,Persedikab U17 (2024),2027-06-30,-,0,0,STABLE,0,0,0,0,0.0,0,0,2026-10-05
1338195,99,Racksa Wijaya,RANS Nusantara FC,Indonesia (Liga 2),ILI2,2,Depan-Tengah,Attack,19,2006-12-15,True,Indonesia,Lokal,165,kanan,2026-08-20,"Persipro Youth (2023-2024), Barito Putera U20 (2024)",-,-,0,0,STABLE,0,0,0,0,0.0,0,0,2026-10-05
1353176,12,Aqsa Aqyuba,RANS Nusantara FC,Indonesia (Liga 2),ILI2,2,Gel. Tengah,Midfielder,22,2004-07-20,True,Indonesia,Lokal,0,kanan,2025-08-05,"SSB Soren FC, Gabsis Sambas U17 (2022), Porprov Kab. Malang,",2027-06-30,-,0,0,STABLE,0,0,0,0,0.0,0,0,2026-10-05
506117,20,Teguh Amiruddin,PERSIS Solo,Indonesia (Liga 2),ILI2,2,Kiper,Goalkeeper,33,1993-08-13,False,Indonesia,Lokal,183,kanan,2026-07-08,"Arema Indonesia (2006-2010), Arema FC U21 (2010-2011), Perse",-,"Rp869,09Jt.",869090909,869090909,UNCHANGED,0,0,0,0,0.0,0,0,2026-10-05
817897,31,Pualam Bahari,PERSIS Solo,Indonesia (Liga 2),ILI2,2,Kiper,Goalkeeper,24,2002-05-11,False,Indonesia,Lokal,183,kanan,2026-08-26,"Akademi Bina Sentra Cirebon, ASAD 313 (2016), Tiga Naga Acad",-,"Rp434,55Jt.",434545455,434545455,UNCHANGED,0,0,0,0,0.0,0,0,2026-10-05
1156326,91,Rizky Maulana,PERSIS Solo,Indonesia (Liga 2),ILI2,2,Kiper,Goalkeeper,30,1996-09-09,False,Indonesia,Lokal,178,kanan,2026-08-12,"Makassar United (2016), Porprov Halmahera Selatan (2017), Po",-,"Rp434,55Jt.",434545455,434545455,UNCHANGED,0,0,0,0,0.0,0,0,2026-10-05
1471278,40,Risnanda Rafa,PERSIS Solo,Indonesia (Liga 2),ILI2,2,Kiper,Goalkeeper,19,2007-04-25,True,Indonesia,Lokal,0,kanan,2026-09-11,"LPSB Mutiara Purwokerto, Borneo U16 (2023-2024), Borneo U18 ",-,-,0,0,STABLE,0,0,0,0,0.0,0,0,2026-10-05
260557,5,Slavko Damjanovic,PERSIS Solo,Indonesia (Liga 2),ILI2,2,Bek-Tengah,Defender,33,1992-11-02,False,Montenegro,Asing Non-Asia,189,kiri,2026-08-01,-,-,"Rp3,48Mlyr.",3476363636,3910909091,DECREASED,0,0,0,0,0.0,0,0,2026-10-05
630442,32,Kadek Raditya,PERSIS Solo,Indonesia (Liga 2),ILI2,2,Bek-Tengah,Defender,27,1999-06-13,False,Indonesia,Lokal,178,kanan,2026-01-21,"Diklat Ragunan (2014-2017), Persab U17 (2016)",2027-06-30,"Rp2,61Mlyr.",2607272727,2607272727,UNCHANGED,0,0,0,0,0.0,0,0,2026-10-05
1023782,44,Riswan Lauhin,PERSIS Solo,Indonesia (Liga 2),ILI2,2,Bek-Tengah,Defender,28,1998-08-08,False,Indonesia,Lokal,175,keduanya,2026-08-23,"Bintang Kalumata Ternate, Porprov Halmahera Utara (2017), PO",-,"Rp869,09Jt.",869090909,1303636364,DECREASED,0,0,0,0,0.0,0,0,2026-10-05
285473,15,Hasim Kipuw,PERSIS Solo,Indonesia (Liga 2),ILI2,2,Bek-Tengah,Defender,38,1988-05-09,False,Indonesia,Lokal,180,kanan,2026-07-11,"PPLP Maluku (2003-2005), SSB Remaja (2005-2006), SSB UKI (20",-,"Rp173,82Jt.",173818182,173818182,UNCHANGED,0,0,0,0,0.0,0,0,2026-10-05
1260996,95,Rafa Abdurahman,PERSIS Solo,Indonesia (Liga 2),ILI2,2,Bek-Tengah,Defender,19,2007-08-20,True,Indonesia,Lokal,180,kanan,2026-09-11,"SSB KBR Junior, Persija Muda, Persija U16 (2022-2023), Persi",-,-,0,0,STABLE,0,0,0,0,0.0,0,0,2026-10-05
252687,2,Novan Sasongko,PERSIS Solo,Indonesia (Liga 2),ILI2,2,Bek-Kiri,Defender,36,1989-11-26,False,Indonesia,Lokal,170,kanan,2026-07-07,Persibo Bojonegoro (2005-2008),-,"Rp173,82Jt.",173818182,173818182,UNCHANGED,0,0,0,0,0.0,0,0,2026-10-05
1347607,16,Daffa Habibullah,PERSIS Solo,Indonesia (Liga 2),ILI2,2,Bek-Kiri,Defender,21,2005-09-16,True,Indonesia,Lokal,0,kiri,2026-08-19,"Bhayangkara U17 (-2022), PERSIS U18 (2022-2024), PERSIS U20 ",-,-,0,0,STABLE,0,0,0,0,0.0,0,0,2026-10-05
721901,13,Alexvan Djin,PERSIS Solo,Indonesia (Liga 2),ILI2,2,Bek-Kanan,Defender,27,1998-12-31,False,Indonesia,Lokal,180,kanan,2026-02-05,-,2027-06-30,"Rp2,17Mlyr.",2172727273,2172727273,UNCHANGED,0,0,0,0,0.0,0,0,2026-10-05
506298,30,Eky Taufik,PERSIS Solo,Indonesia (Liga 2),ILI2,2,Bek-Kanan,Defender,35,1991-02-15,False,Indonesia,Lokal,176,kanan,2021-04-29,"Persebaya (2009-2010)
Persela (2010-2012)",2027-06-30,"Rp434,55Jt.",434545455,869090909,DECREASED,0,0,0,0,0.0,0,0,2026-10-05
1326819,14,Oliver Leeming,PERSIS Solo,Indonesia (Liga 2),ILI2,2,Bek-Kanan,Defender,20,2006-02-27,True,Indonesia,Lokal,178,keduanya,2026-07-09,"Perth RedStar U20 (-2024), Persija U20 (2025-)",-,-,0,0,STABLE,0,0,0,0,0.0,0,0,2026-10-05
186158,6,Wbeymar Angulo,PERSIS Solo,Indonesia (Liga 2),ILI2,2,Gel. Bertahan,Midfielder,34,1992-03-06,False,Armenia,Asing Non-Asia,181,kanan,2026-08-28,-,-,"Rp2,17Mlyr.",2172727273,2607272727,DECREASED,0,0,0,0,0.0,0,0,2026-10-05
585749,71,Luthfi Kamal,PERSIS Solo,Indonesia (Liga 2),ILI2,2,Gel. Bertahan,Midfielder,27,1999-01-20,False,Indonesia,Lokal,170,kanan,2026-07-10,"SSB Asiop Apacinti (2015), SSB Bina Taruna (2016-2017)",-,"Rp2,17Mlyr.",2172727273,1738181818,INCREASED,0,0,0,0,0.0,0,0,2026-10-05
969383,25,Rizky Nasution,PERSIS Solo,Indonesia (Liga 2),ILI2,2,Gel. Bertahan,Midfielder,29,1997-07-16,False,Indonesia,Lokal,170,kanan,2026-07-12,"PPLP Aceh (2013), PON Aceh (2020-2021)",-,"Rp1,30Mlyr.",1303636364,1303636364,UNCHANGED,0,0,0,0,0.0,0,0,2026-10-05
1120724,3,Andrean Rindorindo,PERSIS Solo,Indonesia (Liga 2),ILI2,2,Gel. Bertahan,Midfielder,22,2004-05-02,True,Indonesia,Lokal,178,kanan,2026-07-10,"ASTI Kudus (-2020), Pro Kundalini Bandung (2021), Garuda Sel",-,"Rp869,09Jt.",869090909,869090909,UNCHANGED,0,0,0,0,0.0,0,0,2026-10-05
506275,4,Asep Berlian,PERSIS Solo,Indonesia (Liga 2),ILI2,2,Gel. Bertahan,Midfielder,36,1990-07-11,False,Indonesia,Lokal,178,kanan,2026-07-11,Pelita Jaya (2010),-,"Rp173,82Jt.",173818182,173818182,UNCHANGED,0,0,0,0,0.0,0,0,2026-10-05
1338199,78,Alkelvin Bhaghi,PERSIS Solo,Indonesia (Liga 2),ILI2,2,Gel. Bertahan,Midfielder,20,2006-08-31,True,Indonesia,Lokal,167,kanan,2026-07-10,"SMA Regina Pacis Ngada (2021-2023), PSN Ngada U17 (2023), Ba",-,-,0,0,STABLE,0,0,0,0,0.0,0,0,2026-10-05
721008,41,Samuel Balinsa,PERSIS Solo,Indonesia (Liga 2),ILI2,2,Gel. Tengah,Midfielder,27,1999-03-08,False,Indonesia,Lokal,179,kiri,2026-08-21,"SSB Bola Mania, Persipura U19 (2017-2018), PPLP Papua (2019)",-,"Rp1,30Mlyr.",1303636364,1303636364,UNCHANGED,0,0,0,0,0.0,0,0,2026-10-05
506282,18,Saldi,PERSIS Solo,Indonesia (Liga 2),ILI2,2,Sayap Kiri,Attack,31,1995-03-09,False,Indonesia,Lokal,170,kanan,2026-07-11,"PON Sulsel (2016), PSM Makassar (2017)",-,"Rp2,61Mlyr.",2607272727,2607272727,UNCHANGED,0,0,0,0,0.0,0,0,2026-10-05
558957,7,Feby Eka,PERSIS Solo,Indonesia (Liga 2),ILI2,2,Sayap Kiri,Attack,27,1999-02-12,False,Indonesia,Lokal,183,keduanya,2026-07-17,"SSB Gen Mojokerto (2011-2016), Blitar United (2016)",-,"Rp1,30Mlyr.",1303636364,1303636364,UNCHANGED,0,0,0,0,0.0,0,0,2026-10-05
505796,88,Irsyad Maulana,PERSIS Solo,Indonesia (Liga 2),ILI2,2,Sayap Kiri,Attack,33,1993-09-27,False,Indonesia,Lokal,177,kanan,2026-08-28,"SSB Singa Harau Payakumbuh, PPLP Sumbar, Semen Padang (2009-",-,"Rp1,30Mlyr.",1303636364,1303636364,UNCHANGED,0,0,0,0,0.0,0,0,2026-10-05
1486453,29,Yohanes Baghi,PERSIS Solo,Indonesia (Liga 2),ILI2,2,Sayap Kiri,Attack,21,2004-12-04,True,Indonesia,Lokal,0,kanan,2026-08-26,-,-,-,0,0,STABLE,0,0,0,0,0.0,0,0,2026-10-05
506154,28,Terens Puhiri,PERSIS Solo,Indonesia (Liga 2),ILI2,2,Sayap Kanan,Attack,29,1996-10-13,False,Indonesia,Lokal,157,kanan,2026-07-20,"SSB Numbay Star Papua (2007-2012), Deportivo Indonesia (2012",-,"Rp2,61Mlyr.",2607272727,2607272727,UNCHANGED,0,0,0,0,0.0,0,0,2026-10-05
553470,10,Vico Duarte,PERSIS Solo,Indonesia (Liga 2),ILI2,2,Sayap Kanan,Attack,29,1996-12-03,False,Brasil,Asing Non-Asia,174,kiri,2026-09-21,-,-,"Rp1,74Mlyr.",1738181818,1738181818,UNCHANGED,0,0,0,0,0.0,0,0,2026-10-05
561246,99,Oktafianus Fernando,PERSIS Solo,Indonesia (Liga 2),ILI2,2,Sayap Kanan,Attack,33,1993-10-04,False,Indonesia,Lokal,168,kanan,2026-08-23,"Indonesia Muda, Persebaya (2014-2015)",-,"Rp869,09Jt.",869090909,869090909,UNCHANGED,0,0,0,0,0.0,0,0,2026-10-05
1275387,8,Fandi Ahmad,PERSIS Solo,Indonesia (Liga 2),ILI2,2,Sayap Kanan,Attack,18,2008-01-01,True,Indonesia,Lokal,156,kiri,2026-07-07,"KKO Wonogiri, PERSIS U16 (2022-2023), Persija U16 (2023), Pe",-,-,0,0,STABLE,0,0,0,0,0.0,0,0,2026-10-05
1326827,21,Theodore Leeming,PERSIS Solo,Indonesia (Liga 2),ILI2,2,Sayap Kanan,Attack,18,2007-12-20,True,Indonesia,Lokal,179,kanan,2026-07-09,"Perth RedStar, Persija U18 (2025-), Persija U20 (2025-)",-,-,0,0,STABLE,0,0,0,0,0.0,0,0,2026-10-05
458214,11,Henri Doumbia,PERSIS Solo,Indonesia (Liga 2),ILI2,2,Depan-Tengah,Attack,33,1992-11-11,False,Pantai Gading,Asing Non-Asia,180,kanan,2026-08-02,-,-,"Rp1,74Mlyr.",1738181818,1738181818,UNCHANGED,0,0,0,0,0.0,0,0,2026-10-05
1022667,22,Andy Harjito,PERSIS Solo,Indonesia (Liga 2),ILI2,2,Depan-Tengah,Attack,25,2001-09-27,False,Indonesia,Lokal,180,kanan,2026-08-26,Persiku U17 (2017),-,"Rp1,30Mlyr.",1303636364,1303636364,UNCHANGED,0,0,0,0,0.0,0,0,2026-10-05
746979,9,Saddam Gaffar,PERSIS Solo,Indonesia (Liga 2),ILI2,2,Depan-Tengah,Attack,25,2001-09-24,False,Indonesia,Lokal,187,kiri,2026-08-12,"Persiku U17 (2017), PPLP Jawa Tengah (2018), PSS Sleman U18 ",-,"Rp869,09Jt.",869090909,1738181818,DECREASED,0,0,0,0,0.0,0,0,2026-10-05
1475122,19,Ahmad Mujadid,PERSIS Solo,Indonesia (Liga 2),ILI2,2,Depan-Tengah,Attack,18,2007-10-18,True,Indonesia,Lokal,171,kanan,2026-07-07,"PFA Sukoharjo (-2024), Borneo FC U16 (2023-2024), Borneo FC ",-,-,0,0,STABLE,0,0,0,0,0.0,0,0,2026-10-05
1475357,24,Faizul Mukhlisin,PERSIS Solo,Indonesia (Liga 2),ILI2,2,Depan-Tengah,Attack,18,2007-10-08,True,Indonesia,Lokal,0,kanan,2026-08-19,"AT Farmasi Academy (2024), PERSIS U20 (2024-2025)",-,-,0,0,STABLE,0,0,0,0,0.0,0,0,2026-10-05
578266,34,Try Hamdani,Kendal Tornado FC,Indonesia (Liga 2),ILI2,2,Kiper,Goalkeeper,32,1994-01-03,False,Indonesia,Lokal,182,kiri,2025-09-11,"PS Pusri, PS Palembang Youth, Sriwijaya FC U21 (2011-2014)",2027-06-30,"Rp1,30Mlyr.",1303636364,1303636364,UNCHANGED,0,0,0,0,0.0,0,0,2026-10-05
1298032,26,Alim Hidayatullah,Kendal Tornado FC,Indonesia (Liga 2),ILI2,2,Kiper,Goalkeeper,22,2004-01-21,True,Indonesia,Lokal,178,kanan,2026-07-19,"SKO Sulsel (2018), Bank Sulselbar U15 (2019), Porprov Sumsel",-,"Rp434,55Jt.",434545455,434545455,STABLE,0,0,0,0,0.0,0,0,2026-10-05
1475354,37,Er Deva,Kendal Tornado FC,Indonesia (Liga 2),ILI2,2,Kiper,Goalkeeper,18,2007-12-02,True,Indonesia,Lokal,0,kanan,2026-07-14,"PFA Sukoharjo (-2023), Persis U16 (2023-2024), Persis U18 (2",-,-,0,0,STABLE,0,0,0,0,0.0,0,0,2026-10-05
1349395,69,Rafi Pamungkas,Kendal Tornado FC,Indonesia (Liga 2),ILI2,2,Kiper,Goalkeeper,21,2005-07-31,True,Indonesia,Lokal,178,kanan,2026-08-07,Persita U20 (2023-2024),-,-,0,0,STABLE,0,0,0,0,0.0,0,0,2026-10-05
1007606,27,Dimas Sukarno,Kendal Tornado FC,Indonesia (Liga 2),ILI2,2,Bek-Tengah,Defender,26,2000-07-20,False,Indonesia,Lokal,175,keduanya,2025-07-12,"Porprov Jatim (2018), PON Jatim (2020-2021)",2027-06-30,"Rp3,04Mlyr.",3041818182,2172727273,INCREASED,0,0,0,0,0.0,0,0,2026-10-05
1050305,4,Fikron Afriyanto,Kendal Tornado FC,Indonesia (Liga 2),ILI2,2,Bek-Tengah,Defender,27,1998-12-20,False,Indonesia,Lokal,178,kanan,2026-08-20,-,-,"Rp1,74Mlyr.",1738181818,1738181818,UNCHANGED,0,0,0,0,0.0,0,0,2026-10-05
505789,13,Agung Prasetyo,Kendal Tornado FC,Indonesia (Liga 2),ILI2,2,Bek-Tengah,Defender,33,1992-12-22,False,Indonesia,Lokal,187,kanan,2025-07-09,PSDS Deli Serdang (-2010),2027-06-30,"Rp869,09Jt.",869090909,869090909,UNCHANGED,0,0,0,0,0.0,0,0,2026-10-05
1136358,33,Jody Kurniady,Kendal Tornado FC,Indonesia (Liga 2),ILI2,2,Bek-Tengah,Defender,26,2000-08-14,False,Indonesia,Lokal,178,kanan,2026-08-08,"Tiki Taka FC Bandung (2015-2016), Garuda Keadilan FC Indones",-,"Rp869,09Jt.",869090909,869090909,UNCHANGED,0,0,0,0,0.0,0,0,2026-10-05
666719,15,Syaeful Anwar,Kendal Tornado FC,Indonesia (Liga 2),ILI2,2,Bek-Tengah,Defender,31,1994-12-01,False,Indonesia,Lokal,184,kanan,2026-01-24,PERSIB Bandung U21 (2014),2027-06-30,"Rp434,55Jt.",434545455,434545455,INCREASED,0,0,0,0,0.0,0,0,2026-10-05
1475379,21,Luayyan Addany,Kendal Tornado FC,Indonesia (Liga 2),ILI2,2,Bek-Tengah,Defender,19,2007-01-30,True,Indonesia,Lokal,0,kanan,2026-09-01,Persita U20 (2025-),-,-,0,0,STABLE,0,0,0,0,0.0,0,0,2026-10-05
506329,24,Fatchu Rochman,Kendal Tornado FC,Indonesia (Liga 2),ILI2,2,Bek-Kiri,Defender,31,1995-06-28,False,Indonesia,Lokal,170,keduanya,2026-07-26,"SSB Naga Gempol, Persekap (-2013)",-,"Rp869,09Jt.",869090909,869090909,UNCHANGED,0,0,0,0,0.0,0,0,2026-10-05
1346600,30,Afnan Hafidz,Kendal Tornado FC,Indonesia (Liga 2),ILI2,2,Bek-Kiri,Defender,20,2006-09-15,True,Indonesia,Lokal,164,kanan,2026-09-10,"Persija U18 (2023-2024), Persija U20 (2023-2025)",-,-,0,0,STABLE,0,0,0,0,0.0,0,0,2026-10-05
506296,31,Birrul Walidain,Kendal Tornado FC,Indonesia (Liga 2),ILI2,2,Bek-Kanan,Defender,30,1995-12-14,False,Indonesia,Lokal,177,keduanya,2026-07-30,Persela Youth (2013-2016),-,"Rp1,74Mlyr.",1738181818,1738181818,UNCHANGED,0,0,0,0,0.0,0,0,2026-10-05
1296454,67,Ferian Rizki,Kendal Tornado FC,Indonesia (Liga 2),ILI2,2,Bek-Kanan,Defender,23,2003-01-18,False,Indonesia,Lokal,0,kanan,2026-07-18,-,-,"Rp1,74Mlyr.",1738181818,1738181818,UNCHANGED,0,0,0,0,0.0,0,0,2026-10-05
561223,46,Fredyan Wahyu,Kendal Tornado FC,Indonesia (Liga 2),ILI2,2,Bek-Kanan,Defender,28,1998-04-11,False,Indonesia,Lokal,166,kanan,2026-08-06,"PERSIS Solo (2014-2015), PS TNI U21 (2016)",-,"Rp1,30Mlyr.",1303636364,1738181818,DECREASED,0,0,0,0,0.0,0,0,2026-10-05
1007953,22,Ibnu Hajar,Kendal Tornado FC,Indonesia (Liga 2),ILI2,2,Gel. Bertahan,Midfielder,28,1998-06-28,False,Indonesia,Lokal,168,kanan,2025-07-01,PON Jatim (2020-2021),2027-06-30,"Rp3,04Mlyr.",3041818182,2607272727,INCREASED,0,0,0,0,0.0,0,0,2026-10-05
818005,8,Andre Oktaviansyah,Kendal Tornado FC,Indonesia (Liga 2),ILI2,2,Gel. Bertahan,Midfielder,23,2002-10-23,False,Indonesia,Lokal,160,kanan,2026-07-29,"SSB Pelita Jaya (2010-2018), PS Tira (2018-2019), Garuda Sel",-,"Rp1,30Mlyr.",1303636364,1303636364,UNCHANGED,0,0,0,0,0.0,0,0,2026-10-05
1352972,6,Ryan Aprianto,Kendal Tornado FC,Indonesia (Liga 2),ILI2,2,Gel. Bertahan,Midfielder,27,1998-10-22,False,Indonesia,Lokal,0,kiri,2024-12-01,PSKT Sumbawa Barat (2017-),2027-06-30,"Rp869,09Jt.",869090909,434545455,INCREASED,0,0,0,0,0.0,0,0,2026-10-05
908796,19,Dwi Geno Nofiansyah,Kendal Tornado FC,Indonesia (Liga 2),ILI2,2,Gel. Bertahan,Midfielder,25,2001-01-19,False,Indonesia,Lokal,170,kanan,2026-07-24,"PPLP Sumbar (-2019), Semen Padang U18 (2019-2020)",-,"Rp869,09Jt.",869090909,869090909,UNCHANGED,0,0,0,0,0.0,0,0,2026-10-05
904296,20,Jovan Al Ghony,Kendal Tornado FC,Indonesia (Liga 2),ILI2,2,Gel. Bertahan,Midfielder,26,2000-04-13,False,Indonesia,Lokal,173,kanan,2026-02-06,"POPNAS Jawa Tengah, Persib Youth (2017), Persib U19 (2018), ",2027-06-30,"Rp434,55Jt.",434545455,434545455,INCREASED,0,0,0,0,0.0,0,0,2026-10-05
1346612,16,Irpan Siregar,Kendal Tornado FC,Indonesia (Liga 2),ILI2,2,Gel. Tengah,Midfielder,19,2007-06-02,True,Indonesia,Lokal,170,kanan,2026-09-22,"SSB Mayang Putra, Akademi Kwarta Deli Serdang (-2022), Persi",-,-,0,0,STABLE,0,0,0,0,0.0,0,0,2026-10-05
1441336,17,Rangga Lesmana,Kendal Tornado FC,Indonesia (Liga 2),ILI2,2,Gel. Tengah,Midfielder,20,2006-04-30,True,Indonesia,Lokal,154,kanan,2026-02-05,"Persik U16, Persebaya U17, Persedikab U17",-,-,0,0,STABLE,0,0,0,0,0.0,0,0,2026-10-05
1049687,10,Dall'Oca,Kendal Tornado FC,Indonesia (Liga 2),ILI2,2,Gel. Serang,Midfielder,31,1995-09-13,False,Brasil,Asing Non-Asia,0,kanan,2026-07-25,-,-,"Rp3,04Mlyr.",3041818182,1738181818,INCREASED,0,0,0,0,0.0,0,0,2026-10-05
721072,11,Yudha Alkanza,Kendal Tornado FC,Indonesia (Liga 2),ILI2,2,Gel. Serang,Midfielder,28,1998-05-16,False,Indonesia,Lokal,180,kiri,2025-07-07,SSB Pendowoharjo,2027-06-30,"Rp1,30Mlyr.",1303636364,1303636364,UNCHANGED,0,0,0,0,0.0,0,0,2026-10-05
1487305,29,Joiner Kareth,Kendal Tornado FC,Indonesia (Liga 2),ILI2,2,Gel. Serang,Midfielder,20,2006-07-07,True,Indonesia,Lokal,155,kanan,2026-02-05,-,-,-,0,0,STABLE,0,0,0,0,0.0,0,0,2026-10-05
506155,86,Rifal Lastori,Kendal Tornado FC,Indonesia (Liga 2),ILI2,2,Sayap Kiri,Attack,29,1997-06-09,False,Indonesia,Lokal,160,keduanya,2026-08-08,"SSB Tunas Gamalama Ternate, Borneo FC U19 (2014), Borneo FC ",-,"Rp2,17Mlyr.",2172727273,2172727273,UNCHANGED,0,0,0,0,0.0,0,0,2026-10-05
875217,57,Akbar Firmansyah,Kendal Tornado FC,Indonesia (Liga 2),ILI2,2,Sayap Kiri,Attack,24,2002-06-01,False,Indonesia,Lokal,170,kiri,2025-07-03,"Persebaya U17 (2018), Persebaya U18 (2019-2020)",2027-06-30,"Rp1,74Mlyr.",1738181818,869090909,INCREASED,0,0,0,0,0.0,0,0,2026-10-05
1425427,14,Alfath Diaz,Kendal Tornado FC,Indonesia (Liga 2),ILI2,2,Sayap Kiri,Attack,20,2006-01-23,True,Indonesia,Lokal,0,kanan,2025-07-11,-,2027-06-30,"Rp869,09Jt.",869090909,869090909,UNCHANGED,0,0,0,0,0.0,0,0,2026-10-05
501274,7,Yushi Yamaya,Kendal Tornado FC,Indonesia (Liga 2),ILI2,2,Sayap Kanan,Attack,26,2000-06-11,False,Jepang,Asia (AFC),177,kiri,2026-07-27,-,-,-,0,3041818182,DECREASED,0,0,0,0,0.0,0,0,2026-10-05
1397113,25,Zico Salmon,Kendal Tornado FC,Indonesia (Liga 2),ILI2,2,Sayap Kanan,Attack,19,2007-04-25,True,Indonesia,Lokal,0,kanan,2026-09-10,"Borneo FC U18 (2024-2025), Bonroe FC U20 (2025-)",-,-,0,0,STABLE,0,0,0,0,0.0,0,0,2026-10-05
569504,9,Patrick Cruz,Kendal Tornado FC,Indonesia (Liga 2),ILI2,2,Depan-Tengah,Attack,33,1993-04-01,False,Brasil,Asing Non-Asia,184,kanan,2025-08-01,"União Agrícola Barbarense, FC São Paulo",2027-06-30,"Rp1,74Mlyr.",1738181818,2172727273,DECREASED,0,0,0,0,0.0,0,0,2026-10-05
1019698,12,Rizky Dwi,Kendal Tornado FC,Indonesia (Liga 2),ILI2,2,Depan-Tengah,Attack,27,1999-04-09,False,Indonesia,Lokal,184,kanan,2026-07-13,"Persip Pesanggaran (-2017), Persikoba Kota Batu (2018), PON ",-,"Rp1,30Mlyr.",1303636364,1303636364,UNCHANGED,0,0,0,0,0.0,0,0,2026-10-05
1305710,99,Ousmane Camara,Kendal Tornado FC,Indonesia (Liga 2),ILI2,2,Depan-Tengah,Attack,19,2007-10-04,True,Indonesia,Lokal,186,kanan,2026-09-10,"JK Academy Bantul (-2024), Borneo FC U20 (2024-2026)",-,-,0,0,STABLE,0,0,0,0,0.0,0,0,2026-10-05
1537228,20,Muhammad Ilham,PSBS Biak,Indonesia (Liga 2),ILI2,2,Kiper,Goalkeeper,17,2008-10-23,True,Indonesia,Lokal,0,kanan,2026-09-01,"PSBS Biak U18 (2025-2026), PSBS Biak U20 (2026)",-,-,0,0,STABLE,0,0,0,0,0.0,0,0,2026-10-05
1474786,22,Leo Andreas,PSBS Biak,Indonesia (Liga 2),ILI2,2,Kiper,Goalkeeper,19,2007-02-07,True,Indonesia,Lokal,0,kanan,2026-09-01,PSBS Biak U20 (2025-),-,-,0,0,STABLE,0,0,0,0,0.0,0,0,2026-10-05
1526174,89,Kevin Maheswara,PSBS Biak,Indonesia (Liga 2),ILI2,2,Kiper,Goalkeeper,17,2009-08-11,True,Indonesia,Lokal,0,kanan,2026-09-01,PSBS U18 (2025-2026),-,-,0,0,STABLE,0,0,0,0,0.0,0,0,2026-10-05
1474783,23,Pasha Susilo,PSBS Biak,Indonesia (Liga 2),ILI2,2,Bek-Tengah,Defender,19,2007-09-09,True,Indonesia,Lokal,0,kanan,2026-09-01,PSBS Biak U20 (2025-2026),-,-,0,0,STABLE,0,0,0,0,0.0,0,0,2026-10-05
1474788,49,Syathir Alwansyah,PSBS Biak,Indonesia (Liga 2),ILI2,2,Bek-Tengah,Defender,19,2006-11-13,True,Indonesia,Lokal,0,kanan,2026-09-01,PSBS Biak U20 (2025-),-,-,0,0,STABLE,0,0,0,0,0.0,0,0,2026-10-05
1347303,44,Moses Madjar,PSBS Biak,Indonesia (Liga 2),ILI2,2,Bek-Kiri,Defender,21,2005-04-14,True,Indonesia,Lokal,175,kanan,2025-07-31,-,-,"Rp434,55Jt.",434545455,434545455,UNCHANGED,0,0,0,0,0.0,0,0,2026-10-05
1434884,14,Ians Rumbewas,PSBS Biak,Indonesia (Liga 2),ILI2,2,Bek-Kiri,Defender,20,2006-02-22,True,Indonesia,Lokal,0,kanan,2025-07-31,Diklat Cirebon United,-,"Rp173,82Jt.",173818182,173818182,STABLE,0,0,0,0,0.0,0,0,2026-10-05
723964,32,Patrias Rumere,PSBS Biak,Indonesia (Liga 2),ILI2,2,Bek-Kiri,Defender,38,1988-02-09,False,Indonesia,Lokal,171,kiri,2025-07-17,-,-,"Rp173,82Jt.",173818182,173818182,INCREASED,0,0,0,0,0.0,0,0,2026-10-05
1548338,31,Raissa Oktavian,PSBS Biak,Indonesia (Liga 2),ILI2,2,Bek-Kanan,Defender,17,2008-10-07,True,Indonesia,Lokal,0,kanan,2026-09-01,PSBS U18 (2025-2026),-,"Rp173,82Jt.",173818182,173818182,STABLE,0,0,0,0,0.0,0,0,2026-10-05
1474787,3,Gesang Suparman,PSBS Biak,Indonesia (Liga 2),ILI2,2,Bek-Kanan,Defender,19,2007-04-21,True,Indonesia,Lokal,0,kanan,2026-09-01,PSBS Biak U20 (2025-),-,-,0,0,STABLE,0,0,0,0,0.0,0,0,2026-10-05
1474784,33,Keanu Zidan,PSBS Biak,Indonesia (Liga 2),ILI2,2,Bek-Kanan,Defender,18,2007-11-29,True,Indonesia,Lokal,0,kanan,2026-09-01,"PSIS Semarang U18 (2024), PSBS Biak U20 (2025-)",-,-,0,0,STABLE,0,0,0,0,0.0,0,0,2026-10-05
1519798,37,Bintang Angkasa,PSBS Biak,Indonesia (Liga 2),ILI2,2,Bek-Kanan,Defender,18,2008-07-19,True,Indonesia,Lokal,0,kanan,2026-09-01,PSBS U18 (2025-2026),-,-,0,0,STABLE,0,0,0,0,0.0,0,0,2026-10-05
1607274,43,Rengga Hazim,PSBS Biak,Indonesia (Liga 2),ILI2,2,Bek-Kanan,Defender,18,2008-04-15,True,Indonesia,Lokal,177,kanan,2026-09-23,PSBS U18 (2025-2026),-,-,0,0,STABLE,0,0,0,0,0.0,0,0,2026-10-05
1600980,66,Gavin Ganendra,PSBS Biak,Indonesia (Liga 2),ILI2,2,Bek-Kanan,Defender,18,2008-09-22,True,Indonesia,Lokal,170,kanan,2026-09-01,"Diklat Merden Indonesia, PSBS U18 (2025-2026)",-,-,0,0,STABLE,0,0,0,0,0.0,0,0,2026-10-05
505908,90,Nelson Alom,PSBS Biak,Indonesia (Liga 2),ILI2,2,Gel. Bertahan,Midfielder,34,1991-10-27,False,Indonesia,Lokal,175,kanan,2023-08-01,"Persipura Jayapura (2007-2010)
PON Papua (2010-2012)",-,"Rp434,55Jt.",434545455,434545455,UNCHANGED,0,0,0,0,0.0,0,0,2026-10-05
1350677,27,Rahel Aji,PSBS Biak,Indonesia (Liga 2),ILI2,2,Gel. Bertahan,Midfielder,20,2006-03-29,True,Indonesia,Lokal,170,kanan,2026-09-01,"Diklat Merden Indonesia , PSIS Semarang U18 (2023), PSIS Sem",-,-,0,0,STABLE,0,0,0,0,0.0,0,0,2026-10-05
1606977,17,Alvino Sumantri,PSBS Biak,Indonesia (Liga 2),ILI2,2,Gel. Tengah,Midfielder,17,2008-10-18,True,Indonesia,Lokal,0,kanan,2026-09-01,PSBS U18 (2025-2026),-,-,0,0,STABLE,0,0,0,0,0.0,0,0,2026-10-05
1474792,19,Fajar Galih,PSBS Biak,Indonesia (Liga 2),ILI2,2,Gel. Tengah,Midfielder,19,2007-06-26,True,Indonesia,Lokal,0,kanan,2026-09-01,PSBS Biak U20 (2025-),-,-,0,0,STABLE,0,0,0,0,0.0,0,0,2026-10-05
1600979,29,Naufal Al-Ghani,PSBS Biak,Indonesia (Liga 2),ILI2,2,Gel. Tengah,Midfielder,18,2008-01-29,True,Indonesia,Lokal,0,kanan,2026-09-01,PSBS U18 (2025-2026),-,-,0,0,STABLE,0,0,0,0,0.0,0,0,2026-10-05
1439388,12,Alfan Tri,PSBS Biak,Indonesia (Liga 2),ILI2,2,Sayap Kiri,Attack,21,2005-02-12,True,Indonesia,Lokal,0,kanan,2025-07-01,-,-,"Rp173,82Jt.",173818182,173818182,STABLE,0,0,0,0,0.0,0,0,2026-10-05
1600978,11,Wafi Naufal,PSBS Biak,Indonesia (Liga 2),ILI2,2,Sayap Kiri,Attack,18,2008-05-03,True,Indonesia,Lokal,0,kanan,2026-09-01,PSBS U18 (2025-2026),-,-,0,0,STABLE,0,0,0,0,0.0,0,0,2026-10-05
1548339,77,Fathan Nabil,PSBS Biak,Indonesia (Liga 2),ILI2,2,Sayap Kiri,Attack,18,2008-02-18,True,Indonesia,Lokal,0,kanan,2026-09-01,PSBS U18 (2025-2026),-,-,0,0,STABLE,0,0,0,0,0.0,0,0,2026-10-05
1179938,46,Tobias Solossa,PSBS Biak,Indonesia (Liga 2),ILI2,2,Depan-Tengah,Attack,20,2006-08-31,True,Indonesia,Lokal,178,kanan,2025-07-31,"SSB Sumber Makmur (2021-2022), PPLP Papua (2021), SSB Heijne",-,"Rp434,55Jt.",434545455,434545455,UNCHANGED,0,0,0,0,0.0,0,0,2026-10-05
1032147,98,Samuel Gwijangge,PSBS Biak,Indonesia (Liga 2),ILI2,2,Depan-Tengah,Attack,24,2001-11-05,False,Indonesia,Lokal,168,kanan,2025-07-31,"Persipura U18 (2019), PS Cigombong Putra (2021)",-,"Rp434,55Jt.",434545455,434545455,UNCHANGED,0,0,0,0,0.0,0,0,2026-10-05
939538,1,Pancar,Persiba Balikpapan,Indonesia (Liga 2),ILI2,2,Kiper,Goalkeeper,26,2000-04-05,False,Indonesia,Lokal,172,kanan,2025-07-28,"SSB ASIOP Apacinti (2016), Persija U20 (2019-2020)",2027-06-30,"Rp1,30Mlyr.",1303636364,1303636364,UNCHANGED,0,0,0,0,0.0,0,0,2026-10-05
733277,13,Risky Sudirman,Persiba Balikpapan,Indonesia (Liga 2),ILI2,2,Kiper,Goalkeeper,24,2002-02-02,False,Indonesia,Lokal,178,kanan,2026-08-19,Persija U21 (2017-2020). Garuda Select (2019),-,"Rp434,55Jt.",434545455,434545455,INCREASED,0,0,0,0,0.0,0,0,2026-10-05
1458372,80,Achmad Alfarizi,Persiba Balikpapan,Indonesia (Liga 2),ILI2,2,Kiper,Goalkeeper,20,2006-06-27,True,Indonesia,Lokal,0,kanan,2026-01-01,"Arema U16 (2023), Persiba Balikpapan U19 (2025)",-,-,0,0,STABLE,0,0,0,0,0.0,0,0,2026-10-05
875192,4,Muhammad Ilham,Persiba Balikpapan,Indonesia (Liga 2),ILI2,2,Bek-Tengah,Defender,23,2003-04-25,False,Indonesia,Lokal,178,kanan,2024-12-06,"Porprov Samarinda, Borneo FC U16 (2019), Garuda Select (2019",2027-06-30,"Rp869,09Jt.",869090909,869090909,UNCHANGED,0,0,0,0,0.0,0,0,2026-10-05
480166,6,Tomoki Taniguchi,Persiba Balikpapan,Indonesia (Liga 2),ILI2,2,Bek-Tengah,Defender,33,1992-10-22,False,Jepang,Asia (AFC),185,kanan,2026-08-15,"Takigawa Daini High School (2008-2010), Ritsumeikan Universi",-,"Rp869,09Jt.",869090909,869090909,UNCHANGED,0,0,0,0,0.0,0,0,2026-10-05
1246228,24,Valda Uzlah,Persiba Balikpapan,Indonesia (Liga 2),ILI2,2,Bek-Tengah,Defender,22,2003-12-20,True,Indonesia,Lokal,176,kanan,2025-08-02,-,2027-06-30,"Rp869,09Jt.",869090909,869090909,UNCHANGED,0,0,0,0,0.0,0,0,2026-10-05
811045,27,Meru Kimura,Persiba Balikpapan,Indonesia (Liga 2),ILI2,2,Bek-Tengah,Defender,25,2001-06-27,False,Indonesia,Lokal,187,kiri,2026-08-19,"Bali United U18 (2019-2020), Persik Kediri U20 (2021), Bali ",-,"Rp434,55Jt.",434545455,434545455,INCREASED,0,0,0,0,0.0,0,0,2026-10-05
1485588,5,Yudha Firdanna,Persiba Balikpapan,Indonesia (Liga 2),ILI2,2,Bek-Tengah,Defender,24,2002-08-26,False,Indonesia,Lokal,0,kanan,2026-08-19,-,-,-,0,0,STABLE,0,0,0,0,0.0,0,0,2026-10-05
473374,7,Abdul Rachman,Persiba Balikpapan,Indonesia (Liga 2),ILI2,2,Bek-Kiri,Defender,38,1988-01-30,False,Indonesia,Lokal,169,kiri,2024-12-02,PON Kalimantan Timur (2007-2008) Bontang FC (2010-2013),2027-06-30,"Rp173,82Jt.",173818182,173818182,UNCHANGED,0,0,0,0,0.0,0,0,2026-10-05
1382811,17,Ahmad Mujtaba,Persiba Balikpapan,Indonesia (Liga 2),ILI2,2,Bek-Kiri,Defender,19,2007-06-08,True,Indonesia,Lokal,0,kanan,2026-08-25,"Persebaya U16 (2023-2024), Persebaya U18 (2024-2025), Perseb",-,-,0,0,STABLE,0,0,0,0,0.0,0,0,2026-10-05
1349379,20,Cerilus Seran,Persiba Balikpapan,Indonesia (Liga 2),ILI2,2,Bek-Kiri,Defender,20,2006-06-27,True,Indonesia,Lokal,165,kanan,2026-08-24,Persita U20 (2024-2026),-,-,0,0,STABLE,0,0,0,0,0.0,0,0,2026-10-05
985730,29,Gardhika Arya,Persiba Balikpapan,Indonesia (Liga 2),ILI2,2,Bek-Kanan,Defender,26,2000-08-08,False,Indonesia,Lokal,177,kanan,2026-08-29,"Elang Putih Malang U15 (2015), Persida U17 (2016), Indonesia",-,"Rp173,82Jt.",173818182,173818182,INCREASED,0,0,0,0,0.0,0,0,2026-10-05
506555,8,Bryan Cesar,Persiba Balikpapan,Indonesia (Liga 2),ILI2,2,Gel. Bertahan,Midfielder,33,1993-03-16,False,Indonesia,Lokal,170,kanan,2024-10-25,"Persiba Balikpapan (2011)
Barito Putera (2012-2014)
Persib",2027-06-30,"Rp434,55Jt.",434545455,434545455,INCREASED,0,0,0,0,0.0,0,0,2026-10-05
1349400,85,Evan Anwar,Persiba Balikpapan,Indonesia (Liga 2),ILI2,2,Gel. Bertahan,Midfielder,20,2006-03-01,True,Indonesia,Lokal,168,kanan,2026-08-24,"Bhayangkara U18 (2023), Persita U20 (2024-2026)",-,-,0,0,STABLE,0,0,0,0,0.0,0,0,2026-10-05
1010077,23,Yusran Al Makassar,Persiba Balikpapan,Indonesia (Liga 2),ILI2,2,Gel. Tengah,Midfielder,19,2006-11-01,True,Indonesia,Lokal,0,kanan,2026-08-24,"SSB Syekh Yusuf (-2021), PSM U16 (2021-2022), PSM U18 (2023-",-,-,0,0,STABLE,0,0,0,0,0.0,0,0,2026-10-05
1390889,32,Ilham Romadhona,Persiba Balikpapan,Indonesia (Liga 2),ILI2,2,Gel. Tengah,Midfielder,18,2008-03-23,True,Indonesia,Lokal,174,kanan,2026-08-25,"Bandung Pro United (2023), Barito Putera U16 (2023-2024), Ba",-,-,0,0,STABLE,0,0,0,0,0.0,0,0,2026-10-05
228302,41,Ryohei Yoshihama,Persiba Balikpapan,Indonesia (Liga 2),ILI2,2,Gel. Serang,Midfielder,33,1992-10-24,False,Jepang,Asia (AFC),172,kiri,2026-08-14,"Kawasaki Frontale, Shoin University",-,"Rp1,30Mlyr.",1303636364,1738181818,DECREASED,0,0,0,0,0.0,0,0,2026-10-05
875212,37,Flavio Cameron,Persiba Balikpapan,Indonesia (Liga 2),ILI2,2,Gel. Serang,Midfielder,24,2002-02-02,False,Indonesia,Lokal,175,keduanya,2026-08-29,"Persebaya U19 (-2019)
Persita U20 (2020)",-,-,0,173818182,DECREASED,0,0,0,0,0.0,0,0,2026-10-05
878029,67,Akbar,Persiba Balikpapan,Indonesia (Liga 2),ILI2,2,Gel. Serang,Midfielder,28,1998-07-29,False,Indonesia,Lokal,0,kanan,2026-08-19,"PSM U21 (2016), Universitas Negeri Makassar (2016-2018), Tak",-,-,0,434545455,DECREASED,0,0,0,0,0.0,0,0,2026-10-05
1458370,16,Fabio Royyan,Persiba Balikpapan,Indonesia (Liga 2),ILI2,2,Gel. Tengah,Midfielder,19,2007-08-28,True,Indonesia,Lokal,0,kanan,2026-08-17,-,-,-,0,0,STABLE,0,0,0,0,0.0,0,0,2026-10-05
1021776,19,Ardi Ardiana,Persiba Balikpapan,Indonesia (Liga 2),ILI2,2,Sayap Kiri,Attack,22,2003-12-22,True,Indonesia,Lokal,174,kanan,2026-08-09,"SSB Satria Gemilang, All Stars Rahuning U15 (2019), SBAI CAL",-,"Rp869,09Jt.",869090909,869090909,UNCHANGED,0,0,0,0,0.0,0,0,2026-10-05
1351184,18,Andi Mukhram,Persiba Balikpapan,Indonesia (Liga 2),ILI2,2,Sayap Kiri,Attack,20,2006-03-08,True,Indonesia,Lokal,159,kanan,2026-08-24,"SSB Syekh Yusuf (2020-2023), PSM U18 (2023-2024), PSM U20 (2",-,-,0,0,STABLE,0,0,0,0,0.0,0,0,2026-10-05
1293247,25,Cois Artomoro,Persiba Balikpapan,Indonesia (Liga 2),ILI2,2,Sayap Kiri,Attack,23,2003-04-02,False,Indonesia,Lokal,167,keduanya,2026-08-29,"SSB Matador Mekarsari, Persikabo Bogor U17, FOSSBI, Persita ",-,-,0,0,STABLE,0,0,0,0,0.0,0,0,2026-10-05
989225,91,Arsa Ahmad,Persiba Balikpapan,Indonesia (Liga 2),ILI2,2,Sayap Kanan,Attack,22,2003-10-31,True,Indonesia,Lokal,180,kanan,2025-08-04,"Indonesia Soccer Academy (2017), Bhayangkara FC U16 (2018-20",2027-06-30,"Rp869,09Jt.",869090909,434545455,INCREASED,0,0,0,0,0.0,0,0,2026-10-05
818625,9,Prince Kallon,Persiba Balikpapan,Indonesia (Liga 2),ILI2,2,Sayap Kanan,Attack,24,2002-02-03,False,Indonesia,Lokal,174,kanan,2026-09-03,"SSB Kallon (2012-2017), PSM U19 (2017-2018), PSM U18 (2019),",-,"Rp434,55Jt.",434545455,869090909,DECREASED,0,0,0,0,0.0,0,0,2026-10-05
1397112,66,Jay Amru,Persiba Balikpapan,Indonesia (Liga 2),ILI2,2,Sayap Kanan,Attack,18,2007-11-09,True,Indonesia,Lokal,0,kanan,2026-08-24,"Persebaya U16 (2023-2024), Persebaya U18 (2024-2025)",-,"Rp434,55Jt.",434545455,173818182,INCREASED,0,0,0,0,0.0,0,0,2026-10-05
1277844,11,Rizal,Persiba Balikpapan,Indonesia (Liga 2),ILI2,2,Sayap Kanan,Attack,25,2001-07-02,False,Indonesia,Lokal,0,kanan,2026-08-19,-,-,-,0,0,STABLE,0,0,0,0,0.0,0,0,2026-10-05
1374866,14,Fatihul Alif,Persiba Balikpapan,Indonesia (Liga 2),ILI2,2,Sayap Kanan,Attack,18,2007-12-31,True,Indonesia,Lokal,168,kanan,2026-08-29,"FS 31 Makassar (-2022), (PSM U16 (2022-2024), PSM U18 (2024-",-,-,0,0,STABLE,0,0,0,0,0.0,0,0,2026-10-05
482197,10,Takumu Nishihara,Persiba Balikpapan,Indonesia (Liga 2),ILI2,2,Depan-Tengah,Attack,34,1992-07-17,False,Jepang,Asia (AFC),178,kanan,2025-07-29,"Akashi Josai High School (–2011.03), Kansai University (2011",2027-06-30,"Rp1,74Mlyr.",1738181818,1738181818,UNCHANGED,0,0,0,0,0.0,0,0,2026-10-05
901892,97,Bagus Prasetiyo,Persekat Tegal,Indonesia (Liga 3),IN3L,3,Kiper,Goalkeeper,29,1997-07-29,False,Indonesia,Lokal,179,kanan,2023-11-28,PON Jatim (2018-2020),2026-04-30,"Rp869,09Jt.",869090909,869090909,UNCHANGED,0,0,0,0,0.0,0,0,2026-10-05
724698,4,Muhammad Mukhlis,Persekat Tegal,Indonesia (Liga 3),IN3L,3,Bek-Tengah,Defender,31,1994-11-04,False,Indonesia,Lokal,180,kiri,2024-07-30,-,2026-04-30,"Rp434,55Jt.",434545455,434545455,UNCHANGED,0,0,0,0,0.0,0,0,2026-10-05
1157781,14,Yusuf Fitra,Persekat Tegal,Indonesia (Liga 3),IN3L,3,Bek-Tengah,Defender,20,2005-10-07,True,Indonesia,Lokal,168,kanan,2025-08-14,"Bhayangkara FC U17 (2021-2022), Bhayangkara FC U18 (2022), B",-,-,0,173818182,DECREASED,0,0,0,0,0.0,0,0,2026-10-05
1171722,12,Indra Lesmana,Persekat Tegal,Indonesia (Liga 3),IN3L,3,Bek-Kiri,Defender,26,2000-06-06,False,Indonesia,Lokal,172,kiri,2025-07-29,PON Jatim (2020),-,"Rp173,82Jt.",173818182,434545455,DECREASED,0,0,0,0,0.0,0,0,2026-10-05
662953,13,Soni Setiawan,Persekat Tegal,Indonesia (Liga 3),IN3L,3,Bek-Kanan,Defender,33,1993-04-10,False,Indonesia,Lokal,172,kanan,2026-01-10,"PPSM Magelang Youth (2009-2010), Persekabpur Purworejo Youth",-,"Rp434,55Jt.",434545455,434545455,INCREASED,0,0,0,0,0.0,0,0,2026-10-05
928572,15,Surya Maulana,Persekat Tegal,Indonesia (Liga 3),IN3L,3,Bek-Kanan,Defender,25,2001-07-09,False,Indonesia,Lokal,168,kanan,2025-07-24,"Persesa U17 (2016), Bhayangkara U18 (2018-2019), Bhayangkara",-,"Rp434,55Jt.",434545455,434545455,UNCHANGED,0,0,0,0,0.0,0,0,2026-10-05
1308474,2,Khoirul Amin,Persekat Tegal,Indonesia (Liga 3),IN3L,3,Bek-Kanan,Defender,21,2005-01-02,True,Indonesia,Lokal,0,kanan,2024-08-29,"Slawi United U17 (2021)
Persekat U17 (2023)
Popda Pemalang",2026-04-30,"Rp173,82Jt.",173818182,173818182,UNCHANGED,0,0,0,0,0.0,0,0,2026-10-05
1186738,28,Gede Sunu,Persekat Tegal,Indonesia (Liga 3),IN3L,3,Gel. Bertahan,Midfielder,24,2002-04-28,False,Indonesia,Lokal,171,kanan,2026-01-10,"SSB Paradise Football Academy (PFA) Bali, Perseden U15 (2017",-,"Rp173,82Jt.",173818182,173818182,INCREASED,0,0,0,0,0.0,0,0,2026-10-05
713400,19,Kevy Syahertian,Persekat Tegal,Indonesia (Liga 3),IN3L,3,Sayap Kiri,Attack,27,1999-06-23,False,Indonesia,Lokal,164,kiri,2025-07-27,"SSB Malang, Madura United (2017-2018)",-,"Rp869,09Jt.",869090909,869090909,UNCHANGED,0,0,0,0,0.0,0,0,2026-10-05
1345633,27,Iqbal Maulana,Persekat Tegal,Indonesia (Liga 3),IN3L,3,Sayap Kiri,Attack,20,2006-03-07,True,Indonesia,Lokal,170,kanan,2025-08-14,"Persebaya U18 (2023), Persebaya U20 (2024)",-,"Rp434,55Jt.",434545455,869090909,DECREASED,0,0,0,0,0.0,0,0,2026-10-05
1179496,54,Marcell Rumkabu,Persekat Tegal,Indonesia (Liga 3),IN3L,3,Sayap Kiri,Attack,21,2005-02-09,True,Indonesia,Lokal,173,kiri,2026-02-06,"SSB Batik Papua, PSM U18 (2022), Pra PON Papua (2023)",-,-,0,434545455,DECREASED,0,0,0,0,0.0,0,0,2026-10-05
1442620,32,Faisal Ramadani,Persekat Tegal,Indonesia (Liga 3),IN3L,3,Sayap Kanan,Attack,20,2005-10-16,True,Indonesia,Lokal,165,kanan,2025-08-14,-,-,"Rp869,09Jt.",869090909,869090909,UNCHANGED,0,0,0,0,0.0,0,0,2026-10-05
355889,39,Arsyad Yusgiantoro,Persekat Tegal,Indonesia (Liga 3),IN3L,3,Sayap Kanan,Attack,30,1996-07-11,False,Indonesia,Lokal,172,kanan,2026-01-10,Pro Duta U19 (-2014),-,"Rp434,55Jt.",434545455,869090909,DECREASED,0,0,0,0,0.0,0,0,2026-10-05
1458548,68,Madrid Augusta,Persekat Tegal,Indonesia (Liga 3),IN3L,3,Sayap Kanan,Attack,20,2006-08-09,True,Indonesia,Lokal,0,kanan,2026-02-06,"ASIOP Football Academy (2012-2022), ASIOP U17 (2022), AFC Al",-,"Rp173,82Jt.",173818182,173818182,STABLE,0,0,0,0,0.0,0,0,2026-10-05
1337594,41,Jordan Sette,Persekat Tegal,Indonesia (Liga 3),IN3L,3,Sayap Kanan,Attack,21,2005-01-04,True,Indonesia,Lokal,172,kanan,2026-01-10,"SSB Bintang Timur Soe Generation, Bali United U16 (2023), Ba",-,-,0,0,STABLE,0,0,0,0,0.0,0,0,2026-10-05
724629,93,Ahmad Ihwan,Persekat Tegal,Indonesia (Liga 3),IN3L,3,Depan-Tengah,Attack,33,1993-03-27,False,Indonesia,Lokal,170,kanan,2026-01-10,"SSB Kaki Mas Dampit
Metro FC U18 (2009)
Persema U18 (2010)",-,"Rp173,82Jt.",173818182,173818182,UNCHANGED,0,0,0,0,0.0,0,0,2026-10-05
294609,1,Jandia,Persikota Tangerang,Indonesia (Liga 3),IN3L,3,Kiper,Goalkeeper,39,1987-07-14,False,Indonesia,Lokal,180,kiri,2025-11-26,"PSTS Tabing
",-,-,0,434545455,DECREASED,0,0,0,0,0.0,0,0,2026-10-05
1312954,12,Aldo Fernandi,Persikota Tangerang,Indonesia (Liga 3),IN3L,3,Kiper,Goalkeeper,22,2004-01-03,True,Indonesia,Lokal,0,kanan,2025-11-26,"SSB Silampari Lubuklinggau, PSP Padang U15 (2020-2021), PPLP",-,-,0,0,STABLE,0,0,0,0,0.0,0,0,2026-10-05
1348680,70,Rangga Saputra,Persikota Tangerang,Indonesia (Liga 3),IN3L,3,Kiper,Goalkeeper,20,2005-11-07,True,Indonesia,Lokal,183,kanan,2025-11-26,"SSB Bunder FC, Asprov Banten (2020), Persita U18 (2022-2023)",-,-,0,0,STABLE,0,0,0,0,0.0,0,0,2026-10-05
985738,5,Nosi Setiawan,Persikota Tangerang,Indonesia (Liga 3),IN3L,3,Bek-Tengah,Defender,26,1999-11-24,False,Indonesia,Lokal,183,kanan,2025-11-01,PSIS U19 (2018-2019),-,-,0,173818182,DECREASED,0,0,0,0,0.0,0,0,2026-10-05
817898,73,Julyano Pratama,Persikota Tangerang,Indonesia (Liga 3),IN3L,3,Bek-Tengah,Defender,26,2000-07-02,False,Indonesia,Lokal,184,kanan,2025-11-01,"SSB Bangau Putra 1979 Makassar, Diklat Ragunan (2016-2018), ",-,-,0,434545455,DECREASED,0,0,0,0,0.0,0,0,2026-10-05
1356515,4,Gilang Saputra,Persikota Tangerang,Indonesia (Liga 3),IN3L,3,Bek-Tengah,Defender,20,2006-08-03,True,Indonesia,Lokal,170,kanan,2025-11-01,"Semen Padang U20 (2024), SSB PSTS Tabing (2018-2022), Semen ",-,-,0,0,STABLE,0,0,0,0,0.0,0,0,2026-10-05
1349140,44,Dino Alfarias,Persikota Tangerang,Indonesia (Liga 3),IN3L,3,Bek-Tengah,Defender,21,2005-04-07,True,Indonesia,Lokal,174,kiri,2025-11-01,"SSB Cibinong Poetra, PPOPM Kabupaten Bogor, RANS Nusantara U",-,-,0,0,STABLE,0,0,0,0,0.0,0,0,2026-10-05
1364186,27,Hendri Gunawan,Persikota Tangerang,Indonesia (Liga 3),IN3L,3,Bek-Kiri,Defender,23,2003-08-02,False,Indonesia,Lokal,165,kanan,2025-11-01,"Persindra U17 (2019-2020), Persima U21 (2023)",-,-,0,173818182,DECREASED,0,0,0,0,0.0,0,0,2026-10-05
1021545,33,Syarful Mudawam,Persikota Tangerang,Indonesia (Liga 3),IN3L,3,Bek-Kiri,Defender,23,2003-05-22,False,Indonesia,Lokal,170,kanan,2025-11-01,"SSB HW Babat (-2021), Persela U16 (2019-2020), Persela U18 (",-,-,0,173818182,DECREASED,0,0,0,0,0.0,0,0,2026-10-05
1364185,7,Rudi Hidayat,Persikota Tangerang,Indonesia (Liga 3),IN3L,3,Bek-Kanan,Defender,33,1993-03-16,False,Indonesia,Lokal,170,kanan,2025-11-01,PON Jawa Barat (2016),-,-,0,173818182,DECREASED,0,0,0,0,0.0,0,0,2026-10-05
1486572,16,Zamzam Sofia,Persikota Tangerang,Indonesia (Liga 3),IN3L,3,Bek-Kanan,Defender,22,2004-01-31,True,Indonesia,Lokal,0,kanan,2025-09-01,PON Jawa Barat (2024),-,-,0,0,STABLE,0,0,0,0,0.0,0,0,2026-10-05
1486571,3,Ilham Amaludin,Persikota Tangerang,Indonesia (Liga 3),IN3L,3,Gel. Tengah,Midfielder,0,-,False,Indonesia,Lokal,0,kanan,2025-09-01,PON Banten (2024),-,-,0,0,STABLE,0,0,0,0,0.0,0,0,2026-10-05
1361387,18,Sulaiman Umar Qush,Persikota Tangerang,Indonesia (Liga 3),IN3L,3,Gel. Tengah,Midfielder,19,2007-04-09,True,Indonesia,Lokal,0,kanan,2025-11-01,Popwilda Jabar (2024),-,-,0,0,STABLE,0,0,0,0,0.0,0,0,2026-10-05
1486574,20,Riduwan Jamil,Persikota Tangerang,Indonesia (Liga 3),IN3L,3,Gel. Tengah,Midfielder,22,2004-01-20,True,Indonesia,Lokal,0,kanan,2025-11-25,-,-,-,0,0,STABLE,0,0,0,0,0.0,0,0,2026-10-05
1486577,30,Ibnu Kurniawan,Persikota Tangerang,Indonesia (Liga 3),IN3L,3,Gel. Tengah,Midfielder,19,2007-08-30,True,Indonesia,Lokal,0,kanan,2025-11-26,"Dewa United U16 (2023), Persita U16 (2023), Persita U18 (202",-,-,0,0,STABLE,0,0,0,0,0.0,0,0,2026-10-05
607375,8,Reksa Maulana,Persikota Tangerang,Indonesia (Liga 3),IN3L,3,Gel. Bertahan,Midfielder,27,1999-03-20,False,Indonesia,Lokal,171,kanan,2024-08-05,Villa 2000 (-2017),-,-,0,869090909,DECREASED,0,0,0,0,0.0,0,0,2026-10-05
1486575,23,Hafidz Putra,Persikota Tangerang,Indonesia (Liga 3),IN3L,3,Gel. Tengah,Midfielder,20,2006-01-01,True,Indonesia,Lokal,0,kanan,2025-09-01,-,-,-,0,0,STABLE,0,0,0,0,0.0,0,0,2026-10-05
720588,22,Muhammad Ridwan,Persikota Tangerang,Indonesia (Liga 3),IN3L,3,Gel. Serang,Midfielder,28,1998-08-10,False,Indonesia,Lokal,169,kanan,2025-11-01,SSB Bina Mutiara DKI (2016),-,-,0,173818182,DECREASED,0,0,0,0,0.0,0,0,2026-10-05
1357437,10,Marvin Nugraha,Persikota Tangerang,Indonesia (Liga 3),IN3L,3,Gel. Serang,Midfielder,22,2004-07-31,True,Indonesia,Lokal,170,kanan,2025-11-01,PON Jawa Barat (2023-2024),-,-,0,0,STABLE,0,0,0,0,0.0,0,0,2026-10-05
1032398,26,Waliy Marifat,Persikota Tangerang,Indonesia (Liga 3),IN3L,3,Gel. Serang,Midfielder,20,2006-02-28,True,Indonesia,Lokal,165,kanan,2025-11-01,"POPB DKI Jakarta U15, Bimo FC (-2021), Persija U16 (2021-202",-,-,0,0,STABLE,0,0,0,0,0.0,0,0,2026-10-05
879286,88,Muhammad Talaohu,Persikota Tangerang,Indonesia (Liga 3),IN3L,3,Gel. Serang,Midfielder,23,2003-04-12,False,Indonesia,Lokal,172,kanan,2025-11-01,"SSB Tulehu Putra (-2016), SSB ASAD (2016-2021), Borneo FC U2",-,-,0,0,STABLE,0,0,0,0,0.0,0,0,2026-10-05
1348683,42,Muhlis,Persikota Tangerang,Indonesia (Liga 3),IN3L,3,Gel. Tengah,Midfielder,22,2003-12-31,True,Indonesia,Lokal,0,kanan,2025-09-01,"ASIOP Apacinti (2023), PON Sulawesi Selatan (2024)",-,-,0,0,STABLE,0,0,0,0,0.0,0,0,2026-10-05
1364184,98,Ega Nugraha,Persikota Tangerang,Indonesia (Liga 3),IN3L,3,Sayap Kiri,Attack,28,1998-03-10,False,Indonesia,Lokal,170,kanan,2025-11-01,Porda Kabupaten Subang (2018),-,-,0,173818182,DECREASED,0,0,0,0,0.0,0,0,2026-10-05
663140,17,Henry Rivaldi,Persikota Tangerang,Indonesia (Liga 3),IN3L,3,Sayap Kanan,Attack,30,1996-04-08,False,Indonesia,Lokal,169,kanan,2025-11-01,"SSB Benteng Muda (2010-2013), Persita Tangerang U21 (2013-20",-,-,0,434545455,DECREASED,0,0,0,0,0.0,0,0,2026-10-05
1486578,77,Rizky Dzulkifly,Persikota Tangerang,Indonesia (Liga 3),IN3L,3,Sayap Kanan,Attack,22,2004-01-14,True,Indonesia,Lokal,0,kanan,2025-09-01,"SSB Remci (2019), Persita U18 (2021)",-,-,0,0,STABLE,0,0,0,0,0.0,0,0,2026-10-05
904291,14,Rikza Syahwali,Persikota Tangerang,Indonesia (Liga 3),IN3L,3,Depan-Tengah,Attack,29,1997-02-22,False,Indonesia,Lokal,176,kanan,2025-11-01,"PERSIB Youth, Maung Anom (2018)",-,-,0,434545455,DECREASED,0,0,0,0,0.0,0,0,2026-10-05
1352667,9,Daniel Wonda,Persikota Tangerang,Indonesia (Liga 3),IN3L,3,Gel. Tengah,Midfielder,21,2004-11-19,True,Indonesia,Lokal,0,kanan,2025-11-01,-,-,-,0,0,STABLE,0,0,0,0,0.0,0,0,2026-10-05
746990,20,Muhamad Fadli,Persitara Jakarta Utara,Indonesia (Liga 3),IN3L,3,Kiper,Goalkeeper,27,1999-08-25,False,Indonesia,Lokal,179,kanan,2025-11-01,"Bandung Legend (2016), Diklat PERSIB (2017), PSIS Semarang U",-,-,0,0,STABLE,0,0,0,0,0.0,0,0,2026-10-05
1298237,91,Zavier Zakarya,Persitara Jakarta Utara,Indonesia (Liga 3),IN3L,3,Kiper,Goalkeeper,21,2005-09-19,True,Indonesia,Lokal,0,kanan,2025-11-01,"SSB Matador Mekarsari
Akademi PERSIB (2022-2023)
Barito Pu",-,-,0,0,STABLE,0,0,0,0,0.0,0,0,2026-10-05
1352981,23,Firdaus Margamataram,Persitara Jakarta Utara,Indonesia (Liga 3),IN3L,3,Kiper,Goalkeeper,23,2003-05-01,False,Indonesia,Lokal,0,kanan,2025-11-01,-,-,-,0,0,STABLE,0,0,0,0,0.0,0,0,2026-10-05
1486512,24,Azkiya Hafid,Persitara Jakarta Utara,Indonesia (Liga 3),IN3L,3,Bek-Tengah,Defender,25,2001-05-24,False,Indonesia,Lokal,0,kanan,2025-09-01,-,-,-,0,0,STABLE,0,0,0,0,0.0,0,0,2026-10-05
1486515,16,Ahmad Ichsan,Persitara Jakarta Utara,Indonesia (Liga 3),IN3L,3,Bek-Kiri,Defender,20,2006-04-10,True,Indonesia,Lokal,0,kanan,2025-09-01,-,-,-,0,0,STABLE,0,0,0,0,0.0,0,0,2026-10-05
1486509,77,Naufal Choliq,Persitara Jakarta Utara,Indonesia (Liga 3),IN3L,3,Bek-Kiri,Defender,25,2001-09-22,False,Indonesia,Lokal,0,kanan,2025-09-01,-,-,-,0,0,STABLE,0,0,0,0,0.0,0,0,2026-10-05
1486513,18,Baihaqi Hafizh,Persitara Jakarta Utara,Indonesia (Liga 3),IN3L,3,Bek-Kanan,Defender,22,2004-06-29,True,Indonesia,Lokal,0,kanan,2025-09-01,Bandung Pro United (2023),-,-,0,0,STABLE,0,0,0,0,0.0,0,0,2026-10-05
1486516,15,Fazhri Syafrial,Persitara Jakarta Utara,Indonesia (Liga 3),IN3L,3,Gel. Tengah,Midfielder,0,-,False,Indonesia,Lokal,0,kanan,2025-11-01,Tim Inspire U17 (2024),-,-,0,0,STABLE,0,0,0,0,0.0,0,0,2026-10-05
354941,21,Agung Pribadi,Persitara Jakarta Utara,Indonesia (Liga 3),IN3L,3,Gel. Bertahan,Midfielder,37,1989-07-23,False,Indonesia,Lokal,172,kanan,2025-11-01,PERSIB Bandung (2004-2010),-,-,0,173818182,DECREASED,0,0,0,0,0.0,0,0,2026-10-05
1313686,22,Figo Firmansyah,Persitara Jakarta Utara,Indonesia (Liga 3),IN3L,3,Gel. Bertahan,Midfielder,21,2004-12-10,True,Indonesia,Lokal,0,kanan,2025-11-01,PSS Sleman U20 (2024),-,-,0,173818182,DECREASED,0,0,0,0,0.0,0,0,2026-10-05
1311157,5,Jovan Pratama,Persitara Jakarta Utara,Indonesia (Liga 3),IN3L,3,Gel. Tengah,Midfielder,22,2004-09-18,True,Indonesia,Lokal,0,kanan,2025-11-01,"SSB Saint Prima, Akademi PERSIB Cimahi, PERSIB U17 (2021), B",-,-,0,173818182,DECREASED,0,0,0,0,0.0,0,0,2026-10-05
1308473,8,Tito Tohpati,Persitara Jakarta Utara,Indonesia (Liga 3),IN3L,3,Gel. Tengah,Midfielder,26,2000-06-14,False,Indonesia,Lokal,0,kanan,2025-11-01,SSB Tunas Rifo,-,-,0,173818182,DECREASED,0,0,0,0,0.0,0,0,2026-10-05
1486505,10,Risky Harry,Persitara Jakarta Utara,Indonesia (Liga 3),IN3L,3,Gel. Tengah,Midfielder,23,2003-06-08,False,Indonesia,Lokal,0,kanan,2025-09-01,-,-,-,0,0,STABLE,0,0,0,0,0.0,0,0,2026-10-05
1486511,25,Hajir Suryana,Persitara Jakarta Utara,Indonesia (Liga 3),IN3L,3,Gel. Tengah,Midfielder,23,2003-01-25,False,Indonesia,Lokal,0,kanan,2024-12-01,"PSM Makassar U18 (2021), PON Sulawesi Selatan (2024)",-,-,0,0,STABLE,0,0,0,0,0.0,0,0,2026-10-05
1351592,35,Maghda Vikia,Persitara Jakarta Utara,Indonesia (Liga 3),IN3L,3,Gel. Tengah,Midfielder,19,2006-10-13,True,Indonesia,Lokal,167,kanan,2025-11-01,"Borneo U18 (2023), PSS U20 (2024-)",-,-,0,0,STABLE,0,0,0,0,0.0,0,0,2026-10-05
575456,29,Suhandi,Persitara Jakarta Utara,Indonesia (Liga 3),IN3L,3,Gel. Serang,Midfielder,34,1991-10-29,False,Indonesia,Lokal,168,kanan,2025-11-01,-,-,-,0,173818182,DECREASED,0,0,0,0,0.0,0,0,2026-10-05
982629,93,Ridwan Ansori,Persitara Jakarta Utara,Indonesia (Liga 3),IN3L,3,Sayap Kiri,Attack,22,2004-02-13,True,Indonesia,Lokal,174,kiri,2025-12-10,"SSB UNI (-2019), Bhayangkara FC U16 (2019), PERSIB U16 (2020",-,-,0,173818182,DECREASED,0,0,0,0,0.0,0,0,2026-10-05
1486504,11,Dhillan Firdaus,Persitara Jakarta Utara,Indonesia (Liga 3),IN3L,3,Sayap Kiri,Attack,23,2003-09-13,False,Indonesia,Lokal,0,kanan,2025-09-01,PERSIB BANDUNG U20 (2023),-,-,0,0,STABLE,0,0,0,0,0.0,0,0,2026-10-05
1486510,41,Fachril Baihaqi,Persitara Jakarta Utara,Indonesia (Liga 3),IN3L,3,Sayap Kiri,Attack,23,2003-03-12,False,Indonesia,Lokal,0,kanan,2025-09-01,PS Barito Putera U20 (2023),-,-,0,0,STABLE,0,0,0,0,0.0,0,0,2026-10-05
916083,99,Saeful Abdul,Persitara Jakarta Utara,Indonesia (Liga 3),IN3L,3,Sayap Kanan,Attack,27,1998-12-31,False,Indonesia,Lokal,0,kanan,2025-11-01,-,-,-,0,869090909,DECREASED,0,0,0,0,0.0,0,0,2026-10-05
1486514,17,Ikhsan Nur,Persitara Jakarta Utara,Indonesia (Liga 3),IN3L,3,Sayap Kanan,Attack,23,2003-07-01,False,Indonesia,Lokal,0,kanan,2025-09-01,PERSIB BANDUNG U20 (2023),-,-,0,0,STABLE,0,0,0,0,0.0,0,0,2026-10-05
1336936,96,Hazel Werkudoro,Persitara Jakarta Utara,Indonesia (Liga 3),IN3L,3,Sayap Kanan,Attack,21,2005-02-19,True,Indonesia,Lokal,160,kanan,2025-11-01,"RANS Nusantara U18 (2023), Arema FC U20 (2024)",-,-,0,0,STABLE,0,0,0,0,0.0,0,0,2026-10-05
1340354,2,Zibrij Syukron,Persitara Jakarta Utara,Indonesia (Liga 3),IN3L,3,Depan-Tengah,Attack,22,2003-12-20,True,Indonesia,Lokal,182,kanan,2025-11-01,"SSB HW Pamekasan (2017), Madura United U16 (2018, Madura Uni",-,-,0,0,STABLE,0,0,0,0,0.0,0,0,2026-10-05
1010079,37,Adit Wijaya,Persitara Jakarta Utara,Indonesia (Liga 3),IN3L,3,Depan-Tengah,Attack,20,2006-05-07,True,Indonesia,Lokal,167,kanan,2025-11-10,"SSB Mitra Manakarra (-2021), PSM U16 (2021). Porprov Mamuju ",-,-,0,0,STABLE,0,0,0,0,0.0,0,0,2026-10-05
1486506,9,Julius Matondang,Persitara Jakarta Utara,Indonesia (Liga 3),IN3L,3,Gel. Tengah,Midfielder,0,-,False,Indonesia,Lokal,0,kanan,2023-07-01,Brazilian Soccer School Indonesia (2015),-,-,0,0,STABLE,0,0,0,0,0.0,0,0,2026-10-05
1211343,0,Made Kaicen,Pekanbaru FC,Indonesia (Liga 3),IN3L,3,Kiper,Goalkeeper,22,2004-03-15,True,Indonesia,Lokal,173,kanan,2026-09-29,"PSG Academy Bali (2016-2018), Bali United U16 (2018-2020), B",-,-,0,173818182,DECREASED,0,0,0,0,0.0,0,0,2026-10-05
874885,81,Yogi Hermawan,Pekanbaru FC,Indonesia (Liga 3),IN3L,3,Kiper,Goalkeeper,23,2003-01-16,False,Indonesia,Lokal,185,kanan,2025-08-28,"SSB Sejati Pratama (-2018), Bina Taruna (2018), Barito Puter",-,-,0,434545455,DECREASED,0,0,0,0,0.0,0,0,2026-10-05
1435982,1,Dika Saputra,Pekanbaru FC,Indonesia (Liga 3),IN3L,3,Kiper,Goalkeeper,22,2004-07-08,True,Indonesia,Lokal,0,kanan,2025-01-25,"POPDA Rokan Hulu (2019), Porwil Riau (2023)",2027-06-30,-,0,0,STABLE,0,0,0,0,0.0,0,0,2026-10-05
1345626,23,Alif Danial,Pekanbaru FC,Indonesia (Liga 3),IN3L,3,Kiper,Goalkeeper,20,2006-01-15,True,Indonesia,Lokal,175,kanan,2025-09-30,"Persebaya U18 (2023), Persebaya U20 (2024)",-,-,0,0,STABLE,0,0,0,0,0.0,0,0,2026-10-05
1486440,76,Randhu Alghani,Pekanbaru FC,Indonesia (Liga 3),IN3L,3,Kiper,Goalkeeper,0,-,False,Indonesia,Lokal,0,kanan,2025-07-01,"Persija U16 (2023), Persija U20 (2024), Persikopa Youth (202",-,-,0,0,STABLE,0,0,0,0,0.0,0,0,2026-10-05
561035,15,Jodi Kustiawan,Pekanbaru FC,Indonesia (Liga 3),IN3L,3,Bek-Tengah,Defender,34,1992-05-15,False,Indonesia,Lokal,178,kanan,2025-11-15,PON Kalimantan Selatan (2011),-,-,0,869090909,DECREASED,0,0,0,0,0.0,0,0,2026-10-05
1351068,4,Surya Admaja,Pekanbaru FC,Indonesia (Liga 3),IN3L,3,Bek-Tengah,Defender,22,2004-03-11,True,Indonesia,Lokal,0,kanan,2025-09-11,"BLiSPI U13 (2016), Rambung Sialang U15 (2018), Tebing Tinggi",2027-06-30,-,0,0,STABLE,0,0,0,0,0.0,0,0,2026-10-05
1356513,0,Zidane Wahyudi,Pekanbaru FC,Indonesia (Liga 3),IN3L,3,Bek-Kiri,Defender,20,2006-08-15,True,Indonesia,Lokal,163,kanan,2026-09-30,"SSB Thamrin Graha Metropolitan (2014-2018), Akademi RMD (201",-,-,0,0,STABLE,0,0,0,0,0.0,0,0,2026-10-05
1221254,12,Habib Hidayatullah,Pekanbaru FC,Indonesia (Liga 3),IN3L,3,Bek-Kiri,Defender,21,2005-04-01,True,Indonesia,Lokal,172,kiri,2025-09-01,"SSB UNRI (2019), SKO Riau (2022-2023), Dewa United U18 (2023",-,-,0,0,STABLE,0,0,0,0,0.0,0,0,2026-10-05
1456620,21,Dimas Nugraha,Pekanbaru FC,Indonesia (Liga 3),IN3L,3,Bek-Kanan,Defender,22,2004-01-02,True,Indonesia,Lokal,0,kanan,2025-03-01,"PPLP Riau, Pekanbaru Warriors U17 (2022), PON Riau (2023)",-,-,0,0,STABLE,0,0,0,0,0.0,0,0,2026-10-05
1304542,28,Syendio Fernanda,Pekanbaru FC,Indonesia (Liga 3),IN3L,3,Bek-Kanan,Defender,21,2005-08-12,True,Indonesia,Lokal,159,kanan,2025-08-18,"Galasiswa Kediri (-2020), PSSH U17 (2020-2021), SSB Safin Pa",2027-06-30,-,0,0,STABLE,0,0,0,0,0.0,0,0,2026-10-05
559230,8,Aidun Utami,Pekanbaru FC,Indonesia (Liga 3),IN3L,3,Gel. Bertahan,Midfielder,36,1990-02-21,False,Indonesia,Lokal,177,kanan,2025-09-20,PON Sumut (2012),-,-,0,173818182,DECREASED,0,0,0,0,0.0,0,0,2026-10-05
1304541,78,Muhammad Adam,Pekanbaru FC,Indonesia (Liga 3),IN3L,3,Gel. Bertahan,Midfielder,21,2004-11-07,True,Indonesia,Lokal,181,kanan,2025-08-15,"PS Penajam Utama Youth (2019-), Barito Putera U20 (2023-2024",2027-06-30,-,0,869090909,DECREASED,0,0,0,0,0.0,0,0,2026-10-05
1473142,0,Bani Mustofa,Pekanbaru FC,Indonesia (Liga 3),IN3L,3,Gel. Bertahan,Midfielder,19,2007-08-23,True,Indonesia,Lokal,0,kanan,2026-10-02,"Nusantara United Youth (2024), UNSA U17 (2024)",-,-,0,0,STABLE,0,0,0,0,0.0,0,0,2026-10-05
929299,17,Resa Aditya,Pekanbaru FC,Indonesia (Liga 3),IN3L,3,Gel. Tengah,Midfielder,22,2004-03-06,True,Indonesia,Lokal,167,kanan,2025-08-02,"SSB KFC, PS Tira U16 (2019), Persija U18 (2020)",-,-,0,434545455,DECREASED,0,0,0,0,0.0,0,0,2026-10-05
1456625,5,Indra Saragih,Pekanbaru FC,Indonesia (Liga 3),IN3L,3,Gel. Tengah,Midfielder,23,2003-08-24,False,Indonesia,Lokal,0,kanan,2025-09-07,"Porwil Riau (2023), PON Riau (2024)",-,-,0,0,STABLE,0,0,0,0,0.0,0,0,2026-10-05
1297748,68,Prayoga Sanjaya,Pekanbaru FC,Indonesia (Liga 3),IN3L,3,Gel. Serang,Midfielder,22,2004-06-02,True,Indonesia,Lokal,160,keduanya,2025-08-05,-,-,-,0,173818182,DECREASED,0,0,0,0,0.0,0,0,2026-10-05
1486450,0,Haidar Abdan,Pekanbaru FC,Indonesia (Liga 3),IN3L,3,Gel. Serang,Midfielder,18,2007-12-10,True,Indonesia,Lokal,0,kanan,2026-09-20,"SSB Bintang Utama, Safin Pati Academy",-,-,0,0,STABLE,0,0,0,0,0.0,0,0,2026-10-05
1436491,10,Ali Ichsan,Pekanbaru FC,Indonesia (Liga 3),IN3L,3,Gel. Serang,Midfielder,25,2000-11-24,False,Indonesia,Lokal,0,kanan,2025-04-14,-,2027-06-30,-,0,0,STABLE,0,0,0,0,0.0,0,0,2026-10-05
1439422,14,Enrico Delfiendra,Pekanbaru FC,Indonesia (Liga 3),IN3L,3,Gel. Serang,Midfielder,22,2003-12-14,True,Indonesia,Lokal,0,kanan,2024-07-01,-,2027-06-30,-,0,0,STABLE,0,0,0,0,0.0,0,0,2026-10-05
1602401,0,Marcello,Pekanbaru FC,Indonesia (Liga 3),IN3L,3,Gel. Tengah,Midfielder,18,2008-03-01,True,Indonesia,Lokal,0,kanan,2026-09-15,PSPS Pekanbaru U19 (2025),-,-,0,0,STABLE,0,0,0,0,0.0,0,0,2026-10-05
902666,6,Hendra Saputra,Pekanbaru FC,Indonesia (Liga 3),IN3L,3,Sayap Kiri,Attack,28,1998-07-22,False,Indonesia,Lokal,0,kiri,2025-01-24,-,2027-06-30,-,0,173818182,DECREASED,0,0,0,0,0.0,0,0,2026-10-05
1469292,13,Syahid Jundullah,Pekanbaru FC,Indonesia (Liga 3),IN3L,3,Sayap Kiri,Attack,23,2003-03-05,False,Indonesia,Lokal,0,kanan,2025-10-04,-,-,-,0,0,STABLE,0,0,0,0,0.0,0,0,2026-10-05
1339448,86,Elvateeh Akhada,Pekanbaru FC,Indonesia (Liga 3),IN3L,3,Sayap Kanan,Attack,22,2004-04-20,True,Indonesia,Lokal,170,kanan,2025-09-23,"Persiku Kudus U17 (2021-2022), Dewa United U20 (2023-2024)",-,-,0,434545455,DECREASED,0,0,0,0,0.0,0,0,2026-10-05
1439421,7,Reyhan Valeby,Pekanbaru FC,Indonesia (Liga 3),IN3L,3,Sayap Kanan,Attack,21,2005-02-14,True,Indonesia,Lokal,0,kanan,2024-07-01,-,-,-,0,0,STABLE,0,0,0,0,0.0,0,0,2026-10-05
824653,19,Vengko Armedya,Pekanbaru FC,Indonesia (Liga 3),IN3L,3,Depan-Tengah,Attack,26,2000-09-19,False,Indonesia,Lokal,170,kanan,2025-10-07,"Diklat Bintang Pelajar
SSB Erdeka Muda Batam
Persikas Kab.",-,-,0,434545455,DECREASED,0,0,0,0,0.0,0,0,2026-10-05
1356510,0,Januardi Ananda,Pekanbaru FC,Indonesia (Liga 3),IN3L,3,Depan-Tengah,Attack,22,2004-01-25,True,Indonesia,Lokal,170,kanan,2026-09-27,"Semen Padang U16 (2021-2023), Semen Padang U20 (2024-2025)",-,-,0,0,STABLE,0,0,0,0,0.0,0,0,2026-10-05
1461323,11,Alliev Witoyo,Pekanbaru FC,Indonesia (Liga 3),IN3L,3,Depan-Tengah,Attack,18,2007-10-25,True,Indonesia,Lokal,0,kanan,2025-09-13,"Persija U16 (2023), Persija U20 (2024)",-,-,0,0,STABLE,0,0,0,0,0.0,0,0,2026-10-05
1605912,0,Fajira Aqhiyar,Pekanbaru FC,Indonesia (Liga 3),IN3L,3,Gel. Tengah,Midfielder,0,-,False,Indonesia,Lokal,0,kanan,2026-09-24,"Pekanbaru City Soccer School (PCSS), PON Riau (2024)",-,-,0,0,STABLE,0,0,0,0,0.0,0,0,2026-10-05
1485593,12,Rahmad Hidaya,Batavia FC,Indonesia (Liga 3),IN3L,3,Kiper,Goalkeeper,21,2005-01-07,True,Indonesia,Lokal,0,kanan,2024-07-01,PPLP Sumatera Barat,2027-06-30,-,0,0,STABLE,0,0,0,0,0.0,0,0,2026-10-05
1485595,24,Farid Mahdavikia,Batavia FC,Indonesia (Liga 3),IN3L,3,Kiper,Goalkeeper,20,2006-06-01,True,Indonesia,Lokal,0,kanan,2025-10-25,Arema U16 (2021),-,-,0,0,STABLE,0,0,0,0,0.0,0,0,2026-10-05
1353430,31,Reza Ardiansyah,Batavia FC,Indonesia (Liga 3),IN3L,3,Kiper,Goalkeeper,21,2004-12-01,True,Indonesia,Lokal,0,kanan,2025-07-01,-,-,-,0,0,STABLE,0,0,0,0,0.0,0,0,2026-10-05
929903,15,Ikhsan Marzuki,Batavia FC,Indonesia (Liga 3),IN3L,3,Bek-Tengah,Defender,26,2000-05-31,False,Indonesia,Lokal,0,kanan,2025-11-01,"Legenda Football Academy U16 (2015-2016), Patriot Candrabhag",-,-,0,434545455,DECREASED,0,0,0,0,0.0,0,0,2026-10-05
1485594,19,Abid Nasution,Batavia FC,Indonesia (Liga 3),IN3L,3,Bek-Tengah,Defender,23,2003-03-11,False,Indonesia,Lokal,0,kanan,2025-11-01,PSIS U20 (2023-2024),-,-,0,0,STABLE,0,0,0,0,0.0,0,0,2026-10-05
1485596,48,Muhammad Khosiin,Batavia FC,Indonesia (Liga 3),IN3L,3,Bek-Kiri,Defender,19,2007-06-27,True,Indonesia,Lokal,0,kanan,2025-11-01,-,-,-,0,0,STABLE,0,0,0,0,0.0,0,0,2026-10-05
1485589,5,Bastian Lim,Batavia FC,Indonesia (Liga 3),IN3L,3,Bek-Kanan,Defender,20,2006-08-22,True,Indonesia,Lokal,185,kanan,2025-11-01,"BISP Cruzeiro Academy U-19 (2023), Nastic Soccer Academy (20",-,-,0,0,STABLE,0,0,0,0,0.0,0,0,2026-10-05
1023781,6,Ikhsan Sabilli,Batavia FC,Indonesia (Liga 3),IN3L,3,Bek-Kanan,Defender,23,2003-05-06,False,Indonesia,Lokal,172,kanan,2024-12-01,"Akademi PSP Padang (-2018), PPLP Sumbar (2019-2021)",-,-,0,0,STABLE,0,0,0,0,0.0,0,0,2026-10-05
1312941,44,Syukron Al Hamdi,Batavia FC,Indonesia (Liga 3),IN3L,3,Bek-Kanan,Defender,21,2004-12-13,True,Indonesia,Lokal,0,kanan,2025-10-24,-,2027-06-30,-,0,173818182,DECREASED,0,0,0,0,0.0,0,0,2026-10-05
1485597,59,Muh. Yasim,Batavia FC,Indonesia (Liga 3),IN3L,3,Bek-Kanan,Defender,21,2005-03-31,True,Indonesia,Lokal,0,kanan,2024-07-01,-,-,-,0,0,STABLE,0,0,0,0,0.0,0,0,2026-10-05
1353422,23,Dhani Putranto,Batavia FC,Indonesia (Liga 3),IN3L,3,Gel. Tengah,Midfielder,23,2003-04-28,False,Indonesia,Lokal,0,kanan,2025-11-01,-,-,-,0,0,STABLE,0,0,0,0,0.0,0,0,2026-10-05
746994,18,Damas Damar,Batavia FC,Indonesia (Liga 3),IN3L,3,Gel. Bertahan,Midfielder,25,2000-10-18,False,Indonesia,Lokal,178,kanan,2024-09-01,"Suratin Hati Beriman Salatiga (2016-2017), PSIS U19 (2018), ",-,-,0,173818182,DECREASED,0,0,0,0,0.0,0,0,2026-10-05
1193583,0,Reza Alfariz,Batavia FC,Indonesia (Liga 3),IN3L,3,Gel. Bertahan,Midfielder,23,2003-02-01,False,Indonesia,Lokal,170,kanan,2026-09-14,"Diklat Ragunan (-2020), PERSIS U20 (2023-2024)",2027-06-30,-,0,0,STABLE,0,0,0,0,0.0,0,0,2026-10-05
1353191,8,Alarice Nesta,Batavia FC,Indonesia (Liga 3),IN3L,3,Gel. Tengah,Midfielder,22,2004-05-02,True,Indonesia,Lokal,0,kanan,2025-10-25,Persema Malang U17 (2022),2027-06-30,-,0,0,STABLE,0,0,0,0,0.0,0,0,2026-10-05
1312370,16,Rafly Aziz,Batavia FC,Indonesia (Liga 3),IN3L,3,Gelandang Kiri,Midfielder,24,2002-05-16,False,Indonesia,Lokal,0,kanan,2024-04-01,"Urakan FC U15 (2017), Persipan Pandeglang U17 (2019)",2027-06-30,-,0,0,STABLE,0,0,0,0,0.0,0,0,2026-10-05
940458,9,Diya Ramadan,Batavia FC,Indonesia (Liga 3),IN3L,3,Gel. Serang,Midfielder,29,1996-12-27,False,Indonesia,Lokal,0,kanan,2025-11-01,-,-,-,0,434545455,DECREASED,0,0,0,0,0.0,0,0,2026-10-05
878033,77,Misbakhul Choiri,Batavia FC,Indonesia (Liga 3),IN3L,3,Gel. Tengah,Midfielder,24,2002-03-14,False,Indonesia,Lokal,0,kanan,2025-11-01,"Persela U18 (2019), Persela U20 (2020), Tim Porprov Kabupate",2027-06-30,-,0,0,STABLE,0,0,0,0,0.0,0,0,2026-10-05
1485590,7,Brian Bagaskara,Batavia FC,Indonesia (Liga 3),IN3L,3,Sayap Kiri,Attack,22,2004-03-25,True,Indonesia,Lokal,0,kanan,2025-11-01,Bhayangkara U20 (2023-2024),2027-06-30,-,0,0,STABLE,0,0,0,0,0.0,0,0,2026-10-05
1152472,25,Faozan Tamami,Batavia FC,Indonesia (Liga 3),IN3L,3,Sayap Kanan,Attack,26,2000-05-25,False,Indonesia,Lokal,174,kanan,2025-10-28,"Al-Kahfi FC Kebumen (2017-2019), PSIS U20 (2019-2020)",-,-,0,173818182,DECREASED,0,0,0,0,0.0,0,0,2026-10-05
1021775,82,Salmani Bolang,Batavia FC,Indonesia (Liga 3),IN3L,3,Sayap Kanan,Attack,24,2002-05-28,False,Indonesia,Lokal,0,kanan,2025-10-26,"SSB CMN Kintap (-2018), Barito Putera U16 (2018), PON Kalima",-,-,0,173818182,DECREASED,0,0,0,0,0.0,0,0,2026-10-05
1346617,13,Muhammad Rizal,Batavia FC,Indonesia (Liga 3),IN3L,3,Depan-Tengah,Attack,20,2006-09-03,True,Indonesia,Lokal,159,kanan,2025-11-01,Persija U20 (2024-2025),-,-,0,0,STABLE,0,0,0,0,0.0,0,0,2026-10-05
1485592,11,Usep Mei,Batavia FC,Indonesia (Liga 3),IN3L,3,Gel. Tengah,Midfielder,20,2006-05-01,True,Indonesia,Lokal,175,kanan,2025-11-01,Persikabo 1973 U18 (2023-2024),-,-,0,0,STABLE,0,0,0,0,0.0,0,0,2026-10-05
1359879,78,Enriyan Fahri,Batavia FC,Indonesia (Liga 3),IN3L,3,Gel. Tengah,Midfielder,20,2005-12-29,True,Indonesia,Lokal,167,kanan,2025-10-26,"Semen Padang U18 (2024), Semen Padang U20 (2024)",-,-,0,0,STABLE,0,0,0,0,0.0,0,0,2026-10-05
924551,52,Govindra Ryzaqa,Persikotas Nusantara,Indonesia (Liga 3),IN3L,3,Kiper,Goalkeeper,23,2003-06-05,False,Indonesia,Lokal,0,kanan,2025-11-01,"SSB Woner, PPLP Riau, Persija U16 (2019), Persija U18 (2019-",-,-,0,173818182,DECREASED,0,0,0,0,0.0,0,0,2026-10-05
1485641,1,Daffa Daem,Persikotas Nusantara,Indonesia (Liga 3),IN3L,3,Kiper,Goalkeeper,23,2003-05-17,False,Indonesia,Lokal,0,kanan,2025-11-01,-,-,-,0,0,STABLE,0,0,0,0,0.0,0,0,2026-10-05
1350092,20,Surya Saputra,Persikotas Nusantara,Indonesia (Liga 3),IN3L,3,Kiper,Goalkeeper,25,2001-07-12,False,Indonesia,Lokal,0,kanan,2025-11-01,Tiga Naga Academy (2016-2018),-,-,0,0,STABLE,0,0,0,0,0.0,0,0,2026-10-05
973639,4,Dodi Irawan,Persikotas Nusantara,Indonesia (Liga 3),IN3L,3,Bek-Tengah,Defender,23,2003-05-07,False,Indonesia,Lokal,179,kanan,2025-11-01,"PPLP Muba (2017-2018), Badak Lampung U16 (2019), Garuda Sele",-,-,0,434545455,DECREASED,0,0,0,0,0.0,0,0,2026-10-05
720392,25,Fadhil Aksah,Persikotas Nusantara,Indonesia (Liga 3),IN3L,3,Bek-Tengah,Defender,24,2002-10-02,False,Indonesia,Lokal,179,kanan,2025-11-01,"Persikad, Semen Padang U19 (2020)",-,-,0,173818182,DECREASED,0,0,0,0,0.0,0,0,2026-10-05
943241,29,Didik Setyawan,Persikotas Nusantara,Indonesia (Liga 3),IN3L,3,Bek-Tengah,Defender,26,1999-12-29,False,Indonesia,Lokal,181,kiri,2025-11-01,"Diklat Ragunan (2016-2017), Sriwijaya FC U19 (2018)",-,-,0,434545455,DECREASED,0,0,0,0,0.0,0,0,2026-10-05
1485648,24,Muselih Agil,Persikotas Nusantara,Indonesia (Liga 3),IN3L,3,Bek-Tengah,Defender,23,2003-06-24,False,Indonesia,Lokal,0,kanan,2025-11-01,-,-,-,0,0,STABLE,0,0,0,0,0.0,0,0,2026-10-05
1169474,31,Aji Restu,Persikotas Nusantara,Indonesia (Liga 3),IN3L,3,Bek-Tengah,Defender,23,2003-05-13,False,Indonesia,Lokal,178,kiri,2025-11-01,Terang Bangsa Soccer Academy,-,-,0,0,STABLE,0,0,0,0,0.0,0,0,2026-10-05
1485643,12,Adi Setiawan,Persikotas Nusantara,Indonesia (Liga 3),IN3L,3,Bek-Kiri,Defender,22,2003-11-08,True,Indonesia,Lokal,0,kanan,-,-,-,-,0,0,STABLE,0,0,0,0,0.0,0,0,2026-10-05
1390173,19,Abiyyu Barikli,Persikotas Nusantara,Indonesia (Liga 3),IN3L,3,Bek-Kiri,Defender,19,2007-02-09,True,Indonesia,Lokal,170,kanan,2025-11-01,"PSS U16 (2023-2024), PSS U18 (2024-2025)",-,-,0,0,STABLE,0,0,0,0,0.0,0,0,2026-10-05
1312368,0,Wawan Sumadi,Persikotas Nusantara,Indonesia (Liga 3),IN3L,3,Bek-Kanan,Defender,22,2004-01-20,True,Indonesia,Lokal,170,kanan,2026-10-01,"PPLPD MUBA/SYSA Musi Banyuasin (2019-2021), Porprov MUBA",-,-,0,1738181818,DECREASED,0,0,0,0,0.0,0,0,2026-10-05
1485645,15,Rido Kurniawan,Persikotas Nusantara,Indonesia (Liga 3),IN3L,3,Bek-Kanan,Defender,21,2004-11-15,True,Indonesia,Lokal,167,kanan,2025-11-01,-,-,-,0,0,STABLE,0,0,0,0,0.0,0,0,2026-10-05
1485649,28,Wahyu Pratama,Persikotas Nusantara,Indonesia (Liga 3),IN3L,3,Bek-Kanan,Defender,22,2004-01-28,True,Indonesia,Lokal,174,kanan,2025-11-01,PON Riau (2024),-,-,0,0,STABLE,0,0,0,0,0.0,0,0,2026-10-05
1485647,23,Akmal Palamani,Persikotas Nusantara,Indonesia (Liga 3),IN3L,3,Gel. Tengah,Midfielder,19,2007-03-30,True,Indonesia,Lokal,167,kanan,2025-11-01,-,-,-,0,0,STABLE,0,0,0,0,0.0,0,0,2026-10-05
1313121,0,Boateng Prince,Persikotas Nusantara,Indonesia (Liga 3),IN3L,3,Gel. Bertahan,Midfielder,29,1996-11-16,False,Indonesia,Lokal,170,kiri,2026-10-02,-,-,-,0,869090909,DECREASED,0,0,0,0,0.0,0,0,2026-10-05
1172102,6,Rizki Arrohman,Persikotas Nusantara,Indonesia (Liga 3),IN3L,3,Gel. Bertahan,Midfielder,25,2001-07-12,False,Indonesia,Lokal,168,kanan,2024-07-27,-,-,-,0,434545455,DECREASED,0,0,0,0,0.0,0,0,2026-10-05
1304543,7,Faisal Rizky,Persikotas Nusantara,Indonesia (Liga 3),IN3L,3,Gel. Bertahan,Midfielder,23,2003-07-15,False,Indonesia,Lokal,0,kanan,2024-08-22,"SSB UNI, SSB Bandung Pro United, PERSIB U18 (2023), PERSIB U",-,-,0,0,STABLE,0,0,0,0,0.0,0,0,2026-10-05
904484,8,Abelard Tegar,Persikotas Nusantara,Indonesia (Liga 3),IN3L,3,Gel. Tengah,Midfielder,24,2002-08-07,False,Indonesia,Lokal,175,kiri,2025-11-01,Tiga Naga U17 (2017-2019),-,-,0,434545455,DECREASED,0,0,0,0,0.0,0,0,2026-10-05
1311160,26,Dharma Saputra,Persikotas Nusantara,Indonesia (Liga 3),IN3L,3,Gel. Tengah,Midfielder,25,2001-08-20,False,Indonesia,Lokal,0,kanan,2025-11-01,Persikabo U18 (2019),-,-,0,173818182,DECREASED,0,0,0,0,0.0,0,0,2026-10-05
1485644,13,Aditya Wedantara,Persikotas Nusantara,Indonesia (Liga 3),IN3L,3,Gelandang Kiri,Midfielder,22,2004-07-01,True,Indonesia,Lokal,0,kanan,2025-11-01,"PSS U16 (2022), Bhayangkara FC U18 (2023)",-,-,0,0,STABLE,0,0,0,0,0.0,0,0,2026-10-05
1485651,87,Habib Ausoni,Persikotas Nusantara,Indonesia (Liga 3),IN3L,3,Gelandang Kiri,Midfielder,23,2003-05-13,False,Indonesia,Lokal,0,kanan,2025-11-01,-,-,-,0,0,STABLE,0,0,0,0,0.0,0,0,2026-10-05
1320645,0,Muhammad Mishbah,Persikotas Nusantara,Indonesia (Liga 3),IN3L,3,Gel. Serang,Midfielder,21,2005-02-06,True,Indonesia,Lokal,169,kanan,2025-07-01,"Charis Yulianto FA, Brazillian Soccer School (Bekasi), Tajim",-,"Rp173,82Jt.",173818182,173818182,UNCHANGED,0,0,0,0,0.0,0,0,2026-10-05
719828,0,Andi Sopian,Persikotas Nusantara,Indonesia (Liga 3),IN3L,3,Gel. Serang,Midfielder,33,1993-08-17,False,Indonesia,Lokal,163,kiri,2026-10-02,-,-,-,0,434545455,DECREASED,0,0,0,0,0.0,0,0,2026-10-05
1075121,0,Reza Zuhro,Persikotas Nusantara,Indonesia (Liga 3),IN3L,3,Gel. Serang,Midfielder,22,2004-01-02,True,Indonesia,Lokal,174,kanan,2026-10-02,Barito Putera U20 (2022-2024),-,-,0,173818182,DECREASED,0,0,0,0,0.0,0,0,2026-10-05
1350666,22,Dzikri Hidayat,Persikotas Nusantara,Indonesia (Liga 3),IN3L,3,Gel. Serang,Midfielder,21,2005-06-28,True,Indonesia,Lokal,162,kanan,2025-11-01,"SSB Persebun (2020), Akademi Satria Kencana Serasi (2020-202",-,-,0,0,STABLE,0,0,0,0,0.0,0,0,2026-10-05
1350675,58,Adi Purnama,Persikotas Nusantara,Indonesia (Liga 3),IN3L,3,Gel. Serang,Midfielder,21,2005-07-06,True,Indonesia,Lokal,170,kanan,2025-11-01,"Indonesia Muda Football Academy (2021), Persik Kediri U18 (2",-,-,0,0,STABLE,0,0,0,0,0.0,0,0,2026-10-05
1304544,11,Rio Rizky,Persikotas Nusantara,Indonesia (Liga 3),IN3L,3,Sayap Kiri,Attack,21,2005-06-22,True,Indonesia,Lokal,0,kiri,2024-08-22,"SSB UNI
R-MIFA Football Academy
SSB Setia Bandung
Roksi F",-,-,0,434545455,DECREASED,0,0,0,0,0.0,0,0,2026-10-05
936175,21,Drey Panyalay,Persikotas Nusantara,Indonesia (Liga 3),IN3L,3,Sayap Kiri,Attack,26,2000-02-23,False,Indonesia,Lokal,180,kiri,2025-11-01,"SSB Benteng Muda (2010-2014), Persija U19 (2016-2017), Persi",-,-,0,434545455,DECREASED,0,0,0,0,0.0,0,0,2026-10-05
1011174,10,Aqsal Mustafa,Persikotas Nusantara,Indonesia (Liga 3),IN3L,3,Sayap Kanan,Attack,25,2001-09-08,False,Indonesia,Lokal,170,kanan,2025-11-01,"SSB Boliyohuto FC U17, Arema FC U18 (2019-2021)",-,-,0,173818182,DECREASED,0,0,0,0,0.0,0,0,2026-10-05
1485646,17,Difa Zanuar,Persikotas Nusantara,Indonesia (Liga 3),IN3L,3,Sayap Kanan,Attack,20,2006-01-15,True,Indonesia,Lokal,0,kanan,2025-11-01,"Persilat Lampung U16 (2021), Asiop Academy (2023)",-,-,0,0,STABLE,0,0,0,0,0.0,0,0,2026-10-05
1304545,27,Adika Ardhiswara,Persikotas Nusantara,Indonesia (Liga 3),IN3L,3,Sayap Kanan,Attack,19,2006-12-12,True,Indonesia,Lokal,177,kanan,2024-08-22,"Barito Putera U16 (2021), Arema FC U17 (2023), Nusantara Uni",-,-,0,0,STABLE,0,0,0,0,0.0,0,0,2026-10-05
479912,0,Donald Bissa,Persikotas Nusantara,Indonesia (Liga 3),IN3L,3,Depan-Tengah,Attack,34,1991-12-13,False,Indonesia,Lokal,185,kanan,2026-10-01,-,-,-,0,434545455,DECREASED,0,0,0,0,0.0,0,0,2026-10-05
746954,9,Serdhy Ephyfano,Persikotas Nusantara,Indonesia (Liga 3),IN3L,3,Depan-Tengah,Attack,23,2002-12-29,False,Indonesia,Lokal,180,kiri,2025-11-01,PPLP Maluku Utara (-2019),-,-,0,434545455,DECREASED,0,0,0,0,0.0,0,0,2026-10-05
1485642,2,Zidhan Putra,Persikotas Nusantara,Indonesia (Liga 3),IN3L,3,Depan-Tengah,Attack,24,2001-10-23,False,Indonesia,Lokal,177,kanan,2025-11-01,-,-,-,0,0,STABLE,0,0,0,0,0.0,0,0,2026-10-05
1140824,0,Lalu Rizki,Gresik United FC,Indonesia (Liga 3),IN3L,3,Kiper,Goalkeeper,22,2004-02-05,True,Indonesia,Lokal,173,kanan,2026-07-30,"ASIFA (2016-2023), Timnas Pelajar U15 (2019), Liga Topskor J",-,-,0,173818182,DECREASED,0,0,0,0,0.0,0,0,2026-10-05
1153772,0,Syamil Bahij,Gresik United FC,Indonesia (Liga 3),IN3L,3,Kiper,Goalkeeper,21,2005-05-26,True,Indonesia,Lokal,180,kanan,2026-08-13,"Cipta Cendikia FA, Adi Satrio Goal Keeper Academy (2020-2021",-,-,0,173818182,DECREASED,0,0,0,0,0.0,0,0,2026-10-05
1351934,1,Aldino Fanani,Gresik United FC,Indonesia (Liga 3),IN3L,3,Kiper,Goalkeeper,23,2003-06-28,False,Indonesia,Lokal,0,kanan,2025-09-01,"Nganjuk Ladang FC (2021), PON Jatim (2024)",-,-,0,0,STABLE,0,0,0,0,0.0,0,0,2026-10-05
1345618,25,Zubairivo Azizurosadi,Gresik United FC,Indonesia (Liga 3),IN3L,3,Kiper,Goalkeeper,20,2006-02-27,True,Indonesia,Lokal,0,kanan,2025-11-21,Persebaya U20 (2024),-,-,0,0,STABLE,0,0,0,0,0.0,0,0,2026-10-05
1461325,99,Dedi Tri Saputra,Gresik United FC,Indonesia (Liga 3),IN3L,3,Kiper,Goalkeeper,21,2005-01-03,True,Indonesia,Lokal,178,kanan,2025-09-16,-,2027-06-30,-,0,0,STABLE,0,0,0,0,0.0,0,0,2026-10-05
218033,0,Abanda Rahman,Gresik United FC,Indonesia (Liga 3),IN3L,3,Bek-Tengah,Defender,36,1990-08-24,False,Indonesia,Lokal,181,kanan,2026-08-17,"PSM Makassar (2008), Perseba Bangkalan (2009)",-,-,0,173818182,DECREASED,0,0,0,0,0.0,0,0,2026-10-05
1055508,0,Joko Supriyanto,Gresik United FC,Indonesia (Liga 3),IN3L,3,Bek-Tengah,Defender,30,1996-01-10,False,Indonesia,Lokal,175,kanan,2026-07-31,Jember United U21 (2013),-,-,0,869090909,DECREASED,0,0,0,0,0.0,0,0,2026-10-05
904475,34,Robert Rigyaldo,Gresik United FC,Indonesia (Liga 3),IN3L,3,Bek-Tengah,Defender,27,1999-09-11,False,Indonesia,Lokal,175,kanan,2025-09-25,"Tiga Naga U17 (2016-2017), PSM Makassar U19 (2018)",-,-,0,1738181818,DECREASED,0,0,0,0,0.0,0,0,2026-10-05
1019999,56,Ilham Akbar,Gresik United FC,Indonesia (Liga 3),IN3L,3,Bek-Tengah,Defender,23,2003-07-20,False,Indonesia,Lokal,183,keduanya,2025-08-01,"SSB Anak Bangsa Surabaya (-2017). Persebaya U16 (2018-2019),",-,-,0,434545455,DECREASED,0,0,0,0,0.0,0,0,2026-10-05
1339438,0,Jatmiko Subagyo,Gresik United FC,Indonesia (Liga 3),IN3L,3,Bek-Tengah,Defender,21,2005-04-27,True,Indonesia,Lokal,187,kanan,2026-08-28,"SKB Soccer Academy (-2021), Persebaya U18 (2021-2022), Dewa ",-,-,0,0,STABLE,0,0,0,0,0.0,0,0,2026-10-05
1577951,0,Ashadillah Nauval,Gresik United FC,Indonesia (Liga 3),IN3L,3,Bek-Tengah,Defender,0,-,False,Indonesia,Lokal,0,kanan,2026-08-07,Persebaya U16 (2022-2023),-,-,0,0,STABLE,0,0,0,0,0.0,0,0,2026-10-05
1577952,0,Afreza Davino,Gresik United FC,Indonesia (Liga 3),IN3L,3,Bek-Tengah,Defender,18,2008-07-31,True,Indonesia,Lokal,0,kanan,2026-08-07,"Bhayangkara U16 (2023-2024), Semen Padang U18 (2024-2025)",-,-,0,0,STABLE,0,0,0,0,0.0,0,0,2026-10-05
1313110,21,Iswahyudi Ardinata,Gresik United FC,Indonesia (Liga 3),IN3L,3,Bek-Tengah,Defender,22,2004-04-21,True,Indonesia,Lokal,170,kanan,2024-08-01,-,2026-05-31,-,0,0,STABLE,0,0,0,0,0.0,0,0,2026-10-05
1310952,0,Ade Saihitua,Gresik United FC,Indonesia (Liga 3),IN3L,3,Bek-Kiri,Defender,22,2004-02-19,True,Indonesia,Lokal,169,kanan,2026-08-31,"Bhayangkara U20 (2023-2024), PON Malut (2024)",-,-,0,434545455,DECREASED,0,0,0,0,0.0,0,0,2026-10-05
1179867,5,Bhirawa Anoraga,Gresik United FC,Indonesia (Liga 3),IN3L,3,Bek-Kiri,Defender,22,2004-09-25,True,Indonesia,Lokal,173,kiri,2025-09-19,PSS Sleman U20 (-2023),2027-06-30,-,0,434545455,DECREASED,0,0,0,0,0.0,0,0,2026-10-05
1020074,6,Divie Alviandi,Gresik United FC,Indonesia (Liga 3),IN3L,3,Bek-Kiri,Defender,26,2000-02-07,False,Indonesia,Lokal,178,kiri,2025-09-17,"SSB IPI GS Bandung (2008-2012), SSB Saswco Bandung (2013-201",-,-,0,173818182,DECREASED,0,0,0,0,0.0,0,0,2026-10-05
506270,2,Guntur Ariyadi,Gresik United FC,Indonesia (Liga 3),IN3L,3,Bek-Kanan,Defender,39,1987-03-16,False,Indonesia,Lokal,174,kanan,2025-09-30,Persema U21 (2005),-,-,0,173818182,DECREASED,0,0,0,0,0.0,0,0,2026-10-05
1485733,0,Aldi Nugroho,Gresik United FC,Indonesia (Liga 3),IN3L,3,Bek-Kanan,Defender,22,2004-03-18,True,Indonesia,Lokal,0,kanan,2026-08-03,-,-,-,0,0,STABLE,0,0,0,0,0.0,0,0,2026-10-05
1465492,27,Romeo Abisha,Gresik United FC,Indonesia (Liga 3),IN3L,3,Bek-Kanan,Defender,19,2007-07-13,True,Indonesia,Lokal,0,kanan,2025-11-01,"Arema Youth (2022), Persita U16 (2023-2024)",-,-,0,0,STABLE,0,0,0,0,0.0,0,0,2026-10-05
1487280,33,Ricky Novaldo,Gresik United FC,Indonesia (Liga 3),IN3L,3,Bek-Kanan,Defender,18,2007-11-14,True,Indonesia,Lokal,0,kanan,2025-09-01,Porprov Jatim (2025),-,-,0,0,STABLE,0,0,0,0,0.0,0,0,2026-10-05
1469290,0,Ndawi Wandik,Gresik United FC,Indonesia (Liga 3),IN3L,3,Gel. Tengah,Midfielder,22,2004-04-07,True,Indonesia,Lokal,0,kanan,2026-08-05,"Persipura U16 (2020), Persipura U18 (2021), PON Papua Pegunu",-,-,0,0,STABLE,0,0,0,0,0.0,0,0,2026-10-05
1354759,14,Arya Pratama,Gresik United FC,Indonesia (Liga 3),IN3L,3,Gel. Tengah,Midfielder,22,2004-01-08,True,Indonesia,Lokal,0,kanan,2025-09-01,PON Jawa Timur (2024),-,-,0,0,STABLE,0,0,0,0,0.0,0,0,2026-10-05
746981,0,Jordan Zamorano,Gresik United FC,Indonesia (Liga 3),IN3L,3,Gel. Bertahan,Midfielder,25,2001-02-07,False,Indonesia,Lokal,176,kiri,2026-09-20,"SSB Triple S (2015), PSS Sleman U18 (2018), PSS Sleman U20 (",-,-,0,434545455,DECREASED,0,0,0,0,0.0,0,0,2026-10-05
903323,0,Fadilla Akbar,Gresik United FC,Indonesia (Liga 3),IN3L,3,Gel. Bertahan,Midfielder,25,2001-09-08,False,Indonesia,Lokal,173,kiri,2025-08-12,"Medan Jaya U16 (2014), Medan Utama U16 (2015), Medan Sakti U",-,-,0,434545455,DECREASED,0,0,0,0,0.0,0,0,2026-10-05
1023523,16,Eduardus,Gresik United FC,Indonesia (Liga 3),IN3L,3,Gel. Bertahan,Midfielder,22,2003-10-12,True,Indonesia,Lokal,0,kanan,2025-09-28,PPLP Jateng (-2022),-,-,0,434545455,DECREASED,0,0,0,0,0.0,0,0,2026-10-05
912241,8,Muhammad Ghozy,Gresik United FC,Indonesia (Liga 3),IN3L,3,Gel. Tengah,Midfielder,27,1999-08-19,False,Indonesia,Lokal,170,kanan,2025-09-23,"Persesa Sampang U17 (2016), Persela U19 (2017-2018), Persela",-,-,0,434545455,DECREASED,0,0,0,0,0.0,0,0,2026-10-05
720302,35,Syahrur Ramadhani,Gresik United FC,Indonesia (Liga 3),IN3L,3,Gel. Tengah,Midfielder,28,1997-12-31,False,Indonesia,Lokal,170,kanan,2025-09-17,-,-,-,0,434545455,DECREASED,0,0,0,0,0.0,0,0,2026-10-05
1339443,0,Maulana Kusuma,Gresik United FC,Indonesia (Liga 3),IN3L,3,Gelandang Kanan,Midfielder,21,2005-01-08,True,Indonesia,Lokal,175,kanan,2026-09-18,"Dewa United U18 (2023), Dewa United U20 (2024)",-,-,0,173818182,DECREASED,0,0,0,0,0.0,0,0,2026-10-05
874886,22,Alif Jaelani,Gresik United FC,Indonesia (Liga 3),IN3L,3,Gel. Serang,Midfielder,24,2002-07-05,False,Indonesia,Lokal,172,kanan,2024-12-31,"Barito Putera U18 (2019)
Garuda Select (2019)
Barito Puter",2027-06-30,-,0,869090909,DECREASED,0,0,0,0,0.0,0,0,2026-10-05
1458371,0,Nassim Fauzi,Gresik United FC,Indonesia (Liga 3),IN3L,3,Gel. Tengah,Midfielder,19,2007-09-15,True,Indonesia,Lokal,0,kanan,2026-08-27,Borneo FC U16 (2023-2024),-,-,0,0,STABLE,0,0,0,0,0.0,0,0,2026-10-05
1485634,0,Syaifullah Salim,Gresik United FC,Indonesia (Liga 3),IN3L,3,Gel. Tengah,Midfielder,19,2007-03-23,True,Indonesia,Lokal,0,kanan,2026-08-27,"PSIS U16 (2023-2024), Malut United U18 (2024-2025)",-,-,0,0,STABLE,0,0,0,0,0.0,0,0,2026-10-05
1310950,10,Rafi Herlian,Gresik United FC,Indonesia (Liga 3),IN3L,3,Sayap Kiri,Attack,22,2004-06-07,True,Indonesia,Lokal,176,kanan,2025-10-02,"Bhayangkara FC U17 (2022), Bhayangkara FC U18 (2023), Bhayan",2027-06-30,-,0,0,STABLE,0,0,0,0,0.0,0,0,2026-10-05
1313807,0,Oscar Novangga,Gresik United FC,Indonesia (Liga 3),IN3L,3,Sayap Kiri,Attack,21,2004-11-15,True,Indonesia,Lokal,167,kanan,2026-08-06,Borneo U20 (2023-2024),-,-,0,434545455,DECREASED,0,0,0,0,0.0,0,0,2026-10-05
1179973,18,Rafli Bahasuan,Gresik United FC,Indonesia (Liga 3),IN3L,3,Sayap Kanan,Attack,22,2004-09-18,True,Indonesia,Lokal,0,kanan,2025-11-01,"SSB Semen Gresik, Borneo FC U16 (2019), Persela U20 (2023)
",2027-06-30,-,0,434545455,DECREASED,0,0,0,0,0.0,0,0,2026-10-05
1020075,85,Dian Ardiansyah,Gresik United FC,Indonesia (Liga 3),IN3L,3,Sayap Kanan,Attack,27,1999-01-21,False,Indonesia,Lokal,168,kanan,2022-04-26,"SSB WCP (2013-2015), Persegres U21 (2016), Bali United U19 (",2027-06-30,-,0,434545455,DECREASED,0,0,0,0,0.0,0,0,2026-10-05
1467693,24,Muhammad Fauzi,Gresik United FC,Indonesia (Liga 3),IN3L,3,Sayap Kanan,Attack,20,2006-04-11,True,Indonesia,Lokal,0,kanan,2025-09-24,-,-,-,0,0,STABLE,0,0,0,0,0.0,0,0,2026-10-05
900861,0,Wahyu Agong,Gresik United FC,Indonesia (Liga 3),IN3L,3,Depan-Tengah,Attack,22,2004-04-29,True,Indonesia,Lokal,170,kanan,2026-07-25,"SSB Bharata Mojokerto, Persebaya U16 (2019-2020), Garuda Sel",-,-,0,173818182,DECREASED,0,0,0,0,0.0,0,0,2026-10-05
1200330,11,Fabio Papia,Gresik United FC,Indonesia (Liga 3),IN3L,3,Depan-Tengah,Attack,20,2005-10-25,True,Indonesia,Lokal,174,kanan,2025-11-01,"Sulut United Youth, Sulut FC U17 (2022), Barito Putera U18 (",-,-,0,434545455,DECREASED,0,0,0,0,0.0,0,0,2026-10-05
1201301,20,Roy Ivansyah,Gresik United FC,Indonesia (Liga 3),IN3L,3,Depan-Tengah,Attack,25,2001-03-18,False,Indonesia,Lokal,187,kanan,2025-11-20,"SSB Persada Damarsi, SSB Gelora Putra Delta, SSB Real Madrid",-,-,0,173818182,DECREASED,0,0,0,0,0.0,0,0,2026-10-05
1338913,0,Dzaki Alamsyah,Gresik United FC,Indonesia (Liga 3),IN3L,3,Depan-Tengah,Attack,21,2004-11-30,True,Indonesia,Lokal,177,kanan,2026-08-01,"Madura United U18 (2021), Borneo FC U20 (2023-2024)
",-,-,0,0,STABLE,0,0,0,0,0.0,0,0,2026-10-05
1352229,0,Shahih Rishandy,Gresik United FC,Indonesia (Liga 3),IN3L,3,Depan-Tengah,Attack,25,2001-03-10,False,Indonesia,Lokal,183,kanan,2026-09-20,Persibas Youth (2018),-,-,0,0,STABLE,0,0,0,0,0.0,0,0,2026-10-05
1467692,9,Alexandro Viko,Gresik United FC,Indonesia (Liga 3),IN3L,3,Depan-Tengah,Attack,20,2006-03-31,True,Indonesia,Lokal,0,kanan,2025-09-24,-,-,-,0,0,STABLE,0,0,0,0,0.0,0,0,2026-10-05
1353433,17,Rexa Abdi,Gresik United FC,Indonesia (Liga 3),IN3L,3,Gel. Tengah,Midfielder,20,2006-05-07,True,Indonesia,Lokal,0,kanan,2025-09-01,"Persik Kediri U16 (2021-2022), Persik Kediri U18 (2022-2024",-,-,0,0,STABLE,0,0,0,0,0.0,0,0,2026-10-05
1312374,0,Dastin Mahardika,Persibangga Purbalingga,Indonesia (Liga 3),IN3L,3,Kiper,Goalkeeper,22,2004-04-23,True,Indonesia,Lokal,0,kanan,2025-10-06,"Diklat Salatiga TC, Persedikab U17 (2021-2022), Nusantara Un",-,-,0,0,STABLE,0,0,0,0,0.0,0,0,2026-10-05
506515,0,Andre Wibowo,Persibangga Purbalingga,Indonesia (Liga 3),IN3L,3,Bek-Kanan,Defender,30,1996-09-17,False,Indonesia,Lokal,175,kanan,2025-10-22,"Persak Kebumen (2015), Gresik United U21 (2016)",-,-,0,173818182,DECREASED,0,0,0,0,0.0,0,0,2026-10-05
1302271,0,Aziz Ramadhan,Persibangga Purbalingga,Indonesia (Liga 3),IN3L,3,Gel. Bertahan,Midfielder,26,1999-12-11,False,Indonesia,Lokal,174,kanan,2025-10-06,"Pusbit 1 Purbalingga, PraPON Jawa Tengah (2019)",-,-,0,434545455,DECREASED,0,0,0,0,0.0,0,0,2026-10-05
506561,0,Ilham Irhaz,Persibangga Purbalingga,Indonesia (Liga 3),IN3L,3,Gel. Serang,Midfielder,34,1992-04-26,False,Indonesia,Lokal,177,kanan,2026-03-14,"Persema (2009), Persatu Tuban (2010), PON Kalteng (2011)",-,-,0,434545455,DECREASED,0,0,0,0,0.0,0,0,2026-10-05
1047680,71,Erlangga Adhyaksa,Persibangga Purbalingga,Indonesia (Liga 3),IN3L,3,Gel. Serang,Midfielder,27,1999-07-01,False,Indonesia,Lokal,167,kanan,2026-03-15,"PSIS Youth (2016), Porprov Kota Semarang (2017), PSIS U20 (2",-,-,0,173818182,DECREASED,0,0,0,0,0.0,0,0,2026-10-05
1347304,0,Amir Thoha,Persibangga Purbalingga,Indonesia (Liga 3),IN3L,3,Gel. Tengah,Midfielder,22,2004-06-12,True,Indonesia,Lokal,0,kanan,2025-10-06,Liga Santri Jateng (2022),-,-,0,0,STABLE,0,0,0,0,0.0,0,0,2026-10-05
1486154,13,Tegar Aditya,Persiba Bantul,Indonesia (Liga 3),IN3L,3,Kiper,Goalkeeper,21,2005-05-16,True,Indonesia,Lokal,0,kanan,-,-,-,-,0,0,STABLE,0,0,0,0,0.0,0,0,2026-10-05
1351065,14,Saddam Bani,Persiba Bantul,Indonesia (Liga 3),IN3L,3,Kiper,Goalkeeper,24,2002-06-04,False,Indonesia,Lokal,173,kanan,2024-04-08,"SSB Baturetno, Timnas Pelajar (2016-2018), PSS Sleman U20 (2",2026-04-30,-,0,0,STABLE,0,0,0,0,0.0,0,0,2026-10-05
1486156,46,Afit Prasojo,Persiba Bantul,Indonesia (Liga 3),IN3L,3,Kiper,Goalkeeper,19,2007-01-01,True,Indonesia,Lokal,0,kanan,2025-11-26,Persibangga U15 (2022) Persiba Bantul Youth (2023-2025),-,-,0,0,STABLE,0,0,0,0,0.0,0,0,2026-10-05
954733,5,Ilham Wibowo,Persiba Bantul,Indonesia (Liga 3),IN3L,3,Bek-Tengah,Defender,29,1997-05-10,False,Indonesia,Lokal,179,kanan,2025-11-01,-,-,-,0,434545455,DECREASED,0,0,0,0,0.0,0,0,2026-10-05
1486153,3,Rahmatullah,Persiba Bantul,Indonesia (Liga 3),IN3L,3,Bek-Tengah,Defender,21,2005-06-06,True,Indonesia,Lokal,0,kanan,2025-09-01,-,-,-,0,0,STABLE,0,0,0,0,0.0,0,0,2026-10-05
1469291,19,Muhammad Haidir,Persiba Bantul,Indonesia (Liga 3),IN3L,3,Bek-Tengah,Defender,23,2003-01-19,False,Indonesia,Lokal,0,kanan,2025-10-02,Pon Sulawesi Selatan (2024),-,-,0,0,STABLE,0,0,0,0,0.0,0,0,2026-10-05
1351430,24,Bima Ardiansyah,Persiba Bantul,Indonesia (Liga 3),IN3L,3,Bek-Tengah,Defender,23,2003-06-07,False,Indonesia,Lokal,0,kanan,2024-12-09,"POPDA Pelajar Bantul (2020), PSS Sleman U18 (2021-2022), Bha",2026-04-30,-,0,0,STABLE,0,0,0,0,0.0,0,0,2026-10-05
818629,74,Edgard Amping,Persiba Bantul,Indonesia (Liga 3),IN3L,3,Bek-Kiri,Defender,23,2003-06-09,False,Indonesia,Lokal,168,kiri,2025-09-28,"SSB Mitra Manakarra (2012-2017)
PSM U16 (2018)
PSM U18 (20",-,-,0,434545455,DECREASED,0,0,0,0,0.0,0,0,2026-10-05
1351429,66,Restu Agung,Persiba Bantul,Indonesia (Liga 3),IN3L,3,Bek-Kanan,Defender,23,2003-05-28,False,Indonesia,Lokal,0,kanan,2025-11-01,"Bhayangkara U16 (2019), Porprov Sidoarjo (2023), Pra PON Jat",-,-,0,0,STABLE,0,0,0,0,0.0,0,0,2026-10-05
1347305,16,Fachrizal Ahnaf,Persiba Bantul,Indonesia (Liga 3),IN3L,3,Gel. Tengah,Midfielder,25,2000-12-16,False,Indonesia,Lokal,0,kanan,2022-07-01,-,2026-04-30,-,0,0,STABLE,0,0,0,0,0.0,0,0,2026-10-05
1032154,23,Femas Crespo,Persiba Bantul,Indonesia (Liga 3),IN3L,3,Gel. Bertahan,Midfielder,20,2006-01-15,True,Indonesia,Lokal,167,kanan,2025-09-20,"SSB New Soccer Pratama Medan, Persija U16 (2021-2022), PSLS ",-,-,0,0,STABLE,0,0,0,0,0.0,0,0,2026-10-05
1314715,30,Ammar Attamimi,Persiba Bantul,Indonesia (Liga 3),IN3L,3,Gel. Bertahan,Midfielder,23,2003-03-22,False,Indonesia,Lokal,0,kanan,2025-11-21,"Persija U18 (2023), Persija U20 (2024)",-,-,0,0,STABLE,0,0,0,0,0.0,0,0,2026-10-05
1031924,47,Hersya Scifo,Persiba Bantul,Indonesia (Liga 3),IN3L,3,Gel. Tengah,Midfielder,26,2000-08-06,False,Indonesia,Lokal,177,kanan,2025-11-25,"Popwil Sulawesi Selatan (2016)
Samsung KFL (2017)
PPLP Mak",-,-,0,869090909,DECREASED,0,0,0,0,0.0,0,0,2026-10-05
1180200,28,Samudra Andi,Persiba Bantul,Indonesia (Liga 3),IN3L,3,Gel. Tengah,Midfielder,23,2003-08-02,False,Indonesia,Lokal,167,kanan,2024-11-12,"PSBK Blitar U17 (2020-2021), Bhayangkara FC U18 (2021)",2026-04-30,-,0,0,STABLE,0,0,0,0,0.0,0,0,2026-10-05
1465491,21,Dzakwan Mangawiang,Persiba Bantul,Indonesia (Liga 3),IN3L,3,Gel. Tengah,Midfielder,23,2003-08-08,False,Indonesia,Lokal,0,kanan,2025-09-23,"PSM U16, PSM U18",-,-,0,0,STABLE,0,0,0,0,0.0,0,0,2026-10-05
1486157,71,Choirul Anwar,Persiba Bantul,Indonesia (Liga 3),IN3L,3,Gel. Tengah,Midfielder,0,-,False,Indonesia,Lokal,0,kanan,2025-11-28,Persiba Youth (2023-2025),-,-,0,0,STABLE,0,0,0,0,0.0,0,0,2026-10-05
1338191,8,Kennatha Saputra,Persiba Bantul,Indonesia (Liga 3),IN3L,3,Sayap Kiri,Attack,20,2006-09-19,True,Indonesia,Lokal,169,kanan,2025-11-25,"Barito Putera U16 (2023), Barito Putera U18 (2023-2024), Bar",-,-,0,0,STABLE,0,0,0,0,0.0,0,0,2026-10-05
506334,0,Antoni Nugroho,Persiba Bantul,Indonesia (Liga 3),IN3L,3,Sayap Kanan,Attack,32,1994-02-25,False,Indonesia,Lokal,168,keduanya,2026-10-02,"SSB Musi Banyuasin (2008-2010), Deportivo Indonesia (2010-20",-,-,0,1303636364,DECREASED,0,0,0,0,0.0,0,0,2026-10-05
1486152,2,Muh. Faizal,Persiba Bantul,Indonesia (Liga 3),IN3L,3,Sayap Kanan,Attack,22,2004-03-06,True,Indonesia,Lokal,0,kanan,-,-,-,-,0,0,STABLE,0,0,0,0,0.0,0,0,2026-10-05
904289,96,Akbar Selang,Persiba Bantul,Indonesia (Liga 3),IN3L,3,Sayap Kanan,Attack,29,1997-08-12,False,Indonesia,Lokal,0,kanan,2023-10-17,-,2026-04-30,-,0,0,STABLE,0,0,0,0,0.0,0,0,2026-10-05
817933,7,Sandi Samosir,Persiba Bantul,Indonesia (Liga 3),IN3L,3,Depan-Tengah,Attack,24,2002-01-08,False,Indonesia,Lokal,180,kiri,2025-08-01,"PSMS Medan U16 (2018), Garuda Select (2019), Persija U18 (20",-,-,0,869090909,DECREASED,0,0,0,0,0.0,0,0,2026-10-05
506131,9,Sansan Fauzi,Persiba Bantul,Indonesia (Liga 3),IN3L,3,Depan-Tengah,Attack,37,1989-08-01,False,Indonesia,Lokal,180,kanan,2025-09-25,Persija (2008-2009),-,-,0,173818182,DECREASED,0,0,0,0,0.0,0,0,2026-10-05
989229,17,Fillah Rohmatuloh,Persiba Bantul,Indonesia (Liga 3),IN3L,3,Depan-Tengah,Attack,23,2003-05-17,False,Indonesia,Lokal,0,kiri,2025-10-13,"Astam FC (2016-2017), Persita U20 (2020-2024)",-,-,0,173818182,DECREASED,0,0,0,0,0.0,0,0,2026-10-05
1181707,26,Alan Nuri,Persiba Bantul,Indonesia (Liga 3),IN3L,3,Depan-Tengah,Attack,26,2000-07-15,False,Indonesia,Lokal,170,kanan,2025-11-18,"Persema 1953 U17 (2017), Porprov Jatim (2019)",-,-,0,0,STABLE,0,0,0,0,0.0,0,0,2026-10-05
1514352,1,Febrian Firlana,Sriwijaya FC,Indonesia (Liga 3),IN3L,3,Kiper,Goalkeeper,19,2007-02-20,True,Indonesia,Lokal,0,kanan,2026-02-06,"Arema U16 (2021-2022), Malang United U17 (2024)",-,-,0,0,STABLE,0,0,0,0,0.0,0,0,2026-10-05
901894,30,Hary Nasution,Sriwijaya FC,Indonesia (Liga 3),IN3L,3,Bek-Tengah,Defender,26,2000-02-16,False,Indonesia,Lokal,176,kanan,2026-02-06,"SSB Mayang Putra, SSB Patriot Medan, PON Sumut (2020)",-,"Rp173,82Jt.",173818182,173818182,INCREASED,0,0,0,0,0.0,0,0,2026-10-05
1171723,6,Tegar Shevanton,Sriwijaya FC,Indonesia (Liga 3),IN3L,3,Bek-Tengah,Defender,22,2004-03-20,True,Indonesia,Lokal,0,kanan,2026-02-06,"Liga Kompas Gramedia U14 (2019-2020), PSS Sleman U18 (2021),",-,-,0,173818182,DECREASED,0,0,0,0,0.0,0,0,2026-10-05
627761,55,Rizky Abdiansyah,Sriwijaya FC,Indonesia (Liga 3),IN3L,3,Bek-Kiri,Defender,30,1996-01-27,False,Indonesia,Lokal,172,kanan,2025-08-15,PSMS U21 (2016),-,"Rp434,55Jt.",434545455,434545455,UNCHANGED,0,0,0,0,0.0,0,0,2026-10-05
1312953,21,Angga Sukmantoro,Sriwijaya FC,Indonesia (Liga 3),IN3L,3,Bek-Kiri,Defender,26,2000-07-01,False,Indonesia,Lokal,0,kiri,2026-02-06,Bhayangkara FC Youth,-,"Rp173,82Jt.",173818182,173818182,INCREASED,0,0,0,0,0.0,0,0,2026-10-05
575539,3,Derry Herlangga,Sriwijaya FC,Indonesia (Liga 3),IN3L,3,Bek-Kanan,Defender,31,1995-07-12,False,Indonesia,Lokal,170,kanan,2026-01-10,"PON DKI Jakarta (2016), PS TNI U21 (2016)",-,"Rp434,55Jt.",434545455,434545455,INCREASED,0,0,0,0,0.0,0,0,2026-10-05
1502981,20,Agni Fathurahman,Sriwijaya FC,Indonesia (Liga 3),IN3L,3,Bek-Kanan,Defender,21,2004-10-07,True,Indonesia,Lokal,0,kanan,2026-01-10,-,-,"Rp173,82Jt.",173818182,173818182,STABLE,0,0,0,0,0.0,0,0,2026-10-05
1458549,25,Mukhti Arya,Sriwijaya FC,Indonesia (Liga 3),IN3L,3,Gel. Bertahan,Midfielder,21,2005-06-09,True,Indonesia,Lokal,0,kanan,2025-09-01,ASIOP Football Academy (2016-2024),-,"Rp869,09Jt.",869090909,173818182,INCREASED,0,0,0,0,0.0,0,0,2026-10-05
1312950,91,Erick Cantona,Sriwijaya FC,Indonesia (Liga 3),IN3L,3,Gel. Bertahan,Midfielder,21,2004-12-23,True,Indonesia,Lokal,0,kanan,2025-08-01,"KKO Surakarta, Kalteng Putra U16 (2019), Dewa United U20 (20",-,"Rp173,82Jt.",173818182,173818182,UNCHANGED,0,0,0,0,0.0,0,0,2026-10-05
721086,11,Fadil Redian,Sriwijaya FC,Indonesia (Liga 3),IN3L,3,Gel. Tengah,Midfielder,30,1995-12-14,False,Indonesia,Lokal,176,kanan,2026-02-06,-,-,"Rp173,82Jt.",173818182,173818182,INCREASED,0,0,0,0,0.0,0,0,2026-10-05
1514355,81,Reynaldy Junior,Sriwijaya FC,Indonesia (Liga 3),IN3L,3,Gel. Tengah,Midfielder,32,1994-06-27,False,Indonesia,Lokal,0,kanan,2026-02-06,"SSB Vila 2000 (2007)
Persikota Tangerang U-15 (2008)
Timna",-,"Rp173,82Jt.",173818182,173818182,STABLE,0,0,0,0,0.0,0,0,2026-10-05
1485431,19,Faqih Tahapary,Sriwijaya FC,Indonesia (Liga 3),IN3L,3,Gel. Tengah,Midfielder,21,2005-01-30,True,Indonesia,Lokal,0,kanan,2026-02-06,-,-,-,0,0,STABLE,0,0,0,0,0.0,0,0,2026-10-05
571479,8,Nugroho Fatchur,Sriwijaya FC,Indonesia (Liga 3),IN3L,3,Gel. Serang,Midfielder,30,1996-09-08,False,Indonesia,Lokal,168,kanan,2025-08-01,-,-,"Rp869,09Jt.",869090909,869090909,UNCHANGED,0,0,0,0,0.0,0,0,2026-10-05
1435983,15,Ananda Dhea,Sriwijaya FC,Indonesia (Liga 3),IN3L,3,Gel. Serang,Midfielder,25,2001-03-24,False,Indonesia,Lokal,0,kanan,2026-02-05,-,-,"Rp434,55Jt.",434545455,434545455,STABLE,0,0,0,0,0.0,0,0,2026-10-05
878022,7,Revan Joni,Sriwijaya FC,Indonesia (Liga 3),IN3L,3,Sayap Kiri,Attack,24,2002-06-14,False,Indonesia,Lokal,0,kiri,2026-02-06,PSBK Blitar U15 (2016-2017),-,"Rp434,55Jt.",434545455,434545455,INCREASED,0,0,0,0,0.0,0,0,2026-10-05
1183446,77,Sayfullah Kader,Sriwijaya FC,Indonesia (Liga 3),IN3L,3,Sayap Kiri,Attack,23,2003-07-11,False,Indonesia,Lokal,0,kanan,2026-02-06,Ridho Pratama FC (-2023),-,"Rp434,55Jt.",434545455,434545455,INCREASED,0,0,0,0,0.0,0,0,2026-10-05
1514356,88,Bayan Adam,Sriwijaya FC,Indonesia (Liga 3),IN3L,3,Sayap Kiri,Attack,25,2001-09-19,False,Indonesia,Lokal,0,kanan,2026-02-06,"Persib Junior Maung Ngora (2017-), Porprov Jabar Kab. Tasikm",-,-,0,0,STABLE,0,0,0,0,0.0,0,0,2026-10-05
1458528,17,Zarhan Fahrezi,Sriwijaya FC,Indonesia (Liga 3),IN3L,3,Sayap Kanan,Attack,20,2006-10-02,True,Indonesia,Lokal,0,kanan,2026-02-06,-,-,"Rp434,55Jt.",434545455,434545455,STABLE,0,0,0,0,0.0,0,0,2026-10-05
1182517,10,Aaron Yekti,Sriwijaya FC,Indonesia (Liga 3),IN3L,3,Depan-Tengah,Attack,21,2005-06-17,True,Indonesia,Lokal,0,kanan,2026-02-06,"PPOP DKI Jakarta, Diklat Raguanan (-2022), Malut United U20 ",-,"Rp869,09Jt.",869090909,869090909,UNCHANGED,0,0,0,0,0.0,0,0,2026-10-05
721804,9,Husnuzhon,Sriwijaya FC,Indonesia (Liga 3),IN3L,3,Depan-Tengah,Attack,29,1997-01-21,False,Indonesia,Lokal,174,kanan,2026-02-06,"PSMS U19 (2015), PS TNI U21 (2016)",-,"Rp434,55Jt.",434545455,434545455,INCREASED,0,0,0,0,0.0,0,0,2026-10-05
1286513,93,Sehabudin Ahmad,Sriwijaya FC,Indonesia (Liga 3),IN3L,3,Depan-Tengah,Attack,32,1993-10-08,False,Indonesia,Lokal,0,kanan,2026-02-06,-,-,"Rp434,55Jt.",434545455,434545455,UNCHANGED,0,0,0,0,0.0,0,0,2026-10-05
1177313,0,Rifky Tofani,Pesik Kuningan,Indonesia (Liga 3),IN3L,3,Kiper,Goalkeeper,20,2006-02-22,True,Indonesia,Lokal,178,kanan,2026-09-23,"Arsenal FA (IDN) (2014-2015)
ASIOP FA (2016-2021)
Persikab",-,-,0,173818182,DECREASED,0,0,0,0,0.0,0,0,2026-10-05
1606193,0,Rio Hardianto,Pesik Kuningan,Indonesia (Liga 3),IN3L,3,Kiper,Goalkeeper,0,-,False,Indonesia,Lokal,0,kanan,2022-07-01,PON Jawa Barat (2020),-,-,0,0,STABLE,0,0,0,0,0.0,0,0,2026-10-05
506016,0,Wildansyah,Pesik Kuningan,Indonesia (Liga 3),IN3L,3,Bek-Tengah,Defender,39,1987-01-03,False,Indonesia,Lokal,173,kanan,2025-12-30,PERSIB Bandung (2000-2007),-,-,0,173818182,DECREASED,0,0,0,0,0.0,0,0,2026-10-05
1608111,0,Farriziano Habibie,Pesik Kuningan,Indonesia (Liga 3),IN3L,3,Bek-Kiri,Defender,22,2004-09-02,True,Indonesia,Lokal,0,kanan,2025-12-01,"SSB Kabomania, Bogor City FA, RANS U20 (2023-2024)",2027-06-30,-,0,0,STABLE,0,0,0,0,0.0,0,0,2026-10-05
724309,0,Mohamad Arozi,Pesik Kuningan,Indonesia (Liga 3),IN3L,3,Bek-Kanan,Defender,35,1991-06-23,False,Indonesia,Lokal,170,kanan,2025-11-01,"PERSIB Bandung U18 (2009-2010), PERSIB Bandung U21 (2011)",-,-,0,434545455,DECREASED,0,0,0,0,0.0,0,0,2026-10-05
1353120,0,Mansiz Minarta,Pesik Kuningan,Indonesia (Liga 3),IN3L,3,Gel. Tengah,Midfielder,24,2002-06-23,False,Indonesia,Lokal,0,kanan,2025-11-01,-,-,-,0,0,STABLE,0,0,0,0,0.0,0,0,2026-10-05
306747,0,Dirga Lasut,Pesik Kuningan,Indonesia (Liga 3),IN3L,3,Gel. Tengah,Midfielder,38,1988-08-17,False,Indonesia,Lokal,173,kanan,2025-10-31,"SSB Parasamia Walian
Tomohon Junior Manado (2000-2004)",-,-,0,434545455,DECREASED,0,0,0,0,0.0,0,0,2026-10-05
719489,0,Rian Lasut,Pesik Kuningan,Indonesia (Liga 3),IN3L,3,Gel. Serang,Midfielder,33,1993-09-08,False,Indonesia,Lokal,173,kanan,2026-09-23,"Persma Manado U15 (2008),
PSKT Tomohon U17 (2009),
Mitra K",-,-,0,434545455,DECREASED,0,0,0,0,0.0,0,0,2026-10-05
990608,0,Rholy Gogali,Pesik Kuningan,Indonesia (Liga 3),IN3L,3,Gel. Serang,Midfielder,21,2004-12-03,True,Indonesia,Lokal,170,kiri,2025-11-01,"Diklat Ragunan (2018-2022)
PERSIS U20 (2022-)",-,-,0,0,STABLE,0,0,0,0,0.0,0,0,2026-10-05
1347622,0,Reza Pamungkas,Pesik Kuningan,Indonesia (Liga 3),IN3L,3,Gel. Serang,Midfielder,21,2005-07-20,True,Indonesia,Lokal,168,kanan,2025-11-01,"SSB AT Farmasi (2019-2023), PERSIS U18 (2023-2024), PERSIS U",-,-,0,0,STABLE,0,0,0,0,0.0,0,0,2026-10-05
1607902,0,Gian Farhan,Pesik Kuningan,Indonesia (Liga 3),IN3L,3,Gel. Tengah,Midfielder,0,-,False,Indonesia,Lokal,0,kanan,2025-07-01,-,-,-,0,0,STABLE,0,0,0,0,0.0,0,0,2026-10-05
951949,0,Supriatna,Pesik Kuningan,Indonesia (Liga 3),IN3L,3,Sayap Kiri,Attack,28,1997-11-01,False,Indonesia,Lokal,0,kanan,2022-09-01,"PERSIB Bandung U17 (2015), PON Jawa Barat (2020)",-,-,0,173818182,DECREASED,0,0,0,0,0.0,0,0,2026-10-05
1168946,0,Doni Sormin,Pesik Kuningan,Indonesia (Liga 3),IN3L,3,Sayap Kiri,Attack,21,2004-12-30,True,Indonesia,Lokal,167,kiri,2026-09-25,Bandung Pro United (-2023),-,-,0,434545455,DECREASED,0,0,0,0,0.0,0,0,2026-10-05
1351885,0,Haikal Khalil,Pesik Kuningan,Indonesia (Liga 3),IN3L,3,Sayap Kiri,Attack,22,2004-09-12,True,Indonesia,Lokal,167,kanan,2026-10-01,"Pra PORA Aceh Besar, PON Aceh (2024)",-,-,0,0,STABLE,0,0,0,0,0.0,0,0,2026-10-05
1168945,0,Dani Sormin,Pesik Kuningan,Indonesia (Liga 3),IN3L,3,Sayap Kanan,Attack,21,2004-12-30,True,Indonesia,Lokal,168,kanan,2026-09-25,"SSB Tunas Sejati, Porprov Kab. Bandung (2022), Bandung Pro U",-,-,0,434545455,DECREASED,0,0,0,0,0.0,0,0,2026-10-05
1347063,0,Rijalul Akram,Pesik Kuningan,Indonesia (Liga 3),IN3L,3,Depan-Tengah,Attack,21,2005-04-15,True,Indonesia,Lokal,175,kanan,2025-11-01,Persik Kediri U20 (2024-2025),-,-,0,0,STABLE,0,0,0,0,0.0,0,0,2026-10-05
1347611,0,Ismael Urzais,Pesik Kuningan,Indonesia (Liga 3),IN3L,3,Depan-Tengah,Attack,20,2005-12-09,True,Indonesia,Lokal,176,kanan,2025-11-01,"PERSIS U18 (2023-2024), PERSIS U20 (2024-2025)",-,-,0,0,STABLE,0,0,0,0,0.0,0,0,2026-10-05
723799,0,Ardiansyah,Pesik Kuningan,Indonesia (Liga 3),IN3L,3,Gel. Tengah,Midfielder,26,2000-06-11,False,Indonesia,Lokal,180,kanan,2026-02-17,-,-,-,0,0,STABLE,0,0,0,0,0.0,0,0,2026-10-05
1604801,0,Aqmal Karim,Pesik Kuningan,Indonesia (Liga 3),IN3L,3,Gel. Tengah,Midfielder,0,-,False,Indonesia,Lokal,0,kanan,2025-07-01,RANS Nusantara U20 (2023-2024),-,-,0,0,STABLE,0,0,0,0,0.0,0,0,2026-10-05
1606194,0,Jaka Holan,Pesik Kuningan,Indonesia (Liga 3),IN3L,3,Gel. Tengah,Midfielder,0,-,False,Indonesia,Lokal,0,kanan,2021-07-01,"Pesik Kuningan U15 (2013), PERSIB U17 (2015)",-,-,0,0,STABLE,0,0,0,0,0.0,0,0,2026-10-05
1449491,1,Nur Ikhsan,Persibo Bojonegoro,Indonesia (Liga 3),IN3L,3,Kiper,Goalkeeper,28,1998-01-15,False,Indonesia,Lokal,0,kanan,2025-08-24,-,-,-,0,0,STABLE,0,0,0,0,0.0,0,0,2026-10-05
1441338,27,Fiqy Febrian,Persibo Bojonegoro,Indonesia (Liga 3),IN3L,3,Kiper,Goalkeeper,0,-,False,Indonesia,Lokal,0,kanan,2025-08-13,Persebaya U17,-,-,0,0,STABLE,0,0,0,0,0.0,0,0,2026-10-05
1353799,83,Febryansyah Sanusi,Persibo Bojonegoro,Indonesia (Liga 3),IN3L,3,Kiper,Goalkeeper,21,2005-02-17,True,Indonesia,Lokal,0,kanan,2025-08-23,"SKO Ragunan, PON Papua Barat",-,-,0,0,STABLE,0,0,0,0,0.0,0,0,2026-10-05
506299,26,Rio Valentino,Persibo Bojonegoro,Indonesia (Liga 3),IN3L,3,Bek-Tengah,Defender,31,1995-04-29,False,Indonesia,Lokal,173,kanan,2025-08-06,Porprov Malang (2015),-,-,0,173818182,DECREASED,0,0,0,0,0.0,0,0,2026-10-05
1345616,30,Fahmi Ardianshya,Persibo Bojonegoro,Indonesia (Liga 3),IN3L,3,Bek-Tengah,Defender,21,2005-03-30,True,Indonesia,Lokal,175,kanan,2025-09-02,"Persebaya U18 (2023-2024), Persebaya U20 (2024)",-,-,0,0,STABLE,0,0,0,0,0.0,0,0,2026-10-05
1449492,29,Yonas Rejauw,Persibo Bojonegoro,Indonesia (Liga 3),IN3L,3,Bek-Kiri,Defender,23,2003-02-15,False,Indonesia,Lokal,0,kanan,2025-08-24,PON Papua Barat (2024),-,-,0,0,STABLE,0,0,0,0,0.0,0,0,2026-10-05
1338887,22,Jovan Syahwa,Persibo Bojonegoro,Indonesia (Liga 3),IN3L,3,Bek-Kanan,Defender,19,2006-11-07,True,Indonesia,Lokal,167,kanan,2025-11-01,Borneo FC U20 (2024-2025),-,-,0,0,STABLE,0,0,0,0,0.0,0,0,2026-10-05
1456619,33,Yoga Prasetya,Persibo Bojonegoro,Indonesia (Liga 3),IN3L,3,Bek-Kanan,Defender,23,2003-04-13,False,Indonesia,Lokal,0,kanan,2025-09-01,-,-,-,0,0,STABLE,0,0,0,0,0.0,0,0,2026-10-05
1485732,5,Romy Arif,Persibo Bojonegoro,Indonesia (Liga 3),IN3L,3,Gel. Tengah,Midfielder,0,-,False,Indonesia,Lokal,0,kanan,2025-10-01,-,-,-,0,0,STABLE,0,0,0,0,0.0,0,0,2026-10-05
506456,14,Fadil Sausu,Persibo Bojonegoro,Indonesia (Liga 3),IN3L,3,Gel. Tengah,Midfielder,41,1985-04-19,False,Indonesia,Lokal,174,kiri,2025-08-12,"Persisam Putra Samarinda (2006), PON Kalimantan Timur (2007)",-,-,0,173818182,DECREASED,0,0,0,0,0.0,0,0,2026-10-05
559291,92,Bayu Nugroho,Persibo Bojonegoro,Indonesia (Liga 3),IN3L,3,Gel. Tengah,Midfielder,34,1992-03-11,False,Indonesia,Lokal,174,kanan,2025-11-01,"SSB Ksatria Solo, Suryanaga Surabaya (2010)",-,-,0,173818182,DECREASED,0,0,0,0,0.0,0,0,2026-10-05
1292376,10,Zardan Aroby,Persibo Bojonegoro,Indonesia (Liga 3),IN3L,3,Gel. Serang,Midfielder,22,2003-10-13,True,Indonesia,Lokal,169,kanan,2025-08-23,"SSB HW Babat, Persela Youth",-,-,0,0,STABLE,0,0,0,0,0.0,0,0,2026-10-05
1456624,19,Gilang Pratama,Persibo Bojonegoro,Indonesia (Liga 3),IN3L,3,Gel. Serang,Midfielder,22,2004-07-21,True,Indonesia,Lokal,0,kiri,2025-09-01,"Serpong City (-2023), Dewa United U20 (2023-2024)",-,-,0,0,STABLE,0,0,0,0,0.0,0,0,2026-10-05
1441340,28,Fransiskus Nono,Persibo Bojonegoro,Indonesia (Liga 3),IN3L,3,Gel. Tengah,Midfielder,0,-,False,Indonesia,Lokal,0,kanan,2025-08-13,"SSB ASIFA, SSB Bintang Angkasa",-,-,0,0,STABLE,0,0,0,0,0.0,0,0,2026-10-05
1314559,8,Ilham Maulana,Persibo Bojonegoro,Indonesia (Liga 3),IN3L,3,Sayap Kiri,Attack,22,2004-06-04,True,Indonesia,Lokal,175,kanan,2025-09-01,PON D.I.Y. (2023-2024),-,-,0,434545455,DECREASED,0,0,0,0,0.0,0,0,2026-10-05
506525,78,Rahel Radiansyah,Persibo Bojonegoro,Indonesia (Liga 3),IN3L,3,Sayap Kiri,Attack,35,1991-05-22,False,Indonesia,Lokal,165,kiri,2024-08-16,"SSB BULOG Surabaya, Persebaya U21 (2009-2010), Persisam U21 ",2026-04-30,-,0,869090909,DECREASED,0,0,0,0,0.0,0,0,2026-10-05
506464,20,Azka Fauzi,Persibo Bojonegoro,Indonesia (Liga 3),IN3L,3,Sayap Kanan,Attack,30,1996-02-04,False,Indonesia,Lokal,173,kiri,2024-08-09,"Madura United U21 (2016), Bali United U21 (2016)",2026-06-30,-,0,434545455,DECREASED,0,0,0,0,0.0,0,0,2026-10-05
1441337,21,Zegga Novembrian,Persibo Bojonegoro,Indonesia (Liga 3),IN3L,3,Depan-Tengah,Attack,19,2006-11-21,True,Indonesia,Lokal,0,kanan,2025-08-13,"SSB ASIFA, Persis U18",-,-,0,0,STABLE,0,0,0,0,0.0,0,0,2026-10-05
1352671,17,Jhon Wutoy,Persibo Bojonegoro,Indonesia (Liga 3),IN3L,3,Gel. Tengah,Midfielder,23,2003-04-06,False,Indonesia,Lokal,0,kanan,2025-08-23,PON Papua Barat,-,-,0,0,STABLE,0,0,0,0,0.0,0,0,2026-10-05
1055511,0,Fahmi Idris,Persinga Ngawi,Indonesia (Liga 3),IN3L,3,Kiper,Goalkeeper,30,1996-09-04,False,Indonesia,Lokal,0,kanan,2026-03-08,UNTAG Rosita Surabaya U15 (2016),-,-,0,173818182,DECREASED,0,0,0,0,0.0,0,0,2026-10-05
724645,0,Zulkhairi,Persinga Ngawi,Indonesia (Liga 3),IN3L,3,Bek-Tengah,Defender,29,1996-12-21,False,Indonesia,Lokal,174,kanan,2025-11-25,"Porwil Kab. Langkat (2014), PSMS U21 (2015)",-,-,0,173818182,DECREASED,0,0,0,0,0.0,0,0,2026-10-05
875195,0,Reza Fauzan,Persinga Ngawi,Indonesia (Liga 3),IN3L,3,Bek-Tengah,Defender,24,2002-05-20,False,Indonesia,Lokal,177,kanan,2024-08-01,"SSB Patriot Panton Labu, Garuda Select (2019), Persija U18 (",-,-,0,434545455,DECREASED,0,0,0,0,0.0,0,0,2026-10-05
902898,0,Nanda Helvrit,Persinga Ngawi,Indonesia (Liga 3),IN3L,3,Bek-Tengah,Defender,29,1997-04-09,False,Indonesia,Lokal,185,kanan,2026-09-19,PSCS Cilacap Youth (2014),-,-,0,173818182,DECREASED,0,0,0,0,0.0,0,0,2026-10-05
1310954,0,Ronald Affrizal,Persinga Ngawi,Indonesia (Liga 3),IN3L,3,Bek-Tengah,Defender,20,2006-06-23,True,Indonesia,Lokal,0,kanan,2026-09-19,"Perseta Tulungagung U17 (2023), Deltras U17 (2024)",-,-,0,0,STABLE,0,0,0,0,0.0,0,0,2026-10-05
1336934,0,Ilham Noer,Persinga Ngawi,Indonesia (Liga 3),IN3L,3,Bek-Kiri,Defender,20,2006-02-15,True,Indonesia,Lokal,168,kanan,2026-03-01,"SSB Petrokimia, Gresik United U17 (2022-2023), Arema FC U20 ",-,-,0,0,STABLE,0,0,0,0,0.0,0,0,2026-10-05
722687,17,Dwi Cahyono,Persinga Ngawi,Indonesia (Liga 3),IN3L,3,Gel. Serang,Midfielder,36,1990-06-17,False,Indonesia,Lokal,171,kanan,2025-01-04,-,-,-,0,434545455,DECREASED,0,0,0,0,0.0,0,0,2026-10-05
1604798,0,Akbar Syakira,Persinga Ngawi,Indonesia (Liga 3),IN3L,3,Gel. Tengah,Midfielder,0,-,False,Indonesia,Lokal,0,kanan,2026-04-01,Safin Pati SS,-,-,0,0,STABLE,0,0,0,0,0.0,0,0,2026-10-05
722693,0,Dimas Galih,Persinga Ngawi,Indonesia (Liga 3),IN3L,3,Depan-Tengah,Attack,34,1991-11-15,False,Indonesia,Lokal,172,kiri,2026-09-19,Pelita Jaya U21 (2010-2012),-,-,0,869090909,DECREASED,0,0,0,0,0.0,0,0,2026-10-05
1062688,0,Muhamad Gaoshirowi,Persinga Ngawi,Indonesia (Liga 3),IN3L,3,Depan-Tengah,Attack,20,2006-01-18,True,Indonesia,Lokal,170,kanan,2026-09-19,"SSB Mandiri Gerby, SSB Zeroosix Sukabumi, Akademi PERSIB Cim",-,-,0,0,STABLE,0,0,0,0,0.0,0,0,2026-10-05
1353797,0,Muhammad Alvin,Persinga Ngawi,Indonesia (Liga 3),IN3L,3,Depan-Tengah,Attack,24,2002-04-08,False,Indonesia,Lokal,174,kanan,2026-09-19,SSB Tandem Putra,-,-,0,0,STABLE,0,0,0,0,0.0,0,0,2026-10-05
1486427,0,Qoyum Nazaludin,Persinga Ngawi,Indonesia (Liga 3),IN3L,3,Depan-Tengah,Attack,22,2004-08-26,True,Indonesia,Lokal,0,kanan,2026-09-19,-,-,-,0,0,STABLE,0,0,0,0,0.0,0,0,2026-10-05
1351066,0,Yousa Kalep,Persinga Ngawi,Indonesia (Liga 3),IN3L,3,Gel. Tengah,Midfielder,23,2003-03-12,False,Indonesia,Lokal,0,kanan,2026-01-01,"Pra PON Papua Barat (2023), PON Papua Barat (2024)",-,-,0,0,STABLE,0,0,0,0,0.0,0,0,2026-10-05
1604796,0,Bathsya Dewa,Persinga Ngawi,Indonesia (Liga 3),IN3L,3,Gel. Tengah,Midfielder,19,2007-04-27,True,Indonesia,Lokal,0,kanan,2026-09-21,"Persip Pesanggrahan, Persedikab Youth (2024), Dewa United U1",-,-,0,0,STABLE,0,0,0,0,0.0,0,0,2026-10-05
1604799,0,Rezza Maulana,Persinga Ngawi,Indonesia (Liga 3),IN3L,3,Gel. Tengah,Midfielder,19,2007-09-16,True,Indonesia,Lokal,0,kanan,2026-09-21,"SSB Bintang Putra Sidoarjo, Arema FC U18 (2024-2025), Deltra",-,-,0,0,STABLE,0,0,0,0,0.0,0,0,2026-10-05
1156694,87,Aminudin Noor,Persipa Pati,Indonesia (Liga 3),IN3L,3,Kiper,Goalkeeper,25,2001-01-29,False,Indonesia,Lokal,175,kanan,2025-11-01,"Akademi Arema Ngunut Tulungagung, Perseta Tulungagung U17 (2",-,-,0,173818182,DECREASED,0,0,0,0,0.0,0,0,2026-10-05
1471176,20,Ferdiand Gunawan,Persipa Pati,Indonesia (Liga 3),IN3L,3,Kiper,Goalkeeper,21,2005-01-13,True,Indonesia,Lokal,0,kanan,2025-10-10,"Persiku U17 (2022),  Barito Putera U18 (2022-2023), PSIS U20",-,-,0,0,STABLE,0,0,0,0,0.0,0,0,2026-10-05
1471175,31,Adhiel Tristanto,Persipa Pati,Indonesia (Liga 3),IN3L,3,Kiper,Goalkeeper,18,2008-08-11,True,Indonesia,Lokal,0,kanan,2025-10-10,Safin Pati Youth (2025),-,-,0,0,STABLE,0,0,0,0,0.0,0,0,2026-10-05
1015864,32,Khoirul Hudha,Persipa Pati,Indonesia (Liga 3),IN3L,3,Bek-Tengah,Defender,27,1999-06-18,False,Indonesia,Lokal,172,kanan,2021-08-23,-,2026-04-30,-,0,434545455,DECREASED,0,0,0,0,0.0,0,0,2026-10-05
1485428,14,Zidan Ramadhan,Persipa Pati,Indonesia (Liga 3),IN3L,3,Bek-Tengah,Defender,22,2003-11-10,True,Indonesia,Lokal,0,kanan,2025-11-01,"SSB Bibit (2020), Borneo FC U18 (2021)",-,-,0,0,STABLE,0,0,0,0,0.0,0,0,2026-10-05
1312940,15,Syarif Rafa,Persipa Pati,Indonesia (Liga 3),IN3L,3,Bek-Tengah,Defender,22,2004-05-11,True,Indonesia,Lokal,0,kanan,2025-11-01,KFA Lamongan,-,-,0,0,STABLE,0,0,0,0,0.0,0,0,2026-10-05
817894,3,Yudha Febrian,Persipa Pati,Indonesia (Liga 3),IN3L,3,Bek-Kiri,Defender,24,2002-02-13,False,Indonesia,Lokal,175,kiri,2025-11-28,"SSB Cibinong Putra (2008-2018), Barito Putera U18 (2018-2019",-,-,0,869090909,DECREASED,0,0,0,0,0.0,0,0,2026-10-05
1485425,5,Andhika Bawan,Persipa Pati,Indonesia (Liga 3),IN3L,3,Bek-Kiri,Defender,19,2007-01-05,True,Indonesia,Lokal,0,kanan,2025-11-01,Safin Pati Youth (2023),-,-,0,0,STABLE,0,0,0,0,0.0,0,0,2026-10-05
1062507,23,Dava Syailendra,Persipa Pati,Indonesia (Liga 3),IN3L,3,Bek-Kanan,Defender,23,2003-08-03,False,Indonesia,Lokal,0,kanan,2025-11-01,"Puslat Pati (-2021), PPLP Jateng (2018-2021)",-,-,0,173818182,DECREASED,0,0,0,0,0.0,0,0,2026-10-05
1485424,2,Marcel Irawan,Persipa Pati,Indonesia (Liga 3),IN3L,3,Bek-Kanan,Defender,20,2006-03-11,True,Indonesia,Lokal,0,kanan,2025-11-01,Persiku Kudus Youth (2024),-,-,0,0,STABLE,0,0,0,0,0.0,0,0,2026-10-05
1485433,78,Damar Nawawi,Persipa Pati,Indonesia (Liga 3),IN3L,3,Bek-Kanan,Defender,19,2007-08-17,True,Indonesia,Lokal,0,kanan,2025-11-01,Persiku Youth (2023),-,-,0,0,STABLE,0,0,0,0,0.0,0,0,2026-10-05
724291,8,Yuda Risky,Persipa Pati,Indonesia (Liga 3),IN3L,3,Gel. Bertahan,Midfielder,28,1998-08-06,False,Indonesia,Lokal,172,kanan,2025-10-23,"Milan Junior Camp Bali (2011), Diklat PPLP Sumut (2013-2016)",-,-,0,434545455,DECREASED,0,0,0,0,0.0,0,0,2026-10-05
1203542,42,Ahmed Syuhada,Persipa Pati,Indonesia (Liga 3),IN3L,3,Gel. Bertahan,Midfielder,25,2001-06-24,False,Indonesia,Lokal,0,kanan,2024-08-23,"Perigi FC Youth (2016)
Liga Topskor Palu U16 (2017)",-,-,0,434545455,DECREASED,0,0,0,0,0.0,0,0,2026-10-05
1313805,6,Muhammad Ardiansyah,Persipa Pati,Indonesia (Liga 3),IN3L,3,Gel. Bertahan,Midfielder,22,2004-06-19,True,Indonesia,Lokal,165,kanan,2025-11-25,"Bima United (-2022), Persebi Bima (2022-2023), Borneo U20 (2",-,-,0,0,STABLE,0,0,0,0,0.0,0,0,2026-10-05
1476270,21,Habib Rohman,Persipa Pati,Indonesia (Liga 3),IN3L,3,Gel. Tengah,Midfielder,20,2006-04-09,True,Indonesia,Lokal,0,kanan,2025-10-14,Persiku Youth (2023),-,-,0,0,STABLE,0,0,0,0,0.0,0,0,2026-10-05
1485434,36,Azura Permana,Persipa Pati,Indonesia (Liga 3),IN3L,3,Gel. Tengah,Midfielder,23,2003-06-06,False,Indonesia,Lokal,0,kanan,2025-11-01,"SSB FU15, Borneo U20, PON Banten",-,-,0,0,STABLE,0,0,0,0,0.0,0,0,2026-10-05
1485430,16,Reza Priyanto,Persipa Pati,Indonesia (Liga 3),IN3L,3,Gelandang Kiri,Midfielder,21,2005-04-18,True,Indonesia,Lokal,0,kanan,2025-11-01,-,-,-,0,0,STABLE,0,0,0,0,0.0,0,0,2026-10-05
1352329,29,Fajar Ananta,Persipa Pati,Indonesia (Liga 3),IN3L,3,Gel. Tengah,Midfielder,21,2005-05-26,True,Indonesia,Lokal,0,kanan,2025-10-14,"Akademi Safin Pati (2021), Persikabo 1973 U18 (2022)",-,-,0,0,STABLE,0,0,0,0,0.0,0,0,2026-10-05
1015862,10,Ade Kurniawan,Persipa Pati,Indonesia (Liga 3),IN3L,3,Sayap Kiri,Attack,33,1993-04-06,False,Indonesia,Lokal,0,kanan,2025-10-13,"SSB Trangkil, PON Jateng (2016)",-,-,0,0,STABLE,0,0,0,0,0.0,0,0,2026-10-05
1015865,17,Munirul Anam,Persipa Pati,Indonesia (Liga 3),IN3L,3,Sayap Kiri,Attack,25,2001-02-19,False,Indonesia,Lokal,0,kanan,2025-10-22,"Persipa Pati Youth (2019-2020), Pudiklat Pati 2001 (2021)",-,-,0,173818182,DECREASED,0,0,0,0,0.0,0,0,2026-10-05
1476269,11,Fatkur Wahib,Persipa Pati,Indonesia (Liga 3),IN3L,3,Sayap Kiri,Attack,23,2003-05-05,False,Indonesia,Lokal,0,kanan,2025-10-15,-,-,-,0,0,STABLE,0,0,0,0,0.0,0,0,2026-10-05
1485427,13,Riza Fahlevy,Persipa Pati,Indonesia (Liga 3),IN3L,3,Sayap Kiri,Attack,23,2003-07-04,False,Indonesia,Lokal,0,kanan,2025-11-01,Dewa United Banten U20 (2023),-,-,0,0,STABLE,0,0,0,0,0.0,0,0,2026-10-05
1338194,22,Dinar Safi,Persipa Pati,Indonesia (Liga 3),IN3L,3,Sayap Kiri,Attack,21,2005-04-24,True,Indonesia,Lokal,155,kanan,2025-11-25,"Barito Putera U16 (2023), Barito Putera U18 (2023), Barito P",-,-,0,0,STABLE,0,0,0,0,0.0,0,0,2026-10-05
1485432,24,Akmil Syahrandi,Persipa Pati,Indonesia (Liga 3),IN3L,3,Sayap Kiri,Attack,22,2003-10-09,True,Indonesia,Lokal,168,kanan,2025-11-01,PON Aceh (2024),-,-,0,0,STABLE,0,0,0,0,0.0,0,0,2026-10-05
1181885,71,Huone Figo,Persipa Pati,Indonesia (Liga 3),IN3L,3,Sayap Kanan,Attack,22,2004-05-20,True,Indonesia,Lokal,0,kiri,2025-10-15,Ricky Nelson Academy,-,-,0,0,STABLE,0,0,0,0,0.0,0,0,2026-10-05
875216,27,Farrel Arya,Persipa Pati,Indonesia (Liga 3),IN3L,3,Depan-Tengah,Attack,24,2002-07-01,False,Indonesia,Lokal,0,kiri,2025-10-14,"PPLP Jateng (2018-2019), PSIS U17 (2019), PSIS U18 (2020)",-,-,0,434545455,DECREASED,0,0,0,0,0.0,0,0,2026-10-05
1485426,9,Muhamad Saefullah,Persipa Pati,Indonesia (Liga 3),IN3L,3,Depan-Tengah,Attack,30,1996-01-31,False,Indonesia,Lokal,0,kanan,2025-11-01,-,-,-,0,0,STABLE,0,0,0,0,0.0,0,0,2026-10-05
1486410,1,Rendi Andika,Putra Sang Fajar FC,Indonesia (Liga 3),IN3L,3,Kiper,Goalkeeper,22,2004-07-10,True,Indonesia,Lokal,0,kanan,2025-09-01,-,-,-,0,0,STABLE,0,0,0,0,0.0,0,0,2026-10-05
1486424,19,Asyurah Al Faqih,Putra Sang Fajar FC,Indonesia (Liga 3),IN3L,3,Kiper,Goalkeeper,21,2005-02-19,True,Indonesia,Lokal,0,kanan,2025-09-01,PSM MAKASSAR U18 (2023),-,-,0,0,STABLE,0,0,0,0,0.0,0,0,2026-10-05
1486425,21,Alwan Ariyanto,Putra Sang Fajar FC,Indonesia (Liga 3),IN3L,3,Kiper,Goalkeeper,24,2002-01-08,False,Indonesia,Lokal,0,kanan,2025-09-01,"PPLPD Muba (2018-2021), PORPROV Lampung",-,-,0,0,STABLE,0,0,0,0,0.0,0,0,2026-10-05
1486430,26,Saelan Putra,Putra Sang Fajar FC,Indonesia (Liga 3),IN3L,3,Kiper,Goalkeeper,19,2007-01-02,True,Indonesia,Lokal,0,kanan,2025-09-01,-,-,-,0,0,STABLE,0,0,0,0,0.0,0,0,2026-10-05
1486413,4,Izzan Al Nasir,Putra Sang Fajar FC,Indonesia (Liga 3),IN3L,3,Bek-Tengah,Defender,20,2006-05-09,True,Indonesia,Lokal,0,kanan,2025-09-01,"Indonesia Muda Football Academy (2022), PSIS U18 (2022), PER",-,-,0,0,STABLE,0,0,0,0,0.0,0,0,2026-10-05
1486426,22,Alvi,Putra Sang Fajar FC,Indonesia (Liga 3),IN3L,3,Bek-Tengah,Defender,23,2003-01-22,False,Indonesia,Lokal,0,kanan,2025-09-01,-,-,-,0,0,STABLE,0,0,0,0,0.0,0,0,2026-10-05
1486433,29,Fathur Rahman,Putra Sang Fajar FC,Indonesia (Liga 3),IN3L,3,Bek-Tengah,Defender,20,2006-03-26,True,Indonesia,Lokal,0,kanan,2025-09-01,-,-,-,0,0,STABLE,0,0,0,0,0.0,0,0,2026-10-05
1486434,32,Doni Setiawan,Putra Sang Fajar FC,Indonesia (Liga 3),IN3L,3,Bek-Tengah,Defender,28,1997-11-16,False,Indonesia,Lokal,0,kanan,2023-07-01,-,-,-,0,0,STABLE,0,0,0,0,0.0,0,0,2026-10-05
1486414,5,Dimas Saputra,Putra Sang Fajar FC,Indonesia (Liga 3),IN3L,3,Bek-Kiri,Defender,21,2005-04-09,True,Indonesia,Lokal,0,kanan,2025-09-01,-,-,-,0,0,STABLE,0,0,0,0,0.0,0,0,2026-10-05
1486431,27,Gilang Ananda,Putra Sang Fajar FC,Indonesia (Liga 3),IN3L,3,Bek-Kiri,Defender,22,2004-02-20,True,Indonesia,Lokal,0,kanan,2025-09-01,-,-,-,0,0,STABLE,0,0,0,0,0.0,0,0,2026-10-05
1486412,3,Angger Ristiawan,Putra Sang Fajar FC,Indonesia (Liga 3),IN3L,3,Bek-Kanan,Defender,26,2000-09-12,False,Indonesia,Lokal,0,kanan,2025-09-01,-,-,-,0,0,STABLE,0,0,0,0,0.0,0,0,2026-10-05
1486432,28,Rakha Mahardika,Putra Sang Fajar FC,Indonesia (Liga 3),IN3L,3,Bek-Kanan,Defender,20,2006-01-22,True,Indonesia,Lokal,0,kanan,2025-09-01,-,-,-,0,0,STABLE,0,0,0,0,0.0,0,0,2026-10-05
1486411,2,Fajar Khoirul,Putra Sang Fajar FC,Indonesia (Liga 3),IN3L,3,Gel. Tengah,Midfielder,0,-,False,Indonesia,Lokal,0,kanan,2024-07-01,-,-,-,0,0,STABLE,0,0,0,0,0.0,0,0,2026-10-05
1486436,34,Habib Al-Awal,Putra Sang Fajar FC,Indonesia (Liga 3),IN3L,3,Gel. Tengah,Midfielder,0,-,False,Indonesia,Lokal,0,kanan,2025-09-01,-,-,-,0,0,STABLE,0,0,0,0,0.0,0,0,2026-10-05
1486438,36,Zaim Almubarok,Putra Sang Fajar FC,Indonesia (Liga 3),IN3L,3,Gel. Tengah,Midfielder,20,2006-06-01,True,Indonesia,Lokal,0,kanan,2024-11-01,"SSB Persegrata (2022), Persikabo 1973 U18 (2023)",-,-,0,0,STABLE,0,0,0,0,0.0,0,0,2026-10-05
1486421,14,Afri Age,Putra Sang Fajar FC,Indonesia (Liga 3),IN3L,3,Gel. Bertahan,Midfielder,24,2002-04-28,False,Indonesia,Lokal,0,kanan,2023-07-01,-,-,-,0,0,STABLE,0,0,0,0,0.0,0,0,2026-10-05
1486423,18,Ridwan Firdian,Putra Sang Fajar FC,Indonesia (Liga 3),IN3L,3,Gel. Bertahan,Midfielder,21,2005-03-27,True,Indonesia,Lokal,0,kanan,2025-09-01,"Indonesia Muda Football Academy (2021), PSIS U16 (2022)",-,-,0,0,STABLE,0,0,0,0,0.0,0,0,2026-10-05
1486415,6,Richo Hans,Putra Sang Fajar FC,Indonesia (Liga 3),IN3L,3,Gel. Tengah,Midfielder,23,2003-05-12,False,Indonesia,Lokal,0,kanan,2024-07-01,"Badak Lampung U16 (2019), SSB PSP Punggur (2022)",-,-,0,0,STABLE,0,0,0,0,0.0,0,0,2026-10-05
1486420,12,Dedy Jaenuar,Putra Sang Fajar FC,Indonesia (Liga 3),IN3L,3,Gel. Tengah,Midfielder,21,2005-01-17,True,Indonesia,Lokal,0,kanan,2025-09-01,-,-,-,0,0,STABLE,0,0,0,0,0.0,0,0,2026-10-05
1486428,24,Farel Fahlevi,Putra Sang Fajar FC,Indonesia (Liga 3),IN3L,3,Gel. Tengah,Midfielder,20,2006-03-24,True,Indonesia,Lokal,0,kanan,2025-09-01,-,-,-,0,0,STABLE,0,0,0,0,0.0,0,0,2026-10-05
1486435,33,Sabriwanasir,Putra Sang Fajar FC,Indonesia (Liga 3),IN3L,3,Gel. Tengah,Midfielder,21,2005-04-16,True,Indonesia,Lokal,0,kanan,2025-09-01,-,-,-,0,0,STABLE,0,0,0,0,0.0,0,0,2026-10-05
1486416,8,Bayu Noperanda,Putra Sang Fajar FC,Indonesia (Liga 3),IN3L,3,Gelandang Kiri,Midfielder,32,1993-11-29,False,Indonesia,Lokal,0,kanan,2025-09-01,-,-,-,0,0,STABLE,0,0,0,0,0.0,0,0,2026-10-05
1486418,10,Ariesta Renaldo,Putra Sang Fajar FC,Indonesia (Liga 3),IN3L,3,Gel. Serang,Midfielder,25,2001-03-23,False,Indonesia,Lokal,0,kanan,2022-07-01,-,-,-,0,0,STABLE,0,0,0,0,0.0,0,0,2026-10-05
1486437,35,Falencio Davinsi,Putra Sang Fajar FC,Indonesia (Liga 3),IN3L,3,Gel. Tengah,Midfielder,0,-,False,Indonesia,Lokal,0,kanan,2025-11-01,Porwil Bengkulu (2022-2023),-,-,0,0,STABLE,0,0,0,0,0.0,0,0,2026-10-05
1486417,9,Anka Rigardi,Putra Sang Fajar FC,Indonesia (Liga 3),IN3L,3,Depan-Tengah,Attack,20,2005-12-28,True,Indonesia,Lokal,0,kanan,2025-09-01,Borneo FC U18 (2023),-,-,0,0,STABLE,0,0,0,0,0.0,0,0,2026-10-05
1486419,11,Iqbal Tri,Putra Sang Fajar FC,Indonesia (Liga 3),IN3L,3,Depan-Tengah,Attack,25,2001-03-18,False,Indonesia,Lokal,0,kanan,2024-07-01,-,-,-,0,0,STABLE,0,0,0,0,0.0,0,0,2026-10-05
1486422,17,Yahya Kardinando,Putra Sang Fajar FC,Indonesia (Liga 3),IN3L,3,Depan-Tengah,Attack,31,1995-07-29,False,Indonesia,Lokal,0,kanan,2025-09-01,-,-,-,0,0,STABLE,0,0,0,0,0.0,0,0,2026-10-05
1486429,25,Fajarubi Fauzia,Putra Sang Fajar FC,Indonesia (Liga 3),IN3L,3,Depan-Tengah,Attack,24,2002-06-25,False,Indonesia,Lokal,0,kanan,2025-09-01,-,-,-,0,0,STABLE,0,0,0,0,0.0,0,0,2026-10-05
990610,0,Faza Al Firdaus,Persika Karanganyar,Indonesia (Liga 3),IN3L,3,Kiper,Goalkeeper,21,2005-08-06,True,Indonesia,Lokal,182,kanan,2026-10-02,"KKO Surakarta (-2022), PERSIS U20 (2022-2023), PERSIS U18 (2",-,-,0,0,STABLE,0,0,0,0,0.0,0,0,2026-10-05
1171720,66,Yudha Aditya,Persika Karanganyar,Indonesia (Liga 3),IN3L,3,Kiper,Goalkeeper,23,2003-03-08,False,Indonesia,Lokal,0,kanan,2025-10-07,"SSB Siaga Pratama (2020), Dewa United U20 (2022-2023)
",-,-,0,173818182,DECREASED,0,0,0,0,0.0,0,0,2026-10-05
1305756,0,Arya Sheka,Persika Karanganyar,Indonesia (Liga 3),IN3L,3,Kiper,Goalkeeper,18,2008-03-03,True,Indonesia,Lokal,183,kanan,2026-10-01,"SKO Surakarta, PERSIS U16 (2022-2023), PERSIS U18 (2024-2025",-,-,0,0,STABLE,0,0,0,0,0.0,0,0,2026-10-05
559283,0,Rio Saputro,Persika Karanganyar,Indonesia (Liga 3),IN3L,3,Bek-Tengah,Defender,30,1995-12-07,False,Indonesia,Lokal,184,kiri,2026-09-27,"PS Mitra Buana, Persijap U21 (2013–2014), PON Jawa Tengah (2",-,-,0,434545455,DECREASED,0,0,0,0,0.0,0,0,2026-10-05
989221,0,Ibnul Mubarak,Persika Karanganyar,Indonesia (Liga 3),IN3L,3,Bek-Tengah,Defender,21,2004-10-14,True,Indonesia,Lokal,187,kanan,2026-09-20,"SSB Total SMB, Penajam Utama FC (2019), Garuda Select (2020-",-,-,0,434545455,DECREASED,0,0,0,0,0.0,0,0,2026-10-05
1168948,0,Ifan Izdihar,Persika Karanganyar,Indonesia (Liga 3),IN3L,3,Bek-Tengah,Defender,22,2003-11-21,True,Indonesia,Lokal,177,kanan,2026-07-01,"Persija U18 (2020-2021), Nusantara United U20 (2022)",2027-06-30,-,0,434545455,DECREASED,0,0,0,0,0.0,0,0,2026-10-05
1292368,0,Nur Aziz,Persika Karanganyar,Indonesia (Liga 3),IN3L,3,Bek-Tengah,Defender,21,2005-03-11,True,Indonesia,Lokal,174,kanan,2026-09-20,"Diklat Cilo Sportivo Magelang, Popnas Jateng (2022), PSS Sle",-,-,0,869090909,DECREASED,0,0,0,0,0.0,0,0,2026-10-05
1347604,0,Yulfikar Mansur,Persika Karanganyar,Indonesia (Liga 3),IN3L,3,Bek-Tengah,Defender,20,2006-02-25,True,Indonesia,Lokal,176,kanan,2026-10-02,"PFA Sukoharjo (-2022), PERSIS U16 (2022-2023), PERSIS U18 (2",-,-,0,0,STABLE,0,0,0,0,0.0,0,0,2026-10-05
1313115,6,Revaldo Agusto,Persika Karanganyar,Indonesia (Liga 3),IN3L,3,Bek-Tengah,Defender,20,2006-08-24,True,Indonesia,Lokal,0,kanan,2025-09-24,"PPLP Jateng (-2024), Bhayangkara U18 (-2024), Tim Nasional P",-,-,0,0,STABLE,0,0,0,0,0.0,0,0,2026-10-05
1352914,20,Genta Pramudiya,Persika Karanganyar,Indonesia (Liga 3),IN3L,3,Bek-Tengah,Defender,23,2003-09-23,False,Indonesia,Lokal,0,kanan,2025-09-24,PSS Sleman U18 (2020-2022) PSS Sleman U20 (2022-2023),-,-,0,0,STABLE,0,0,0,0,0.0,0,0,2026-10-05
1486030,33,Aan Aris,Persika Karanganyar,Indonesia (Liga 3),IN3L,3,Bek-Tengah,Defender,24,2002-08-22,False,Indonesia,Lokal,0,kanan,2025-03-01,Porprov Pati (2021),2026-06-30,-,0,0,STABLE,0,0,0,0,0.0,0,0,2026-10-05
1312949,14,Restu Hamdani,Persika Karanganyar,Indonesia (Liga 3),IN3L,3,Bek-Kiri,Defender,21,2005-01-14,True,Indonesia,Lokal,165,kiri,2025-09-24,PFA Sukoharjo (-2023),2027-06-30,-,0,869090909,DECREASED,0,0,0,0,0.0,0,0,2026-10-05
1351193,0,Musril,Persika Karanganyar,Indonesia (Liga 3),IN3L,3,Bek-Kiri,Defender,21,2005-08-14,True,Indonesia,Lokal,165,kanan,2026-10-02,"PSM U18 (2023), PSM U20 (2024-2025)",-,-,0,0,STABLE,0,0,0,0,0.0,0,0,2026-10-05
1486027,13,Werkudoro Al Maheswara,Persika Karanganyar,Indonesia (Liga 3),IN3L,3,Bek-Kiri,Defender,23,2003-02-13,False,Indonesia,Lokal,0,kanan,2025-09-01,"ASIFA, Madura United U20 (2023)",-,-,0,0,STABLE,0,0,0,0,0.0,0,0,2026-10-05
1353116,79,Muhammad Kifly,Persika Karanganyar,Indonesia (Liga 3),IN3L,3,Bek-Kiri,Defender,22,2004-03-30,True,Indonesia,Lokal,0,kanan,2025-11-01,"PS Sergai, PSSA Asahan U17 (2021-2022), Porprov Sumut (2022)",-,-,0,0,STABLE,0,0,0,0,0.0,0,0,2026-10-05
1486028,22,Adhriansyah Francoies,Persika Karanganyar,Indonesia (Liga 3),IN3L,3,Bek-Kanan,Defender,23,2003-08-17,False,Indonesia,Lokal,0,kanan,2024-12-01,Popda Sukoharjo (2020),2026-06-30,-,0,0,STABLE,0,0,0,0,0.0,0,0,2026-10-05
1608226,0,Davin Herdiansa,Persika Karanganyar,Indonesia (Liga 3),IN3L,3,Gel. Tengah,Midfielder,0,-,False,Indonesia,Lokal,0,kanan,2026-10-01,"Persika Karanganyar U17 (2025), Kendal Tornado U19 (2026)",-,-,0,0,STABLE,0,0,0,0,0.0,0,0,2026-10-05
1608227,0,Hasan Khotim,Persika Karanganyar,Indonesia (Liga 3),IN3L,3,Gel. Tengah,Midfielder,0,-,False,Indonesia,Lokal,0,kanan,2026-10-01,"Liga Topskor, Popda Surakarta, Persika Karanganyar U17 (2024",-,-,0,0,STABLE,0,0,0,0,0.0,0,0,2026-10-05
1353803,23,Safri Watimena,Persika Karanganyar,Indonesia (Liga 3),IN3L,3,Gel. Tengah,Midfielder,24,2002-06-12,False,Indonesia,Lokal,0,kanan,2025-10-11,-,-,-,0,0,STABLE,0,0,0,0,0.0,0,0,2026-10-05
892877,0,Arif Agung,Persika Karanganyar,Indonesia (Liga 3),IN3L,3,Gel. Bertahan,Midfielder,28,1998-07-10,False,Indonesia,Lokal,176,kanan,2026-10-02,PSISra Junior (2015),-,-,0,434545455,DECREASED,0,0,0,0,0.0,0,0,2026-10-05
1292371,0,Relosa Rivan,Persika Karanganyar,Indonesia (Liga 3),IN3L,3,Gel. Bertahan,Midfielder,20,2005-12-05,True,Indonesia,Lokal,0,kanan,2026-09-20,"Persig Gunungkidul U15 (2022), Garuda Muda Mataram U17 (2023",-,-,0,434545455,DECREASED,0,0,0,0,0.0,0,0,2026-10-05
1150386,24,Raihan Ashari,Persika Karanganyar,Indonesia (Liga 3),IN3L,3,Gel. Bertahan,Midfielder,23,2003-02-24,False,Indonesia,Lokal,170,kanan,2025-09-27,"Persija U16 (2019)
Villa 2000 FC (2020)
",-,-,0,173818182,DECREASED,0,0,0,0,0.0,0,0,2026-10-05
1461326,28,Mohamad Iqbal,Persika Karanganyar,Indonesia (Liga 3),IN3L,3,Gel. Bertahan,Midfielder,23,2003-06-14,False,Indonesia,Lokal,0,kanan,2024-09-01,-,2027-06-30,-,0,0,STABLE,0,0,0,0,0.0,0,0,2026-10-05
940454,4,Abi Defa,Persika Karanganyar,Indonesia (Liga 3),IN3L,3,Gel. Tengah,Midfielder,27,1999-10-05,False,Indonesia,Lokal,0,kanan,2025-09-01,PERSIB U20 (2019),2027-06-30,-,0,434545455,DECREASED,0,0,0,0,0.0,0,0,2026-10-05
1486026,8,Yogiek Fernanda,Persika Karanganyar,Indonesia (Liga 3),IN3L,3,Gel. Tengah,Midfielder,22,2004-02-23,True,Indonesia,Lokal,0,kanan,2024-09-30,-,2027-06-30,-,0,0,STABLE,0,0,0,0,0.0,0,0,2026-10-05
506133,0,Roni Sugeng,Persika Karanganyar,Indonesia (Liga 3),IN3L,3,Gel. Serang,Midfielder,28,1998-04-18,False,Indonesia,Lokal,170,kanan,2026-09-30,"SSB IM Sragen, PPLP Jateng, PERSIS Solo (2015), PS TNI U21 (",-,-,0,869090909,DECREASED,0,0,0,0,0.0,0,0,2026-10-05
1347623,0,Rexo Dolby,Persika Karanganyar,Indonesia (Liga 3),IN3L,3,Gel. Serang,Midfielder,20,2005-11-18,True,Indonesia,Lokal,165,kanan,2026-10-03,"PFA Sukoharjo (-2023), PERSIS U18 (2023-2024), PERSIS U20 (2",-,-,0,0,STABLE,0,0,0,0,0.0,0,0,2026-10-05
1353187,0,Ragil Yusuf,Persika Karanganyar,Indonesia (Liga 3),IN3L,3,Gel. Tengah,Midfielder,21,2005-01-31,True,Indonesia,Lokal,0,kanan,2026-10-02,"Arema U20 (2023-2024), PON Jawa Timur",-,-,0,0,STABLE,0,0,0,0,0.0,0,0,2026-10-05
1604800,0,Luqman Fadhil,Persika Karanganyar,Indonesia (Liga 3),IN3L,3,Gel. Tengah,Midfielder,0,-,False,Indonesia,Lokal,0,kanan,2026-09-20,-,-,-,0,0,STABLE,0,0,0,0,0.0,0,0,2026-10-05
1467694,30,Zaim Akbar,Persika Karanganyar,Indonesia (Liga 3),IN3L,3,Gel. Tengah,Midfielder,0,-,False,Indonesia,Lokal,0,kanan,2025-09-24,PSIK Klaten U17 (2023 - 2025),-,-,0,0,STABLE,0,0,0,0,0.0,0,0,2026-10-05
1353476,71,Wahyu Hidayat,Persika Karanganyar,Indonesia (Liga 3),IN3L,3,Gel. Tengah,Midfielder,23,2003-04-04,False,Indonesia,Lokal,0,kanan,2025-11-01,-,-,-,0,0,STABLE,0,0,0,0,0.0,0,0,2026-10-05
1486031,88,Tri Wibowo,Persika Karanganyar,Indonesia (Liga 3),IN3L,3,Gel. Tengah,Midfielder,33,1993-01-26,False,Indonesia,Lokal,0,kanan,2024-09-01,-,2026-06-30,-,0,0,STABLE,0,0,0,0,0.0,0,0,2026-10-05
506129,0,Wawan Febrianto,Persika Karanganyar,Indonesia (Liga 3),IN3L,3,Sayap Kiri,Attack,32,1994-02-23,False,Indonesia,Lokal,167,kiri,2026-09-16,"Deportivo Indonesia (2011-2012), Pelita Bandung Raya U21 (20",-,-,0,869090909,DECREASED,0,0,0,0,0.0,0,0,2026-10-05
1041743,19,Romadona,Persika Karanganyar,Indonesia (Liga 3),IN3L,3,Sayap Kiri,Attack,23,2003-03-05,False,Indonesia,Lokal,179,kanan,2025-07-01,"PSS Sleman U18 (2021), PERSIS U20 (2022-2025)",-,-,0,434545455,DECREASED,0,0,0,0,0.0,0,0,2026-10-05
1486029,26,Alsa Kiat,Persika Karanganyar,Indonesia (Liga 3),IN3L,3,Sayap Kiri,Attack,24,2001-10-26,False,Indonesia,Lokal,0,kanan,2025-11-01,-,-,-,0,0,STABLE,0,0,0,0,0.0,0,0,2026-10-05
1353375,77,Dewa Sapalas,Persika Karanganyar,Indonesia (Liga 3),IN3L,3,Sayap Kanan,Attack,20,2006-05-01,True,Indonesia,Lokal,175,kanan,2025-11-01,Semen Padang U20 (2024),-,-,0,173818182,DECREASED,0,0,0,0,0.0,0,0,2026-10-05
1486025,7,Khalilla Kurniawan,Persika Karanganyar,Indonesia (Liga 3),IN3L,3,Sayap Kanan,Attack,20,2006-04-18,True,Indonesia,Lokal,0,kanan,2025-09-01,-,-,-,0,0,STABLE,0,0,0,0,0.0,0,0,2026-10-05
940475,0,Afdal Yusra,Persika Karanganyar,Indonesia (Liga 3),IN3L,3,Depan-Tengah,Attack,28,1998-05-04,False,Indonesia,Lokal,178,kanan,2026-09-21,Semen Padang U19,-,-,0,434545455,DECREASED,0,0,0,0,0.0,0,0,2026-10-05
1305753,0,Atletico Artha,Persika Karanganyar,Indonesia (Liga 3),IN3L,3,Depan-Tengah,Attack,18,2008-05-09,True,Indonesia,Lokal,0,kanan,2026-09-20,"PFA Sukoharjo (-2025), PERSIS U16 (2022-2024), PSS Sleman U1",-,-,0,0,STABLE,0,0,0,0,0.0,0,0,2026-10-05
1475073,0,Syaiful Asri,Persika Karanganyar,Indonesia (Liga 3),IN3L,3,Depan-Tengah,Attack,20,2006-02-01,True,Indonesia,Lokal,0,kanan,2026-09-21,Semen Padang U20 (2025),-,-,0,0,STABLE,0,0,0,0,0.0,0,0,2026-10-05
1292372,9,Wahyu Adi,Persika Karanganyar,Indonesia (Liga 3),IN3L,3,Depan-Tengah,Attack,23,2003-07-30,False,Indonesia,Lokal,173,kanan,2025-09-26,"PFA Sukoharjo, PSS Sleman U20 (2023-)",-,-,0,0,STABLE,0,0,0,0,0.0,0,0,2026-10-05
1305709,25,Fajar Akhmad,Persika Karanganyar,Indonesia (Liga 3),IN3L,3,Depan-Tengah,Attack,21,2005-05-20,True,Indonesia,Lokal,169,kanan,2025-11-01,"JK Academy Bantul (2020), PSS Sleman U18 (2022-2024), Borneo",-,-,0,0,STABLE,0,0,0,0,0.0,0,0,2026-10-05
1461327,10,Khaiz Rayyan,Persika Karanganyar,Indonesia (Liga 3),IN3L,3,Gel. Tengah,Midfielder,0,-,False,Indonesia,Lokal,0,kanan,2024-08-31,-,2027-06-30,-,0,0,STABLE,0,0,0,0,0.0,0,0,2026-10-05
1352988,0,Moh Yudha,Donggala United,Indonesia (Liga 3),IN3L,3,Kiper,Goalkeeper,22,2003-11-30,True,Indonesia,Lokal,0,kanan,2026-09-06,-,-,"Rp869,09Jt.",869090909,869090909,UNCHANGED,0,0,0,0,0.0,0,0,2026-10-05
1456618,12,Rexy,Donggala United,Indonesia (Liga 3),IN3L,3,Kiper,Goalkeeper,22,2004-03-27,True,Indonesia,Lokal,175,kanan,2025-09-01,"Persipal U17 (2021), PON Sulteng (2024)",-,"Rp434,55Jt.",434545455,434545455,STABLE,0,0,0,0,0.0,0,0,2026-10-05
722677,58,Andri Prabowo,Donggala United,Indonesia (Liga 3),IN3L,3,Kiper,Goalkeeper,32,1993-11-28,False,Indonesia,Lokal,187,kanan,2026-02-06,"PERSIS U18 (2011), Porprov Solo (2012), Pelita Jaya U21 (201",-,"Rp173,82Jt.",173818182,173818182,INCREASED,0,0,0,0,0.0,0,0,2026-10-05
1353105,0,Reza Lubis,Donggala United,Indonesia (Liga 3),IN3L,3,Bek-Tengah,Defender,23,2003-06-27,False,Indonesia,Lokal,0,kanan,2026-09-12,Porprov Labura (2022). PON Sumut (2024),-,"Rp869,09Jt.",869090909,434545455,INCREASED,0,0,0,0,0.0,0,0,2026-10-05
506121,42,Ganjar Mukti,Donggala United,Indonesia (Liga 3),IN3L,3,Bek-Tengah,Defender,32,1994-06-12,False,Indonesia,Lokal,178,kanan,2026-01-19,-,-,"Rp869,09Jt.",869090909,869090909,UNCHANGED,0,0,0,0,0.0,0,0,2026-10-05
1017557,0,Vikra Fahlepi,Donggala United,Indonesia (Liga 3),IN3L,3,Bek-Tengah,Defender,27,1999-08-11,False,Indonesia,Lokal,174,kanan,2026-09-11,"SSB Tunas Remaja, Deli Serdang United U17 (2016), PON Sumut ",-,-,0,434545455,DECREASED,0,0,0,0,0.0,0,0,2026-10-05
1598431,0,Habil,Donggala United,Indonesia (Liga 3),IN3L,3,Bek-Tengah,Defender,21,2005-08-14,True,Indonesia,Lokal,0,kanan,2026-09-06,-,-,-,0,0,STABLE,0,0,0,0,0.0,0,0,2026-10-05
1352687,28,Muhammad Izam,Donggala United,Indonesia (Liga 3),IN3L,3,Bek-Kiri,Defender,21,2005-08-02,True,Indonesia,Lokal,0,kanan,2025-08-01,"Persija U18 (2024), Persija U20 (2024-2025)",-,"Rp434,55Jt.",434545455,434545455,STABLE,0,0,0,0,0.0,0,0,2026-10-05
721906,5,Fahad Abdullah,Donggala United,Indonesia (Liga 3),IN3L,3,Bek-Kanan,Defender,28,1998-05-15,False,Indonesia,Lokal,178,kanan,2026-01-10,Persedikab U17,-,"Rp434,55Jt.",434545455,434545455,UNCHANGED,0,0,0,0,0.0,0,0,2026-10-05
306334,20,Victor Pae,Donggala United,Indonesia (Liga 3),IN3L,3,Bek-Kanan,Defender,41,1985-02-07,False,Indonesia,Lokal,172,kanan,2025-01-15,Cendrawasih Muda Manokwari (2001-2008),-,"Rp173,82Jt.",173818182,173818182,UNCHANGED,0,0,0,0,0.0,0,0,2026-10-05
1353108,0,Nur Kholis,Donggala United,Indonesia (Liga 3),IN3L,3,Gel. Tengah,Midfielder,22,2004-06-14,True,Indonesia,Lokal,0,kanan,2026-09-11,"PSSA Asahan U17 (2021-2022), PON Sumut (2024)",-,-,0,0,STABLE,0,0,0,0,0.0,0,0,2026-10-05
663165,16,Finky Pasamba,Donggala United,Indonesia (Liga 3),IN3L,3,Gel. Bertahan,Midfielder,33,1993-04-28,False,Indonesia,Lokal,175,kanan,2026-01-21,"Deportivo Indonesia (-2011), PPSP Putra Polri (2006), Medco ",-,"Rp869,09Jt.",869090909,1303636364,DECREASED,0,0,0,0,0.0,0,0,2026-10-05
902058,29,Daud Kotulus,Donggala United,Indonesia (Liga 3),IN3L,3,Gel. Bertahan,Midfielder,26,1999-12-16,False,Indonesia,Lokal,171,kanan,2026-02-06,"PS Bank Sulut (2017), Borneo FC U19 (2018), Borneo FC U20 (2",-,"Rp434,55Jt.",434545455,434545455,INCREASED,0,0,0,0,0.0,0,0,2026-10-05
719107,54,Hasan Husain,Donggala United,Indonesia (Liga 3),IN3L,3,Gel. Bertahan,Midfielder,31,1994-12-04,False,Indonesia,Lokal,169,kanan,2026-01-10,"SBB Andi Oddang, SSB Mattoanging, AFBI. PON Sulawesi Selatan",-,"Rp434,55Jt.",434545455,173818182,INCREASED,0,0,0,0,0.0,0,0,2026-10-05
1052927,22,Rosul Ma'arif,Donggala United,Indonesia (Liga 3),IN3L,3,Gel. Bertahan,Midfielder,34,1992-01-21,False,Indonesia,Lokal,160,kanan,2022-07-01,-,2026-06-30,"Rp173,82Jt.",173818182,173818182,UNCHANGED,0,0,0,0,0.0,0,0,2026-10-05
1063119,23,Naldy Renaldy,Donggala United,Indonesia (Liga 3),IN3L,3,Gel. Bertahan,Midfielder,34,1992-03-09,False,Indonesia,Lokal,0,kanan,2022-09-01,"SSB Ratatama, PON Sulawesi Selatan (2012), PSN Nunukan (2013",2026-06-30,"Rp173,82Jt.",173818182,173818182,UNCHANGED,0,0,0,0,0.0,0,0,2026-10-05
1353119,0,Bagas Prasetyo,Donggala United,Indonesia (Liga 3),IN3L,3,Gel. Bertahan,Midfielder,23,2002-12-10,False,Indonesia,Lokal,0,kanan,2026-09-11,Timnas Pelajar U16 (2019),-,-,0,173818182,DECREASED,0,0,0,0,0.0,0,0,2026-10-05
1598427,0,Mohamad Risky,Donggala United,Indonesia (Liga 3),IN3L,3,Gel. Bertahan,Midfielder,21,2005-07-28,True,Indonesia,Lokal,0,kanan,2026-09-06,-,-,-,0,0,STABLE,0,0,0,0,0.0,0,0,2026-10-05
1598429,0,Aan Dwi Saputra,Donggala United,Indonesia (Liga 3),IN3L,3,Gel. Bertahan,Midfielder,22,2004-01-21,True,Indonesia,Lokal,0,kanan,2026-09-06,-,-,-,0,0,STABLE,0,0,0,0,0.0,0,0,2026-10-05
1353111,0,Alif Rizky,Donggala United,Indonesia (Liga 3),IN3L,3,Gel. Tengah,Midfielder,23,2003-05-06,False,Indonesia,Lokal,0,kanan,2026-09-11,"PSSA Asahan (2019), PS Barito Putera U16 (2020), PON Sumut (",-,"Rp434,55Jt.",434545455,434545455,UNCHANGED,0,0,0,0,0.0,0,0,2026-10-05
1162458,78,Muhammad Rizki,Donggala United,Indonesia (Liga 3),IN3L,3,Gel. Tengah,Midfielder,21,2005-05-02,True,Indonesia,Lokal,158,kanan,2023-01-01,-,2025-06-30,"Rp434,55Jt.",434545455,434545455,UNCHANGED,0,0,0,0,0.0,0,0,2026-10-05
1305707,0,Galang Kurniawan,Donggala United,Indonesia (Liga 3),IN3L,3,Gel. Tengah,Midfielder,21,2004-11-28,True,Indonesia,Lokal,0,kanan,2024-08-24,Persipal U17 (2021-2023),-,-,0,173818182,DECREASED,0,0,0,0,0.0,0,0,2026-10-05
1458461,31,Syahril Aidil,Donggala United,Indonesia (Liga 3),IN3L,3,Gel. Serang,Midfielder,20,2005-11-13,True,Indonesia,Lokal,0,kanan,2025-08-01,Persipal U17 (2022-2023),-,"Rp173,82Jt.",173818182,173818182,STABLE,0,0,0,0,0.0,0,0,2026-10-05
1353107,0,Ismawan,Donggala United,Indonesia (Liga 3),IN3L,3,Gel. Tengah,Midfielder,20,2005-12-28,True,Indonesia,Lokal,0,kanan,2026-09-11,"Bansar FC U17, PSDS Deli Serdang Youth, PON Sumut (2024)",-,-,0,0,STABLE,0,0,0,0,0.0,0,0,2026-10-05
928110,14,Joshua Isir,Donggala United,Indonesia (Liga 3),IN3L,3,Sayap Kiri,Attack,25,2001-06-13,False,Indonesia,Lokal,166,kiri,2026-01-16,"Persipura U16 (2018), PPLP Papua (2019-2020)",-,"Rp434,55Jt.",434545455,434545455,UNCHANGED,0,0,0,0,0.0,0,0,2026-10-05
1052921,10,Pandi Pulu,Donggala United,Indonesia (Liga 3),IN3L,3,Sayap Kanan,Attack,29,1997-06-16,False,Indonesia,Lokal,165,kanan,2022-07-01,-,2026-06-30,"Rp869,09Jt.",869090909,434545455,INCREASED,0,0,0,0,0.0,0,0,2026-10-05
1288571,76,Kadek Lanang,Donggala United,Indonesia (Liga 3),IN3L,3,Sayap Kanan,Attack,23,2002-11-23,False,Indonesia,Lokal,0,kanan,2026-01-10,"Perseden U17 (2017), Mandala United (2017), PSG Academy Bali",-,"Rp434,55Jt.",434545455,434545455,INCREASED,0,0,0,0,0.0,0,0,2026-10-05
1351063,0,Kaka Irawan,Donggala United,Indonesia (Liga 3),IN3L,3,Sayap Kanan,Attack,22,2004-01-20,True,Indonesia,Lokal,167,kanan,2026-09-11,"Liga KG Gothia Cup U14 (2017), SSB Siaga Pratama (-2018), SK",-,-,0,173818182,DECREASED,0,0,0,0,0.0,0,0,2026-10-05
1353121,37,Wiraja Aulia,Donggala United,Indonesia (Liga 3),IN3L,3,Depan-Tengah,Attack,24,2002-07-30,False,Indonesia,Lokal,177,kanan,2026-01-10,PPLP Sumbar (2020-2021),-,"Rp869,09Jt.",869090909,173818182,INCREASED,0,0,0,0,0.0,0,0,2026-10-05
1598428,0,Imam,Donggala United,Indonesia (Liga 3),IN3L,3,Gel. Tengah,Midfielder,19,2007-03-12,True,Indonesia,Lokal,0,kanan,2026-09-06,-,-,-,0,0,STABLE,0,0,0,0,0.0,0,0,2026-10-05
1598430,0,Ardiansyah,Donggala United,Indonesia (Liga 3),IN3L,3,Gel. Tengah,Midfielder,19,2007-05-08,True,Indonesia,Lokal,0,kanan,2026-09-06,-,-,-,0,0,STABLE,0,0,0,0,0.0,0,0,2026-10-05
1261869,29,Hiron Liko,PSN Ngada,Indonesia (Liga 3),IN3L,3,Bek-Kiri,Defender,19,2006-11-12,True,Indonesia,Lokal,171,kiri,2025-07-01,"SMA Regina Pacis Ngada (2021-2023), Borneo FC U18 (2023), Bo",-,-,0,0,STABLE,0,0,0,0,0.0,0,0,2026-10-05
1011179,1,Jhuan Rico,Perseden Denpasar,Indonesia (Liga 3),IN3L,3,Kiper,Goalkeeper,24,2002-03-28,False,Indonesia,Lokal,187,kanan,2025-08-01,"SSB Bina Taruna, PS Bina Taruna U16 (2018), Barito Putera U1",-,-,0,173818182,DECREASED,0,0,0,0,0.0,0,0,2026-10-05
1338889,56,Bima Aidil,Perseden Denpasar,Indonesia (Liga 3),IN3L,3,Kiper,Goalkeeper,19,2006-10-25,True,Indonesia,Lokal,179,kanan,2025-08-01,"Persiraja U16 (2021), TopSkor Indonesia (2022-2023), Borneo ",-,-,0,0,STABLE,0,0,0,0,0.0,0,0,2026-10-05
1486478,69,Faizal Hariyono,Perseden Denpasar,Indonesia (Liga 3),IN3L,3,Kiper,Goalkeeper,23,2003-02-17,False,Indonesia,Lokal,0,kanan,2023-09-01,"Bali United Youth, Bali United U18 (2021)",2026-06-30,-,0,0,STABLE,0,0,0,0,0.0,0,0,2026-10-05
1486481,95,Komang Adi,Perseden Denpasar,Indonesia (Liga 3),IN3L,3,Kiper,Goalkeeper,0,-,False,Indonesia,Lokal,0,kanan,2024-09-01,Bali United U20 (2023),2026-06-30,-,0,0,STABLE,0,0,0,0,0.0,0,0,2026-10-05
1456621,13,Agung Prasetyo,Perseden Denpasar,Indonesia (Liga 3),IN3L,3,Bek-Tengah,Defender,26,2000-01-09,False,Indonesia,Lokal,0,kanan,2025-08-01,"PPLP Jateng (2017-2018), Persebaya U20 (2018-2019)",-,-,0,0,STABLE,0,0,0,0,0.0,0,0,2026-10-05
1486471,23,Firman Assydhiq,Perseden Denpasar,Indonesia (Liga 3),IN3L,3,Bek-Tengah,Defender,23,2003-05-01,False,Indonesia,Lokal,0,kanan,2024-09-01,-,2026-06-30,-,0,0,STABLE,0,0,0,0,0.0,0,0,2026-10-05
1022830,24,Komang Rama,Perseden Denpasar,Indonesia (Liga 3),IN3L,3,Bek-Tengah,Defender,25,2001-08-03,False,Indonesia,Lokal,0,kanan,2025-08-01,"SSB Porba Batubulan (2009), Inter Football School (2012), SS",-,-,0,0,STABLE,0,0,0,0,0.0,0,0,2026-10-05
1486482,97,Komang Aldita,Perseden Denpasar,Indonesia (Liga 3),IN3L,3,Bek-Tengah,Defender,22,2004-02-26,True,Indonesia,Lokal,0,kanan,2024-11-01,"Bali United U16 (2019), Bali United U18 (2021-2022), Bali Un",-,-,0,0,STABLE,0,0,0,0,0.0,0,0,2026-10-05
1337605,27,Ananta Putra,Perseden Denpasar,Indonesia (Liga 3),IN3L,3,Bek-Kiri,Defender,19,2006-10-23,True,Indonesia,Lokal,170,kiri,2025-08-01,"Bali United U18 (2022-2024), Bali United U20 (2024-2025)",-,-,0,0,STABLE,0,0,0,0,0.0,0,0,2026-10-05
1486475,29,Gerry Wilson,Perseden Denpasar,Indonesia (Liga 3),IN3L,3,Bek-Kiri,Defender,22,2004-02-28,True,Indonesia,Lokal,170,kanan,2024-09-01,Bali United U20 (2023),2026-06-30,-,0,0,STABLE,0,0,0,0,0.0,0,0,2026-10-05
1337589,15,Wayan Adinata,Perseden Denpasar,Indonesia (Liga 3),IN3L,3,Bek-Kanan,Defender,23,2003-03-13,False,Indonesia,Lokal,180,kanan,2025-08-01,Bali United U20 (2023-2025),-,-,0,0,STABLE,0,0,0,0,0.0,0,0,2026-10-05
1486466,2,Firland Supriadi,Perseden Denpasar,Indonesia (Liga 3),IN3L,3,Gel. Tengah,Midfielder,20,2006-05-29,True,Indonesia,Lokal,0,kanan,2025-10-01,-,-,-,0,0,STABLE,0,0,0,0,0.0,0,0,2026-10-05
1486467,0,Kadek Juliantara,Perseden Denpasar,Indonesia (Liga 3),IN3L,3,Gel. Bertahan,Midfielder,21,2005-07-28,True,Indonesia,Lokal,0,kanan,2024-08-01,"Putra Tresna U17 (2022-2023), Bali United U20 (2026-)",-,-,0,0,STABLE,0,0,0,0,0.0,0,0,2026-10-05
1486468,6,Fadly Surya,Perseden Denpasar,Indonesia (Liga 3),IN3L,3,Gel. Bertahan,Midfielder,22,2004-05-02,True,Indonesia,Lokal,175,kanan,2023-09-01,Bali United U18 (-2022),2026-06-30,-,0,0,STABLE,0,0,0,0,0.0,0,0,2026-10-05
1337608,92,Bagus Bramastha,Perseden Denpasar,Indonesia (Liga 3),IN3L,3,Gel. Bertahan,Midfielder,20,2006-02-09,True,Indonesia,Lokal,178,kanan,2025-08-01,"Bali United U16 (2021-2023), Bali United U18 (2023-2024), Ba",-,-,0,0,STABLE,0,0,0,0,0.0,0,0,2026-10-05
730609,16,Reza Irfana,Perseden Denpasar,Indonesia (Liga 3),IN3L,3,Gel. Tengah,Midfielder,27,1999-07-09,False,Indonesia,Lokal,176,kanan,2025-11-01,"SSB Terang Bangsa (2015-2016), PSIS Semarang (2016-2017), Ba",-,-,0,869090909,DECREASED,0,0,0,0,0.0,0,0,2026-10-05
1393824,0,Kadek Ari,Perseden Denpasar,Indonesia (Liga 3),IN3L,3,Gel. Tengah,Midfielder,22,2004-02-12,True,Indonesia,Lokal,171,kanan,2025-08-01,"Bali United U20 (2022-2026), Pra PON Bali (2023)",-,-,0,0,STABLE,0,0,0,0,0.0,0,0,2026-10-05
1486469,8,Larsan Holo,Perseden Denpasar,Indonesia (Liga 3),IN3L,3,Gelandang Kiri,Midfielder,22,2004-07-06,True,Indonesia,Lokal,170,kanan,2023-09-01,-,2026-06-30,-,0,0,STABLE,0,0,0,0,0.0,0,0,2026-10-05
1486480,80,Ilham Khalib,Perseden Denpasar,Indonesia (Liga 3),IN3L,3,Gelandang Kiri,Midfielder,25,2001-01-08,False,Indonesia,Lokal,170,kanan,2025-09-01,-,-,-,0,0,STABLE,0,0,0,0,0.0,0,0,2026-10-05
1486470,21,Kadek Yoga,Perseden Denpasar,Indonesia (Liga 3),IN3L,3,Gel. Serang,Midfielder,23,2002-12-10,False,Indonesia,Lokal,171,kanan,2023-09-01,"Bali United U17 (-2018), Bali United U18 (2019-)",2026-06-30,-,0,0,STABLE,0,0,0,0,0.0,0,0,2026-10-05
1486473,26,Made Antha,Perseden Denpasar,Indonesia (Liga 3),IN3L,3,Gel. Serang,Midfielder,34,1992-06-26,False,Indonesia,Lokal,172,kanan,2012-01-01,"Perseden Youth, Persela U21 (2011)",2026-06-30,-,0,0,STABLE,0,0,0,0,0.0,0,0,2026-10-05
1456622,11,Bintang Seme,Perseden Denpasar,Indonesia (Liga 3),IN3L,3,Gel. Tengah,Midfielder,25,2001-02-11,False,Indonesia,Lokal,0,kanan,2025-09-03,-,-,-,0,0,STABLE,0,0,0,0,0.0,0,0,2026-10-05
1353793,35,Subri Umarella,Perseden Denpasar,Indonesia (Liga 3),IN3L,3,Gel. Tengah,Midfielder,23,2003-05-14,False,Indonesia,Lokal,0,kanan,2025-11-01,Deltras Youth (2020-2022),-,-,0,0,STABLE,0,0,0,0,0.0,0,0,2026-10-05
506461,17,Nyoman Sukarja,Perseden Denpasar,Indonesia (Liga 3),IN3L,3,Sayap Kanan,Attack,37,1989-08-17,False,Indonesia,Lokal,175,kanan,2025-08-01,-,-,-,0,173818182,DECREASED,0,0,0,0,0.0,0,0,2026-10-05
1486474,28,Andre Lende,Perseden Denpasar,Indonesia (Liga 3),IN3L,3,Sayap Kanan,Attack,23,2003-03-14,False,Indonesia,Lokal,0,kanan,-,-,-,-,0,0,STABLE,0,0,0,0,0.0,0,0,2026-10-05
1337610,90,Nathan Suarnatya,Perseden Denpasar,Indonesia (Liga 3),IN3L,3,Depan-Tengah,Attack,21,2005-01-27,True,Indonesia,Lokal,173,kanan,2025-08-01,"Bali United U18 (2022-2024), Bali United U20 (2024-2025)",-,-,0,173818182,DECREASED,0,0,0,0,0.0,0,0,2026-10-05
1486477,31,Alfian Arfarid,Perseden Denpasar,Indonesia (Liga 3),IN3L,3,Depan-Tengah,Attack,28,1997-12-19,False,Indonesia,Lokal,0,kanan,-,-,-,-,0,0,STABLE,0,0,0,0,0.0,0,0,2026-10-05
1352661,1,Nur Husnan,Persipani Paniai,Indonesia (Liga 3),IN3L,3,Kiper,Goalkeeper,27,1999-02-25,False,Indonesia,Lokal,0,kanan,2022-09-01,"Solo Football Academy (-2018), Sriwijaya FC U19 (2018)",-,-,0,0,STABLE,0,0,0,0,0.0,0,0,2026-10-05
953641,0,Yulyan Tjoe,Persipani Paniai,Indonesia (Liga 3),IN3L,3,Bek-Tengah,Defender,30,1996-02-26,False,Indonesia,Lokal,0,kanan,2026-01-01,Persiyali Yalimo (2017),-,-,0,869090909,DECREASED,0,0,0,0,0.0,0,0,2026-10-05
252716,0,Valentino Telaubun,Persipani Paniai,Indonesia (Liga 3),IN3L,3,Bek-Kiri,Defender,41,1984-11-21,False,Indonesia,Lokal,182,kiri,2026-09-23,Persemalra Tual (2005-2007),-,-,0,173818182,DECREASED,0,0,0,0,0.0,0,0,2026-10-05
1352675,21,Henison Salawala,Persipani Paniai,Indonesia (Liga 3),IN3L,3,Gel. Tengah,Midfielder,25,2001-01-25,False,Indonesia,Lokal,0,kanan,2023-09-01,-,2026-06-30,-,0,0,STABLE,0,0,0,0,0.0,0,0,2026-10-05
591357,0,Darnus Tabuni,Persipani Paniai,Indonesia (Liga 3),IN3L,3,Gel. Tengah,Midfielder,29,1997-03-08,False,Indonesia,Lokal,0,kanan,2026-03-05,-,-,-,0,434545455,DECREASED,0,0,0,0,0.0,0,0,2026-10-05
1352672,18,Karel Gobai,Persipani Paniai,Indonesia (Liga 3),IN3L,3,Gel. Tengah,Midfielder,25,2001-08-05,False,Indonesia,Lokal,0,kanan,2022-09-01,-,2026-06-30,-,0,0,STABLE,0,0,0,0,0.0,0,0,2026-10-05
1352677,25,Gerson Flassy,Persipani Paniai,Indonesia (Liga 3),IN3L,3,Gel. Tengah,Midfielder,22,2004-05-25,True,Indonesia,Lokal,0,kanan,2023-09-18,-,2026-06-30,-,0,0,STABLE,0,0,0,0,0.0,0,0,2026-10-05
505916,12,Ricky Kayame,Persipani Paniai,Indonesia (Liga 3),IN3L,3,Sayap Kanan,Attack,33,1993-09-21,False,Indonesia,Lokal,162,kanan,2024-12-01,Koteka Putra,-,-,0,869090909,DECREASED,0,0,0,0,0.0,0,0,2026-10-05
1193582,0,Ade Kristiano,Pasuruan United,Indonesia (Liga 3),IN3L,3,Bek-Tengah,Defender,22,2003-10-11,True,Indonesia,Lokal,180,kiri,2026-10-02,"Porprov Kab. Pasuruan (-2022), PERSIS U20 (2022-2024)",-,-,0,434545455,DECREASED,0,0,0,0,0.0,0,0,2026-10-05
506295,0,Samsul Arifin,Pasuruan United,Indonesia (Liga 3),IN3L,3,Bek-Kiri,Defender,34,1992-01-03,False,Indonesia,Lokal,163,kiri,2026-02-19,-,-,-,0,434545455,DECREASED,0,0,0,0,0.0,0,0,2026-10-05
1352235,0,Ahmad Fauzi,Pasuruan United,Indonesia (Liga 3),IN3L,3,Gel. Tengah,Midfielder,23,2003-04-23,False,Indonesia,Lokal,0,kanan,2025-12-07,-,-,-,0,0,STABLE,0,0,0,0,0.0,0,0,2026-10-05
1353416,0,Saifullah,Pasuruan United,Indonesia (Liga 3),IN3L,3,Gel. Tengah,Midfielder,25,2001-03-29,False,Indonesia,Lokal,0,kanan,2025-11-13,-,-,-,0,0,STABLE,0,0,0,0,0.0,0,0,2026-10-05
1353424,0,Irfan Fikri,Pasuruan United,Indonesia (Liga 3),IN3L,3,Gel. Tengah,Midfielder,23,2003-01-21,False,Indonesia,Lokal,0,kanan,2025-12-07,-,-,-,0,0,STABLE,0,0,0,0,0.0,0,0,2026-10-05
506169,0,Sandi Sute,Pasuruan United,Indonesia (Liga 3),IN3L,3,Gel. Bertahan,Midfielder,34,1992-09-21,False,Indonesia,Lokal,172,kanan,2026-10-02,"Diklat Mandau Bontang, Persisam Putra Samarinda U21 (2011-20",-,-,0,434545455,DECREASED,0,0,0,0,0.0,0,0,2026-10-05
1007951,0,Burhan Afiludin,Pasuruan United,Indonesia (Liga 3),IN3L,3,Gel. Bertahan,Midfielder,27,1998-10-12,False,Indonesia,Lokal,169,kanan,2025-11-13,PON Jatim (2020-2021),-,-,0,869090909,DECREASED,0,0,0,0,0.0,0,0,2026-10-05
591355,0,Patrick Womsiwor,Pasuruan United,Indonesia (Liga 3),IN3L,3,Gel. Serang,Midfielder,25,2001-05-26,False,Indonesia,Lokal,170,kiri,2026-10-02,"PPLP Papua (2015-2017), Persipura Jayapura (2017-2018)",-,-,0,173818182,DECREASED,0,0,0,0,0.0,0,0,2026-10-05
1314719,0,Fran Saputra,Pasuruan United,Indonesia (Liga 3),IN3L,3,Sayap Kiri,Attack,22,2004-07-08,True,Indonesia,Lokal,0,kanan,2025-11-05,"Pasuruan Selection, Bhayangkara FC U20 (-2024)",-,-,0,434545455,DECREASED,0,0,0,0,0.0,0,0,2026-10-05
1026070,0,Farid Fauzi,Pasuruan United,Indonesia (Liga 3),IN3L,3,Sayap Kanan,Attack,28,1998-07-21,False,Indonesia,Lokal,0,kanan,2026-10-02,Pra PON Jatim (2019),-,-,0,434545455,DECREASED,0,0,0,0,0.0,0,0,2026-10-05
1608472,0,Adam Malik,Pasuruan United,Indonesia (Liga 3),IN3L,3,Depan-Tengah,Attack,22,2003-12-16,True,Indonesia,Lokal,171,kanan,2026-10-02,Persib U20 (2023-2024),-,-,0,0,STABLE,0,0,0,0,0.0,0,0,2026-10-05
1353429,0,Mukhammad Nurchaqiqi,Pasuruan United,Indonesia (Liga 3),IN3L,3,Gel. Tengah,Midfielder,24,2002-04-10,False,Indonesia,Lokal,0,kanan,2025-12-01,-,-,-,0,0,STABLE,0,0,0,0,0.0,0,0,2026-10-05
1353435,0,Rosihan Rizqi,Pasuruan United,Indonesia (Liga 3),IN3L,3,Gel. Tengah,Midfielder,20,2005-10-22,True,Indonesia,Lokal,0,kanan,2025-12-07,-,-,-,0,0,STABLE,0,0,0,0,0.0,0,0,2026-10-05
721005,18,Barep Wahyudi,Persinab Nabire,Indonesia (Liga 3),IN3L,3,Kiper,Goalkeeper,38,1988-09-25,False,Indonesia,Lokal,175,kanan,2025-11-01,-,-,-,0,1303636364,DECREASED,0,0,0,0,0.0,0,0,2026-10-05
1487302,1,Ardhan Pratama,Persinab Nabire,Indonesia (Liga 3),IN3L,3,Kiper,Goalkeeper,0,-,False,Indonesia,Lokal,0,kanan,2025-09-01,"PPLP Jawa Tengah, PSS Youth",-,-,0,0,STABLE,0,0,0,0,0.0,0,0,2026-10-05
1487309,30,Regan Fadillah,Persinab Nabire,Indonesia (Liga 3),IN3L,3,Kiper,Goalkeeper,20,2006-03-18,True,Indonesia,Lokal,0,kanan,2025-09-01,"GMSA Tangerang Selatan, Persikabo 1973 U16 (2021-2022), Garu",-,-,0,0,STABLE,0,0,0,0,0.0,0,0,2026-10-05
892876,3,Fajar Zainul,Persinab Nabire,Indonesia (Liga 3),IN3L,3,Bek-Tengah,Defender,28,1998-03-21,False,Indonesia,Lokal,181,kanan,2025-11-01,-,-,-,0,173818182,DECREASED,0,0,0,0,0.0,0,0,2026-10-05
1180833,88,Yohanis Hera,Persinab Nabire,Indonesia (Liga 3),IN3L,3,Bek-Tengah,Defender,29,1996-12-16,False,Indonesia,Lokal,0,kanan,2025-11-01,-,-,-,0,173818182,DECREASED,0,0,0,0,0.0,0,0,2026-10-05
576403,93,Donny Monim,Persinab Nabire,Indonesia (Liga 3),IN3L,3,Bek-Tengah,Defender,33,1993-05-03,False,Indonesia,Lokal,185,kanan,2025-11-01,-,-,-,0,434545455,DECREASED,0,0,0,0,0.0,0,0,2026-10-05
1183039,15,Yusuf Marani,Persinab Nabire,Indonesia (Liga 3),IN3L,3,Bek-Kiri,Defender,22,2004-05-15,True,Indonesia,Lokal,0,kanan,2025-11-01,-,-,-,0,434545455,DECREASED,0,0,0,0,0.0,0,0,2026-10-05
1487311,55,Derek Maury,Persinab Nabire,Indonesia (Liga 3),IN3L,3,Bek-Kiri,Defender,21,2005-05-20,True,Indonesia,Lokal,176,kanan,2025-09-01,-,-,-,0,0,STABLE,0,0,0,0,0.0,0,0,2026-10-05
1487312,69,Dandi,Persinab Nabire,Indonesia (Liga 3),IN3L,3,Bek-Kanan,Defender,21,2005-05-30,True,Indonesia,Lokal,0,kanan,2025-09-01,"SSB Hidayatullah Jayapura, Borneo FC U18 (2023-2024)",-,-,0,0,STABLE,0,0,0,0,0.0,0,0,2026-10-05
1347302,5,Armando Kapissa,Persinab Nabire,Indonesia (Liga 3),IN3L,3,Gel. Tengah,Midfielder,20,2005-11-15,True,Indonesia,Lokal,0,kanan,2025-11-01,PON Papua Pegunungan (2023),-,-,0,0,STABLE,0,0,0,0,0.0,0,0,2026-10-05
958351,12,Alfons Migau,Persinab Nabire,Indonesia (Liga 3),IN3L,3,Gel. Bertahan,Midfielder,27,1998-12-02,False,Indonesia,Lokal,170,kanan,2025-11-01,"SSB Imanuel, Persipura U21 (2016), Persipura U19 (2017), PON",-,-,0,434545455,DECREASED,0,0,0,0,0.0,0,0,2026-10-05
1487303,8,Samuel Yobe,Persinab Nabire,Indonesia (Liga 3),IN3L,3,Gel. Bertahan,Midfielder,23,2003-07-12,False,Indonesia,Lokal,0,kiri,2025-09-01,-,-,-,0,0,STABLE,0,0,0,0,0.0,0,0,2026-10-05
1487308,23,Fitrah Agsyah,Persinab Nabire,Indonesia (Liga 3),IN3L,3,Gel. Bertahan,Midfielder,18,2007-10-13,True,Indonesia,Lokal,174,kanan,2025-09-01,PSM Makassar U18 (2024-2025),-,-,0,0,STABLE,0,0,0,0,0.0,0,0,2026-10-05
1183026,22,Melvis Uaga,Persinab Nabire,Indonesia (Liga 3),IN3L,3,Gel. Tengah,Midfielder,24,2002-05-05,False,Indonesia,Lokal,167,kanan,2025-10-06,-,-,-,0,869090909,DECREASED,0,0,0,0,0.0,0,0,2026-10-05
901015,86,Fernando Pamungkas,Persinab Nabire,Indonesia (Liga 3),IN3L,3,Gel. Tengah,Midfielder,23,2003-02-27,False,Indonesia,Lokal,162,kanan,2025-11-01,"SSB Sasana Bhakti, Persebaya U16 (2019), Garuda Select (2019",-,-,0,173818182,DECREASED,0,0,0,0,0.0,0,0,2026-10-05
1487306,16,Wempi Woppi,Persinab Nabire,Indonesia (Liga 3),IN3L,3,Gelandang Kiri,Midfielder,22,2004-02-02,True,Indonesia,Lokal,0,kanan,2025-09-01,-,-,-,0,0,STABLE,0,0,0,0,0.0,0,0,2026-10-05
1487310,37,Nabiq Muntas,Persinab Nabire,Indonesia (Liga 3),IN3L,3,Gel. Serang,Midfielder,20,2006-02-27,True,Indonesia,Lokal,0,kanan,2025-09-01,Raga Negeri FA (-2025),-,-,0,0,STABLE,0,0,0,0,0.0,0,0,2026-10-05
1487313,77,Hasan Aliy,Persinab Nabire,Indonesia (Liga 3),IN3L,3,Gel. Serang,Midfielder,25,2001-06-19,False,Indonesia,Lokal,0,kanan,2025-09-01,"Diklat Ragunan (2016-2019), PPLP Jateng Popwil (2018), Kalte",-,-,0,0,STABLE,0,0,0,0,0.0,0,0,2026-10-05
721013,7,Daud Kararbo,Persinab Nabire,Indonesia (Liga 3),IN3L,3,Sayap Kiri,Attack,27,1998-10-31,False,Indonesia,Lokal,162,kanan,2025-11-01,Persipura,-,-,0,434545455,DECREASED,0,0,0,0,0.0,0,0,2026-10-05
1183025,96,Milan Nere,Persinab Nabire,Indonesia (Liga 3),IN3L,3,Sayap Kiri,Attack,22,2004-07-04,True,Indonesia,Lokal,0,kiri,2025-11-01,-,-,-,0,434545455,DECREASED,0,0,0,0,0.0,0,0,2026-10-05
1487307,21,Albeto Waimbo,Persinab Nabire,Indonesia (Liga 3),IN3L,3,Sayap Kiri,Attack,18,2008-01-02,True,Indonesia,Lokal,0,kanan,2025-09-01,SSB Nafri (-2025),-,-,0,0,STABLE,0,0,0,0,0.0,0,0,2026-10-05
1350009,19,Rui Aiboy,Persinab Nabire,Indonesia (Liga 3),IN3L,3,Sayap Kanan,Attack,22,2004-01-19,True,Indonesia,Lokal,170,kanan,2025-11-01,PSBS Biak U20 (2024),-,-,0,0,STABLE,0,0,0,0,0.0,0,0,2026-10-05
560064,99,Herman Dzumafo,Persinab Nabire,Indonesia (Liga 3),IN3L,3,Depan-Tengah,Attack,45,1980-11-21,False,Indonesia,Lokal,186,kanan,2025-10-17,-,-,-,0,173818182,DECREASED,0,0,0,0,0.0,0,0,2026-10-05
1487304,9,Maikel Makai,Persinab Nabire,Indonesia (Liga 3),IN3L,3,Depan-Tengah,Attack,21,2005-06-25,True,Indonesia,Lokal,0,kanan,2025-09-01,-,-,-,0,0,STABLE,0,0,0,0,0.0,0,0,2026-10-05
1352668,11,Yosmus Dudai,Persinab Nabire,Indonesia (Liga 3),IN3L,3,Gel. Tengah,Midfielder,21,2004-11-08,True,Indonesia,Lokal,0,kanan,2025-11-01,-,-,-,0,0,STABLE,0,0,0,0,0.0,0,0,2026-10-05
506118,0,Dhika Bayangkara,Persekabpas Pasuruan,Indonesia (Liga 3),IN3L,3,Kiper,Goalkeeper,35,1991-04-29,False,Indonesia,Lokal,180,kanan,2026-04-01,Persija U21 (2009-2010),-,-,0,869090909,DECREASED,0,0,0,0,0.0,0,0,2026-10-05
1334937,0,Zidane Afreza,Persekabpas Pasuruan,Indonesia (Liga 3),IN3L,3,Kiper,Goalkeeper,20,2006-04-04,True,Indonesia,Lokal,185,kanan,2026-07-01,"Djarum Kudus (-2024), Persik Kediri U20 (2024)",-,-,0,0,STABLE,0,0,0,0,0.0,0,0,2026-10-05
1486522,1,Zaki Sapari,Persekabpas Pasuruan,Indonesia (Liga 3),IN3L,3,Kiper,Goalkeeper,22,2004-08-10,True,Indonesia,Lokal,180,kanan,2025-09-01,Persita U20 (-2023),-,-,0,0,STABLE,0,0,0,0,0.0,0,0,2026-10-05
1486528,25,Sahrul Adhitya,Persekabpas Pasuruan,Indonesia (Liga 3),IN3L,3,Kiper,Goalkeeper,19,2006-10-16,True,Indonesia,Lokal,0,kanan,-,-,-,-,0,0,STABLE,0,0,0,0,0.0,0,0,2026-10-05
1486532,29,Fajar Satria,Persekabpas Pasuruan,Indonesia (Liga 3),IN3L,3,Kiper,Goalkeeper,17,2008-10-29,True,Indonesia,Lokal,0,kanan,2025-11-25,"Mahesa Jenar Muda, PSBI Kab. Blitar U17 (2024), Persekabpas ",-,-,0,0,STABLE,0,0,0,0,0.0,0,0,2026-10-05
1486538,96,Chalvin Hidayat,Persekabpas Pasuruan,Indonesia (Liga 3),IN3L,3,Kiper,Goalkeeper,20,2006-04-15,True,Indonesia,Lokal,0,kanan,-,-,-,-,0,0,STABLE,0,0,0,0,0.0,0,0,2026-10-05
47415,0,Otávio Dutra,Persekabpas Pasuruan,Indonesia (Liga 3),IN3L,3,Bek-Tengah,Defender,42,1983-11-22,False,Indonesia,Lokal,190,kanan,2026-07-07,"Juventus-SP (2000–2001), Corinthians (2001–2003), Noroeste (",-,-,0,173818182,DECREASED,0,0,0,0,0.0,0,0,2026-10-05
505754,0,Dandi Maulana,Persekabpas Pasuruan,Indonesia (Liga 3),IN3L,3,Bek-Tengah,Defender,28,1998-06-17,False,Indonesia,Lokal,175,kanan,2026-07-01,"SSB Rajawali Muda, Frenz United (2014-2016)",-,-,0,869090909,DECREASED,0,0,0,0,0.0,0,0,2026-10-05
719501,0,Dion Mefahmi,Persekabpas Pasuruan,Indonesia (Liga 3),IN3L,3,Bek-Tengah,Defender,27,1999-05-06,False,Indonesia,Lokal,168,kanan,2026-04-01,Borneo FC U19 (2017),-,-,0,1303636364,DECREASED,0,0,0,0,0.0,0,0,2026-10-05
937387,0,Joko Susilo,Persekabpas Pasuruan,Indonesia (Liga 3),IN3L,3,Bek-Tengah,Defender,30,1996-01-10,False,Indonesia,Lokal,179,kanan,2026-07-11,"PS TIRA U21 (2016), PS AD (2018)",-,-,0,869090909,DECREASED,0,0,0,0,0.0,0,0,2026-10-05
506125,13,Danie Pratama,Persekabpas Pasuruan,Indonesia (Liga 3),IN3L,3,Bek-Tengah,Defender,30,1995-11-04,False,Indonesia,Lokal,181,kanan,2025-09-24,"SSB AM TRI, PSST Tridadi, PORDA Sleman, Sleman United (2012-",-,-,0,173818182,DECREASED,0,0,0,0,0.0,0,0,2026-10-05
889040,20,Marcell Januar,Persekabpas Pasuruan,Indonesia (Liga 3),IN3L,3,Bek-Tengah,Defender,22,2004-01-20,True,Indonesia,Lokal,175,kanan,2025-11-08,"Mataram Soccer Academy, Indonesia Soccer Academy, SSB Indone",-,-,0,434545455,DECREASED,0,0,0,0,0.0,0,0,2026-10-05
1486526,23,Wahyu Zhacky,Persekabpas Pasuruan,Indonesia (Liga 3),IN3L,3,Bek-Tengah,Defender,19,2007-04-27,True,Indonesia,Lokal,0,kanan,-,-,-,-,0,0,STABLE,0,0,0,0,0.0,0,0,2026-10-05
1486529,26,Muhammad Sulton,Persekabpas Pasuruan,Indonesia (Liga 3),IN3L,3,Bek-Tengah,Defender,33,1993-09-12,False,Indonesia,Lokal,0,kanan,-,-,-,-,0,0,STABLE,0,0,0,0,0.0,0,0,2026-10-05
724651,0,Fiwi Dwipan,Persekabpas Pasuruan,Indonesia (Liga 3),IN3L,3,Bek-Kanan,Defender,30,1995-12-14,False,Indonesia,Lokal,170,kanan,2026-04-25,PON Sumatra Utara (2016),-,-,0,434545455,DECREASED,0,0,0,0,0.0,0,0,2026-10-05
1486524,15,Wendi Firmansah,Persekabpas Pasuruan,Indonesia (Liga 3),IN3L,3,Bek-Kanan,Defender,21,2004-12-23,True,Indonesia,Lokal,0,kanan,-,-,-,-,0,0,STABLE,0,0,0,0,0.0,0,0,2026-10-05
1353421,18,Edy Wardan,Persekabpas Pasuruan,Indonesia (Liga 3),IN3L,3,Gel. Tengah,Midfielder,23,2003-01-18,False,Indonesia,Lokal,0,kanan,2024-12-01,-,2026-04-30,-,0,0,STABLE,0,0,0,0,0.0,0,0,2026-10-05
1486525,19,Sarbini Huszein,Persekabpas Pasuruan,Indonesia (Liga 3),IN3L,3,Gel. Bertahan,Midfielder,23,2003-03-24,False,Indonesia,Lokal,0,kanan,-,-,-,-,0,0,STABLE,0,0,0,0,0.0,0,0,2026-10-05
1486535,68,Richardo Isma,Persekabpas Pasuruan,Indonesia (Liga 3),IN3L,3,Gel. Bertahan,Midfielder,20,2006-06-28,True,Indonesia,Lokal,0,kanan,-,-,-,-,0,0,STABLE,0,0,0,0,0.0,0,0,2026-10-05
746952,0,Hamsa Lestaluhu,Persekabpas Pasuruan,Indonesia (Liga 3),IN3L,3,Gel. Tengah,Midfielder,24,2002-06-06,False,Indonesia,Lokal,160,kiri,2026-04-01,"Frenz United (2014-2016), ASAD 313 (2017-2018), Bhayangkara ",-,-,0,869090909,DECREASED,0,0,0,0,0.0,0,0,2026-10-05
1345629,0,Mido Hossem,Persekabpas Pasuruan,Indonesia (Liga 3),IN3L,3,Gel. Tengah,Midfielder,20,2006-03-23,True,Indonesia,Lokal,169,kanan,2026-04-01,"Persebaya U18 (2023), Persebaya U20 (2024)",-,-,0,0,STABLE,0,0,0,0,0.0,0,0,2026-10-05
990609,16,Riski Ginting,Persekabpas Pasuruan,Indonesia (Liga 3),IN3L,3,Gel. Tengah,Midfielder,23,2003-03-18,False,Indonesia,Lokal,0,kiri,2025-11-01,"SSB Generasi Medan Krio, RMD Batavia (2015-2017), PS Tira U1",-,-,0,0,STABLE,0,0,0,0,0.0,0,0,2026-10-05
1338184,88,Achmad Assamawi,Persekabpas Pasuruan,Indonesia (Liga 3),IN3L,3,Gel. Tengah,Midfielder,20,2006-06-11,True,Indonesia,Lokal,164,kanan,2025-09-01,"Persipro U17 (2022-2023), SSB Young Star (2024), Barito Pute",-,-,0,0,STABLE,0,0,0,0,0.0,0,0,2026-10-05
1353415,10,Nofi Atmaja,Persekabpas Pasuruan,Indonesia (Liga 3),IN3L,3,Gel. Serang,Midfielder,25,2000-11-02,False,Indonesia,Lokal,175,kanan,2018-01-01,-,2027-06-30,-,0,0,STABLE,0,0,0,0,0.0,0,0,2026-10-05
1486536,77,Aunur Rofik,Persekabpas Pasuruan,Indonesia (Liga 3),IN3L,3,Gel. Serang,Midfielder,21,2005-08-27,True,Indonesia,Lokal,0,kanan,-,-,-,-,0,0,STABLE,0,0,0,0,0.0,0,0,2026-10-05
1351067,0,Manzila Fizal,Persekabpas Pasuruan,Indonesia (Liga 3),IN3L,3,Gel. Tengah,Midfielder,24,2002-06-03,False,Indonesia,Lokal,0,kanan,2026-04-01,Porprov Malang (2022-2023),-,-,0,0,STABLE,0,0,0,0,0.0,0,0,2026-10-05
1352210,0,Qaqa Basham,Persekabpas Pasuruan,Indonesia (Liga 3),IN3L,3,Gel. Tengah,Midfielder,21,2005-03-27,True,Indonesia,Lokal,0,kanan,2026-04-01,"SSB JK Maesa, Persija U18 (2023-2024), PON Jatim (2024)",-,-,0,0,STABLE,0,0,0,0,0.0,0,0,2026-10-05
1353425,22,Zanuar Ardani,Persekabpas Pasuruan,Indonesia (Liga 3),IN3L,3,Gel. Tengah,Midfielder,24,2002-01-10,False,Indonesia,Lokal,0,kanan,2020-07-01,-,2027-06-30,-,0,0,STABLE,0,0,0,0,0.0,0,0,2026-10-05
505914,0,Osvaldo Haay,Persekabpas Pasuruan,Indonesia (Liga 3),IN3L,3,Sayap Kiri,Attack,28,1998-05-17,False,Indonesia,Lokal,174,kiri,2026-08-24,Persipura Jayapura (2015-2016),-,-,0,869090909,DECREASED,0,0,0,0,0.0,0,0,2026-10-05
1340353,0,Abdul Hamid,Persekabpas Pasuruan,Indonesia (Liga 3),IN3L,3,Sayap Kiri,Attack,22,2004-05-26,True,Indonesia,Lokal,164,kanan,2026-07-01,Madura United U20 (2023-2025),-,-,0,0,STABLE,0,0,0,0,0.0,0,0,2026-10-05
1486533,33,Deco Saputra,Persekabpas Pasuruan,Indonesia (Liga 3),IN3L,3,Sayap Kiri,Attack,18,2007-10-18,True,Indonesia,Lokal,0,kanan,2025-10-31,-,-,-,0,0,STABLE,0,0,0,0,0.0,0,0,2026-10-05
323546,0,Bayu Gatra,Persekabpas Pasuruan,Indonesia (Liga 3),IN3L,3,Sayap Kanan,Attack,34,1991-11-12,False,Indonesia,Lokal,167,kanan,2026-07-11,"Persid Jember (2005-2007), Persekap Pasuruan (2008-2009), Pe",-,-,0,434545455,DECREASED,0,0,0,0,0.0,0,0,2026-10-05
902655,0,Sugiyanto Rohman,Persekabpas Pasuruan,Indonesia (Liga 3),IN3L,3,Sayap Kanan,Attack,24,2002-04-10,False,Indonesia,Lokal,165,kanan,2026-07-07,-,-,-,0,434545455,DECREASED,0,0,0,0,0.0,0,0,2026-10-05
971961,0,Rahmat Beri,Persekabpas Pasuruan,Indonesia (Liga 3),IN3L,3,Sayap Kanan,Attack,22,2004-02-02,True,Indonesia,Lokal,173,kanan,2026-07-01,"PSID Jombang U17, Persebaya U15 (2019), Barito Putera U18 (2",-,-,0,434545455,DECREASED,0,0,0,0,0.0,0,0,2026-10-05
1486523,11,Fawas Mahri,Persekabpas Pasuruan,Indonesia (Liga 3),IN3L,3,Sayap Kanan,Attack,22,2004-07-09,True,Indonesia,Lokal,0,kanan,-,-,-,-,0,0,STABLE,0,0,0,0,0.0,0,0,2026-10-05
1486534,57,Brian Rejau,Persekabpas Pasuruan,Indonesia (Liga 3),IN3L,3,Sayap Kanan,Attack,20,2005-11-25,True,Indonesia,Lokal,0,kanan,2025-07-01,Persipura U18 (2020-22) Garuda Select (2022) Persija U18 (20,-,-,0,0,STABLE,0,0,0,0,0.0,0,0,2026-10-05
1353412,99,Ali Mashori,Persekabpas Pasuruan,Indonesia (Liga 3),IN3L,3,Sayap Kanan,Attack,25,2001-01-28,False,Indonesia,Lokal,165,kiri,2024-12-01,Persebaya U17 (-2019),2027-06-30,-,0,0,STABLE,0,0,0,0,0.0,0,0,2026-10-05
55485,0,Beto,Persekabpas Pasuruan,Indonesia (Liga 3),IN3L,3,Depan-Tengah,Attack,45,1980-12-31,False,Indonesia,Lokal,175,kanan,2026-07-07,Sport Belem (-1999),-,-,0,173818182,DECREASED,0,0,0,0,0.0,0,0,2026-10-05
1314714,8,Dio Rizky,Persekabpas Pasuruan,Indonesia (Liga 3),IN3L,3,Depan-Tengah,Attack,21,2004-12-08,True,Indonesia,Lokal,177,kanan,2025-11-14,"Persebaya U16 (2019), Bhayangkara U16 (2020), Belitong FC U1",-,-,0,173818182,DECREASED,0,0,0,0,0.0,0,0,2026-10-05
1568058,0,Mohammad Rifki,Persekabpas Pasuruan,Indonesia (Liga 3),IN3L,3,Gel. Tengah,Midfielder,0,-,False,Indonesia,Lokal,0,kanan,2026-07-17,Persipal U17 (-2024),-,-,0,0,STABLE,0,0,0,0,0.0,0,0,2026-10-05
1347306,7,Reynaldi Surya,Persekabpas Pasuruan,Indonesia (Liga 3),IN3L,3,Gel. Tengah,Midfielder,23,2003-03-31,False,Indonesia,Lokal,0,kanan,2025-11-11,Persebaya U16 (2022),-,-,0,0,STABLE,0,0,0,0,0.0,0,0,2026-10-05
723801,27,Muhammad Ridho,Persikutim United,Indonesia (Liga 3),IN3L,3,Kiper,Goalkeeper,31,1995-06-11,False,Indonesia,Lokal,175,kanan,2025-11-01,SSB Tunas Yogyakarta,-,-,0,434545455,DECREASED,0,0,0,0,0.0,0,0,2026-10-05
1351131,33,Juanda Saputra,Persikutim United,Indonesia (Liga 3),IN3L,3,Kiper,Goalkeeper,21,2005-06-03,True,Indonesia,Lokal,180,kanan,2025-09-28,PSM U20 (2024-2025),-,-,0,0,STABLE,0,0,0,0,0.0,0,0,2026-10-05
721941,13,Andika Kurniawan,Persikutim United,Indonesia (Liga 3),IN3L,3,Bek-Tengah,Defender,31,1995-04-23,False,Indonesia,Lokal,181,kanan,2025-11-01,PSIM Yogyakarta (2013-2014). PS Kota Jambi (2015-2016),-,-,0,434545455,DECREASED,0,0,0,0,0.0,0,0,2026-10-05
952549,25,Ari Wakum,Persikutim United,Indonesia (Liga 3),IN3L,3,Bek-Tengah,Defender,27,1999-01-11,False,Indonesia,Lokal,173,kanan,2025-11-01,"SSB Timika Putra (-2019), PON Papua (2019-2021)",-,-,0,869090909,DECREASED,0,0,0,0,0.0,0,0,2026-10-05
1486020,4,Deni Kusnanto,Persikutim United,Indonesia (Liga 3),IN3L,3,Bek-Tengah,Defender,28,1998-05-19,False,Indonesia,Lokal,171,kanan,2025-09-01,PSIK Klaten U17 Soeratin (2014),-,-,0,0,STABLE,0,0,0,0,0.0,0,0,2026-10-05
1313113,35,Febri Suryanto,Persikutim United,Indonesia (Liga 3),IN3L,3,Bek-Tengah,Defender,21,2005-02-21,True,Indonesia,Lokal,170,kanan,2025-11-01,"Indonesia Muda, Porprov Bojonegoro (2023)",-,-,0,0,STABLE,0,0,0,0,0.0,0,0,2026-10-05
1486021,14,Sholeh Yoga,Persikutim United,Indonesia (Liga 3),IN3L,3,Bek-Kiri,Defender,22,2004-02-19,True,Indonesia,Lokal,0,kanan,2025-09-01,"PFA Sukoharjo (-2021), Persiharjo U17 (2021-2022)",-,-,0,0,STABLE,0,0,0,0,0.0,0,0,2026-10-05
1176284,34,Andrew Evanius,Persikutim United,Indonesia (Liga 3),IN3L,3,Bek-Kiri,Defender,23,2003-07-20,False,Indonesia,Lokal,0,kiri,2025-11-01,"SSB Jakarta Football Academy, Persija U16 (2019), Persija U1",-,-,0,0,STABLE,0,0,0,0,0.0,0,0,2026-10-05
1353182,0,Ilham Amin,Persikutim United,Indonesia (Liga 3),IN3L,3,Gel. Tengah,Midfielder,23,2003-03-20,False,Indonesia,Lokal,0,kanan,2025-12-01,-,-,-,0,0,STABLE,0,0,0,0,0.0,0,0,2026-10-05
990605,8,Noval Junior,Persikutim United,Indonesia (Liga 3),IN3L,3,Gel. Bertahan,Midfielder,21,2004-11-16,True,Indonesia,Lokal,176,kanan,2025-11-01,"SSB Bintang KOR (2017), SSB FASS Junior (2018), Garuda Selec",-,-,0,0,STABLE,0,0,0,0,0.0,0,0,2026-10-05
1366789,10,Adrian Sunusi,Persikutim United,Indonesia (Liga 3),IN3L,3,Gel. Bertahan,Midfielder,22,2004-08-14,True,Indonesia,Lokal,0,kanan,2025-10-10,"Porprov Palu (2019), PSM Makassar U20 (2023-2024), PON Sulte",-,-,0,173818182,DECREASED,0,0,0,0,0.0,0,0,2026-10-05
506280,22,Fandi Utomo,Persikutim United,Indonesia (Liga 3),IN3L,3,Gel. Serang,Midfielder,35,1991-03-02,False,Indonesia,Lokal,176,kanan,2025-11-23,"Persebaya Junior (2007), Persekap Pasuruan Junior (2008), Pe",-,-,0,434545455,DECREASED,0,0,0,0,0.0,0,0,2026-10-05
1338192,17,Akhmad Riyadi,Persikutim United,Indonesia (Liga 3),IN3L,3,Gel. Serang,Midfielder,20,2005-10-17,True,Indonesia,Lokal,165,kanan,2025-11-01,Barito Putera U20 (2024),-,-,0,0,STABLE,0,0,0,0,0.0,0,0,2026-10-05
1338907,36,Ilham Fahmi,Persikutim United,Indonesia (Liga 3),IN3L,3,Gel. Serang,Midfielder,21,2005-01-31,True,Indonesia,Lokal,172,kanan,2025-10-10,"Borneo FC U18 (2023), Borneo FC U20 (2024)",-,-,0,0,STABLE,0,0,0,0,0.0,0,0,2026-10-05
1351582,57,Theo Wicaksono,Persikutim United,Indonesia (Liga 3),IN3L,3,Gel. Serang,Midfielder,20,2006-06-22,True,Indonesia,Lokal,178,kanan,2025-11-01,"PSS U18 (2023-2024), PSS U20 (2024-2025)",-,-,0,0,STABLE,0,0,0,0,0.0,0,0,2026-10-05
1486022,18,Ayuep Yulianto,Persikutim United,Indonesia (Liga 3),IN3L,3,Sayap Kiri,Attack,24,2002-08-03,False,Indonesia,Lokal,0,kanan,2025-10-31,"SSB Anak Bangsa (-2020), Persebaya U18 (2020), Persebaya U20",-,-,0,0,STABLE,0,0,0,0,0.0,0,0,2026-10-05
1156261,11,Dicky Kurniawan,Persikutim United,Indonesia (Liga 3),IN3L,3,Sayap Kanan,Attack,23,2003-06-26,False,Indonesia,Lokal,169,kiri,2025-10-26,"PSIP Pemalang U17 (2019-2020), Dewa United U20 (2022-2025)",-,-,0,434545455,DECREASED,0,0,0,0,0.0,0,0,2026-10-05
1338193,28,Raflianoor,Persikutim United,Indonesia (Liga 3),IN3L,3,Sayap Kanan,Attack,20,2005-11-08,True,Indonesia,Lokal,170,kanan,2025-11-01,"Barito Putera U18 (2023), Barito Putera U20 (2024)",-,-,0,0,STABLE,0,0,0,0,0.0,0,0,2026-10-05
1051946,9,Yoga Panjaitan,Persikutim United,Indonesia (Liga 3),IN3L,3,Depan-Tengah,Attack,27,1998-10-10,False,Indonesia,Lokal,182,kanan,2025-10-30,-,-,-,0,173818182,DECREASED,0,0,0,0,0.0,0,0,2026-10-05
680645,90,Johan Yoga,Persikutim United,Indonesia (Liga 3),IN3L,3,Depan-Tengah,Attack,36,1990-02-19,False,Indonesia,Lokal,183,kanan,2025-09-24,"Diklat Ragunan, PSIS Junior (2006-2008)",-,-,0,434545455,DECREASED,0,0,0,0,0.0,0,0,2026-10-05
1336947,15,Dylan Bonay,Persikutim United,Indonesia (Liga 3),IN3L,3,Depan-Tengah,Attack,21,2004-12-17,True,Indonesia,Lokal,182,kanan,2025-11-01,Arema FC U20 (2024),-,-,0,0,STABLE,0,0,0,0,0.0,0,0,2026-10-05
1486024,88,Yosua Yoltuwu,Persikutim United,Indonesia (Liga 3),IN3L,3,Gel. Tengah,Midfielder,19,2007-05-16,True,Indonesia,Lokal,0,kanan,2025-11-01,PSS Sleman U18 (2024-2025),-,-,0,0,STABLE,0,0,0,0,0.0,0,0,2026-10-05
261521,1,Somporn Yos,Port FC,Thailand,THA1,1,Kiper,Goalkeeper,33,1993-06-23,False,Thailand,Lokal,178,kanan,2023-01-17,BEC Tero Sasana (2009-2011),2027-06-30,"Rp2,17Mlyr.",2172727273,2607272727,DECREASED,0,0,0,0,0.0,0,0,2026-10-05
99894,93,Michael Falkesgaard,Port FC,Thailand,THA1,1,Kiper,Goalkeeper,35,1991-04-09,False,Filipina,ASEAN,191,kanan,2025-07-01,"Kastrup BK (-2010), Brøndby IF (2010-2011)",2027-06-30,"Rp1,30Mlyr.",1303636364,1303636364,UNCHANGED,0,0,0,0,0.0,0,0,2026-10-05
281845,35,Sarawut Konglap,Port FC,Thailand,THA1,1,Kiper,Goalkeeper,38,1987-10-31,False,Thailand,Lokal,176,kanan,2026-01-01,-,2027-06-30,-,0,434545455,DECREASED,0,0,0,0,0.0,0,0,2026-10-05
1300496,40,Rangsiman Kemmueang,Port FC,Thailand,THA1,1,Kiper,Goalkeeper,18,2008-01-16,True,Thailand,Lokal,175,kanan,2025-07-01,Port FC,2027-06-30,-,0,0,STABLE,0,0,0,0,0.0,0,0,2026-10-05
48907,28,Erik Sviatchenko,Port FC,Thailand,THA1,1,Bek-Tengah,Defender,35,1991-10-04,False,Denmark,Asing Non-Asia,185,kanan,2026-08-31,"Søndermarken IK, Houlkær IF",2027-06-30,"Rp6,95Mlyr.",6952727273,8690909091,DECREASED,0,0,0,0,0.0,0,0,2026-10-05
522606,36,Peerawat Akkratum,Port FC,Thailand,THA1,1,Bek-Tengah,Defender,27,1998-12-03,False,Thailand,Lokal,180,kanan,2025-07-01,Buriram United (2011-2016),2027-06-30,"Rp6,95Mlyr.",6952727273,3476363636,INCREASED,0,0,0,0,0.0,0,0,2026-10-05
547724,20,Marcel,Port FC,Thailand,THA1,1,Bek-Tengah,Defender,30,1996-04-17,False,Brasil,Asing Non-Asia,190,kiri,2026-07-22,-,2027-06-30,"Rp6,08Mlyr.",6083636364,6083636364,INCREASED,0,0,0,0,0.0,0,0,2026-10-05
124403,15,Manuel Bihr,Port FC,Thailand,THA1,1,Bek-Tengah,Defender,33,1993-09-17,False,Thailand,Lokal,184,kanan,2026-07-22,"VfL Herrenberg, SV Oberjesingen, VfL Herrenberg (-12/2007), ",2027-06-30,"Rp2,17Mlyr.",2172727273,2172727273,UNCHANGED,0,0,0,0,0.0,0,0,2026-10-05
516696,16,Chinnawat Wongchai,Port FC,Thailand,THA1,1,Bek-Tengah,Defender,29,1996-12-08,False,Thailand,Lokal,180,kiri,2023-06-12,Assumption College (2015-2016),2027-06-30,"Rp2,17Mlyr.",2172727273,1738181818,INCREASED,0,0,0,0,0.0,0,0,2026-10-05
1036082,13,Matheus Lins,Port FC,Thailand,THA1,1,Bek-Kiri,Defender,25,2001-03-24,False,Brasil,Asing Non-Asia,186,kiri,2025-07-01,"Grêmio Osasco Audax, Sport Club Atibaia, Clube Atlético Mine",2027-06-30,"Rp7,82Mlyr.",7821818182,6952727273,INCREASED,0,0,0,0,0.0,0,0,2026-10-05
1024768,25,Chaiyaphon Otton,Port FC,Thailand,THA1,1,Bek-Kiri,Defender,23,2003-04-04,False,Thailand,Lokal,173,kanan,2026-07-22,Nakhon Pathom Municipal Sports School,2028-06-30,"Rp6,08Mlyr.",6083636364,4345454545,INCREASED,0,0,0,0,0.0,0,0,2026-10-05
620319,77,Hugo Boutsingkham,Port FC,Thailand,THA1,1,Bek-Kiri,Defender,23,2003-01-20,False,Thailand,Lokal,175,kiri,2025-08-16,"AS Champs-sur-Marne (2009-2018)
FC Nantes (2018-2022)",2027-06-30,"Rp1,30Mlyr.",1303636364,1303636364,UNCHANGED,0,0,0,0,0.0,0,0,2026-10-05
505764,3,Asnawi Mangkualam,Port FC,Thailand,THA1,1,Bek-Kanan,Defender,27,1999-10-04,False,Indonesia,ASEAN,174,kanan,2024-01-26,"SSB Hasanuddin Makassar (-2014), PSM Makassar (2014-2015), P",2029-06-30,"Rp7,82Mlyr.",7821818182,8690909091,DECREASED,0,0,0,0,0.0,0,0,2026-10-05
440422,4,Suphanan Bureerat,Port FC,Thailand,THA1,1,Bek-Kanan,Defender,32,1993-10-10,False,Thailand,Lokal,177,kanan,2022-06-23,"JMG Academy Chonburi (2005-2009), Muangthong United (2010)",2027-06-30,"Rp4,35Mlyr.",4345454545,4345454545,UNCHANGED,0,0,0,0,0.0,0,0,2026-10-05
261542,34,Nitipong Selanon,Port FC,Thailand,THA1,1,Bek-Kanan,Defender,33,1993-05-26,False,Thailand,Lokal,167,kanan,2026-07-22,Chonburi FC (2010-2011),2028-06-30,"Rp3,04Mlyr.",3041818182,3476363636,DECREASED,0,0,0,0,0.0,0,0,2026-10-05
386859,33,Noboru Shimura,Port FC,Thailand,THA1,1,Gel. Bertahan,Midfielder,33,1993-03-11,False,Jepang,Asia (AFC),178,kanan,2023-06-05,-,2027-06-30,"Rp4,78Mlyr.",4780000000,5214545455,DECREASED,0,0,0,0,0.0,0,0,2026-10-05
970966,47,Sittha Boonlha,Port FC,Thailand,THA1,1,Gel. Bertahan,Midfielder,22,2004-09-02,True,Thailand,Lokal,180,kanan,2022-01-04,Assumption College Thonburi,2030-06-30,"Rp2,61Mlyr.",2607272727,2172727273,INCREASED,0,0,0,0,0.0,0,0,2026-10-05
261508,8,Tanaboon Kesarat,Port FC,Thailand,THA1,1,Gel. Bertahan,Midfielder,33,1993-09-21,False,Thailand,Lokal,182,kanan,2019-06-24,Bangkok Sports School (2008-2010),2027-06-30,"Rp2,17Mlyr.",2172727273,2607272727,DECREASED,0,0,0,0,0.0,0,0,2026-10-05
374089,88,Carlos Jatobá,Port FC,Thailand,THA1,1,Gel. Tengah,Midfielder,31,1995-09-15,False,Brasil,Asing Non-Asia,183,kiri,2026-07-22,-,2027-06-30,"Rp5,21Mlyr.",5214545455,6083636364,DECREASED,0,0,0,0,0.0,0,0,2026-10-05
418747,5,Peeradol Chamrasamee,Port FC,Thailand,THA1,1,Gel. Tengah,Midfielder,34,1992-09-15,False,Thailand,Lokal,173,kanan,2024-07-01,Debsirin FC (2010-2012),2027-06-30,"Rp3,91Mlyr.",3910909091,4345454545,DECREASED,0,0,0,0,0.0,0,0,2026-10-05
198713,24,Jakkaphan Kaewprom,Port FC,Thailand,THA1,1,Gel. Tengah,Midfielder,38,1988-05-24,False,Thailand,Lokal,169,kanan,2026-07-22,Suphanburi Sport School (2004-2006),2027-06-30,"Rp1,30Mlyr.",1303636364,1738181818,DECREASED,0,0,0,0,0.0,0,0,2026-10-05
1004124,17,Seksan Ratree,Port FC,Thailand,THA1,1,Gel. Serang,Midfielder,23,2003-03-14,False,Thailand,Lokal,177,kanan,2026-07-22,"Leicester City (2019-2020), Buriram United (2020-2022)",2027-06-30,"Rp8,69Mlyr.",8690909091,7821818182,INCREASED,0,0,0,0,0.0,0,0,2026-10-05
420275,22,Worachit Kanitsribumphen,Port FC,Thailand,THA1,1,Gel. Serang,Midfielder,29,1997-08-24,False,Thailand,Lokal,169,kanan,2023-06-01,Chonburi FC (2007-2013),2027-06-30,"Rp6,08Mlyr.",6083636364,6952727273,DECREASED,0,0,0,0,0.0,0,0,2026-10-05
415307,21,Sivakorn Tiatrakul,Port FC,Thailand,THA1,1,Gel. Serang,Midfielder,32,1994-07-07,False,Thailand,Lokal,173,kiri,2025-12-19,Muangthong United (2009-2012),2027-06-30,"Rp3,48Mlyr.",3476363636,3476363636,UNCHANGED,0,0,0,0,0.0,0,0,2026-10-05
662578,11,Bruno Moreira,Port FC,Thailand,THA1,1,Sayap Kiri,Attack,27,1999-04-08,False,Brasil,Asing Non-Asia,178,kanan,2026-07-22,FC Santos U20 (-2018),2027-06-30,"Rp8,69Mlyr.",8690909091,7821818182,INCREASED,0,0,0,0,0.0,0,0,2026-10-05
353484,10,Bordin Phala,Port FC,Thailand,THA1,1,Sayap Kiri,Attack,31,1994-12-18,False,Thailand,Lokal,182,kanan,2017-12-06,"Benchama Maharat School (2007-2010), Wat Suthiwararam School",2027-06-30,"Rp5,21Mlyr.",5214545455,6083636364,DECREASED,0,0,0,0,0.0,0,0,2026-10-05
194145,12,Kaká Mendes,Port FC,Thailand,THA1,1,Sayap Kiri,Attack,33,1993-03-16,False,Brasil,Asing Non-Asia,167,kiri,2025-07-09,Clube de Regatas do Flamengo,2027-06-30,"Rp3,04Mlyr.",3041818182,3476363636,DECREASED,0,0,0,0,0.0,0,0,2026-10-05
665602,27,Lucas Tocantins,Port FC,Thailand,THA1,1,Sayap Kanan,Attack,32,1994-07-25,False,Brasil,Asing Non-Asia,180,kanan,2025-07-30,-,2027-06-30,"Rp3,04Mlyr.",3041818182,3041818182,UNCHANGED,0,0,0,0,0.0,0,0,2026-10-05
715886,7,Essam Al-Subhi,Port FC,Thailand,THA1,1,Depan-Tengah,Attack,29,1997-05-01,False,Norwegia,Asing Non-Asia,180,kanan,2026-07-22,-,2027-06-30,"Rp10,43Mlyr.",10429090909,7821818182,INCREASED,0,0,0,0,0.0,0,0,2026-10-05
967216,14,Teerasak Poeiphimai,Port FC,Thailand,THA1,1,Depan-Tengah,Attack,24,2002-09-21,False,Thailand,Lokal,181,kanan,2021-12-17,Surasakmontree School (2018-2020),2030-06-30,"Rp8,69Mlyr.",8690909091,7821818182,INCREASED,0,0,0,0,0.0,0,0,2026-10-05
670857,18,Jude Soonsup-Bell,Port FC,Thailand,THA1,1,Depan-Tengah,Attack,22,2004-01-10,True,Thailand,Lokal,184,kanan,2026-07-26,"Calne FC, Swindon Town (-2015), Chelsea FC (2015-12/2022)",2030-06-30,"Rp6,08Mlyr.",6083636364,2607272727,INCREASED,0,0,0,0,0.0,0,0,2026-10-05
451858,19,Rui Costa,Port FC,Thailand,THA1,1,Depan-Tengah,Attack,30,1996-02-20,False,Portugal,Asing Non-Asia,179,kanan,2026-07-22,FC Famalicão (2005-2009);,2027-06-30,"Rp6,08Mlyr.",6083636364,6083636364,UNCHANGED,0,0,0,0,0.0,0,0,2026-10-05
1082630,9,Ruan Ribeiro,Port FC,Thailand,THA1,1,Depan-Tengah,Attack,23,2003-08-15,False,Brasil,Asing Non-Asia,177,kanan,2026-07-22,-,2027-06-30,"Rp4,35Mlyr.",4345454545,3476363636,INCREASED,0,0,0,0,0.0,0,0,2026-10-05
312179,1,Patiwat Khammai,True Bangkok United,Thailand,THA1,1,Kiper,Goalkeeper,31,1994-12-24,False,Thailand,Lokal,187,kanan,2022-07-06,Assumption College Thonburi (2009-2012),2027-06-30,"Rp6,95Mlyr.",6952727273,6952727273,UNCHANGED,0,0,0,0,0.0,0,0,2026-10-05
620304,29,Phuwadol Pholsongkram,True Bangkok United,Thailand,THA1,1,Kiper,Goalkeeper,24,2002-05-11,False,Thailand,Lokal,183,kanan,2020-01-01,Bangkok United,2027-06-30,"Rp2,61Mlyr.",2607272727,2607272727,UNCHANGED,0,0,0,0,0.0,0,0,2026-10-05
443950,38,Chinnapong Raksri,True Bangkok United,Thailand,THA1,1,Kiper,Goalkeeper,31,1995-04-14,False,Thailand,Lokal,185,kanan,2025-07-01,BEC Tero Sasana,2027-06-30,"Rp869,09Jt.",869090909,869090909,UNCHANGED,0,0,0,0,0.0,0,0,2026-10-05
1145178,88,Supanut Sudathip,True Bangkok United,Thailand,THA1,1,Kiper,Goalkeeper,20,2006-06-22,True,Thailand,Lokal,190,kanan,2024-01-01,Bangkok United,2027-06-30,-,0,0,STABLE,0,0,0,0,0.0,0,0,2026-10-05
349814,5,Philipe Maia,True Bangkok United,Thailand,THA1,1,Bek-Tengah,Defender,31,1995-07-11,False,Brasil,Asing Non-Asia,185,kanan,2025-07-01,-,2027-06-30,"Rp6,08Mlyr.",6083636364,6083636364,UNCHANGED,0,0,0,0,0.0,0,0,2026-10-05
415306,26,Suphan Thongsong,True Bangkok United,Thailand,THA1,1,Bek-Tengah,Defender,32,1994-08-26,False,Thailand,Lokal,183,kanan,2021-12-09,"Assumption College Thonburi (-2012), Muangthong United (2013",2027-06-30,"Rp4,35Mlyr.",4345454545,5214545455,DECREASED,0,0,0,0,0.0,0,0,2026-10-05
549610,35,Kritsada Nontharat,True Bangkok United,Thailand,THA1,1,Bek-Tengah,Defender,25,2001-02-16,False,Thailand,Lokal,178,kanan,2018-12-01,Bangkok United (-2018),2027-06-30,"Rp4,35Mlyr.",4345454545,5214545455,DECREASED,0,0,0,0,0.0,0,0,2026-10-05
373292,3,Everton,True Bangkok United,Thailand,THA1,1,Bek-Tengah,Defender,36,1990-02-05,False,Brasil,Asing Non-Asia,185,kiri,2017-12-21,-,2027-06-30,"Rp2,61Mlyr.",2607272727,3041818182,DECREASED,0,0,0,0,0.0,0,0,2026-10-05
1294199,22,Wichan Inaram,True Bangkok United,Thailand,THA1,1,Bek-Tengah,Defender,19,2007-07-20,True,Thailand,Lokal,186,kanan,2024-07-07,Bangkok United,2027-06-30,"Rp2,61Mlyr.",2607272727,1303636364,INCREASED,0,0,0,0,0.0,0,0,2026-10-05
543752,24,Wanchai Jarunongkran,True Bangkok United,Thailand,THA1,1,Bek-Kiri,Defender,29,1996-12-18,False,Thailand,Lokal,180,kiri,2018-06-01,Osotspa Saraburi FC (2012-2014),2027-06-30,"Rp5,21Mlyr.",5214545455,3476363636,INCREASED,0,0,0,0,0.0,0,0,2026-10-05
194389,23,Ki-je Lee,True Bangkok United,Thailand,THA1,1,Bek-Kiri,Defender,35,1991-07-09,False,Korea Selatan,Asia (AFC),175,kiri,2026-04-13,"Happo Elementary School (합포초등학교, 2003),
Masan Jungang Middl",2027-06-30,"Rp3,91Mlyr.",3910909091,4345454545,DECREASED,0,0,0,0,0.0,0,0,2026-10-05
1145190,43,Surachai Booncharee,True Bangkok United,Thailand,THA1,1,Bek-Kiri,Defender,19,2007-04-26,True,Thailand,Lokal,170,kiri,2024-07-01,Bangkok United,2027-06-30,"Rp869,09Jt.",869090909,869090909,STABLE,0,0,0,0,0.0,0,0,2026-10-05
726973,27,James Beresford,True Bangkok United,Thailand,THA1,1,Bek-Kanan,Defender,24,2002-04-17,False,Thailand,Lokal,180,kanan,2026-07-22,"Brighton & Hove Albion, Worthing FC (-2019)",2028-06-30,"Rp6,08Mlyr.",6083636364,4345454545,INCREASED,0,0,0,0,0.0,0,0,2026-10-05
645756,4,Weerathep Pomphun,True Bangkok United,Thailand,THA1,1,Gel. Bertahan,Midfielder,30,1996-09-19,False,Thailand,Lokal,182,kiri,2024-01-26,Patumkongka School (2014-2016),2027-06-30,"Rp7,82Mlyr.",7821818182,6952727273,INCREASED,0,0,0,0,0.0,0,0,2026-10-05
237113,6,John-Patrick Strauß,True Bangkok United,Thailand,THA1,1,Gel. Bertahan,Midfielder,30,1996-01-28,False,Filipina,ASEAN,178,kanan,2026-07-22,"FC Cleeberg (2000-2008), TSG Wieseck (2008-2012), RasenBalls",2027-06-30,"Rp5,21Mlyr.",5214545455,5214545455,UNCHANGED,0,0,0,0,0.0,0,0,2026-10-05
445529,17,Wisarut Imura,True Bangkok United,Thailand,THA1,1,Gel. Bertahan,Midfielder,28,1997-10-18,False,Thailand,Lokal,180,kanan,2017-12-01,Bangkok United (-2017),2027-06-30,"Rp2,17Mlyr.",2172727273,2172727273,UNCHANGED,0,0,0,0,0.0,0,0,2026-10-05
226739,21,Anthony Cáceres,True Bangkok United,Thailand,THA1,1,Gel. Tengah,Midfielder,34,1992-09-29,False,Australia,Asia (AFC),173,kanan,2026-07-22,-,2027-06-30,"Rp7,82Mlyr.",7821818182,8690909091,DECREASED,0,0,0,0,0.0,0,0,2026-10-05
260644,8,Thitiphan Puangchan,True Bangkok United,Thailand,THA1,1,Gel. Tengah,Midfielder,33,1993-09-01,False,Thailand,Lokal,178,kanan,2021-12-01,Muangthong United (2008-2009),2027-06-30,"Rp4,35Mlyr.",4345454545,5214545455,DECREASED,0,0,0,0,0.0,0,0,2026-10-05
415311,37,Picha Autra,True Bangkok United,Thailand,THA1,1,Gel. Tengah,Midfielder,30,1996-01-07,False,Thailand,Lokal,169,kanan,2026-07-22,"JMG Academy Chonburi (2007-2011), Muangthong United (2012-20",2027-06-30,"Rp4,35Mlyr.",4345454545,4345454545,UNCHANGED,0,0,0,0,0.0,0,0,2026-10-05
198690,39,Pokklaw Anan,True Bangkok United,Thailand,THA1,1,Gel. Tengah,Midfielder,35,1991-03-04,False,Thailand,Lokal,180,kanan,2017-01-06,Thai Honda FC (-2008),2027-06-30,"Rp1,74Mlyr.",1738181818,2607272727,DECREASED,0,0,0,0,0.0,0,0,2026-10-05
1366465,60,Philip Frey,True Bangkok United,Thailand,THA1,1,Gel. Tengah,Midfielder,19,2006-11-25,True,Thailand,Lokal,178,kanan,2025-01-16,"Offenburger FV (-2022), Bangkok United (2022-2024)",2027-06-30,"Rp434,55Jt.",434545455,434545455,UNCHANGED,0,0,0,0,0.0,0,0,2026-10-05
1003468,7,Kakana Khamyok,True Bangkok United,Thailand,THA1,1,Gel. Serang,Midfielder,22,2004-05-21,True,Thailand,Lokal,177,kanan,2026-09-04,-,2031-06-30,"Rp8,69Mlyr.",8690909091,6083636364,INCREASED,0,0,0,0,0.0,0,0,2026-10-05
563340,97,Felipe Santos,True Bangkok United,Thailand,THA1,1,Sayap Kiri,Attack,29,1997-01-03,False,Benin,Asing Non-Asia,179,kanan,2026-07-22,-,2027-06-30,"Rp15,64Mlyr.",15643636364,24334545455,DECREASED,0,0,0,0,0.0,0,0,2026-10-05
363842,19,Willian Popp,True Bangkok United,Thailand,THA1,1,Sayap Kiri,Attack,32,1994-04-13,False,Brasil,Asing Non-Asia,178,kanan,2026-07-22,-,2027-06-30,"Rp6,08Mlyr.",6083636364,6952727273,DECREASED,0,0,0,0,0.0,0,0,2026-10-05
408026,18,Yonatan Cohen,True Bangkok United,Thailand,THA1,1,Sayap Kanan,Attack,30,1996-06-29,False,Israel,Asing Non-Asia,186,kiri,2026-07-22,Maccabi Tel Aviv,2027-06-30,"Rp10,43Mlyr.",10429090909,6952727273,INCREASED,0,0,0,0,0.0,0,0,2026-10-05
1167214,44,Narakorn Kangkratok,True Bangkok United,Thailand,THA1,1,Sayap Kanan,Attack,23,2003-04-01,False,Thailand,Lokal,172,kanan,2022-07-01,Bangkok United,2027-06-30,"Rp1,74Mlyr.",1738181818,1738181818,UNCHANGED,0,0,0,0,0.0,0,0,2026-10-05
560996,11,Muhsen Al-Ghassani,True Bangkok United,Thailand,THA1,1,Depan-Tengah,Attack,29,1997-03-27,False,Norwegia,Asing Non-Asia,184,kanan,2024-07-10,-,2027-06-30,"Rp12,17Mlyr.",12167272727,13905454545,DECREASED,0,0,0,0,0.0,0,0,2026-10-05
443222,20,Marc Cardona,True Bangkok United,Thailand,THA1,1,Depan-Tengah,Attack,31,1995-07-08,False,Spanyol,Asing Non-Asia,182,kanan,2026-08-20,San Benito CF,2027-06-30,"Rp8,69Mlyr.",8690909091,8690909091,UNCHANGED,0,0,0,0,0.0,0,0,2026-10-05
65233,10,Teerasil Dangda,True Bangkok United,Thailand,THA1,1,Depan-Tengah,Attack,38,1988-06-06,False,Thailand,Lokal,181,kanan,2025-07-01,Assumption United (2003-2005),2027-06-30,"Rp1,74Mlyr.",1738181818,1738181818,UNCHANGED,0,0,0,0,0.0,0,0,2026-10-05
591528,30,Wichaya Ganthong,Rayong FC,Thailand,THA1,1,Kiper,Goalkeeper,33,1993-06-09,False,Thailand,Lokal,181,kanan,2024-07-01,-,2027-06-30,"Rp1,74Mlyr.",1738181818,1738181818,UNCHANGED,0,0,0,0,0.0,0,0,2026-10-05
447631,36,Worawut Srisupha,Rayong FC,Thailand,THA1,1,Kiper,Goalkeeper,34,1992-05-25,False,Thailand,Lokal,180,kanan,2026-07-22,BEC Tero Sasana (2009-2010),2027-06-30,"Rp1,74Mlyr.",1738181818,2172727273,DECREASED,0,0,0,0,0.0,0,0,2026-10-05
661197,31,Phatcharaphong Prathumma,Rayong FC,Thailand,THA1,1,Kiper,Goalkeeper,26,2000-06-21,False,Thailand,Lokal,180,kanan,2026-07-22,-,2027-06-30,"Rp869,09Jt.",869090909,434545455,INCREASED,0,0,0,0,0.0,0,0,2026-10-05
1449305,50,Ketanuson Junrung,Rayong FC,Thailand,THA1,1,Kiper,Goalkeeper,19,2007-02-23,True,Thailand,Lokal,182,kanan,2025-07-01,Rayong FC,2027-06-30,-,0,0,STABLE,0,0,0,0,0.0,0,0,2026-10-05
600798,94,António Lara,Rayong FC,Thailand,THA1,1,Bek-Tengah,Defender,27,1999-01-27,False,Brasil,Asing Non-Asia,192,kanan,2026-08-13,-,2027-06-30,"Rp5,21Mlyr.",5214545455,4345454545,INCREASED,0,0,0,0,0.0,0,0,2026-10-05
872809,20,Leonardo Justiniano,Rayong FC,Thailand,THA1,1,Bek-Tengah,Defender,25,2001-07-20,False,Bolivia,Asing Non-Asia,190,kanan,2026-01-16,-,2027-06-30,"Rp4,35Mlyr.",4345454545,6952727273,DECREASED,0,0,0,0,0.0,0,0,2026-10-05
975837,37,Mayron,Rayong FC,Thailand,THA1,1,Bek-Tengah,Defender,27,1999-09-02,False,Brasil,Asing Non-Asia,192,kiri,2026-08-01,-,2027-06-30,"Rp4,35Mlyr.",4345454545,4345454545,INCREASED,0,0,0,0,0.0,0,0,2026-10-05
565760,2,Noppol Kerdkaew,Rayong FC,Thailand,THA1,1,Bek-Tengah,Defender,25,2001-06-08,False,Thailand,Lokal,183,kanan,2026-07-22,Nakhonratchasima FC (-2017),2027-06-30,"Rp1,74Mlyr.",1738181818,1303636364,INCREASED,0,0,0,0,0.0,0,0,2026-10-05
161607,14,Stefan Cebara,Rayong FC,Thailand,THA1,1,Bek-Tengah,Defender,35,1991-04-12,False,Kanada,Asing Non-Asia,188,kanan,2025-07-01,Windsor Nationals,2027-06-30,"Rp1,30Mlyr.",1303636364,1738181818,DECREASED,0,0,0,0,0.0,0,0,2026-10-05
856553,59,Teeraphon Sangdech,Rayong FC,Thailand,THA1,1,Bek-Tengah,Defender,24,2002-06-18,False,Thailand,Lokal,0,kanan,2026-08-09,-,2027-06-30,-,0,434545455,DECREASED,0,0,0,0,0.0,0,0,2026-10-05
649542,5,Pharadon Phatthanaphon,Rayong FC,Thailand,THA1,1,Bek-Kiri,Defender,25,2001-09-23,False,Thailand,Lokal,172,kiri,2026-07-22,Chiangrai United (-2018),2027-06-30,"Rp2,61Mlyr.",2607272727,1738181818,INCREASED,0,0,0,0,0.0,0,0,2026-10-05
1120777,3,Thanawat Pimyotha,Rayong FC,Thailand,THA1,1,Bek-Kiri,Defender,25,2000-10-24,False,Thailand,Lokal,182,kiri,2026-07-22,-,2027-06-30,"Rp1,74Mlyr.",1738181818,1738181818,UNCHANGED,0,0,0,0,0.0,0,0,2026-10-05
971429,33,Kittiphat Kullapha,Rayong FC,Thailand,THA1,1,Bek-Kiri,Defender,21,2004-12-06,True,Thailand,Lokal,178,kiri,2025-01-17,-,2027-06-30,"Rp1,30Mlyr.",1303636364,1738181818,DECREASED,0,0,0,0,0.0,0,0,2026-10-05
931884,19,Supawit Romphopak,Rayong FC,Thailand,THA1,1,Bek-Kanan,Defender,30,1996-07-18,False,Thailand,Lokal,174,kanan,2025-07-01,-,2027-06-30,"Rp2,61Mlyr.",2607272727,2172727273,INCREASED,0,0,0,0,0.0,0,0,2026-10-05
549183,15,Thanaset Sujarit,Rayong FC,Thailand,THA1,1,Bek-Kanan,Defender,31,1994-11-15,False,Thailand,Lokal,172,kanan,2026-07-22,Chonburi FC (2010-2012),2027-06-30,"Rp1,74Mlyr.",1738181818,1738181818,UNCHANGED,0,0,0,0,0.0,0,0,2026-10-05
224878,6,João Afonso,Rayong FC,Thailand,THA1,1,Gel. Bertahan,Midfielder,31,1995-02-09,False,Brasil,Asing Non-Asia,181,kanan,2025-07-02,-,2027-06-30,"Rp3,04Mlyr.",3041818182,2607272727,INCREASED,0,0,0,0,0.0,0,0,2026-10-05
677449,8,Natcha Promsomboon,Rayong FC,Thailand,THA1,1,Gel. Bertahan,Midfielder,25,2001-02-08,False,Thailand,Lokal,173,kanan,2026-09-10,Bangkok United,2027-06-30,"Rp2,61Mlyr.",2607272727,2172727273,INCREASED,0,0,0,0,0.0,0,0,2026-10-05
281742,18,Parndecha Ngernprasert,Rayong FC,Thailand,THA1,1,Gel. Bertahan,Midfielder,31,1994-10-22,False,Thailand,Lokal,174,kanan,2026-07-22,Bangkok Glass FC (2011-2012),2027-06-30,"Rp1,30Mlyr.",1303636364,1303636364,UNCHANGED,0,0,0,0,0.0,0,0,2026-10-05
1426017,32,Porrameth Ittiprasert,Rayong FC,Thailand,THA1,1,Gel. Bertahan,Midfielder,20,2006-06-13,True,Thailand,Lokal,174,kanan,2025-07-12,"PTT Rayong, Chonburi FC",2027-06-30,"Rp869,09Jt.",869090909,869090909,STABLE,0,0,0,0,0.0,0,0,2026-10-05
134802,4,Hiromichi Katano,Rayong FC,Thailand,THA1,1,Gel. Bertahan,Midfielder,44,1982-04-06,False,Jepang,Asia (AFC),179,kanan,2023-07-12,-,2027-06-30,"Rp434,55Jt.",434545455,869090909,DECREASED,0,0,0,0,0.0,0,0,2026-10-05
971416,80,Wattanapong Withunat,Rayong FC,Thailand,THA1,1,Gel. Bertahan,Midfielder,21,2004-12-10,True,Thailand,Lokal,175,kanan,2025-08-13,Rayong FC,2027-06-30,"Rp434,55Jt.",434545455,434545455,INCREASED,0,0,0,0,0.0,0,0,2026-10-05
1167017,66,Nonthawat Bathong,Rayong FC,Thailand,THA1,1,Gel. Bertahan,Midfielder,20,2006-05-23,True,Thailand,Lokal,171,kanan,2025-01-17,Rayong FC,2027-06-30,-,0,434545455,DECREASED,0,0,0,0,0.0,0,0,2026-10-05
722130,17,Bruno Leite,Rayong FC,Thailand,THA1,1,Gel. Tengah,Midfielder,26,2000-04-07,False,Brasil,Asing Non-Asia,180,kanan,2026-07-22,-,2027-06-30,"Rp4,35Mlyr.",4345454545,4345454545,INCREASED,0,0,0,0,0.0,0,0,2026-10-05
949662,79,Patipanchai Phothep,Rayong FC,Thailand,THA1,1,Gel. Tengah,Midfielder,23,2003-07-21,False,Thailand,Lokal,166,kiri,2026-07-23,Chainat Hornbill FC,2027-06-30,"Rp1,74Mlyr.",1738181818,1303636364,INCREASED,0,0,0,0,0.0,0,0,2026-10-05
567319,11,Peerapat Kaminthong,Rayong FC,Thailand,THA1,1,Gel. Serang,Midfielder,26,2000-03-22,False,Thailand,Lokal,173,kanan,2024-07-06,Buriram United,2027-06-30,"Rp1,30Mlyr.",1303636364,869090909,INCREASED,0,0,0,0,0.0,0,0,2026-10-05
1037629,98,João Felipe,Rayong FC,Thailand,THA1,1,Sayap Kiri,Attack,27,1998-12-02,False,Brasil,Asing Non-Asia,180,kanan,2026-07-22,-,2027-06-30,"Rp5,21Mlyr.",5214545455,5214545455,INCREASED,0,0,0,0,0.0,0,0,2026-10-05
554934,7,Matee Sarakum,Rayong FC,Thailand,THA1,1,Sayap Kiri,Attack,27,1999-05-21,False,Thailand,Lokal,180,kanan,2025-07-01,"Suankularb Wittayalai School (2014-2016), Buriram United (20",2027-06-30,"Rp2,61Mlyr.",2607272727,1738181818,INCREASED,0,0,0,0,0.0,0,0,2026-10-05
1578440,23,Kannithi Waitayachaiwat,Rayong FC,Thailand,THA1,1,Sayap Kiri,Attack,20,2005-12-23,True,Thailand,Lokal,0,kanan,2026-08-10,BG Pathum United,2027-06-30,-,0,0,STABLE,0,0,0,0,0.0,0,0,2026-10-05
345807,27,Anon Amornlerdsak,Rayong FC,Thailand,THA1,1,Sayap Kanan,Attack,28,1997-11-06,False,Thailand,Lokal,170,kiri,2025-07-07,"Christ FC (2009-2011), Buriram United (2012-2013)",2027-06-30,"Rp5,21Mlyr.",5214545455,4345454545,INCREASED,0,0,0,0,0.0,0,0,2026-10-05
824354,10,Coutinho,Rayong FC,Thailand,THA1,1,Sayap Kanan,Attack,25,2000-11-28,False,Brasil,Asing Non-Asia,174,kiri,2026-07-22,-,2027-06-30,"Rp4,35Mlyr.",4345454545,4345454545,STABLE,0,0,0,0,0.0,0,0,2026-10-05
1239382,77,Hong-gyu Yeo,Rayong FC,Thailand,THA1,1,Sayap Kanan,Attack,24,2002-05-25,False,Korea Selatan,Asia (AFC),173,kanan,2026-07-22,"Jeonju Jochon Elementary School (전주조촌초등학교, 2012-2014),
Ilsa",2027-06-30,"Rp2,61Mlyr.",2607272727,869090909,INCREASED,0,0,0,0,0.0,0,0,2026-10-05
1346054,29,Phoomthai Singchai,Rayong FC,Thailand,THA1,1,Sayap Kanan,Attack,20,2005-11-01,True,Thailand,Lokal,0,kanan,2026-08-23,PTT Rayong Academy,2027-06-30,-,0,0,STABLE,0,0,0,0,0.0,0,0,2026-10-05
567196,99,Cristian Măgerușan,Rayong FC,Thailand,THA1,1,Depan-Tengah,Attack,27,1999-09-16,False,Rumania,Asing Non-Asia,188,kanan,2026-07-22,"Arsenal Bistrița, CFR Cluj, Academia Hagi",2027-06-30,"Rp5,21Mlyr.",5214545455,5649090909,DECREASED,0,0,0,0,0.0,0,0,2026-10-05
439021,26,Renan Gorne,Rayong FC,Thailand,THA1,1,Depan-Tengah,Attack,30,1996-02-22,False,Brasil,Asing Non-Asia,182,kanan,2026-08-13,-,2027-06-30,"Rp4,35Mlyr.",4345454545,4345454545,INCREASED,0,0,0,0,0.0,0,0,2026-10-05
263946,22,Verot Pombuppha,Rayong FC,Thailand,THA1,1,Depan-Tengah,Attack,34,1992-03-17,False,Thailand,Lokal,180,kanan,2026-07-22,Assumption College Thonburi (2005-2007),2027-06-30,"Rp1,30Mlyr.",1303636364,1303636364,UNCHANGED,0,0,0,0,0.0,0,0,2026-10-05
384159,97,Caíque,Uthai Thani FC,Thailand,THA1,1,Kiper,Goalkeeper,29,1997-07-31,False,Brasil,Asing Non-Asia,198,kanan,2026-07-22,-,2027-06-30,"Rp6,08Mlyr.",6083636364,10429090909,DECREASED,0,0,0,0,0.0,0,0,2026-10-05
815430,1,Chirawat Wangthaphan,Uthai Thani FC,Thailand,THA1,1,Kiper,Goalkeeper,28,1998-07-26,False,Thailand,Lokal,180,kanan,2025-07-01,-,2027-06-30,"Rp3,48Mlyr.",3476363636,2172727273,INCREASED,0,0,0,0,0.0,0,0,2026-10-05
971218,26,Chommaphat Boonloet,Uthai Thani FC,Thailand,THA1,1,Kiper,Goalkeeper,23,2003-02-17,False,Thailand,Lokal,183,kanan,2026-07-22,Chonburi FC (-2021),2028-06-30,"Rp2,17Mlyr.",2172727273,1738181818,INCREASED,0,0,0,0,0.0,0,0,2026-10-05
450658,18,Boonyakait Wongsajaem,Uthai Thani FC,Thailand,THA1,1,Kiper,Goalkeeper,32,1994-06-29,False,Thailand,Lokal,184,kanan,2021-04-25,Lamphun Warrior (2012–2013),2027-06-30,"Rp869,09Jt.",869090909,1303636364,DECREASED,0,0,0,0,0.0,0,0,2026-10-05
1229250,95,Teerasak Phukab,Uthai Thani FC,Thailand,THA1,1,Kiper,Goalkeeper,19,2007-03-10,True,Thailand,Lokal,186,kanan,2024-01-26,Uthai Thani FC,2027-06-30,-,0,0,STABLE,0,0,0,0,0.0,0,0,2026-10-05
429677,13,Tae-wook Jeong,Uthai Thani FC,Thailand,THA1,1,Bek-Tengah,Defender,29,1997-05-16,False,Korea Selatan,Asia (AFC),195,kanan,2026-07-24,"Seognnam Hansol Elementary School (한솔초등학교, 2008),
Anyang El",2027-06-30,"Rp6,08Mlyr.",6083636364,4345454545,INCREASED,0,0,0,0,0.0,0,0,2026-10-05
524933,2,Jaime Giraldo,Uthai Thani FC,Thailand,THA1,1,Bek-Tengah,Defender,28,1998-02-08,False,Kolombia,Asing Non-Asia,191,kiri,2026-07-22,-,2027-06-30,"Rp3,48Mlyr.",3476363636,3041818182,INCREASED,0,0,0,0,0.0,0,0,2026-10-05
654153,24,Santipap Yaemsaen,Uthai Thani FC,Thailand,THA1,1,Bek-Tengah,Defender,26,2000-03-01,False,Thailand,Lokal,188,kanan,2026-07-22,Bangkok United,2027-06-30,"Rp1,74Mlyr.",1738181818,869090909,INCREASED,0,0,0,0,0.0,0,0,2026-10-05
419311,19,Wattana Playnum,Uthai Thani FC,Thailand,THA1,1,Bek-Tengah,Defender,37,1989-08-19,False,Thailand,Lokal,181,kanan,2023-06-13,Nakhon Sawan (2009-2010),2027-06-30,"Rp869,09Jt.",869090909,1303636364,DECREASED,0,0,0,0,0.0,0,0,2026-10-05
543136,3,Charalampos Charalampous,Uthai Thani FC,Thailand,THA1,1,Bek-Kiri,Defender,27,1999-07-01,False,Thailand,Lokal,177,kiri,2024-12-10,Aris Limassol,2027-06-30,"Rp3,48Mlyr.",3476363636,2607272727,INCREASED,0,0,0,0,0.0,0,0,2026-10-05
563833,65,Thitathorn Auksornsri,Uthai Thani FC,Thailand,THA1,1,Bek-Kiri,Defender,28,1997-11-08,False,Thailand,Lokal,180,kiri,2024-07-01,BEC Tero Sasana (2013-2016),2027-06-30,"Rp3,48Mlyr.",3476363636,4345454545,DECREASED,0,0,0,0,0.0,0,0,2026-10-05
415312,5,Suporn Peenagatapho,Uthai Thani FC,Thailand,THA1,1,Bek-Kanan,Defender,31,1995-07-21,False,Thailand,Lokal,175,kanan,2026-07-22,-,2027-06-30,"Rp2,61Mlyr.",2607272727,2607272727,UNCHANGED,0,0,0,0,0.0,0,0,2026-10-05
426638,17,Jakkit Wachpirom,Uthai Thani FC,Thailand,THA1,1,Bek-Kanan,Defender,29,1997-01-26,False,Thailand,Lokal,174,kanan,2025-07-01,Surasakmontree School (2012-2014),2027-06-30,"Rp2,61Mlyr.",2607272727,869090909,INCREASED,0,0,0,0,0.0,0,0,2026-10-05
624048,4,Possawee Muanmart,Uthai Thani FC,Thailand,THA1,1,Bek-Kanan,Defender,29,1996-10-08,False,Thailand,Lokal,178,kanan,2023-06-15,Buriram United (-2018),2027-06-30,"Rp434,55Jt.",434545455,434545455,INCREASED,0,0,0,0,0.0,0,0,2026-10-05
523948,8,William Weidersjö,Uthai Thani FC,Thailand,THA1,1,Gel. Bertahan,Midfielder,25,2001-06-10,False,Thailand,Lokal,179,kanan,2024-07-17,"Älvsjö AIK (-2016), Enskede IK (2017), IFK Haninge (2019), H",2027-06-30,"Rp5,21Mlyr.",5214545455,5214545455,UNCHANGED,0,0,0,0,0.0,0,0,2026-10-05
729251,77,Robertinho,Uthai Thani FC,Thailand,THA1,1,Gel. Bertahan,Midfielder,30,1996-02-22,False,Brasil,Asing Non-Asia,178,kanan,2026-08-17,-,2027-06-30,"Rp5,21Mlyr.",5214545455,4345454545,INCREASED,0,0,0,0,0.0,0,0,2026-10-05
443949,25,Ratthanakorn Maikami,Uthai Thani FC,Thailand,THA1,1,Gel. Bertahan,Midfielder,28,1998-01-07,False,Thailand,Lokal,174,kanan,2026-07-22,Buriram United (2011-2015),2027-06-30,"Rp4,35Mlyr.",4345454545,3476363636,INCREASED,0,0,0,0,0.0,0,0,2026-10-05
1369725,6,Pablo Dias,Uthai Thani FC,Thailand,THA1,1,Gel. Bertahan,Midfielder,23,2003-08-04,False,Brasil,Asing Non-Asia,183,keduanya,2026-07-22,Campo Grande RJ S20 (2021 - 2022),2027-06-30,"Rp2,61Mlyr.",2607272727,2607272727,STABLE,0,0,0,0,0.0,0,0,2026-10-05
442515,92,Atikhun Meethoum,Uthai Thani FC,Thailand,THA1,1,Gel. Bertahan,Midfielder,31,1995-01-18,False,Thailand,Lokal,173,kanan,2025-10-22,Muangthong United (2012-2016),2027-06-30,"Rp1,74Mlyr.",1738181818,1738181818,UNCHANGED,0,0,0,0,0.0,0,0,2026-10-05
589933,62,Airfan Doloh,Uthai Thani FC,Thailand,THA1,1,Gel. Tengah,Midfielder,25,2001-01-26,False,Thailand,Lokal,168,kiri,2026-01-01,Buriram United (-2018),2027-06-30,"Rp4,35Mlyr.",4345454545,3476363636,INCREASED,0,0,0,0,0.0,0,0,2026-10-05
951022,21,Sirimongkol Rattanapoom,Uthai Thani FC,Thailand,THA1,1,Gel. Tengah,Midfielder,24,2002-05-21,False,Thailand,Lokal,176,kiri,2024-07-01,Leicester City (2015-2020),2027-06-30,"Rp1,74Mlyr.",1738181818,1303636364,INCREASED,0,0,0,0,0.0,0,0,2026-10-05
532374,10,Ben Davis,Uthai Thani FC,Thailand,THA1,1,Gel. Serang,Midfielder,25,2000-11-24,False,Thailand,Lokal,175,kanan,2024-01-11,"Singapore Sports School (2013-2016), Fulham FC (2017-2021)",2027-06-30,"Rp8,69Mlyr.",8690909091,7821818182,INCREASED,0,0,0,0,0.0,0,0,2026-10-05
415273,7,Trent Buhagiar,Uthai Thani FC,Thailand,THA1,1,Sayap Kiri,Attack,28,1998-02-27,False,Malta,Asing Non-Asia,178,kanan,2026-07-22,-,2027-06-30,"Rp6,95Mlyr.",6952727273,6083636364,INCREASED,0,0,0,0,0.0,0,0,2026-10-05
722613,91,Julio Vitor,Uthai Thani FC,Thailand,THA1,1,Sayap Kiri,Attack,25,2001-02-25,False,Brasil,Asing Non-Asia,172,kanan,2026-08-17,"Rio Branco SP S13 (2013 - 2014)
Rio Branco SP S17 (2016)
",2027-06-30,"Rp3,48Mlyr.",3476363636,3476363636,INCREASED,0,0,0,0,0.0,0,0,2026-10-05
451055,35,Siroch Chatthong,Uthai Thani FC,Thailand,THA1,1,Sayap Kiri,Attack,33,1992-12-08,False,Thailand,Lokal,184,kanan,2026-07-22,"Surin Technical College (2008-2009), BEC Tero Sasana (2011)",2027-06-30,"Rp1,74Mlyr.",1738181818,2172727273,DECREASED,0,0,0,0,0.0,0,0,2026-10-05
857023,88,Amornthep Maundee,Uthai Thani FC,Thailand,THA1,1,Sayap Kiri,Attack,23,2002-10-27,False,Thailand,Lokal,174,kanan,2025-07-01,-,2027-06-30,"Rp1,30Mlyr.",1303636364,1303636364,UNCHANGED,0,0,0,0,0.0,0,0,2026-10-05
755783,20,Nontapat Naksawat,Uthai Thani FC,Thailand,THA1,1,Sayap Kanan,Attack,26,2000-06-20,False,Thailand,Lokal,183,kanan,2020-01-01,-,2027-06-30,"Rp1,74Mlyr.",1738181818,1303636364,INCREASED,0,0,0,0,0.0,0,0,2026-10-05
165383,22,Kelvin Oliveira,Uthai Thani FC,Thailand,THA1,1,Sayap Kanan,Attack,33,1993-06-01,False,Brasil,Asing Non-Asia,175,kiri,2026-01-05,-,2027-06-30,"Rp1,74Mlyr.",1738181818,1738181818,UNCHANGED,0,0,0,0,0.0,0,0,2026-10-05
627810,9,Itsuki Enomoto,Uthai Thani FC,Thailand,THA1,1,Depan-Tengah,Attack,26,2000-06-04,False,Jepang,Asia (AFC),186,kanan,2026-07-22,"Higashimatsuyama Pelenia, Maebashi Ikuei HS",2027-06-30,"Rp10,43Mlyr.",10429090909,6952727273,INCREASED,0,0,0,0,0.0,0,0,2026-10-05
512592,99,Willian Lira,Uthai Thani FC,Thailand,THA1,1,Depan-Tengah,Attack,32,1993-12-09,False,Brasil,Asing Non-Asia,185,kanan,2026-07-22,-,2027-06-30,"Rp4,35Mlyr.",4345454545,4345454545,INCREASED,0,0,0,0,0.0,0,0,2026-10-05
428297,29,Arthit Boodjinda,Uthai Thani FC,Thailand,THA1,1,Depan-Tengah,Attack,32,1994-08-07,False,Thailand,Lokal,187,kanan,2026-07-22,Aspire Academy (2010-2011),2027-06-30,"Rp1,74Mlyr.",1738181818,1738181818,UNCHANGED,0,0,0,0,0.0,0,0,2026-10-05
759314,39,Wattanachai Srathongjan,PT Prachuap FC,Thailand,THA1,1,Kiper,Goalkeeper,35,1991-02-26,False,Thailand,Lokal,181,kanan,2025-07-01,-,2027-06-30,"Rp1,74Mlyr.",1738181818,1738181818,UNCHANGED,0,0,0,0,0.0,0,0,2026-10-05
677445,1,Soponwit Rakyart,PT Prachuap FC,Thailand,THA1,1,Kiper,Goalkeeper,25,2001-01-25,False,Thailand,Lokal,182,kanan,2025-01-13,Muangthong United (-2020),2027-06-30,"Rp1,30Mlyr.",1303636364,1303636364,UNCHANGED,0,0,0,0,0.0,0,0,2026-10-05
1042106,99,Abdulfarus Sama-aeh,PT Prachuap FC,Thailand,THA1,1,Kiper,Goalkeeper,23,2003-05-09,False,Thailand,Lokal,196,kanan,2024-01-10,Chonburi FC,2027-06-30,"Rp1,30Mlyr.",1303636364,1303636364,INCREASED,0,0,0,0,0.0,0,0,2026-10-05
229989,98,Hatsachai Sankla,PT Prachuap FC,Thailand,THA1,1,Kiper,Goalkeeper,34,1991-11-28,False,Thailand,Lokal,177,kanan,2026-09-01,Chonburi FC,2027-06-30,-,0,434545455,DECREASED,0,0,0,0,0.0,0,0,2026-10-05
745827,3,Bernardo Vilar,PT Prachuap FC,Thailand,THA1,1,Bek-Tengah,Defender,28,1998-02-12,False,Brasil,Asing Non-Asia,193,kiri,2025-08-27,"América (MG), Atlético Mineiro, Cruzeiro Belo Horizonte",2027-06-30,"Rp6,08Mlyr.",6083636364,6083636364,UNCHANGED,0,0,0,0,0.0,0,0,2026-10-05
211148,15,Jesper Nyholm,PT Prachuap FC,Thailand,THA1,1,Bek-Tengah,Defender,33,1993-09-10,False,Filipina,ASEAN,183,kanan,2025-01-03,Funbo IF,2027-06-30,"Rp2,61Mlyr.",2607272727,2607272727,UNCHANGED,0,0,0,0,0.0,0,0,2026-10-05
179321,5,Airton Tirabassi,PT Prachuap FC,Thailand,THA1,1,Bek-Tengah,Defender,35,1990-12-03,False,Brasil,Asing Non-Asia,188,kanan,2023-07-01,-,2027-06-30,"Rp1,74Mlyr.",1738181818,2172727273,DECREASED,0,0,0,0,0.0,0,0,2026-10-05
756794,24,Wanchat Choosong,PT Prachuap FC,Thailand,THA1,1,Bek-Tengah,Defender,26,2000-02-01,False,Thailand,Lokal,181,kanan,2022-06-16,-,2027-06-30,"Rp1,74Mlyr.",1738181818,1303636364,INCREASED,0,0,0,0,0.0,0,0,2026-10-05
1594670,6,Siravich Chaiworamukkul,PT Prachuap FC,Thailand,THA1,1,Bek-Tengah,Defender,21,2004-11-25,True,Thailand,Lokal,0,kanan,2026-09-01,Bangkok United,2027-06-30,-,0,0,STABLE,0,0,0,0,0.0,0,0,2026-10-05
1577211,34,Aymen Thiangkham,PT Prachuap FC,Thailand,THA1,1,Bek-Tengah,Defender,20,2006-09-26,True,Thailand,Lokal,185,kanan,2026-08-04,Wydad Athletic Club (-2026),2027-06-30,-,0,0,STABLE,0,0,0,0,0.0,0,0,2026-10-05
1425708,2,Oussama Thiangkham,PT Prachuap FC,Thailand,THA1,1,Bek-Kiri,Defender,22,2003-11-04,True,Thailand,Lokal,185,kiri,2025-07-11,-,2028-06-30,"Rp3,48Mlyr.",3476363636,1303636364,INCREASED,0,0,0,0,0.0,0,0,2026-10-05
998197,67,Nick Taylor,PT Prachuap FC,Thailand,THA1,1,Bek-Kiri,Defender,28,1998-09-02,False,Kamboja,ASEAN,178,kiri,2025-07-01,"Coppell High School, Solar SC",2027-06-30,"Rp3,48Mlyr.",3476363636,4345454545,DECREASED,0,0,0,0,0.0,0,0,2026-10-05
669892,74,Phon-Ek Maneekorn,PT Prachuap FC,Thailand,THA1,1,Bek-Kiri,Defender,23,2003-05-30,False,Thailand,Lokal,165,kiri,2024-01-26,"Bredballe IF (-2015), Vejle Boldklub (2015-2022)",2027-06-30,"Rp2,61Mlyr.",2607272727,2172727273,INCREASED,0,0,0,0,0.0,0,0,2026-10-05
1295667,26,Pittawat Jeenthai,PT Prachuap FC,Thailand,THA1,1,Bek-Kiri,Defender,20,2006-03-18,True,Thailand,Lokal,0,kiri,2025-07-01,-,2027-06-30,-,0,1303636364,DECREASED,0,0,0,0,0.0,0,0,2026-10-05
816060,88,Jirapan Phasukihan,PT Prachuap FC,Thailand,THA1,1,Bek-Kanan,Defender,33,1993-08-08,False,Thailand,Lokal,175,kiri,2023-06-15,-,2027-06-30,"Rp2,61Mlyr.",2607272727,2607272727,UNCHANGED,0,0,0,0,0.0,0,0,2026-10-05
430043,23,Kannarin Thawornsak,PT Prachuap FC,Thailand,THA1,1,Gel. Bertahan,Midfielder,29,1997-05-27,False,Thailand,Lokal,174,kanan,2024-07-01,Bangkok Christian College (2012-2014),2027-06-30,"Rp6,08Mlyr.",6083636364,5214545455,INCREASED,0,0,0,0,0.0,0,0,2026-10-05
1041343,19,Prommin Pinkeaw,PT Prachuap FC,Thailand,THA1,1,Gel. Bertahan,Midfielder,24,2002-06-19,False,Thailand,Lokal,175,kanan,2025-07-01,-,2027-06-30,"Rp434,55Jt.",434545455,434545455,UNCHANGED,0,0,0,0,0.0,0,0,2026-10-05
657158,11,Rei Tachikawa,PT Prachuap FC,Thailand,THA1,1,Gel. Tengah,Midfielder,28,1998-01-18,False,Jepang,Asia (AFC),178,kanan,2026-08-05,-,2027-06-30,"Rp6,08Mlyr.",6083636364,4780000000,INCREASED,0,0,0,0,0.0,0,0,2026-10-05
986449,30,Jittiphat Wasungnoen,PT Prachuap FC,Thailand,THA1,1,Gel. Tengah,Midfielder,21,2005-06-07,True,Thailand,Lokal,175,kanan,2024-01-26,-,2027-06-30,"Rp1,74Mlyr.",1738181818,1303636364,INCREASED,0,0,0,0,0.0,0,0,2026-10-05
430018,70,Prasid Jantum,PT Prachuap FC,Thailand,THA1,1,Gel. Tengah,Midfielder,31,1995-04-30,False,Thailand,Lokal,170,kiri,2021-07-06,"Srisongkramwittaya School (2008-2012), Suphanburi FC (2013)",2027-06-30,"Rp1,74Mlyr.",1738181818,1738181818,UNCHANGED,0,0,0,0,0.0,0,0,2026-10-05
1500812,44,Wuttikai Sritong,PT Prachuap FC,Thailand,THA1,1,Gel. Tengah,Midfielder,18,2007-11-03,True,Thailand,Lokal,175,kanan,2026-01-01,PT Prachuap FC,2027-06-30,"Rp434,55Jt.",434545455,434545455,STABLE,0,0,0,0,0.0,0,0,2026-10-05
426774,8,Saharat Kanyaroj,PT Prachuap FC,Thailand,THA1,1,Gel. Serang,Midfielder,32,1994-06-09,False,Thailand,Lokal,172,kanan,2023-06-15,Lamphun Warrior (-2010),2027-06-30,"Rp2,17Mlyr.",2172727273,2172727273,UNCHANGED,0,0,0,0,0.0,0,0,2026-10-05
1594668,29,Sittha Pangsapa,PT Prachuap FC,Thailand,THA1,1,Gel. Tengah,Midfielder,18,2008-09-24,True,Thailand,Lokal,0,kanan,2026-09-01,-,2027-06-30,-,0,0,STABLE,0,0,0,0,0.0,0,0,2026-10-05
249941,10,Tauã,PT Prachuap FC,Thailand,THA1,1,Sayap Kiri,Attack,32,1993-12-29,False,Brasil,Asing Non-Asia,179,kanan,2024-07-01,-,2027-06-30,"Rp4,35Mlyr.",4345454545,5214545455,DECREASED,0,0,0,0,0.0,0,0,2026-10-05
722151,62,Lucas Grossi,PT Prachuap FC,Thailand,THA1,1,Sayap Kiri,Attack,27,1999-03-22,False,Brasil,Asing Non-Asia,180,kiri,2026-08-06,-,2027-06-30,"Rp4,35Mlyr.",4345454545,4345454545,INCREASED,0,0,0,0,0.0,0,0,2026-10-05
986438,47,Chitsanuphong Phimpsang,PT Prachuap FC,Thailand,THA1,1,Sayap Kiri,Attack,23,2002-11-01,False,Thailand,Lokal,178,kiri,2024-01-26,-,2027-06-30,"Rp2,17Mlyr.",2172727273,2172727273,UNCHANGED,0,0,0,0,0.0,0,0,2026-10-05
61842,14,Andros Townsend,PT Prachuap FC,Thailand,THA1,1,Sayap Kanan,Attack,35,1991-07-16,False,Inggris,Asing Non-Asia,181,kiri,2026-08-07,"Rush Croft Sports College, Tottenham Hotspur (2000–2008)",2027-06-30,"Rp6,08Mlyr.",6083636364,6952727273,DECREASED,0,0,0,0,0.0,0,0,2026-10-05
646434,21,Tailson,PT Prachuap FC,Thailand,THA1,1,Sayap Kanan,Attack,27,1999-03-05,False,Brasil,Asing Non-Asia,177,keduanya,2026-08-05,-,2027-06-30,"Rp6,08Mlyr.",6083636364,5214545455,INCREASED,0,0,0,0,0.0,0,0,2026-10-05
971216,41,Phanthamit Praphanth,PT Prachuap FC,Thailand,THA1,1,Sayap Kanan,Attack,23,2003-09-12,False,Thailand,Lokal,172,kanan,2023-06-15,Chonburi FC (2015-2021),2027-06-30,"Rp2,61Mlyr.",2607272727,2607272727,UNCHANGED,0,0,0,0,0.0,0,0,2026-10-05
133794,17,Edgar Méndez,PT Prachuap FC,Thailand,THA1,1,Depan-Tengah,Attack,36,1990-01-02,False,Spanyol,Asing Non-Asia,188,kanan,2025-08-27,-,2027-06-30,"Rp3,48Mlyr.",3476363636,4345454545,DECREASED,0,0,0,0,0.0,0,0,2026-10-05
1357087,48,Jehhanafee Mamah,PT Prachuap FC,Thailand,THA1,1,Depan-Tengah,Attack,20,2005-10-24,True,Thailand,Lokal,175,kanan,2024-12-23,"Pirayanawin Khlonghin Wittaya School, Pattani FC",2028-06-30,"Rp2,61Mlyr.",2607272727,1303636364,INCREASED,0,0,0,0,0.0,0,0,2026-10-05
260193,9,Jeong-hyeop Lee,PT Prachuap FC,Thailand,THA1,1,Depan-Tengah,Attack,35,1991-06-24,False,Korea Selatan,Asia (AFC),186,kanan,2026-01-01,"Danggam Elementary School (당감초등학교, 2003),
Deokcheon Middle ",2027-06-30,"Rp1,74Mlyr.",1738181818,2172727273,DECREASED,0,0,0,0,0.0,0,0,2026-10-05
1594667,54,Natthawut Hormkroon,PT Prachuap FC,Thailand,THA1,1,Gel. Tengah,Midfielder,18,2008-07-07,True,Thailand,Lokal,0,kanan,2026-09-01,-,2027-06-30,-,0,0,STABLE,0,0,0,0,0.0,0,0,2026-10-05
61694,13,Neil Etheridge,Buriram United,Thailand,THA1,1,Kiper,Goalkeeper,36,1990-02-07,False,Filipina,ASEAN,188,kanan,2024-07-01,"Chelsea FC (2003-2006), Fulham FC (2006-2008)",2028-06-30,"Rp3,48Mlyr.",3476363636,3910909091,DECREASED,0,0,0,0,0.0,0,0,2026-10-05
447089,29,Korraphat Nareechan,Buriram United,Thailand,THA1,1,Kiper,Goalkeeper,28,1997-10-07,False,Thailand,Lokal,190,kanan,2025-07-07,"Lampang Sports School (2008-2011), Bangkok Glass (2012-2017)",2027-06-30,"Rp1,74Mlyr.",1738181818,1738181818,UNCHANGED,0,0,0,0,0.0,0,0,2026-10-05
113788,34,Chatchai Bootprom,Buriram United,Thailand,THA1,1,Kiper,Goalkeeper,39,1987-02-04,False,Thailand,Lokal,184,kanan,2024-12-02,"Osotspa FC (2005-2006), Nakhon Sawan FC (2006)",2027-06-30,"Rp869,09Jt.",869090909,1303636364,DECREASED,0,0,0,0,0.0,0,0,2026-10-05
339711,5,Nathan Pelae,Buriram United,Thailand,THA1,1,Bek-Tengah,Defender,31,1995-05-13,False,Brasil,Asing Non-Asia,188,kanan,2026-07-22,Sociedade Esportiva Palmeiras (2007–2014),2027-06-30,"Rp10,43Mlyr.",10429090909,13905454545,DECREASED,0,0,0,0,0.0,0,0,2026-10-05
169511,26,Uros Radakovic,Buriram United,Thailand,THA1,1,Bek-Tengah,Defender,32,1994-03-31,False,Serbia,Asing Non-Asia,194,kanan,2026-07-22,Red Star Belgrade (2004-2011),2027-06-30,"Rp6,95Mlyr.",6952727273,8690909091,DECREASED,0,0,0,0,0.0,0,0,2026-10-05
578685,40,Edu Mancha,Buriram United,Thailand,THA1,1,Bek-Tengah,Defender,30,1995-11-24,False,Brasil,Asing Non-Asia,187,kiri,2026-01-01,-,2027-06-30,"Rp6,95Mlyr.",6952727273,6952727273,UNCHANGED,0,0,0,0,0.0,0,0,2026-10-05
179471,6,Curtis Good,Buriram United,Thailand,THA1,1,Bek-Tengah,Defender,33,1993-03-23,False,Australia,Asia (AFC),195,kiri,2024-07-01,"Box Hill United, Nunawading City, Victorian Institute of Spo",2027-06-30,"Rp4,78Mlyr.",4780000000,5214545455,DECREASED,0,0,0,0,0.0,0,0,2026-10-05
430206,75,Shinnaphat Leeaoh,Buriram United,Thailand,THA1,1,Bek-Tengah,Defender,29,1997-02-02,False,Thailand,Lokal,181,kanan,2025-07-07,"Assumption Thonburi (2012-2014), Muangthong United (2014-201",2027-06-30,"Rp4,35Mlyr.",4345454545,4345454545,UNCHANGED,0,0,0,0,0.0,0,0,2026-10-05
487500,39,Jakkaphan Praisuwan,Buriram United,Thailand,THA1,1,Bek-Tengah,Defender,32,1994-08-16,False,Thailand,Lokal,179,kanan,2026-07-22,"Suankularb Wittayalai School (2012-2014), Chamchuri United (",2027-06-30,"Rp3,48Mlyr.",3476363636,3476363636,UNCHANGED,0,0,0,0,0.0,0,0,2026-10-05
464685,3,Pansa Hemviboon,Buriram United,Thailand,THA1,1,Bek-Tengah,Defender,36,1990-07-08,False,Thailand,Lokal,190,kanan,2016-10-18,"Bangkok Christian College (2006-2008), Chulalongkorn Univers",2027-06-30,"Rp1,74Mlyr.",1738181818,1738181818,UNCHANGED,0,0,0,0,0.0,0,0,2026-10-05
426637,2,Sasalak Haiprakhon,Buriram United,Thailand,THA1,1,Bek-Kiri,Defender,30,1996-01-08,False,Thailand,Lokal,173,kiri,2017-12-25,"Surasakmontree School, True Bangkok United (-2013)",2027-06-30,"Rp8,69Mlyr.",8690909091,7821818182,INCREASED,0,0,0,0,0.0,0,0,2026-10-05
342843,31,Caju,Buriram United,Thailand,THA1,1,Bek-Kiri,Defender,31,1995-07-17,False,Brasil,Asing Non-Asia,183,kiri,2026-07-22,-,2027-06-30,"Rp8,69Mlyr.",8690909091,10429090909,DECREASED,0,0,0,0,0.0,0,0,2026-10-05
335245,22,Marc Navarro,Buriram United,Thailand,THA1,1,Bek-Kanan,Defender,31,1995-07-02,False,Spanyol,Asing Non-Asia,188,kanan,2026-07-22,-,2027-06-30,"Rp5,21Mlyr.",5214545455,6952727273,DECREASED,0,0,0,0,0.0,0,0,2026-10-05
261518,15,Narubadin Weerawatnodom,Buriram United,Thailand,THA1,1,Bek-Kanan,Defender,32,1994-07-12,False,Thailand,Lokal,180,kanan,2015-01-01,"Assumption United (2007-2009), Ayutthaya FC (2010-2011), Pol",2028-06-30,"Rp4,35Mlyr.",4345454545,4345454545,UNCHANGED,0,0,0,0,0.0,0,0,2026-10-05
334804,16,Kenny Dougall,Buriram United,Thailand,THA1,1,Gel. Bertahan,Midfielder,33,1993-05-07,False,Thailand,Lokal,182,kanan,2024-01-24,"Samford Rangers, Queensland Academy of Sports, Brisbane Roar",2027-06-30,"Rp6,08Mlyr.",6083636364,6952727273,DECREASED,0,0,0,0,0.0,0,0,2026-10-05
430023,27,Phitiwat Sookjitthammakul,Buriram United,Thailand,THA1,1,Gel. Bertahan,Midfielder,31,1995-02-01,False,Thailand,Lokal,172,kiri,2024-07-01,JMG Academy (2007-2013),2027-06-30,"Rp6,08Mlyr.",6083636364,6083636364,UNCHANGED,0,0,0,0,0.0,0,0,2026-10-05
159950,55,Theerathon Bunmathan,Buriram United,Thailand,THA1,1,Gel. Bertahan,Midfielder,36,1990-02-06,False,Thailand,Lokal,171,kiri,2021-12-16,"Bangkok Sports School (2002-2004), Assumption College Thonbu",2027-06-30,"Rp3,04Mlyr.",3041818182,3476363636,DECREASED,0,0,0,0,0.0,0,0,2026-10-05
295065,20,Toni Moya,Buriram United,Thailand,THA1,1,Gel. Tengah,Midfielder,28,1998-03-20,False,Spanyol,Asing Non-Asia,185,kanan,2026-09-30,"CD Serverense
CE Manacor",2027-06-30,"Rp13,91Mlyr.",13905454545,17381818182,DECREASED,0,0,0,0,0.0,0,0,2026-10-05
570582,37,Darlan,Buriram United,Thailand,THA1,1,Gel. Tengah,Midfielder,28,1998-04-16,False,Brasil,Asing Non-Asia,175,kiri,2026-07-22,-,2027-06-30,"Rp12,17Mlyr.",12167272727,12167272727,UNCHANGED,0,0,0,0,0.0,0,0,2026-10-05
94304,23,Goran Causic,Buriram United,Thailand,THA1,1,Gel. Tengah,Midfielder,34,1992-05-05,False,Serbia,Asing Non-Asia,180,kanan,2024-09-23,Red Star Belgrade (-2011),2028-06-30,"Rp6,95Mlyr.",6952727273,7821818182,DECREASED,0,0,0,0,0.0,0,0,2026-10-05
197521,18,Vukan Savicevic,Buriram United,Thailand,THA1,1,Gel. Tengah,Midfielder,32,1994-01-29,False,Montenegro,Asing Non-Asia,179,kanan,2026-07-22,Roter Stern Belgrad (-2012),2027-06-30,"Rp5,21Mlyr.",5214545455,6083636364,DECREASED,0,0,0,0,0.0,0,0,2026-10-05
212923,8,Paulo Henrique,Buriram United,Thailand,THA1,1,Gel. Serang,Midfielder,32,1994-07-10,False,Brasil,Asing Non-Asia,166,kiri,2026-07-22,-,2027-06-30,"Rp8,69Mlyr.",8690909091,8690909091,INCREASED,0,0,0,0,0.0,0,0,2026-10-05
1145881,33,Thanakrit Chotmuangpak,Buriram United,Thailand,THA1,1,Gel. Serang,Midfielder,20,2006-09-01,True,Thailand,Lokal,166,kanan,2023-06-01,Buriram United,2027-06-30,"Rp5,21Mlyr.",5214545455,3476363636,INCREASED,0,0,0,0,0.0,0,0,2026-10-05
292617,10,Sebas Moyano,Buriram United,Thailand,THA1,1,Sayap Kiri,Attack,29,1997-03-23,False,Spanyol,Asing Non-Asia,173,kanan,2026-07-22,-,2027-06-30,"Rp10,43Mlyr.",10429090909,12167272727,DECREASED,0,0,0,0,0.0,0,0,2026-10-05
950031,11,Anan Yodsangwal,Buriram United,Thailand,THA1,1,Sayap Kiri,Attack,25,2001-07-09,False,Thailand,Lokal,176,kanan,2026-07-22,Tharnpanya School (2016-2019),2030-06-30,"Rp8,69Mlyr.",8690909091,5214545455,INCREASED,0,0,0,0,0.0,0,0,2026-10-05
1283685,21,Iklas Sanron,Buriram United,Thailand,THA1,1,Sayap Kiri,Attack,21,2004-12-16,True,Thailand,Lokal,174,kiri,2026-07-22,-,2030-06-30,"Rp5,21Mlyr.",5214545455,2607272727,INCREASED,0,0,0,0,0.0,0,0,2026-10-05
153678,19,Kingsley Schindler,Buriram United,Thailand,THA1,1,Sayap Kanan,Attack,33,1993-07-12,False,Ghana,Asing Non-Asia,183,kanan,2025-10-10,"Hummelsbütteler SV (2000-2003), SC Alstertal Langenhorn (200",2027-06-30,"Rp8,69Mlyr.",8690909091,10429090909,DECREASED,0,0,0,0,0.0,0,0,2026-10-05
553458,7,Bissoli,Buriram United,Thailand,THA1,1,Depan-Tengah,Attack,28,1998-01-09,False,Brasil,Asing Non-Asia,175,kanan,2024-01-20,-,2028-06-30,"Rp38,24Mlyr.",38240000000,34763636364,INCREASED,0,0,0,0,0.0,0,0,2026-10-05
260139,99,Alexandru Tudorie,Buriram United,Thailand,THA1,1,Depan-Tengah,Attack,30,1996-03-19,False,Rumania,Asing Non-Asia,192,kanan,2026-08-22,"Oțelul Galați (2010-2012)
Academia Hagi (2009-2010)
Steaua",2027-06-30,"Rp13,91Mlyr.",13905454545,15643636364,DECREASED,0,0,0,0,0.0,0,0,2026-10-05
427021,9,Supachai Chaided,Buriram United,Thailand,THA1,1,Depan-Tengah,Attack,27,1998-12-01,False,Thailand,Lokal,185,kanan,2017-02-01,"Santiparp FC Pattani (2012-2014)
Patumkongka School (2014-2",2027-06-30,"Rp10,43Mlyr.",10429090909,12167272727,DECREASED,0,0,0,0,0.0,0,0,2026-10-05
287178,28,Rubén Sánchez,Buriram United,Thailand,THA1,1,Depan-Tengah,Attack,31,1994-11-25,False,Spanyol,Asing Non-Asia,185,kiri,2026-01-01,-,2027-06-30,"Rp5,21Mlyr.",5214545455,6083636364,DECREASED,0,0,0,0,0.0,0,0,2026-10-05
394033,30,Stefan Schimmer,Buriram United,Thailand,THA1,1,Depan-Tengah,Attack,32,1994-04-28,False,Jerman,Asing Non-Asia,185,kanan,2026-07-22,"TSV Wertingen (-2010), FC Gundelfingen (2010-2013)",2027-06-30,"Rp5,21Mlyr.",5214545455,8690909091,DECREASED,0,0,0,0,0.0,0,0,2026-10-05
1320684,54,Nathakorn Rattanasuwan,Buriram United,Thailand,THA1,1,Depan-Tengah,Attack,19,2007-02-05,True,Thailand,Lokal,178,kanan,2024-11-26,Buriram United,2028-06-30,"Rp1,74Mlyr.",1738181818,1738181818,STABLE,0,0,0,0,0.0,0,0,2026-10-05
281859,1,Warut Makemusik,Ayutthaya United,Thailand,THA1,1,Kiper,Goalkeeper,34,1992-02-21,False,Thailand,Lokal,179,kanan,2025-07-15,Buriram United (-2009),2027-06-30,"Rp1,74Mlyr.",1738181818,1738181818,UNCHANGED,0,0,0,0,0.0,0,0,2026-10-05
820008,13,Siriwat Ingkaew,Ayutthaya United,Thailand,THA1,1,Kiper,Goalkeeper,25,2001-01-11,False,Thailand,Lokal,180,kanan,2026-07-22,Khon Kaen United,2027-06-30,"Rp1,30Mlyr.",1303636364,1303636364,UNCHANGED,0,0,0,0,0.0,0,0,2026-10-05
1166456,22,Sakpon Nichakam,Ayutthaya United,Thailand,THA1,1,Kiper,Goalkeeper,24,2002-04-04,False,Thailand,Lokal,0,kanan,2026-08-22,-,2027-06-30,-,0,0,STABLE,0,0,0,0,0.0,0,0,2026-10-05
1548708,31,Napat Sakunchan,Ayutthaya United,Thailand,THA1,1,Kiper,Goalkeeper,20,2006-07-24,True,Thailand,Lokal,0,kanan,2026-09-01,-,2027-06-30,-,0,0,STABLE,0,0,0,0,0.0,0,0,2026-10-05
314242,2,Hyun-soo Hwang,Ayutthaya United,Thailand,THA1,1,Bek-Tengah,Defender,31,1995-07-22,False,Korea Selatan,Asia (AFC),183,kanan,2025-07-27,"Daegu Hwawon Elementary School (대구화원초등학교, 2006-2007),
Dongn",2027-06-30,"Rp6,08Mlyr.",6083636364,5214545455,INCREASED,0,0,0,0,0.0,0,0,2026-10-05
393846,15,Dejan Kerkez,Ayutthaya United,Thailand,THA1,1,Bek-Tengah,Defender,30,1996-01-20,False,Serbia,Asing Non-Asia,190,kanan,2026-07-22,-,2027-06-30,"Rp4,35Mlyr.",4345454545,4345454545,UNCHANGED,0,0,0,0,0.0,0,0,2026-10-05
671058,36,Diogo Brito,Ayutthaya United,Thailand,THA1,1,Bek-Tengah,Defender,27,1999-06-16,False,Portugal,Asing Non-Asia,190,kanan,2026-08-11,"SC Vianense (2008-13+2014/15+2016/17), AD Barroselas (2013/1",2027-06-30,"Rp4,35Mlyr.",4345454545,3041818182,INCREASED,0,0,0,0,0.0,0,0,2026-10-05
1079690,16,Pichitchai Sienkrathok,Ayutthaya United,Thailand,THA1,1,Bek-Tengah,Defender,23,2003-03-18,False,Thailand,Lokal,181,kanan,2026-07-22,Khlong Khon Academy,2027-06-30,"Rp2,61Mlyr.",2607272727,1738181818,INCREASED,0,0,0,0,0.0,0,0,2026-10-05
445528,55,Sarayut Sompim,Ayutthaya United,Thailand,THA1,1,Bek-Tengah,Defender,29,1997-03-23,False,Thailand,Lokal,180,kanan,2026-07-22,"Surasakmontree School (2010-2014), Bangkok United (2015)",2027-06-30,"Rp1,30Mlyr.",1303636364,1303636364,UNCHANGED,0,0,0,0,0.0,0,0,2026-10-05
1594661,42,Mirako Inaram,Ayutthaya United,Thailand,THA1,1,Bek-Tengah,Defender,20,2006-07-19,True,Thailand,Lokal,0,kanan,2026-09-01,Bangkok United,2027-06-30,-,0,0,STABLE,0,0,0,0,0.0,0,0,2026-10-05
817510,3,Warinthon Jamnongwat,Ayutthaya United,Thailand,THA1,1,Bek-Kiri,Defender,24,2002-09-21,False,Thailand,Lokal,176,kiri,2026-07-22,Chainat Hornbill (-2019),2027-06-30,"Rp3,48Mlyr.",3476363636,2607272727,INCREASED,0,0,0,0,0.0,0,0,2026-10-05
971236,47,Bhumchanok Kamkla,Ayutthaya United,Thailand,THA1,1,Bek-Kiri,Defender,22,2004-03-16,True,Thailand,Lokal,175,kiri,2026-09-04,Bangkok United (-2021),2027-06-30,"Rp2,61Mlyr.",2607272727,2172727273,INCREASED,0,0,0,0,0.0,0,0,2026-10-05
978330,21,Thananat Rungrampan,Ayutthaya United,Thailand,THA1,1,Bek-Kiri,Defender,26,2000-06-23,False,Thailand,Lokal,171,kiri,2026-07-22,Bangkok United,2027-06-30,"Rp869,09Jt.",869090909,434545455,INCREASED,0,0,0,0,0.0,0,0,2026-10-05
971232,5,Atsadawut Changthong,Ayutthaya United,Thailand,THA1,1,Bek-Kanan,Defender,25,2001-01-29,False,Thailand,Lokal,175,kanan,2024-12-31,Bangkok United (-2021),2027-06-30,"Rp2,61Mlyr.",2607272727,2172727273,INCREASED,0,0,0,0,0.0,0,0,2026-10-05
399917,4,Kerim Palic,Ayutthaya United,Thailand,THA1,1,Gel. Bertahan,Midfielder,29,1997-01-24,False,Bosnia-Herzegovina,Asing Non-Asia,188,kanan,2026-08-20,-,2027-06-30,"Rp5,21Mlyr.",5214545455,3476363636,INCREASED,0,0,0,0,0.0,0,0,2026-10-05
590874,23,Passakorn Biaothungoi,Ayutthaya United,Thailand,THA1,1,Gel. Bertahan,Midfielder,26,2000-04-01,False,Thailand,Lokal,174,kanan,2026-07-22,Bangkok United,2027-06-30,"Rp3,04Mlyr.",3041818182,2607272727,INCREASED,0,0,0,0,0.0,0,0,2026-10-05
591230,8,Nattapon Worasut,Ayutthaya United,Thailand,THA1,1,Gel. Tengah,Midfielder,29,1997-01-19,False,Thailand,Lokal,178,kanan,2024-08-03,Bangkok United (-2017),2027-06-30,"Rp3,48Mlyr.",3476363636,2607272727,INCREASED,0,0,0,0,0.0,0,0,2026-10-05
600355,27,Pongrawit Jantawong,Ayutthaya United,Thailand,THA1,1,Gel. Tengah,Midfielder,25,2000-10-07,False,Thailand,Lokal,171,kanan,2026-08-19,Bangkok Glass FC,2027-06-30,"Rp2,17Mlyr.",2172727273,1738181818,INCREASED,0,0,0,0,0.0,0,0,2026-10-05
214070,6,Ewerton,Ayutthaya United,Thailand,THA1,1,Gel. Tengah,Midfielder,33,1992-12-01,False,Brasil,Asing Non-Asia,183,kanan,2026-07-22,Corinthians-SP,2027-06-30,"Rp1,74Mlyr.",1738181818,1738181818,UNCHANGED,0,0,0,0,0.0,0,0,2026-10-05
158546,29,Sanrawat Dechmitr,Ayutthaya United,Thailand,THA1,1,Gel. Tengah,Midfielder,37,1989-08-03,False,Thailand,Lokal,181,kiri,2025-07-15,"Bangkok Sports School (2005-2007), Kasem Bundit University (",2027-06-30,"Rp434,55Jt.",434545455,434545455,UNCHANGED,0,0,0,0,0.0,0,0,2026-10-05
467472,10,Chanukan Karin,Ayutthaya United,Thailand,THA1,1,Gel. Serang,Midfielder,29,1997-04-24,False,Thailand,Lokal,168,kanan,2026-07-22,-,2027-06-30,"Rp2,61Mlyr.",2607272727,2607272727,UNCHANGED,0,0,0,0,0.0,0,0,2026-10-05
932337,18,Songkhramsamut Namphueng,Ayutthaya United,Thailand,THA1,1,Gel. Serang,Midfielder,22,2003-11-07,True,Thailand,Lokal,168,kiri,2026-07-22,Khlong​khon​ FC Academy,2027-06-30,"Rp2,17Mlyr.",2172727273,2172727273,UNCHANGED,0,0,0,0,0.0,0,0,2026-10-05
234425,14,Hirotaka Mita,Ayutthaya United,Thailand,THA1,1,Gel. Serang,Midfielder,36,1990-09-14,False,Jepang,Asia (AFC),173,kiri,2026-07-22,-,2027-06-30,"Rp1,30Mlyr.",1303636364,869090909,INCREASED,0,0,0,0,0.0,0,0,2026-10-05
547541,17,Chakkit Laptrakul,Ayutthaya United,Thailand,THA1,1,Sayap Kiri,Attack,31,1994-12-02,False,Thailand,Lokal,180,kanan,2025-07-27,-,2027-06-30,"Rp2,17Mlyr.",2172727273,2172727273,UNCHANGED,0,0,0,0,0.0,0,0,2026-10-05
536061,7,Lucas Serafim,Ayutthaya United,Thailand,THA1,1,Sayap Kanan,Attack,29,1997-03-06,False,Brasil,Asing Non-Asia,180,kiri,2026-07-22,-,2027-06-30,"Rp5,21Mlyr.",5214545455,5214545455,UNCHANGED,0,0,0,0,0.0,0,0,2026-10-05
435689,11,Pathompon Charoenrattanapirom,Ayutthaya United,Thailand,THA1,1,Sayap Kanan,Attack,32,1994-04-21,False,Thailand,Lokal,173,kiri,2026-07-30,Assumption College Thonburi (2006-2011),2027-06-30,"Rp2,61Mlyr.",2607272727,3041818182,DECREASED,0,0,0,0,0.0,0,0,2026-10-05
635328,25,Yuki Kusano,Ayutthaya United,Thailand,THA1,1,Depan-Tengah,Attack,30,1996-07-21,False,Jepang,Asia (AFC),170,kanan,2026-09-01,-,2027-06-30,"Rp4,35Mlyr.",4345454545,4345454545,UNCHANGED,0,0,0,0,0.0,0,0,2026-10-05
674132,97,Guntapon Keereeleang,Ayutthaya United,Thailand,THA1,1,Depan-Tengah,Attack,25,2001-01-22,False,Thailand,Lokal,179,kanan,2026-08-19,Bangkok Christian College (2016-2018),2027-06-30,"Rp3,48Mlyr.",3476363636,2607272727,INCREASED,0,0,0,0,0.0,0,0,2026-10-05
109739,9,Willen Mota,Ayutthaya United,Thailand,THA1,1,Depan-Tengah,Attack,34,1992-01-10,False,Brasil,Asing Non-Asia,185,kanan,2026-07-22,-,2027-06-30,"Rp2,61Mlyr.",2607272727,3041818182,DECREASED,0,0,0,0,0.0,0,0,2026-10-05
371927,77,Caíque Lemes,Ayutthaya United,Thailand,THA1,1,Depan-Tengah,Attack,33,1993-07-12,False,Brasil,Asing Non-Asia,185,kanan,2024-08-15,"Londrina Esporte Clube (2012), Associação Desportiva São Cae",2027-06-30,"Rp2,17Mlyr.",2172727273,2607272727,DECREASED,0,0,0,0,0.0,0,0,2026-10-05
974639,19,Chukid Wanpraphao,Ayutthaya United,Thailand,THA1,1,Depan-Tengah,Attack,25,2001-07-02,False,Thailand,Lokal,183,kanan,2026-07-22,Bangkok United (-2022),2027-06-30,"Rp1,30Mlyr.",1303636364,869090909,INCREASED,0,0,0,0,0.0,0,0,2026-10-05
430048,1,Apirak Worawong,Singha Chiangrai United,Thailand,THA1,1,Kiper,Goalkeeper,30,1996-01-07,False,Thailand,Lokal,180,kanan,2014-01-01,Chiangrai United (2013-2014),2027-06-30,"Rp4,35Mlyr.",4345454545,2607272727,INCREASED,0,0,0,0,0.0,0,0,2026-10-05
1364610,34,Sirassawut Wongruankhum,Singha Chiangrai United,Thailand,THA1,1,Kiper,Goalkeeper,20,2005-10-27,True,Thailand,Lokal,182,kanan,2025-01-09,-,2027-06-30,"Rp2,17Mlyr.",2172727273,1738181818,INCREASED,0,0,0,0,0.0,0,0,2026-10-05
1596522,27,Sawich Klaithin,Singha Chiangrai United,Thailand,THA1,1,Kiper,Goalkeeper,21,2005-02-27,True,Thailand,Lokal,0,kanan,2026-09-01,-,2027-06-30,"Rp869,09Jt.",869090909,869090909,STABLE,0,0,0,0,0.0,0,0,2026-10-05
1596521,59,Apison Wanchlam,Singha Chiangrai United,Thailand,THA1,1,Kiper,Goalkeeper,20,2006-04-20,True,Thailand,Lokal,0,kanan,2026-09-01,Chiangrai United,2027-06-30,-,0,0,STABLE,0,0,0,0,0.0,0,0,2026-10-05
951687,15,Pattarapon Suksakit,Singha Chiangrai United,Thailand,THA1,1,Bek-Tengah,Defender,23,2003-08-19,False,Thailand,Lokal,181,kanan,2026-07-22,-,2027-06-30,"Rp4,35Mlyr.",4345454545,1303636364,INCREASED,0,0,0,0,0.0,0,0,2026-10-05
727847,33,Zé Ricardo,Singha Chiangrai United,Thailand,THA1,1,Bek-Tengah,Defender,29,1997-09-09,False,Portugal,Asing Non-Asia,187,kanan,2026-07-28,"AC Marinhense (2006-2008 + 2009-2016), SL Marinha (2008/09)",2027-06-30,"Rp4,35Mlyr.",4345454545,4345454545,STABLE,0,0,0,0,0.0,0,0,2026-10-05
390715,5,Marco Ballini,Singha Chiangrai United,Thailand,THA1,1,Bek-Tengah,Defender,28,1998-06-12,False,Thailand,Lokal,200,kiri,2026-07-28,Cesena FC,2027-06-30,"Rp3,48Mlyr.",3476363636,5214545455,DECREASED,0,0,0,0,0.0,0,0,2026-10-05
451019,23,Victor Cardozo,Singha Chiangrai United,Thailand,THA1,1,Bek-Tengah,Defender,36,1989-12-19,False,Brasil,Asing Non-Asia,194,kanan,2025-08-13,Primeira Camisa (-2009),2027-06-30,"Rp1,74Mlyr.",1738181818,2607272727,DECREASED,0,0,0,0,0.0,0,0,2026-10-05
271338,28,Hélio,Singha Chiangrai United,Thailand,THA1,1,Bek-Tengah,Defender,36,1990-01-28,False,Brasil,Asing Non-Asia,187,kiri,2025-07-20,-,2027-06-30,"Rp1,30Mlyr.",1303636364,1738181818,DECREASED,0,0,0,0,0.0,0,0,2026-10-05
260412,3,Tanasak Srisai,Singha Chiangrai United,Thailand,THA1,1,Bek-Tengah,Defender,37,1989-09-25,False,Thailand,Lokal,185,kanan,2017-12-19,Patumkongka School (-2006),2027-06-30,"Rp869,09Jt.",869090909,1303636364,DECREASED,0,0,0,0,0.0,0,0,2026-10-05
1003472,92,Thawatchai Inprakhon,Singha Chiangrai United,Thailand,THA1,1,Bek-Kiri,Defender,23,2003-03-31,False,Thailand,Lokal,170,kiri,2026-07-22,Buriram United (2016-2022),2029-06-30,"Rp3,48Mlyr.",3476363636,2607272727,INCREASED,0,0,0,0,0.0,0,0,2026-10-05
451035,17,Gionata Verzura,Singha Chiangrai United,Thailand,THA1,1,Bek-Kanan,Defender,34,1992-05-27,False,Thailand,Lokal,173,kanan,2019-01-02,Pensmith School (2004-2009),2027-06-30,"Rp1,30Mlyr.",1303636364,1303636364,UNCHANGED,0,0,0,0,0.0,0,0,2026-10-05
198692,4,Piyaphon Phanichakul,Singha Chiangrai United,Thailand,THA1,1,Bek-Kanan,Defender,39,1986-11-08,False,Thailand,Lokal,183,kanan,2024-07-01,Pattaya United (2004-2005),2027-06-30,"Rp869,09Jt.",869090909,869090909,UNCHANGED,0,0,0,0,0.0,0,0,2026-10-05
1600726,39,Adithep Phuangphaka,Singha Chiangrai United,Thailand,THA1,1,Gel. Tengah,Midfielder,18,2008-07-25,True,Thailand,Lokal,0,kanan,2026-09-10,-,2027-06-30,-,0,0,STABLE,0,0,0,0,0.0,0,0,2026-10-05
1600724,47,Rachata Tongdonpum,Singha Chiangrai United,Thailand,THA1,1,Gel. Tengah,Midfielder,21,2004-12-04,True,Thailand,Lokal,0,kanan,2026-09-10,-,2027-06-30,-,0,0,STABLE,0,0,0,0,0.0,0,0,2026-10-05
1568705,71,Thanakit Kaewrungroj,Singha Chiangrai United,Thailand,THA1,1,Gel. Bertahan,Midfielder,18,2007-10-15,True,Thailand,Lokal,0,kanan,2026-07-22,-,2027-06-30,-,0,0,STABLE,0,0,0,0,0.0,0,0,2026-10-05
1261179,8,Wanderson,Singha Chiangrai United,Thailand,THA1,1,Gel. Tengah,Midfielder,21,2005-07-27,True,Brasil,Asing Non-Asia,172,kanan,2026-08-12,-,2027-06-30,"Rp5,21Mlyr.",5214545455,5214545455,STABLE,0,0,0,0,0.0,0,0,2026-10-05
870976,6,Settasit Suvannaseat,Singha Chiangrai United,Thailand,THA1,1,Gel. Tengah,Midfielder,24,2002-03-06,False,Thailand,Lokal,168,kanan,2022-04-14,Chiangrai United,2027-06-30,"Rp4,35Mlyr.",4345454545,3476363636,INCREASED,0,0,0,0,0.0,0,0,2026-10-05
1012158,90,Wendell,Singha Chiangrai United,Thailand,THA1,1,Gel. Tengah,Midfielder,23,2002-12-14,False,Brasil,Asing Non-Asia,182,kanan,2026-07-29,-,2027-06-30,"Rp3,04Mlyr.",3041818182,3041818182,INCREASED,0,0,0,0,0.0,0,0,2026-10-05
430130,7,Sanukran Thinjom,Singha Chiangrai United,Thailand,THA1,1,Gel. Tengah,Midfielder,33,1993-09-12,False,Thailand,Lokal,173,kiri,2025-07-01,BEC Tero Sasana (2010-2011),2027-06-30,"Rp1,74Mlyr.",1738181818,2172727273,DECREASED,0,0,0,0,0.0,0,0,2026-10-05
296892,80,Sansern Limwatthana,Singha Chiangrai United,Thailand,THA1,1,Gel. Tengah,Midfielder,29,1997-07-31,False,Thailand,Lokal,173,kanan,2026-07-22,Onehunga Sports (2011-2013),2027-06-30,"Rp1,30Mlyr.",1303636364,1303636364,INCREASED,0,0,0,0,0.0,0,0,2026-10-05
1441950,37,Phoptham Pornkod,Singha Chiangrai United,Thailand,THA1,1,Gel. Tengah,Midfielder,17,2009-10-05,True,Thailand,Lokal,172,kanan,2025-08-01,Chiangrai United,2027-06-30,"Rp869,09Jt.",869090909,434545455,INCREASED,0,0,0,0,0.0,0,0,2026-10-05
746148,9,Harhys Stewart,Singha Chiangrai United,Thailand,THA1,1,Gel. Serang,Midfielder,25,2001-03-20,False,Singapura,ASEAN,185,kanan,2026-07-22,"Singapore Sports School, National Football Academy (-2018)",2027-06-30,"Rp6,08Mlyr.",6083636364,5214545455,INCREASED,0,0,0,0,0.0,0,0,2026-10-05
566055,20,Thakdanai Jaihan,Singha Chiangrai United,Thailand,THA1,1,Gel. Serang,Midfielder,24,2002-01-12,False,Thailand,Lokal,170,kiri,2021-01-01,-,2027-06-30,"Rp2,61Mlyr.",2607272727,2172727273,INCREASED,0,0,0,0,0.0,0,0,2026-10-05
983297,21,Douglas Souza,Singha Chiangrai United,Thailand,THA1,1,Sayap Kiri,Attack,24,2001-11-01,False,Brasil,Asing Non-Asia,174,kiri,2026-07-30,-,2027-06-30,"Rp4,35Mlyr.",4345454545,4345454545,STABLE,0,0,0,0,0.0,0,0,2026-10-05
986903,11,Robinho,Singha Chiangrai United,Thailand,THA1,1,Sayap Kanan,Attack,25,2001-04-05,False,Brasil,Asing Non-Asia,170,kanan,2026-08-12,-,2027-06-30,"Rp5,21Mlyr.",5214545455,5214545455,STABLE,0,0,0,0,0.0,0,0,2026-10-05
446046,32,Montree Promsawat,Singha Chiangrai United,Thailand,THA1,1,Sayap Kanan,Attack,31,1995-08-27,False,Thailand,Lokal,168,kanan,2022-07-04,"Nakhon Sawan Sports School (2010-2012), Nakhon Sawan (2013)",2027-06-30,"Rp1,74Mlyr.",1738181818,1738181818,UNCHANGED,0,0,0,0,0.0,0,0,2026-10-05
1099844,22,Thapoppon Butkaew,Singha Chiangrai United,Thailand,THA1,1,Sayap Kanan,Attack,22,2004-03-10,True,Thailand,Lokal,0,kanan,2026-09-12,Buriram United,2027-06-30,-,0,434545455,DECREASED,0,0,0,0,0.0,0,0,2026-10-05
530644,10,Dudu,Singha Chiangrai United,Thailand,THA1,1,Depan-Kedua,Attack,27,1999-05-20,False,Brasil,Asing Non-Asia,187,kanan,2025-07-04,-,2027-06-30,"Rp6,08Mlyr.",6083636364,2172727273,INCREASED,0,0,0,0,0.0,0,0,2026-10-05
519599,19,Gustavo Schutz,Singha Chiangrai United,Thailand,THA1,1,Depan-Tengah,Attack,27,1999-01-01,False,Brasil,Asing Non-Asia,179,kanan,2026-07-31,-,2027-06-30,"Rp2,61Mlyr.",2607272727,2607272727,INCREASED,0,0,0,0,0.0,0,0,2026-10-05
508555,1,Nopphon Lakhonphon,Ratchaburi FC,Thailand,THA1,1,Kiper,Goalkeeper,26,2000-07-19,False,Thailand,Lokal,180,kanan,2026-07-22,Buriram United (2012-2017),2027-06-30,"Rp3,48Mlyr.",3476363636,1738181818,INCREASED,0,0,0,0,0.0,0,0,2026-10-05
273721,99,Kampol Pathomakkakul,Ratchaburi FC,Thailand,THA1,1,Kiper,Goalkeeper,34,1992-07-27,False,Thailand,Lokal,182,kanan,2021-01-01,"Ratwinit Bangkaeo School (2007-2009), Muangthong United (200",2027-06-30,"Rp3,04Mlyr.",3041818182,3476363636,DECREASED,0,0,0,0,0.0,0,0,2026-10-05
378025,97,Ukrit Wongmeema,Ratchaburi FC,Thailand,THA1,1,Kiper,Goalkeeper,35,1991-07-09,False,Thailand,Lokal,183,kanan,2025-07-08,"Suankularb Wittayalai School (2007-2009), Muangthong United ",2027-06-30,"Rp869,09Jt.",869090909,869090909,UNCHANGED,0,0,0,0,0.0,0,0,2026-10-05
1239080,18,Thanawit Uamsa-ard,Ratchaburi FC,Thailand,THA1,1,Kiper,Goalkeeper,24,2002-05-19,False,Thailand,Lokal,0,kanan,2026-07-22,-,2027-06-30,-,0,0,STABLE,0,0,0,0,0.0,0,0,2026-10-05
1596518,26,Napat Suemanotham,Ratchaburi FC,Thailand,THA1,1,Kiper,Goalkeeper,0,-,False,Thailand,Lokal,0,kanan,2026-09-01,-,2027-06-30,-,0,0,STABLE,0,0,0,0,0.0,0,0,2026-10-05
656695,4,Jonathan Khemdee,Ratchaburi FC,Thailand,THA1,1,Bek-Tengah,Defender,24,2002-05-09,False,Thailand,Lokal,191,kanan,2023-01-17,"Svendborg Fb, Odense BK (-2019)",2027-06-30,"Rp7,82Mlyr.",7821818182,8690909091,DECREASED,0,0,0,0,0.0,0,0,2026-10-05
836804,3,Tarek Aggoun,Ratchaburi FC,Thailand,THA1,1,Bek-Tengah,Defender,28,1997-10-27,False,Aljazair,Asing Non-Asia,189,kanan,2026-07-22,"ESTAC Troyes, Stade Reims (-2015)
",2027-06-30,"Rp6,95Mlyr.",6952727273,3041818182,INCREASED,0,0,0,0,0.0,0,0,2026-10-05
171362,2,Pablo Insua,Ratchaburi FC,Thailand,THA1,1,Bek-Tengah,Defender,33,1993-09-09,False,Spanyol,Asing Non-Asia,187,kanan,2026-10-01,-,2027-06-30,"Rp6,08Mlyr.",6083636364,6952727273,DECREASED,0,0,0,0,0.0,0,0,2026-10-05
261513,15,Adisorn Promrak,Ratchaburi FC,Thailand,THA1,1,Bek-Tengah,Defender,32,1993-10-21,False,Thailand,Lokal,175,kanan,2023-06-13,"Suankularb Wittayalai School (2005-2010), Buriram United (20",2027-06-30,"Rp2,17Mlyr.",2172727273,2607272727,DECREASED,0,0,0,0,0.0,0,0,2026-10-05
1238280,66,Alexander Gountounas,Ratchaburi FC,Thailand,THA1,1,Bek-Tengah,Defender,21,2005-04-25,True,Thailand,Lokal,182,kiri,2026-07-22,Central Coast Mariners (-2024),2027-06-30,"Rp1,30Mlyr.",1303636364,434545455,INCREASED,0,0,0,0,0.0,0,0,2026-10-05
1293127,33,Pethay Promjan,Ratchaburi FC,Thailand,THA1,1,Bek-Tengah,Defender,20,2006-03-23,True,Thailand,Lokal,176,kanan,2025-07-05,-,2027-06-30,"Rp869,09Jt.",869090909,434545455,INCREASED,0,0,0,0,0.0,0,0,2026-10-05
318093,23,Kevin Deeromram,Ratchaburi FC,Thailand,THA1,1,Bek-Kiri,Defender,29,1997-09-11,False,Thailand,Lokal,183,kiri,2026-01-01,Djurgardens IF,2027-06-30,"Rp6,08Mlyr.",6083636364,6952727273,DECREASED,0,0,0,0,0.0,0,0,2026-10-05
468513,5,Daniel Ting,Ratchaburi FC,Thailand,THA1,1,Bek-Kiri,Defender,34,1992-01-12,False,Malaysia,ASEAN,184,kiri,2026-07-22,Crewe Alexandra (2007-2011),2027-06-30,"Rp2,61Mlyr.",2607272727,2607272727,UNCHANGED,0,0,0,0,0.0,0,0,2026-10-05
512349,20,Sanchai Nonthasila,Ratchaburi FC,Thailand,THA1,1,Bek-Kiri,Defender,30,1996-03-30,False,Thailand,Lokal,177,kanan,2026-07-22,BEC Tero Sasana (2010-2014),2027-06-30,"Rp2,61Mlyr.",2607272727,2607272727,UNCHANGED,0,0,0,0,0.0,0,0,2026-10-05
440298,29,Kiatisak Chiamudom,Ratchaburi FC,Thailand,THA1,1,Bek-Kiri,Defender,31,1995-03-19,False,Thailand,Lokal,171,kiri,2019-12-03,Bangkok Christian College (2009-2011),2027-06-30,"Rp2,17Mlyr.",2172727273,2607272727,DECREASED,0,0,0,0,0.0,0,0,2026-10-05
172779,31,Sai van Wermeskerken,Ratchaburi FC,Thailand,THA1,1,Bek-Kanan,Defender,32,1994-06-28,False,Jepang,Asia (AFC),178,kanan,2026-07-30,"Yatsugatake Hokuto (2002-2008), Ventforet Kofu (2008-2013)",2027-06-30,"Rp7,82Mlyr.",7821818182,8690909091,DECREASED,0,0,0,0,0.0,0,0,2026-10-05
296443,27,Jesse Curran,Ratchaburi FC,Thailand,THA1,1,Bek-Kanan,Defender,30,1996-07-16,False,Filipina,ASEAN,182,kanan,2023-07-16,"FFT Institute, Devonport City (-2012), Blacktown City FC (20",2027-06-30,"Rp6,95Mlyr.",6952727273,5214545455,INCREASED,0,0,0,0,0.0,0,0,2026-10-05
326590,48,Scott Allardice,Ratchaburi FC,Thailand,THA1,1,Gel. Bertahan,Midfielder,28,1998-03-31,False,Skotlandia,Asing Non-Asia,186,kanan,2026-07-22,"Dundee Rovers, Celtic BC, Dundee FC (-2010), Dundee United (",2026-12-31,"Rp4,35Mlyr.",4345454545,4345454545,UNCHANGED,0,0,0,0,0.0,0,0,2026-10-05
473570,37,Kritsananon Srisuwan,Ratchaburi FC,Thailand,THA1,1,Gel. Bertahan,Midfielder,31,1995-01-11,False,Thailand,Lokal,175,kanan,2017-01-01,Nakhon Ratchasima Sport School (2013-2015),2027-06-30,"Rp3,48Mlyr.",3476363636,3476363636,UNCHANGED,0,0,0,0,0.0,0,0,2026-10-05
281737,28,Thossawat Limwannasthian,Ratchaburi FC,Thailand,THA1,1,Gel. Bertahan,Midfielder,33,1993-05-17,False,Thailand,Lokal,171,kanan,2025-07-01,"Suankularb Wittayalai School (2009-2010), Army United (2011)",2027-06-30,"Rp2,61Mlyr.",2607272727,3041818182,DECREASED,0,0,0,0,0.0,0,0,2026-10-05
427691,8,Thanawat Suengchitthawon,Ratchaburi FC,Thailand,THA1,1,Gel. Tengah,Midfielder,26,2000-01-08,False,Thailand,Lokal,171,kanan,2024-08-09,"AS Neunkirch (09/2006-2013), AS Nancy-Lorraine (2013-2018)",2027-06-30,"Rp7,82Mlyr.",7821818182,6083636364,INCREASED,0,0,0,0,0.0,0,0,2026-10-05
428974,42,Sorawit Panthong,Ratchaburi FC,Thailand,THA1,1,Gel. Tengah,Midfielder,29,1997-02-20,False,Thailand,Lokal,177,kiri,2026-07-22,Assumption Thonburi (2010-2015),2027-06-30,"Rp3,48Mlyr.",3476363636,2607272727,INCREASED,0,0,0,0,0.0,0,0,2026-10-05
202984,16,Roque Mesa,Ratchaburi FC,Thailand,THA1,1,Gel. Tengah,Midfielder,37,1989-06-07,False,Spanyol,Asing Non-Asia,172,kanan,2026-02-25,"Valdecasas, Telde, Yoñé",2027-06-30,"Rp2,61Mlyr.",2607272727,5214545455,DECREASED,0,0,0,0,0.0,0,0,2026-10-05
153238,10,Jonathan Viera,Ratchaburi FC,Thailand,THA1,1,Gel. Serang,Midfielder,36,1989-10-21,False,Spanyol,Asing Non-Asia,170,kanan,2026-07-30,Atlético Feria,2027-06-30,"Rp3,48Mlyr.",3476363636,5214545455,DECREASED,0,0,0,0,0.0,0,0,2026-10-05
223068,6,Tana,Ratchaburi FC,Thailand,THA1,1,Gel. Serang,Midfielder,36,1990-09-20,False,Spanyol,Asing Non-Asia,169,kiri,2024-08-15,"Veteranos del Pilar, UD Las Palmas, Acodetti, Unión Viera, R",2027-06-30,"Rp1,74Mlyr.",1738181818,1738181818,UNCHANGED,0,0,0,0,0.0,0,0,2026-10-05
426688,19,Teeraphol Yoryoei,Ratchaburi FC,Thailand,THA1,1,Gel. Serang,Midfielder,31,1994-10-25,False,Thailand,Lokal,176,kanan,2025-07-08,BEC Tero Sasana (2011-2012),2027-06-30,"Rp1,74Mlyr.",1738181818,1738181818,UNCHANGED,0,0,0,0,0.0,0,0,2026-10-05
1145188,22,Phongsakon Sangkasopha,Ratchaburi FC,Thailand,THA1,1,Gel. Serang,Midfielder,19,2006-10-19,True,Thailand,Lokal,176,kanan,2024-02-07,-,2027-06-30,"Rp1,74Mlyr.",1738181818,1303636364,INCREASED,0,0,0,0,0.0,0,0,2026-10-05
426781,21,Ekanit Panya,Ratchaburi FC,Thailand,THA1,1,Sayap Kiri,Attack,26,1999-10-21,False,Thailand,Lokal,168,kanan,2026-07-22,Chiangrai United (2010-2015),2027-06-30,"Rp6,95Mlyr.",6952727273,6083636364,INCREASED,0,0,0,0,0.0,0,0,2026-10-05
402451,92,Njiva Rakotoharimalala,Ratchaburi FC,Thailand,THA1,1,Sayap Kiri,Attack,34,1992-08-06,False,Madagaskar,Asing Non-Asia,178,kanan,2023-08-04,-,2027-06-30,"Rp3,48Mlyr.",3476363636,3910909091,DECREASED,0,0,0,0,0.0,0,0,2026-10-05
625333,7,Rafael Bilu,Ratchaburi FC,Thailand,THA1,1,Sayap Kanan,Attack,27,1999-04-21,False,Brasil,Asing Non-Asia,174,kiri,2026-07-22,-,2027-06-30,"Rp5,21Mlyr.",5214545455,5214545455,UNCHANGED,0,0,0,0,0.0,0,0,2026-10-05
433359,88,Chotipat Poomkaew,Ratchaburi FC,Thailand,THA1,1,Sayap Kanan,Attack,28,1998-05-28,False,Thailand,Lokal,169,kanan,2023-07-13,Chiangrai United (2012-2014),2027-06-30,"Rp2,61Mlyr.",2607272727,2172727273,INCREASED,0,0,0,0,0.0,0,0,2026-10-05
122676,32,Robert Zulj,Ratchaburi FC,Thailand,THA1,1,Depan-Kedua,Attack,34,1992-02-05,False,Austria,Asing Non-Asia,189,kanan,2026-09-16,FC Wels (1999-),2027-06-30,"Rp8,69Mlyr.",8690909091,10429090909,DECREASED,0,0,0,0,0.0,0,0,2026-10-05
533926,0,Gleyson,Ratchaburi FC,Thailand,THA1,1,Depan-Tengah,Attack,29,1996-11-19,False,Brasil,Asing Non-Asia,186,kanan,2026-01-07,-,2027-06-30,"Rp6,08Mlyr.",6083636364,6952727273,DECREASED,0,0,0,0,0.0,0,0,2026-10-05
216131,9,Bruno Mendes,Ratchaburi FC,Thailand,THA1,1,Depan-Tengah,Attack,32,1994-08-02,False,Brasil,Asing Non-Asia,184,kanan,2026-07-22,-,2027-06-30,"Rp3,04Mlyr.",3041818182,2607272727,INCREASED,0,0,0,0,0.0,0,0,2026-10-05
531909,11,Jordan Gele,Ratchaburi FC,Thailand,THA1,1,Depan-Tengah,Attack,34,1992-09-16,False,Prancis,Asing Non-Asia,192,kanan,2026-07-22,"Paris Saint-Germain, INF Clairefontaine, Racing Club de Fran",2027-06-30,"Rp2,61Mlyr.",2607272727,3476363636,DECREASED,0,0,0,0,0.0,0,0,2026-10-05
590894,99,Kittipun Saensuk,Sukhothai FC,Thailand,THA1,1,Kiper,Goalkeeper,31,1994-12-09,False,Thailand,Lokal,180,kanan,2021-06-01,Muangthong United (-2013),2027-06-30,"Rp3,04Mlyr.",3041818182,2607272727,INCREASED,0,0,0,0,0.0,0,0,2026-10-05
976880,25,Narongsak Naengwongsa,Sukhothai FC,Thailand,THA1,1,Kiper,Goalkeeper,23,2003-02-19,False,Thailand,Lokal,177,kiri,2026-07-22,-,2027-06-30,"Rp1,74Mlyr.",1738181818,1303636364,INCREASED,0,0,0,0,0.0,0,0,2026-10-05
1120873,18,Supazin Hnupichai,Sukhothai FC,Thailand,THA1,1,Kiper,Goalkeeper,29,1997-05-23,False,Thailand,Lokal,181,kanan,2023-07-11,-,2027-06-30,"Rp869,09Jt.",869090909,1303636364,DECREASED,0,0,0,0,0.0,0,0,2026-10-05
1402462,22,Patchasak Sangchan,Sukhothai FC,Thailand,THA1,1,Kiper,Goalkeeper,20,2006-03-13,True,Thailand,Lokal,0,kanan,2026-09-01,-,2027-06-30,-,0,0,STABLE,0,0,0,0,0.0,0,0,2026-10-05
467902,15,Saringkan Promsupa,Sukhothai FC,Thailand,THA1,1,Bek-Tengah,Defender,29,1997-03-29,False,Thailand,Lokal,180,kanan,2022-07-01,"Pluakdaeng Pittayakom School (2010-2014), Rayong FC (2015)",2027-06-30,"Rp5,21Mlyr.",5214545455,4345454545,INCREASED,0,0,0,0,0.0,0,0,2026-10-05
819076,70,Luan,Sukhothai FC,Thailand,THA1,1,Bek-Tengah,Defender,26,1999-11-29,False,Brasil,Asing Non-Asia,191,kiri,2026-07-22,-,2027-06-30,"Rp4,35Mlyr.",4345454545,4345454545,INCREASED,0,0,0,0,0.0,0,0,2026-10-05
450461,5,Yan Victor,Sukhothai FC,Thailand,THA1,1,Bek-Tengah,Defender,31,1995-09-18,False,Brasil,Asing Non-Asia,189,kanan,2026-07-22,-,2027-06-30,"Rp3,48Mlyr.",3476363636,3476363636,INCREASED,0,0,0,0,0.0,0,0,2026-10-05
534587,93,Cláudio,Sukhothai FC,Thailand,THA1,1,Bek-Tengah,Defender,33,1993-04-15,False,Brasil,Asing Non-Asia,187,kanan,2024-07-01,-,2027-06-30,"Rp2,61Mlyr.",2607272727,3476363636,DECREASED,0,0,0,0,0.0,0,0,2026-10-05
307296,4,Sarawut Kanlayanabandit,Sukhothai FC,Thailand,THA1,1,Bek-Tengah,Defender,35,1991-05-27,False,Thailand,Lokal,188,kiri,2022-06-22,Loei City (-2009),2027-06-30,"Rp1,30Mlyr.",1303636364,1303636364,UNCHANGED,0,0,0,0,0.0,0,0,2026-10-05
651202,3,Wattanakorn Sawatlakhorn,Sukhothai FC,Thailand,THA1,1,Bek-Kiri,Defender,28,1998-05-23,False,Thailand,Lokal,175,kiri,2026-07-22,Muangthong United (2013-2017),2027-06-30,"Rp2,17Mlyr.",2172727273,1738181818,INCREASED,0,0,0,0,0.0,0,0,2026-10-05
625718,2,Jirawat Thongsaengphrao,Sukhothai FC,Thailand,THA1,1,Bek-Kiri,Defender,28,1998-03-31,False,Thailand,Lokal,178,kiri,2026-07-22,Buriram United (2012-2015),2027-06-30,"Rp869,09Jt.",869090909,869090909,UNCHANGED,0,0,0,0,0.0,0,0,2026-10-05
815436,27,Thiti Thumporn,Sukhothai FC,Thailand,THA1,1,Bek-Kanan,Defender,27,1999-04-27,False,Thailand,Lokal,180,kanan,2025-07-18,-,2027-06-30,"Rp4,35Mlyr.",4345454545,3476363636,INCREASED,0,0,0,0,0.0,0,0,2026-10-05
311179,6,Surawich Logarwit,Sukhothai FC,Thailand,THA1,1,Bek-Kanan,Defender,33,1993-02-11,False,Thailand,Lokal,170,kiri,2023-06-04,Assumption College Sriracha (2009-2010),2027-06-30,"Rp1,30Mlyr.",1303636364,1303636364,UNCHANGED,0,0,0,0,0.0,0,0,2026-10-05
564383,80,Murilo Souza,Sukhothai FC,Thailand,THA1,1,Gel. Bertahan,Midfielder,30,1996-05-17,False,Brasil,Asing Non-Asia,187,kiri,2026-07-22,"Grêmio, Cruzeiro EC",2027-06-30,"Rp3,48Mlyr.",3476363636,1303636364,INCREASED,0,0,0,0,0.0,0,0,2026-10-05
435368,17,Tassanapong Mhuaddarak,Sukhothai FC,Thailand,THA1,1,Gel. Bertahan,Midfielder,35,1991-01-12,False,Thailand,Lokal,169,kanan,2024-07-01,-,2027-06-30,"Rp1,74Mlyr.",1738181818,1738181818,UNCHANGED,0,0,0,0,0.0,0,0,2026-10-05
1165636,14,Athirat Jantrapho,Sukhothai FC,Thailand,THA1,1,Gel. Tengah,Midfielder,19,2006-11-03,True,Thailand,Lokal,173,kanan,2023-08-04,-,2027-06-30,"Rp434,55Jt.",434545455,434545455,UNCHANGED,0,0,0,0,0.0,0,0,2026-10-05
1449289,20,Nalu Jandke,Sukhothai FC,Thailand,THA1,1,Gel. Tengah,Midfielder,18,2008-01-02,True,Thailand,Lokal,178,keduanya,2025-08-25,"DFI Bad Aibling, 1860 TSV Rosenheim ",2027-06-30,-,0,0,STABLE,0,0,0,0,0.0,0,0,2026-10-05
901014,11,Gustavo Apis,Sukhothai FC,Thailand,THA1,1,Gel. Serang,Midfielder,27,1999-06-14,False,Brasil,Asing Non-Asia,176,kiri,2026-07-22,-,2027-06-30,"Rp5,21Mlyr.",5214545455,4345454545,INCREASED,0,0,0,0,0.0,0,0,2026-10-05
366939,10,Lucas Barreto,Sukhothai FC,Thailand,THA1,1,Gel. Serang,Midfielder,31,1995-09-19,False,Brasil,Asing Non-Asia,176,kanan,2026-01-07,Coritiba Foot Ball Club,2027-06-30,"Rp4,35Mlyr.",4345454545,4345454545,UNCHANGED,0,0,0,0,0.0,0,0,2026-10-05
464578,8,Ratchanat Aranpiroj,Sukhothai FC,Thailand,THA1,1,Gel. Serang,Midfielder,30,1996-06-22,False,Thailand,Lokal,174,kanan,2024-07-01,Ratchaburi Mitr Phol FC (2012-2014),2027-06-30,"Rp1,74Mlyr.",1738181818,1303636364,INCREASED,0,0,0,0,0.0,0,0,2026-10-05
1594598,30,Chatthamet Phirachaithat,Sukhothai FC,Thailand,THA1,1,Gel. Tengah,Midfielder,19,2007-06-23,True,Thailand,Lokal,0,kanan,2026-09-01,-,2027-06-30,-,0,0,STABLE,0,0,0,0,0.0,0,0,2026-10-05
1594622,71,Pattarapol Boonmala,Sukhothai FC,Thailand,THA1,1,Gel. Tengah,Midfielder,19,2007-06-27,True,Thailand,Lokal,0,kanan,2026-09-01,OSC Rosenhöhe,2027-06-30,-,0,0,STABLE,0,0,0,0,0.0,0,0,2026-10-05
371258,28,Rhuan,Sukhothai FC,Thailand,THA1,1,Sayap Kiri,Attack,26,2000-01-25,False,Brasil,Asing Non-Asia,170,kanan,2026-07-22,-,2027-06-30,"Rp3,04Mlyr.",3041818182,3041818182,INCREASED,0,0,0,0,0.0,0,0,2026-10-05
415308,12,Chayawat Srinawong,Sukhothai FC,Thailand,THA1,1,Sayap Kiri,Attack,33,1993-01-12,False,Thailand,Lokal,180,kanan,2026-08-21,Bangkok Christian College (2009-2010),2027-06-30,"Rp1,74Mlyr.",1738181818,1738181818,UNCHANGED,0,0,0,0,0.0,0,0,2026-10-05
1025906,37,Natthapong Promorn,Sukhothai FC,Thailand,THA1,1,Sayap Kiri,Attack,24,2002-08-21,False,Thailand,Lokal,170,kanan,2024-07-01,-,2027-06-30,-,0,434545455,DECREASED,0,0,0,0,0.0,0,0,2026-10-05
970717,7,Alberto Gouvea,Sukhothai FC,Thailand,THA1,1,Sayap Kanan,Attack,28,1998-09-25,False,Brasil,Asing Non-Asia,182,kiri,2026-07-22,-,2027-06-30,"Rp5,21Mlyr.",5214545455,4345454545,INCREASED,0,0,0,0,0.0,0,0,2026-10-05
1386077,47,Kongpop Sroirak,Sukhothai FC,Thailand,THA1,1,Sayap Kanan,Attack,22,2004-06-02,True,Thailand,Lokal,0,kanan,2026-09-01,-,2027-06-30,-,0,0,STABLE,0,0,0,0,0.0,0,0,2026-10-05
725993,9,Nathan Palafoz,Sukhothai FC,Thailand,THA1,1,Depan-Tengah,Attack,27,1999-08-04,False,Brasil,Asing Non-Asia,190,kanan,2026-07-22,-,2027-06-30,"Rp3,48Mlyr.",3476363636,3476363636,INCREASED,0,0,0,0,0.0,0,0,2026-10-05
537068,94,Jefferson,Sukhothai FC,Thailand,THA1,1,Depan-Tengah,Attack,31,1994-10-21,False,Brasil,Asing Non-Asia,185,kanan,2026-07-22,-,2027-06-30,"Rp3,48Mlyr.",3476363636,3476363636,INCREASED,0,0,0,0,0.0,0,0,2026-10-05
932327,19,Phiraphat Khamphaeng,Sukhothai FC,Thailand,THA1,1,Depan-Tengah,Attack,25,2001-07-17,False,Thailand,Lokal,175,kanan,2026-01-01,PTT Rayong,2027-06-30,"Rp434,55Jt.",434545455,434545455,UNCHANGED,0,0,0,0,0.0,0,0,2026-10-05
447204,28,Saranon Anuin,BG Pathum United,Thailand,THA1,1,Kiper,Goalkeeper,32,1994-03-24,False,Thailand,Lokal,186,kiri,2024-07-01,-,2027-06-30,"Rp4,35Mlyr.",4345454545,4345454545,UNCHANGED,0,0,0,0,0.0,0,0,2026-10-05
949692,49,Nalawich Inthacharoen,BG Pathum United,Thailand,THA1,1,Kiper,Goalkeeper,22,2003-11-11,True,Thailand,Lokal,184,kiri,2023-06-01,BG Pathum United,2027-06-30,"Rp1,74Mlyr.",1738181818,869090909,INCREASED,0,0,0,0,0.0,0,0,2026-10-05
1164346,13,Issarapong Waewdee,BG Pathum United,Thailand,THA1,1,Kiper,Goalkeeper,22,2004-10-01,True,Thailand,Lokal,185,kanan,2023-08-01,BG Pathum United (-2023),2027-06-30,"Rp869,09Jt.",869090909,869090909,STABLE,0,0,0,0,0.0,0,0,2026-10-05
529543,44,Marko Nikolic,BG Pathum United,Thailand,THA1,1,Bek-Tengah,Defender,28,1998-03-31,False,Serbia,Asing Non-Asia,190,kanan,2026-07-22,-,2027-06-30,"Rp6,95Mlyr.",6952727273,4345454545,INCREASED,0,0,0,0,0.0,0,0,2026-10-05
490574,50,Edin Osmanovic,BG Pathum United,Thailand,THA1,1,Bek-Tengah,Defender,25,2001-08-30,False,Slovenia,Asing Non-Asia,191,kiri,2026-07-22,FC Etzella Ettelbrück (-2018),2027-06-30,"Rp6,08Mlyr.",6083636364,1738181818,INCREASED,0,0,0,0,0.0,0,0,2026-10-05
454256,3,Yeferson Quintana,BG Pathum United,Thailand,THA1,1,Bek-Tengah,Defender,30,1996-04-19,False,Uruguay,Asing Non-Asia,196,kanan,2026-07-22,"Atlético Cañero, Deportivo Tropezón Tablero de Bella Unión (",2027-06-30,"Rp3,48Mlyr.",3476363636,3476363636,INCREASED,0,0,0,0,0.0,0,0,2026-10-05
934812,15,Chanapach Buaphan,BG Pathum United,Thailand,THA1,1,Bek-Tengah,Defender,22,2004-03-22,True,Thailand,Lokal,190,kanan,2021-01-01,Assumption College Sriracha (2017-2020),2027-06-30,"Rp3,48Mlyr.",3476363636,2607272727,INCREASED,0,0,0,0,0.0,0,0,2026-10-05
255119,17,Elias Dolah,BG Pathum United,Thailand,THA1,1,Bek-Tengah,Defender,33,1993-04-24,False,Thailand,Lokal,196,kanan,2026-07-22,"Dalby GIF (2006-2010), Lunds BK (2011-2012)",2027-06-30,"Rp3,48Mlyr.",3476363636,4345454545,DECREASED,0,0,0,0,0.0,0,0,2026-10-05
435670,25,Pawee Tanthatemee,BG Pathum United,Thailand,THA1,1,Bek-Tengah,Defender,29,1996-10-22,False,Thailand,Lokal,185,kanan,2026-07-22,"Patumkongka School (2012), Suankularb Wittayalai Nonthaburi ",2027-06-30,"Rp1,74Mlyr.",1738181818,2172727273,DECREASED,0,0,0,0,0.0,0,0,2026-10-05
985703,2,Chanon Tamma,BG Pathum United,Thailand,THA1,1,Bek-Kiri,Defender,22,2004-03-19,True,Thailand,Lokal,168,kiri,2021-07-01,BG Pathum United (2017-2021),2027-06-30,"Rp3,48Mlyr.",3476363636,2172727273,INCREASED,0,0,0,0,0.0,0,0,2026-10-05
515692,24,Saharat Pongsuwan,BG Pathum United,Thailand,THA1,1,Bek-Kiri,Defender,30,1996-06-11,False,Thailand,Lokal,173,kiri,2026-07-22,Assumption College Sriracha (-2014),2027-06-30,"Rp2,61Mlyr.",2607272727,2172727273,INCREASED,0,0,0,0,0.0,0,0,2026-10-05
966904,48,Waris Choolthong,BG Pathum United,Thailand,THA1,1,Bek-Kanan,Defender,22,2004-01-08,True,Thailand,Lokal,180,kanan,2022-04-14,Debsirin School (-2021),2027-06-30,"Rp6,08Mlyr.",6083636364,5214545455,INCREASED,0,0,0,0,0.0,0,0,2026-10-05
407834,16,Takahiro Yanagi,BG Pathum United,Thailand,THA1,1,Bek-Kanan,Defender,29,1997-08-05,False,Jepang,Asia (AFC),185,kanan,2026-07-22,-,2027-06-30,"Rp4,35Mlyr.",4345454545,4345454545,INCREASED,0,0,0,0,0.0,0,0,2026-10-05
487607,5,Kritsada Kaman,BG Pathum United,Thailand,THA1,1,Gel. Bertahan,Midfielder,27,1999-03-18,False,Thailand,Lokal,176,kanan,2024-01-01,Chonburi FC (2012-2015),2027-06-30,"Rp7,82Mlyr.",7821818182,6952727273,INCREASED,0,0,0,0,0.0,0,0,2026-10-05
505193,4,Leon James,BG Pathum United,Thailand,THA1,1,Gel. Bertahan,Midfielder,25,2001-08-29,False,Thailand,Lokal,185,kanan,2026-07-22,Leicester City (2007-2019),2027-06-30,"Rp3,48Mlyr.",3476363636,2172727273,INCREASED,0,0,0,0,0.0,0,0,2026-10-05
299882,6,Sarach Yooyen,BG Pathum United,Thailand,THA1,1,Gel. Bertahan,Midfielder,34,1992-05-30,False,Thailand,Lokal,168,kanan,2020-05-26,"Assumption United (2008-2009), SCG Muangthong United (2009-2",2027-06-30,"Rp3,48Mlyr.",3476363636,3910909091,DECREASED,0,0,0,0,0.0,0,0,2026-10-05
231916,26,Anthony Belmonte,BG Pathum United,Thailand,THA1,1,Gel. Tengah,Midfielder,30,1995-10-16,False,Prancis,Asing Non-Asia,185,kanan,2026-07-22,-,2027-06-30,"Rp5,21Mlyr.",5214545455,5214545455,UNCHANGED,0,0,0,0,0.0,0,0,2026-10-05
949999,8,Akarapong Pumwisat,BG Pathum United,Thailand,THA1,1,Gel. Tengah,Midfielder,30,1995-11-23,False,Thailand,Lokal,170,kanan,2026-07-22,Patumkongka School (2010-2013),2028-06-30,"Rp4,35Mlyr.",4345454545,4345454545,UNCHANGED,0,0,0,0,0.0,0,0,2026-10-05
192360,33,Ryan Edwards,BG Pathum United,Thailand,THA1,1,Gel. Tengah,Midfielder,32,1993-11-17,False,Australia,Asia (AFC),175,kanan,2026-07-22,-,2027-06-30,"Rp4,35Mlyr.",4345454545,4345454545,UNCHANGED,0,0,0,0,0.0,0,0,2026-10-05
1433856,72,Kittapak Seangsawat,BG Pathum United,Thailand,THA1,1,Gel. Tengah,Midfielder,21,2005-04-08,True,Thailand,Lokal,173,kiri,2026-09-16,Muangthong United,2030-06-30,"Rp2,17Mlyr.",2172727273,1303636364,INCREASED,0,0,0,0,0.0,0,0,2026-10-05
239602,18,Chanathip Songkrasin,BG Pathum United,Thailand,THA1,1,Gel. Serang,Midfielder,33,1993-10-05,False,Thailand,Lokal,158,keduanya,2023-07-01,"Sampranwittaya School (2005–2007), Rajdamnern Commercial Col",2027-06-30,"Rp12,17Mlyr.",12167272727,13905454545,DECREASED,0,0,0,0,0.0,0,0,2026-10-05
148344,10,Lucas Andersen,BG Pathum United,Thailand,THA1,1,Gel. Serang,Midfielder,32,1994-09-13,False,Denmark,Asing Non-Asia,184,kanan,2026-04-01,Aalborg Freja,2027-06-30,"Rp5,21Mlyr.",5214545455,5214545455,UNCHANGED,0,0,0,0,0.0,0,0,2026-10-05
1114322,22,Matheus Costa,BG Pathum United,Thailand,THA1,1,Sayap Kiri,Attack,27,1999-08-14,False,Brasil,Asing Non-Asia,183,kanan,2026-08-20,-,2027-06-30,"Rp4,35Mlyr.",4345454545,2172727273,INCREASED,0,0,0,0,0.0,0,0,2026-10-05
261543,39,Tanasith Siripala,BG Pathum United,Thailand,THA1,1,Sayap Kiri,Attack,31,1995-08-09,False,Thailand,Lokal,170,kanan,2026-08-09,Bangkok Glass (2010-2011),2027-06-30,"Rp1,74Mlyr.",1738181818,1738181818,UNCHANGED,0,0,0,0,0.0,0,0,2026-10-05
160980,37,Fabio Kaufmann,BG Pathum United,Thailand,THA1,1,Sayap Kanan,Attack,34,1992-09-08,False,Jerman,Asing Non-Asia,181,kanan,2026-07-22,"VfR Aalen (2001–2009), SSV Ulm 1846 (2009–2011)",2027-06-30,"Rp5,21Mlyr.",5214545455,5214545455,UNCHANGED,0,0,0,0,0.0,0,0,2026-10-05
381133,21,Pasqual Verkamp,BG Pathum United,Thailand,THA1,1,Sayap Kanan,Attack,28,1997-10-13,False,Thailand,Lokal,180,kanan,2026-07-22,"TSG Mainflingen, FC Bayern Alzenau (-2015), SV Darmstadt 98 ",2027-06-30,"Rp3,48Mlyr.",3476363636,1303636364,INCREASED,0,0,0,0,0.0,0,0,2026-10-05
137348,9,Surachat Sareepim,BG Pathum United,Thailand,THA1,1,Sayap Kanan,Attack,40,1986-05-24,False,Thailand,Lokal,179,kanan,2016-02-23,"Chiangkhan School (1999-2002), Patumkongka School (2003-2004",2027-06-30,"Rp869,09Jt.",869090909,869090909,UNCHANGED,0,0,0,0,0.0,0,0,2026-10-05
349583,7,Raniel,BG Pathum United,Thailand,THA1,1,Depan-Tengah,Attack,30,1996-06-11,False,Brasil,Asing Non-Asia,181,kanan,2024-06-22,-,2027-06-30,"Rp13,91Mlyr.",13905454545,12167272727,INCREASED,0,0,0,0,0.0,0,0,2026-10-05
552980,11,Patrik Gustavsson,BG Pathum United,Thailand,THA1,1,Depan-Tengah,Attack,25,2001-04-19,False,Thailand,Lokal,184,kanan,2022-01-03,"Oxelösunds IK (- 6/2017), Åtvidabergs FF (7/2017 -2018)",2029-06-30,"Rp6,08Mlyr.",6083636364,6952727273,DECREASED,0,0,0,0,0.0,0,0,2026-10-05
644769,19,Ashley Coffey,BG Pathum United,Thailand,THA1,1,Depan-Tengah,Attack,32,1993-12-01,False,Inggris,Asing Non-Asia,191,kiri,2026-07-22,Bradford City,2027-06-30,"Rp6,08Mlyr.",6083636364,6083636364,UNCHANGED,0,0,0,0,0.0,0,0,2026-10-05
595013,45,João Magno,BG Pathum United,Thailand,THA1,1,Depan-Tengah,Attack,29,1997-02-15,False,Brasil,Asing Non-Asia,195,kiri,2026-07-22,-,2027-06-30,"Rp6,08Mlyr.",6083636364,6083636364,INCREASED,0,0,0,0,0.0,0,0,2026-10-05
461979,13,Damyan Damyanov,Pattani FC,Thailand,THA1,1,Kiper,Goalkeeper,26,2000-06-29,False,Bulgaria,Asing Non-Asia,188,kanan,2026-07-22,"PFC Ludogorets Razgrad, Lokomotiv Sofia",2027-06-30,"Rp4,35Mlyr.",4345454545,3041818182,INCREASED,0,0,0,0,0.0,0,0,2026-10-05
985700,46,Sorawat Phosaman,Pattani FC,Thailand,THA1,1,Kiper,Goalkeeper,23,2003-01-30,False,Thailand,Lokal,183,kanan,2026-07-23,-,2027-06-30,"Rp2,61Mlyr.",2607272727,1738181818,INCREASED,0,0,0,0,0.0,0,0,2026-10-05
1411319,99,Muhammat Mamah,Pattani FC,Thailand,THA1,1,Kiper,Goalkeeper,24,2001-12-09,False,Thailand,Lokal,181,kanan,2024-07-01,-,2027-06-30,"Rp1,74Mlyr.",1738181818,1738181818,UNCHANGED,0,0,0,0,0.0,0,0,2026-10-05
600206,1,Ninuruddin Nideha,Pattani FC,Thailand,THA1,1,Kiper,Goalkeeper,43,1983-09-25,False,Thailand,Lokal,180,kanan,2019-07-01,-,2027-06-30,-,0,0,STABLE,0,0,0,0,0.0,0,0,2026-10-05
546037,3,Rodolfo Filemon,Pattani FC,Thailand,THA1,1,Bek-Tengah,Defender,32,1994-08-29,False,Brasil,Asing Non-Asia,184,kanan,2026-08-19,-,2027-06-30,"Rp3,48Mlyr.",3476363636,3476363636,INCREASED,0,0,0,0,0.0,0,0,2026-10-05
565672,19,Ittipon Khampliw,Pattani FC,Thailand,THA1,1,Bek-Tengah,Defender,29,1996-10-26,False,Thailand,Lokal,177,kiri,2025-07-06,-,2027-06-30,"Rp3,48Mlyr.",3476363636,1303636364,INCREASED,0,0,0,0,0.0,0,0,2026-10-05
600077,5,Nattawut Salae,Pattani FC,Thailand,THA1,1,Bek-Tengah,Defender,32,1994-08-09,False,Thailand,Lokal,189,kanan,2026-07-22,-,2027-06-30,"Rp1,30Mlyr.",1303636364,1303636364,UNCHANGED,0,0,0,0,0.0,0,0,2026-10-05
949141,26,Marlon Silva,Pattani FC,Thailand,THA1,1,Bek-Tengah,Defender,35,1991-08-19,False,Brasil,Asing Non-Asia,188,kanan,2024-07-11,"Cruzeiro E.C
Vespasiano E.C 
Araxa E.C
Cincão E.C",2027-06-30,"Rp1,30Mlyr.",1303636364,1303636364,UNCHANGED,0,0,0,0,0.0,0,0,2026-10-05
415309,24,Chaiyawat Buran,Pattani FC,Thailand,THA1,1,Bek-Kiri,Defender,29,1996-10-26,False,Thailand,Lokal,177,kiri,2026-07-22,Muangthong United (2010-2012),2027-06-30,"Rp2,61Mlyr.",2607272727,2607272727,UNCHANGED,0,0,0,0,0.0,0,0,2026-10-05
591261,40,Kirati Kaewnongdang,Pattani FC,Thailand,THA1,1,Bek-Kiri,Defender,29,1997-04-16,False,Thailand,Lokal,170,kiri,2026-01-05,Navy FC (-2017),2027-06-30,"Rp2,17Mlyr.",2172727273,869090909,INCREASED,0,0,0,0,0.0,0,0,2026-10-05
1399241,32,Anuwa Koowing,Pattani FC,Thailand,THA1,1,Bek-Kiri,Defender,25,2001-04-03,False,Thailand,Lokal,176,kiri,2023-07-01,-,2027-06-30,"Rp1,74Mlyr.",1738181818,1303636364,INCREASED,0,0,0,0,0.0,0,0,2026-10-05
489079,4,Nattayot Phonyiam,Pattani FC,Thailand,THA1,1,Bek-Kanan,Defender,29,1997-04-17,False,Thailand,Lokal,174,kanan,2026-07-22,Chonburi FC (2012-2017),2027-06-30,"Rp1,30Mlyr.",1303636364,1303636364,UNCHANGED,0,0,0,0,0.0,0,0,2026-10-05
516719,22,Boontawee Thepwong,Pattani FC,Thailand,THA1,1,Bek-Kanan,Defender,30,1996-01-02,False,Thailand,Lokal,175,kanan,2026-07-22,Muangthong United (-2017),2027-06-30,"Rp1,30Mlyr.",1303636364,1738181818,DECREASED,0,0,0,0,0.0,0,0,2026-10-05
218044,2,Ekkachai Samre,Pattani FC,Thailand,THA1,1,Bek-Kanan,Defender,37,1988-11-28,False,Thailand,Lokal,173,kanan,2025-07-28,Satun United (2000-2004),2027-06-30,"Rp869,09Jt.",869090909,869090909,UNCHANGED,0,0,0,0,0.0,0,0,2026-10-05
591531,36,Kittiphong Buathong,Pattani FC,Thailand,THA1,1,Bek-Kanan,Defender,34,1992-10-01,False,Thailand,Lokal,175,kanan,2025-07-05,-,2027-06-30,"Rp869,09Jt.",869090909,869090909,UNCHANGED,0,0,0,0,0.0,0,0,2026-10-05
819765,15,Nattanan Biesamrit,Pattani FC,Thailand,THA1,1,Gel. Bertahan,Midfielder,26,2000-02-15,False,Thailand,Lokal,176,kanan,2026-07-22,-,2027-06-30,"Rp3,48Mlyr.",3476363636,2607272727,INCREASED,0,0,0,0,0.0,0,0,2026-10-05
549943,20,Maicon Douglas,Pattani FC,Thailand,THA1,1,Gel. Bertahan,Midfielder,33,1992-12-05,False,Brasil,Asing Non-Asia,185,kiri,2026-07-27,-,2027-06-30,"Rp2,61Mlyr.",2607272727,2607272727,INCREASED,0,0,0,0,0.0,0,0,2026-10-05
595000,64,Thirapak Prueangna,Pattani FC,Thailand,THA1,1,Gel. Bertahan,Midfielder,25,2001-08-15,False,Thailand,Lokal,165,kanan,2026-07-22,-,2027-06-30,"Rp2,61Mlyr.",2607272727,2172727273,INCREASED,0,0,0,0,0.0,0,0,2026-10-05
1014905,30,Adam Lassamano,Pattani FC,Thailand,THA1,1,Gel. Tengah,Midfielder,28,1997-10-10,False,Thailand,Lokal,177,kanan,2025-07-05,-,2027-06-30,"Rp1,30Mlyr.",1303636364,434545455,INCREASED,0,0,0,0,0.0,0,0,2026-10-05
250007,8,Clayton,Pattani FC,Thailand,THA1,1,Gel. Serang,Midfielder,30,1995-10-23,False,Brasil,Asing Non-Asia,175,kanan,2026-09-09,-,2027-06-30,"Rp3,48Mlyr.",3476363636,4345454545,DECREASED,0,0,0,0,0.0,0,0,2026-10-05
1035575,7,Adithep Chaisrianan,Pattani FC,Thailand,THA1,1,Gel. Serang,Midfielder,24,2001-10-10,False,Thailand,Lokal,168,kanan,2024-12-19,-,2027-06-30,"Rp1,74Mlyr.",1738181818,869090909,INCREASED,0,0,0,0,0.0,0,0,2026-10-05
208158,10,Felipe Nunes,Pattani FC,Thailand,THA1,1,Gel. Serang,Midfielder,36,1990-05-20,False,Brasil,Asing Non-Asia,177,kiri,2023-07-08,-,2027-06-30,"Rp1,30Mlyr.",1303636364,869090909,INCREASED,0,0,0,0,0.0,0,0,2026-10-05
1377346,61,Arion Blakqori,Pattani FC,Thailand,THA1,1,Gel. Serang,Midfielder,24,2002-03-24,False,Jerman,Asing Non-Asia,0,kanan,2026-07-22,-,2027-06-30,"Rp1,30Mlyr.",1303636364,1303636364,STABLE,0,0,0,0,0.0,0,0,2026-10-05
255979,17,Ignacio Abeledo,Pattani FC,Thailand,THA1,1,Sayap Kiri,Attack,30,1996-01-05,False,Spanyol,Asing Non-Asia,180,kiri,2026-07-22,-,2027-06-30,"Rp4,35Mlyr.",4345454545,4345454545,UNCHANGED,0,0,0,0,0.0,0,0,2026-10-05
943208,21,Jean-Pierre Da Sylva,Pattani FC,Thailand,THA1,1,Sayap Kiri,Attack,29,1997-01-03,False,Prancis,Asing Non-Asia,180,kanan,2026-08-06,Quevilly Rouen Métropole,2027-06-30,"Rp3,48Mlyr.",3476363636,3476363636,INCREASED,0,0,0,0,0.0,0,0,2026-10-05
438396,11,Janepob Phokhi,Pattani FC,Thailand,THA1,1,Sayap Kiri,Attack,30,1996-04-04,False,Thailand,Lokal,172,kanan,2025-07-05,Suphanburi FC (2012-2015),2027-06-30,"Rp1,74Mlyr.",1738181818,1738181818,UNCHANGED,0,0,0,0,0.0,0,0,2026-10-05
804264,9,Igor Neves,Pattani FC,Thailand,THA1,1,Depan-Tengah,Attack,27,1999-03-13,False,Brasil,Asing Non-Asia,178,kanan,2026-08-20,Athletico Paranaense,2027-06-30,"Rp8,69Mlyr.",8690909091,13905454545,DECREASED,0,0,0,0,0.0,0,0,2026-10-05
539200,96,Carlos Neto,Pattani FC,Thailand,THA1,1,Depan-Tengah,Attack,30,1996-03-15,False,Brasil,Asing Non-Asia,190,kanan,2025-07-07,-,2027-06-30,"Rp4,35Mlyr.",4345454545,2607272727,INCREASED,0,0,0,0,0.0,0,0,2026-10-05
1399238,90,Imron Hayiyusoh,Pattani FC,Thailand,THA1,1,Depan-Tengah,Attack,25,2000-10-08,False,Thailand,Lokal,174,kanan,2024-12-12,-,2027-06-30,"Rp1,74Mlyr.",1738181818,1303636364,INCREASED,0,0,0,0,0.0,0,0,2026-10-05
182367,1,Kevin Ray Mendoza,Chonburi FC,Thailand,THA1,1,Kiper,Goalkeeper,32,1994-09-29,False,Filipina,ASEAN,187,kanan,2025-07-03,"FC Midtjylland, Viborg FF",2027-06-30,"Rp5,21Mlyr.",5214545455,5214545455,UNCHANGED,0,0,0,0,0.0,0,0,2026-10-05
544610,46,Noppakun Kadtoon,Chonburi FC,Thailand,THA1,1,Kiper,Goalkeeper,31,1994-10-12,False,Thailand,Lokal,183,kanan,2024-06-06,-,2027-06-30,"Rp2,17Mlyr.",2172727273,2172727273,UNCHANGED,0,0,0,0,0.0,0,0,2026-10-05
1100420,87,Thanawat Panthong,Chonburi FC,Thailand,THA1,1,Kiper,Goalkeeper,22,2004-04-06,True,Thailand,Lokal,181,kanan,2023-01-16,-,2027-06-30,"Rp434,55Jt.",434545455,434545455,UNCHANGED,0,0,0,0,0.0,0,0,2026-10-05
741936,2,Kike Linares,Chonburi FC,Thailand,THA1,1,Bek-Tengah,Defender,27,1999-07-12,False,Filipina,ASEAN,187,kanan,2025-07-18,"Vázquez Cultural (-2017), CD 26 de Febrero (2017-2018)
",2027-06-30,"Rp5,21Mlyr.",5214545455,2607272727,INCREASED,0,0,0,0,0.0,0,0,2026-10-05
438364,5,Nattapong Sayriya,Chonburi FC,Thailand,THA1,1,Bek-Tengah,Defender,34,1992-04-26,False,Thailand,Lokal,176,kanan,2025-07-01,-,2027-06-30,"Rp1,74Mlyr.",1738181818,2172727273,DECREASED,0,0,0,0,0.0,0,0,2026-10-05
423981,6,Wellington Priori,Chonburi FC,Thailand,THA1,1,Bek-Tengah,Defender,36,1990-02-21,False,Brasil,Asing Non-Asia,194,kanan,2026-07-22,-,2027-06-30,"Rp1,30Mlyr.",1303636364,1738181818,DECREASED,0,0,0,0,0.0,0,0,2026-10-05
132060,47,Jorge Fellipe,Chonburi FC,Thailand,THA1,1,Bek-Tengah,Defender,37,1988-10-27,False,Brasil,Asing Non-Asia,192,kiri,2025-07-01,-,2027-06-30,"Rp1,30Mlyr.",1303636364,1738181818,DECREASED,0,0,0,0,0.0,0,0,2026-10-05
261512,3,Peerapat Notchaiya,Chonburi FC,Thailand,THA1,1,Bek-Kiri,Defender,33,1993-02-04,False,Thailand,Lokal,175,kiri,2026-07-22,"Suphanburi Sports School (2010), Police United (2011)",2027-06-30,"Rp2,61Mlyr.",2607272727,3041818182,DECREASED,0,0,0,0,0.0,0,0,2026-10-05
594990,42,Kittipong Sansanit,Chonburi FC,Thailand,THA1,1,Bek-Kiri,Defender,27,1999-03-22,False,Thailand,Lokal,175,kiri,2022-06-24,Assumption United,2027-06-30,"Rp2,17Mlyr.",2172727273,1738181818,INCREASED,0,0,0,0,0.0,0,0,2026-10-05
549612,36,Jaturapat Sattham,Chonburi FC,Thailand,THA1,1,Bek-Kiri,Defender,27,1999-06-15,False,Thailand,Lokal,175,kiri,2026-09-16,Osotspa FC (2013-2016),2027-06-30,"Rp1,74Mlyr.",1738181818,1738181818,UNCHANGED,0,0,0,0,0.0,0,0,2026-10-05
446048,23,Santiphap Channgom,Chonburi FC,Thailand,THA1,1,Bek-Kanan,Defender,30,1996-09-23,False,Thailand,Lokal,173,kanan,2025-07-01,BEC Tero Sasana (2012-2016),2027-06-30,"Rp5,21Mlyr.",5214545455,3476363636,INCREASED,0,0,0,0,0.0,0,0,2026-10-05
190789,19,Tristan Do,Chonburi FC,Thailand,THA1,1,Bek-Kanan,Defender,33,1993-01-31,False,Thailand,Lokal,171,kanan,2026-07-22,RC Strasbourg (-2011),2027-06-30,"Rp2,17Mlyr.",2172727273,2607272727,DECREASED,0,0,0,0,0.0,0,0,2026-10-05
435586,15,Saharat Sontisawat,Chonburi FC,Thailand,THA1,1,Gel. Bertahan,Midfielder,28,1998-01-13,False,Thailand,Lokal,165,kanan,2016-01-01,Chonburi FC (2009-2015),2027-06-30,"Rp4,35Mlyr.",4345454545,3476363636,INCREASED,0,0,0,0,0.0,0,0,2026-10-05
1177236,28,Richmond Darko,Chonburi FC,Thailand,THA1,1,Gel. Bertahan,Midfielder,23,2002-12-22,False,Ghana,Asing Non-Asia,175,kanan,2026-01-16,Tema Youth SC (-2023),2027-06-30,"Rp4,35Mlyr.",4345454545,1303636364,INCREASED,0,0,0,0,0.0,0,0,2026-10-05
622870,30,Bruno Ritter,Chonburi FC,Thailand,THA1,1,Gel. Bertahan,Midfielder,27,1999-05-21,False,Brasil,Asing Non-Asia,186,kanan,2026-08-24,"Internacional S10, S11, S12, S16 e S17
Criciúma S13, S14 e ",2027-06-30,"Rp2,61Mlyr.",2607272727,2607272727,INCREASED,0,0,0,0,0.0,0,0,2026-10-05
345805,14,Chaowat Veerachart,Chonburi FC,Thailand,THA1,1,Gel. Tengah,Midfielder,30,1996-06-23,False,Thailand,Lokal,173,kiri,2026-07-22,"Montfort College (2003-2010), Buriram United (2011-2013)",2027-06-30,"Rp4,35Mlyr.",4345454545,3476363636,INCREASED,0,0,0,0,0.0,0,0,2026-10-05
614265,32,Rachata Moraksa,Chonburi FC,Thailand,THA1,1,Gel. Tengah,Midfielder,26,2000-02-21,False,Thailand,Lokal,170,kanan,2018-01-01,Chonburi FC (2014-2017),2027-06-30,"Rp3,48Mlyr.",3476363636,1738181818,INCREASED,0,0,0,0,0.0,0,0,2026-10-05
655924,80,Chayathorn Tapsuvanavon,Chonburi FC,Thailand,THA1,1,Gel. Tengah,Midfielder,26,2000-03-12,False,Thailand,Lokal,171,kanan,2025-01-01,Bangkok United (-2018),2027-06-30,"Rp2,17Mlyr.",2172727273,1738181818,INCREASED,0,0,0,0,0.0,0,0,2026-10-05
595901,7,Channarong Promsrikaew,Chonburi FC,Thailand,THA1,1,Gel. Serang,Midfielder,25,2001-04-17,False,Thailand,Lokal,172,kiri,2018-01-01,"Muangthong United (2012-2017), Chonburi FC (2017-2018)",2026-06-30,"Rp6,08Mlyr.",6083636364,4345454545,INCREASED,0,0,0,0,0.0,0,0,2026-10-05
428022,31,Sittichok Paso,Chonburi FC,Thailand,THA1,1,Gel. Serang,Midfielder,27,1999-01-28,False,Thailand,Lokal,175,kanan,2015-01-01,Chonburi FC (2010-2014),2027-06-30,"Rp1,30Mlyr.",1303636364,1303636364,UNCHANGED,0,0,0,0,0.0,0,0,2026-10-05
969761,41,Ryoma Ito,Chonburi FC,Thailand,THA1,1,Sayap Kiri,Attack,27,1999-05-28,False,Jepang,Asia (AFC),168,kanan,2026-07-22,-,2027-06-30,"Rp7,82Mlyr.",7821818182,6952727273,INCREASED,0,0,0,0,0.0,0,0,2026-10-05
164997,10,Negueba,Chonburi FC,Thailand,THA1,1,Sayap Kanan,Attack,34,1992-04-07,False,Brasil,Asing Non-Asia,172,kanan,2026-08-03,-,2027-06-30,"Rp3,48Mlyr.",3476363636,3910909091,DECREASED,0,0,0,0,0.0,0,0,2026-10-05
549623,11,Korawich Tasa,Chonburi FC,Thailand,THA1,1,Sayap Kanan,Attack,26,2000-04-07,False,Thailand,Lokal,180,kanan,2026-07-22,Muangthong United (2013-2017),2027-06-30,"Rp3,48Mlyr.",3476363636,2607272727,INCREASED,0,0,0,0,0.0,0,0,2026-10-05
746145,17,Tomoyuki Doi,Chonburi FC,Thailand,THA1,1,Depan-Tengah,Attack,29,1997-09-24,False,Jepang,Asia (AFC),179,kanan,2026-08-22,"Otsumo SC, Estrela Himeji FC, Kobe Koryo High School, Tokoha",2027-06-30,"Rp10,43Mlyr.",10429090909,8690909091,INCREASED,0,0,0,0,0.0,0,0,2026-10-05
1044642,8,Yotsakon Burapha,Chonburi FC,Thailand,THA1,1,Depan-Tengah,Attack,21,2005-06-08,True,Thailand,Lokal,184,kanan,2022-07-01,"Navy FC (2016-2018), Chonburi FC (2019-2022)",2028-06-30,"Rp6,95Mlyr.",6952727273,1738181818,INCREASED,0,0,0,0,0.0,0,0,2026-10-05
161588,9,Dennis Murillo,Chonburi FC,Thailand,THA1,1,Depan-Tengah,Attack,34,1992-04-28,False,Brasil,Asing Non-Asia,187,kiri,2026-07-22,Club Athletico Paranaense (2009),2027-06-30,"Rp3,04Mlyr.",3041818182,3476363636,DECREASED,0,0,0,0,0.0,0,0,2026-10-05
259574,18,Stenio Junior,Chonburi FC,Thailand,THA1,1,Depan-Tengah,Attack,35,1991-06-10,False,Brasil,Asing Non-Asia,180,kanan,2026-07-22,-,2027-06-30,"Rp2,17Mlyr.",2172727273,2172727273,UNCHANGED,0,0,0,0,0.0,0,0,2026-10-05
738537,12,Gabriel Bernard,Rasisalai United ,Thailand,THA1,1,Kiper,Goalkeeper,26,2000-08-08,False,Brasil,Asing Non-Asia,190,kanan,2026-09-02,-,2027-06-30,"Rp3,04Mlyr.",3041818182,3041818182,INCREASED,0,0,0,0,0.0,0,0,2026-10-05
1031815,1,Kiattisak Pimyotha,Rasisalai United ,Thailand,THA1,1,Kiper,Goalkeeper,31,1995-09-11,False,Thailand,Lokal,181,kanan,2026-07-22,-,2027-06-30,"Rp869,09Jt.",869090909,869090909,INCREASED,0,0,0,0,0.0,0,0,2026-10-05
1386110,99,Sakkongpop Sukprasert,Rasisalai United ,Thailand,THA1,1,Kiper,Goalkeeper,36,1990-03-02,False,Thailand,Lokal,180,kanan,2024-09-09,-,2027-06-30,"Rp869,09Jt.",869090909,869090909,UNCHANGED,0,0,0,0,0.0,0,0,2026-10-05
1574523,13,Supasan Somkidlert,Rasisalai United ,Thailand,THA1,1,Kiper,Goalkeeper,24,2002-03-28,False,Thailand,Lokal,178,kanan,2026-07-30,"Assumption United, Athletico Atlanta ",2027-06-30,"Rp434,55Jt.",434545455,434545455,STABLE,0,0,0,0,0.0,0,0,2026-10-05
864434,26,Nelson Orji,Rasisalai United ,Thailand,THA1,1,Bek-Tengah,Defender,24,2002-04-05,False,Nigeria,Asing Non-Asia,188,kiri,2026-07-22,Super Star Football Academy,2027-06-30,"Rp5,21Mlyr.",5214545455,3476363636,INCREASED,0,0,0,0,0.0,0,0,2026-10-05
1386108,30,Thitiphong Photumtha,Rasisalai United ,Thailand,THA1,1,Bek-Tengah,Defender,31,1995-08-25,False,Thailand,Lokal,182,kanan,2020-07-01,-,2027-06-30,"Rp2,61Mlyr.",2607272727,1738181818,INCREASED,0,0,0,0,0.0,0,0,2026-10-05
430011,2,Nattapon Malapun,Rasisalai United ,Thailand,THA1,1,Bek-Tengah,Defender,32,1994-01-10,False,Thailand,Lokal,184,kanan,2026-07-22,Police United (2010-2013),2027-06-30,"Rp1,30Mlyr.",1303636364,1303636364,INCREASED,0,0,0,0,0.0,0,0,2026-10-05
272341,5,Ramon Rodrigues,Rasisalai United ,Thailand,THA1,1,Bek-Tengah,Defender,38,1988-06-15,False,Brasil,Asing Non-Asia,187,kanan,2024-07-12,-,2027-06-30,"Rp869,09Jt.",869090909,869090909,UNCHANGED,0,0,0,0,0.0,0,0,2026-10-05
1141400,4,Chotika Mueanta,Rasisalai United ,Thailand,THA1,1,Bek-Tengah,Defender,19,2006-10-22,True,Thailand,Lokal,181,kanan,2026-07-22,Buriram United (-2025),2027-06-30,"Rp434,55Jt.",434545455,434545455,UNCHANGED,0,0,0,0,0.0,0,0,2026-10-05
1503071,16,Natthaphob Chaimongkhon,Rasisalai United ,Thailand,THA1,1,Bek-Tengah,Defender,19,2007-09-03,True,Thailand,Lokal,175,kanan,2026-01-16,Rasisalai United,2027-06-30,-,0,0,STABLE,0,0,0,0,0.0,0,0,2026-10-05
1386105,19,Aphisit Nusonsala,Rasisalai United ,Thailand,THA1,1,Bek-Kiri,Defender,30,1996-06-29,False,Thailand,Lokal,175,kiri,2021-01-01,-,2027-06-30,"Rp2,61Mlyr.",2607272727,2172727273,INCREASED,0,0,0,0,0.0,0,0,2026-10-05
1163298,93,Piyawat Petra,Rasisalai United ,Thailand,THA1,1,Bek-Kiri,Defender,21,2005-03-15,True,Thailand,Lokal,167,kiri,2026-07-22,Buriram United,2027-06-30,"Rp1,74Mlyr.",1738181818,1303636364,INCREASED,0,0,0,0,0.0,0,0,2026-10-05
447207,23,Jirawat Chingchaiyaphum,Rasisalai United ,Thailand,THA1,1,Bek-Kanan,Defender,31,1995-08-03,False,Thailand,Lokal,167,kanan,2024-07-16,Assumption College Sriracha,2027-06-30,"Rp2,17Mlyr.",2172727273,1738181818,INCREASED,0,0,0,0,0.0,0,0,2026-10-05
986834,72,Yingyong Butngam,Rasisalai United ,Thailand,THA1,1,Bek-Kanan,Defender,28,1998-02-20,False,Thailand,Lokal,172,kanan,2024-08-30,Buriram Academy 2014-2017,2027-06-30,"Rp869,09Jt.",869090909,434545455,INCREASED,0,0,0,0,0.0,0,0,2026-10-05
1386111,21,Apirak Thongjan,Rasisalai United ,Thailand,THA1,1,Bek-Kanan,Defender,21,2005-08-06,True,Thailand,Lokal,176,kanan,2024-07-01,-,2027-06-30,-,0,0,STABLE,0,0,0,0,0.0,0,0,2026-10-05
435685,32,Somyot Pongsuwan,Rasisalai United ,Thailand,THA1,1,Gel. Bertahan,Midfielder,33,1993-09-10,False,Thailand,Lokal,173,kanan,2022-12-26,-,2027-06-30,"Rp1,30Mlyr.",1303636364,1303636364,UNCHANGED,0,0,0,0,0.0,0,0,2026-10-05
1386113,8,Natchanon Yongsakool,Rasisalai United ,Thailand,THA1,1,Gel. Tengah,Midfielder,25,2001-02-14,False,Thailand,Lokal,174,kanan,2019-01-01,Rasisalai United,2027-06-30,"Rp2,61Mlyr.",2607272727,2607272727,UNCHANGED,0,0,0,0,0.0,0,0,2026-10-05
1386107,28,Thanongsak Khrutthasarn,Rasisalai United ,Thailand,THA1,1,Gel. Tengah,Midfielder,21,2005-01-28,True,Thailand,Lokal,171,kanan,2024-07-01,-,2027-06-30,"Rp1,30Mlyr.",1303636364,869090909,INCREASED,0,0,0,0,0.0,0,0,2026-10-05
227016,80,Gabriel Davis,Rasisalai United ,Thailand,THA1,1,Gel. Tengah,Midfielder,36,1989-10-23,False,Brasil,Asing Non-Asia,182,kanan,2026-08-22,-,2027-06-30,"Rp1,30Mlyr.",1303636364,1303636364,INCREASED,0,0,0,0,0.0,0,0,2026-10-05
1241448,35,Matias Panigazzi,Rasisalai United ,Thailand,THA1,1,Gel. Serang,Midfielder,29,1997-06-05,False,Argentina,Asing Non-Asia,180,kiri,2026-07-22,Defensores de Belgrano,2027-06-30,"Rp3,48Mlyr.",3476363636,2607272727,INCREASED,0,0,0,0,0.0,0,0,2026-10-05
1386112,77,Nattapon Yongsakool,Rasisalai United ,Thailand,THA1,1,Gel. Serang,Midfielder,25,2001-02-14,False,Thailand,Lokal,173,kanan,2019-01-01,Rasisalai United,2027-06-30,"Rp2,61Mlyr.",2607272727,2607272727,UNCHANGED,0,0,0,0,0.0,0,0,2026-10-05
986450,6,Somkaet Kunmee,Rasisalai United ,Thailand,THA1,1,Gel. Serang,Midfielder,28,1998-05-27,False,Thailand,Lokal,175,kanan,2026-07-22,-,2027-06-30,"Rp1,74Mlyr.",1738181818,1738181818,UNCHANGED,0,0,0,0,0.0,0,0,2026-10-05
1163297,97,Paripan Wongsa,Rasisalai United ,Thailand,THA1,1,Gel. Serang,Midfielder,21,2005-03-19,True,Thailand,Lokal,0,kiri,2026-07-22,Buriram United,2027-06-30,"Rp1,74Mlyr.",1738181818,1738181818,INCREASED,0,0,0,0,0.0,0,0,2026-10-05
539505,11,Ricardo Cardoso,Rasisalai United ,Thailand,THA1,1,Sayap Kiri,Attack,25,2001-09-23,False,Sao Tome dan Principe,Asing Non-Asia,175,kanan,2026-07-22,"Sporting, Os Belenenses, Benfica",2027-06-30,"Rp4,35Mlyr.",4345454545,869090909,INCREASED,0,0,0,0,0.0,0,0,2026-10-05
1386106,27,Supab Muengchan,Rasisalai United ,Thailand,THA1,1,Sayap Kiri,Attack,31,1995-08-18,False,Thailand,Lokal,172,kanan,2020-07-01,-,2027-06-30,"Rp2,17Mlyr.",2172727273,1738181818,INCREASED,0,0,0,0,0.0,0,0,2026-10-05
1359829,17,Anucha Sakaekum,Rasisalai United ,Thailand,THA1,1,Sayap Kiri,Attack,18,2008-03-09,True,Thailand,Lokal,178,kanan,2026-07-22,"Debsirin School, Ayutthaya United",2027-06-30,-,0,0,STABLE,0,0,0,0,0.0,0,0,2026-10-05
324737,7,Yuga Watanabe,Rasisalai United ,Thailand,THA1,1,Sayap Kanan,Attack,30,1996-05-15,False,Jepang,Asia (AFC),170,kanan,2026-07-22,-,2027-06-30,"Rp2,61Mlyr.",2607272727,1738181818,INCREASED,0,0,0,0,0.0,0,0,2026-10-05
739437,20,Caio Rosa,Rasisalai United ,Thailand,THA1,1,Sayap Kanan,Attack,25,2001-03-09,False,Brasil,Asing Non-Asia,174,kanan,2026-09-16,-,2027-06-30,"Rp2,61Mlyr.",2607272727,2607272727,INCREASED,0,0,0,0,0.0,0,0,2026-10-05
591538,39,Jakkit Palapon,Rasisalai United ,Thailand,THA1,1,Sayap Kanan,Attack,27,1999-07-01,False,Thailand,Lokal,174,kanan,2026-07-22,Ranong United (2017-2018),2027-06-30,"Rp2,61Mlyr.",2607272727,1738181818,INCREASED,0,0,0,0,0.0,0,0,2026-10-05
337070,91,Sekou Gassama,Rasisalai United ,Thailand,THA1,1,Depan-Tengah,Attack,31,1995-05-06,False,Senegal,Asing Non-Asia,189,kiri,2026-09-16,-,2027-06-30,"Rp3,04Mlyr.",3041818182,3476363636,DECREASED,0,0,0,0,0.0,0,0,2026-10-05
217347,9,Ji-min Kim,Rasisalai United ,Thailand,THA1,1,Depan-Tengah,Attack,33,1993-06-05,False,Korea Selatan,Asia (AFC),181,kanan,2026-07-22,"Busan Yonsan Elementary School (연산초등학교, 2003-2005),
Busan I",2027-06-30,"Rp2,17Mlyr.",2172727273,2607272727,DECREASED,0,0,0,0,0.0,0,0,2026-10-05
1441880,44,Wichit Kongsinkaew,Rasisalai United ,Thailand,THA1,1,Depan-Tengah,Attack,25,2001-05-28,False,Thailand,Lokal,175,kanan,2025-08-01,-,2027-06-30,"Rp2,17Mlyr.",2172727273,1303636364,INCREASED,0,0,0,0,0.0,0,0,2026-10-05
41022,10,Gilberto Macena,Rasisalai United ,Thailand,THA1,1,Depan-Tengah,Attack,42,1984-04-01,False,Brasil,Asing Non-Asia,173,kanan,2024-07-01,Comercial Futebol Clube (SP),2027-06-30,"Rp869,09Jt.",869090909,869090909,UNCHANGED,0,0,0,0,0.0,0,0,2026-10-05
1566928,18,Thanachianchot Rojtearawanich,Rasisalai United ,Thailand,THA1,1,Gel. Tengah,Midfielder,18,2008-07-08,True,Thailand,Lokal,0,kanan,2026-07-22,Port FC,2027-06-30,-,0,0,STABLE,0,0,0,0,0.0,0,0,2026-10-05
388644,77,Steven van Dijk,Sisaket United,Thailand,THA1,1,Kiper,Goalkeeper,29,1997-09-01,False,Belanda,Asing Non-Asia,190,keduanya,2026-09-10,"Go Ahead Eagles, Vitesse (2012-2013), WSV Apeldoorn (2013-20",2027-06-30,"Rp3,48Mlyr.",3476363636,2607272727,INCREASED,0,0,0,0,0.0,0,0,2026-10-05
122844,1,Victor Golas,Sisaket United,Thailand,THA1,1,Kiper,Goalkeeper,35,1990-12-27,False,Brasil,Asing Non-Asia,193,kanan,2026-07-26,América Futebol Clube (SP),2027-06-30,"Rp869,09Jt.",869090909,869090909,INCREASED,0,0,0,0,0.0,0,0,2026-10-05
591047,27,Phiyawat Intarapim,Sisaket United,Thailand,THA1,1,Kiper,Goalkeeper,38,1988-03-19,False,Thailand,Lokal,188,kanan,2026-07-24,Khon Kaen FC (2005-2007),2027-06-30,"Rp869,09Jt.",869090909,869090909,UNCHANGED,0,0,0,0,0.0,0,0,2026-10-05
1038334,44,Natthasan Pakkarano,Sisaket United,Thailand,THA1,1,Kiper,Goalkeeper,25,2001-02-20,False,Thailand,Lokal,185,kanan,2026-08-23,-,2027-06-30,"Rp869,09Jt.",869090909,434545455,INCREASED,0,0,0,0,0.0,0,0,2026-10-05
1128197,70,Sorasak Khampanja,Sisaket United,Thailand,THA1,1,Kiper,Goalkeeper,22,2004-08-13,True,Thailand,Lokal,182,kanan,2022-07-01,-,2027-06-30,-,0,0,STABLE,0,0,0,0,0.0,0,0,2026-10-05
880341,3,Guilherme Borech,Sisaket United,Thailand,THA1,1,Bek-Tengah,Defender,24,2002-01-14,False,Brasil,Asing Non-Asia,184,kanan,2026-07-22,-,2027-06-30,"Rp3,48Mlyr.",3476363636,3476363636,INCREASED,0,0,0,0,0.0,0,0,2026-10-05
1076086,5,Pakornkiat Kaena,Sisaket United,Thailand,THA1,1,Bek-Tengah,Defender,26,2000-01-13,False,Thailand,Lokal,180,kanan,2022-08-27,-,2027-06-30,"Rp3,48Mlyr.",3476363636,2607272727,INCREASED,0,0,0,0,0.0,0,0,2026-10-05
281840,35,Isaac Honny,Sisaket United,Thailand,THA1,1,Bek-Tengah,Defender,33,1993-06-06,False,Ghana,Asing Non-Asia,185,kiri,2026-07-22,BEC Tero Sasana (2011-2012),2027-06-30,"Rp3,48Mlyr.",3476363636,4345454545,DECREASED,0,0,0,0,0.0,0,0,2026-10-05
595001,39,Anusak Jaiphet,Sisaket United,Thailand,THA1,1,Bek-Tengah,Defender,27,1999-06-23,False,Thailand,Lokal,185,kanan,2026-07-22,Police Tero FC (-2018),2027-06-30,"Rp3,04Mlyr.",3041818182,3476363636,DECREASED,0,0,0,0,0.0,0,0,2026-10-05
691380,4,Anderson,Sisaket United,Thailand,THA1,1,Bek-Tengah,Defender,33,1993-03-04,False,Brasil,Asing Non-Asia,187,kanan,2026-09-16,-,2027-06-30,"Rp2,17Mlyr.",2172727273,2172727273,INCREASED,0,0,0,0,0.0,0,0,2026-10-05
601719,88,Sakkarawit Nimma,Sisaket United,Thailand,THA1,1,Bek-Tengah,Defender,30,1996-08-29,False,Thailand,Lokal,180,kanan,2026-08-23,-,2027-06-30,"Rp434,55Jt.",434545455,434545455,INCREASED,0,0,0,0,0.0,0,0,2026-10-05
856548,45,Chutikom Klinchampasri,Sisaket United,Thailand,THA1,1,Bek-Kiri,Defender,24,2002-06-21,False,Thailand,Lokal,172,kiri,2026-07-22,Muangthong United,2027-06-30,"Rp2,61Mlyr.",2607272727,2172727273,INCREASED,0,0,0,0,0.0,0,0,2026-10-05
813023,92,Thanison Paibulkijcharoen,Sisaket United,Thailand,THA1,1,Bek-Kiri,Defender,24,2002-02-19,False,Thailand,Lokal,178,kiri,2026-07-22,Buriram United,2027-06-30,"Rp2,17Mlyr.",2172727273,2607272727,DECREASED,0,0,0,0,0.0,0,0,2026-10-05
530820,2,Denis Darbellay,Sisaket United,Thailand,THA1,1,Bek-Kanan,Defender,28,1998-06-05,False,Thailand,Lokal,178,kanan,2026-07-22,"FC Monthey, FC Saxon Sports, FC Sion",2027-06-30,"Rp1,74Mlyr.",1738181818,1738181818,UNCHANGED,0,0,0,0,0.0,0,0,2026-10-05
620260,67,Arthit Bua-ngam,Sisaket United,Thailand,THA1,1,Bek-Kanan,Defender,24,2002-01-27,False,Thailand,Lokal,180,kanan,2026-07-22,-,2027-06-30,-,0,0,STABLE,0,0,0,0,0.0,0,0,2026-10-05
1069446,37,Suphaphon Sutthisak,Sisaket United,Thailand,THA1,1,Gel. Bertahan,Midfielder,25,2001-03-29,False,Thailand,Lokal,173,kanan,2024-07-01,-,2027-06-30,"Rp2,61Mlyr.",2607272727,2172727273,INCREASED,0,0,0,0,0.0,0,0,2026-10-05
1035582,23,Narongrit Kamnet,Sisaket United,Thailand,THA1,1,Gel. Tengah,Midfielder,25,2000-12-03,False,Thailand,Lokal,176,kanan,2026-01-01,-,2027-06-30,"Rp2,61Mlyr.",2607272727,1738181818,INCREASED,0,0,0,0,0.0,0,0,2026-10-05
1035914,22,Pongsakron Hanrattana,Sisaket United,Thailand,THA1,1,Gel. Tengah,Midfielder,23,2003-04-21,False,Thailand,Lokal,175,kanan,2026-07-22,Buriram United,2027-06-30,"Rp2,17Mlyr.",2172727273,434545455,INCREASED,0,0,0,0,0.0,0,0,2026-10-05
688894,20,Patrick Valverde,Sisaket United,Thailand,THA1,1,Gel. Serang,Midfielder,28,1998-03-09,False,Brasil,Asing Non-Asia,176,kiri,2026-07-30,-,2027-06-30,"Rp6,08Mlyr.",6083636364,6952727273,DECREASED,0,0,0,0,0.0,0,0,2026-10-05
685407,8,Hikaru Matsui,Sisaket United,Thailand,THA1,1,Gel. Serang,Midfielder,27,1998-12-02,False,Jepang,Asia (AFC),182,kanan,2026-07-22,-,2027-06-30,"Rp2,61Mlyr.",2607272727,1738181818,INCREASED,0,0,0,0,0.0,0,0,2026-10-05
446053,19,Kittipong Wongma,Sisaket United,Thailand,THA1,1,Gel. Serang,Midfielder,31,1995-09-14,False,Thailand,Lokal,174,kanan,2025-07-11,Sisaket United (2010-2013),2027-06-30,"Rp2,61Mlyr.",2607272727,2172727273,INCREASED,0,0,0,0,0.0,0,0,2026-10-05
1588226,55,Grittidech Nuntawong,Sisaket United,Thailand,THA1,1,Gel. Tengah,Midfielder,22,2004-03-26,True,Thailand,Lokal,0,kanan,2026-08-23,-,2027-06-30,-,0,0,STABLE,0,0,0,0,0.0,0,0,2026-10-05
1215487,97,Suttichai Pongson,Sisaket United,Thailand,THA1,1,Gel. Tengah,Midfielder,21,2005-03-26,True,Thailand,Lokal,175,kanan,2023-07-01,-,2027-06-30,-,0,0,STABLE,0,0,0,0,0.0,0,0,2026-10-05
1199135,7,Alex Mermoz,Sisaket United,Thailand,THA1,1,Sayap Kiri,Attack,22,2003-11-03,True,Kamerun,Asing Non-Asia,175,kanan,2026-07-22,-,2027-06-30,"Rp5,21Mlyr.",5214545455,3476363636,INCREASED,0,0,0,0,0.0,0,0,2026-10-05
816948,11,Phattharapong Phengchaem,Sisaket United,Thailand,THA1,1,Sayap Kiri,Attack,30,1996-01-01,False,Thailand,Lokal,171,kiri,2022-08-27,-,2027-06-30,"Rp869,09Jt.",869090909,434545455,INCREASED,0,0,0,0,0.0,0,0,2026-10-05
237430,10,Deyvison Fernandes,Sisaket United,Thailand,THA1,1,Depan-Kedua,Attack,34,1991-10-10,False,Brasil,Asing Non-Asia,183,kiri,2026-07-22,-,2027-06-30,"Rp2,17Mlyr.",2172727273,2607272727,DECREASED,0,0,0,0,0.0,0,0,2026-10-05
663087,9,Jefinho,Sisaket United,Thailand,THA1,1,Depan-Tengah,Attack,32,1994-05-25,False,Brasil,Asing Non-Asia,190,kanan,2026-08-23,-,2027-06-30,"Rp3,04Mlyr.",3041818182,3041818182,INCREASED,0,0,0,0,0.0,0,0,2026-10-05
862880,93,Mahamadou Doucouré,Sisaket United,Thailand,THA1,1,Depan-Tengah,Attack,26,2000-05-22,False,Malta,Asing Non-Asia,181,kanan,2026-07-22,-,2027-06-30,"Rp2,61Mlyr.",2607272727,2607272727,INCREASED,0,0,0,0,0.0,0,0,2026-10-05
426622,99,Sittichok Kannoo,Sisaket United,Thailand,THA1,1,Depan-Tengah,Attack,30,1996-08-09,False,Thailand,Lokal,176,kanan,2026-07-22,"Suankularb Wittayalai School (2011-2013), Buriram United (20",2027-06-30,"Rp2,61Mlyr.",2607272727,2607272727,UNCHANGED,0,0,0,0,0.0,0,0,2026-10-05
272637,20,Nont Muangngam,Lamphun Warriors,Thailand,THA1,1,Kiper,Goalkeeper,29,1997-04-20,False,Thailand,Lokal,180,kanan,2022-07-13,"FTM Liverdun (01/2006-01/2008), AS Nancy-Lorraine (01/2008-2",2027-06-30,"Rp3,48Mlyr.",3476363636,2172727273,INCREASED,0,0,0,0,0.0,0,0,2026-10-05
443948,26,Kwanchai Suklom,Lamphun Warriors,Thailand,THA1,1,Kiper,Goalkeeper,31,1995-01-12,False,Thailand,Lokal,182,kanan,2025-07-01,Buriram United (2011-2013),2027-06-30,"Rp1,74Mlyr.",1738181818,1738181818,UNCHANGED,0,0,0,0,0.0,0,0,2026-10-05
970766,75,Phumeworapol Wannabutr,Lamphun Warriors,Thailand,THA1,1,Kiper,Goalkeeper,21,2004-10-14,True,Thailand,Lokal,180,kanan,2026-07-22,Buriram United,2027-06-30,"Rp1,30Mlyr.",1303636364,1303636364,UNCHANGED,0,0,0,0,0.0,0,0,2026-10-05
1395459,99,Chawanvis Rattanaphansak,Lamphun Warriors,Thailand,THA1,1,Kiper,Goalkeeper,22,2004-09-19,True,Thailand,Lokal,0,kanan,2026-07-22,Port FC,2027-06-30,-,0,0,STABLE,0,0,0,0,0.0,0,0,2026-10-05
165407,33,Osarenren Okungbowa,Lamphun Warriors,Thailand,THA1,1,Bek-Tengah,Defender,32,1994-05-13,False,Austria,Asing Non-Asia,189,kiri,2026-07-22,SV Hirschstetten (10/2003-),2027-06-30,"Rp2,17Mlyr.",2172727273,3041818182,DECREASED,0,0,0,0,0.0,0,0,2026-10-05
692022,4,Jonas Schwabe,Lamphun Warriors,Thailand,THA1,1,Bek-Tengah,Defender,23,2003-07-12,False,Thailand,Lokal,186,kanan,2026-07-22,"TSG Wieseck (-2017), 1.FSV Mainz 05 (2017-2022)",2027-06-30,"Rp1,74Mlyr.",1738181818,1303636364,INCREASED,0,0,0,0,0.0,0,0,2026-10-05
92430,23,Charlie Clough,Lamphun Warriors,Thailand,THA1,1,Bek-Tengah,Defender,36,1990-09-04,False,Inggris,Asing Non-Asia,188,kanan,2025-07-01,Bristol Academy of Sport (2006),2027-06-30,"Rp1,74Mlyr.",1738181818,1738181818,UNCHANGED,0,0,0,0,0.0,0,0,2026-10-05
229994,16,Puttinan Wannasri,Lamphun Warriors,Thailand,THA1,1,Bek-Tengah,Defender,34,1992-09-05,False,Thailand,Lokal,175,kanan,2026-07-22,Chonburi FC,2027-06-30,"Rp1,30Mlyr.",1303636364,1738181818,DECREASED,0,0,0,0,0.0,0,0,2026-10-05
503993,2,Wittaya Moonwong,Lamphun Warriors,Thailand,THA1,1,Bek-Kiri,Defender,32,1993-10-09,False,Thailand,Lokal,172,kiri,2023-06-20,Bangkok Sports School (2008-2010),2027-06-30,"Rp1,74Mlyr.",1738181818,1738181818,UNCHANGED,0,0,0,0,0.0,0,0,2026-10-05
312202,30,Suriya Singmui,Lamphun Warriors,Thailand,THA1,1,Bek-Kiri,Defender,31,1995-04-07,False,Thailand,Lokal,172,kiri,2025-01-03,"JMG Academy Chonburi (2007-2011), Muangthong United (2012)",2027-06-30,"Rp1,74Mlyr.",1738181818,1738181818,UNCHANGED,0,0,0,0,0.0,0,0,2026-10-05
970601,47,Nuttasit Choosai,Lamphun Warriors,Thailand,THA1,1,Bek-Kiri,Defender,22,2004-05-21,True,Thailand,Lokal,173,kiri,2026-07-22,"Phitsanulok FC, Port FC",2027-06-30,"Rp1,30Mlyr.",1303636364,1303636364,STABLE,0,0,0,0,0.0,0,0,2026-10-05
282150,7,Dominik Schad,Lamphun Warriors,Thailand,THA1,1,Bek-Kanan,Defender,29,1997-03-04,False,Jerman,Asing Non-Asia,176,kanan,2026-01-01,"FC Wenigumstadt (2001-2004), JSG Bachgau (2004-2009), SV Vik",2027-06-30,"Rp6,95Mlyr.",6952727273,6083636364,INCREASED,0,0,0,0,0.0,0,0,2026-10-05
968490,21,Nuttee Noiwilai,Lamphun Warriors,Thailand,THA1,1,Bek-Kanan,Defender,28,1998-04-27,False,Thailand,Lokal,173,kanan,2024-07-03,-,2027-06-30,"Rp2,61Mlyr.",2607272727,2172727273,INCREASED,0,0,0,0,0.0,0,0,2026-10-05
643925,5,Chatmongkol Tongkiri,Lamphun Warriors,Thailand,THA1,1,Gel. Bertahan,Midfielder,29,1997-05-05,False,Thailand,Lokal,172,kanan,2026-07-22,Songkhla United (2015),2027-06-30,"Rp4,35Mlyr.",4345454545,2607272727,INCREASED,0,0,0,0,0.0,0,0,2026-10-05
297198,6,Christian Ilic,Lamphun Warriors,Thailand,THA1,1,Gel. Tengah,Midfielder,30,1996-07-22,False,Kroasia,Asing Non-Asia,185,kiri,2026-07-22,WSV St. Lambrecht (2001-),2027-06-30,"Rp5,21Mlyr.",5214545455,5649090909,DECREASED,0,0,0,0,0.0,0,0,2026-10-05
484847,17,Ralph,Lamphun Warriors,Thailand,THA1,1,Gel. Tengah,Midfielder,28,1998-03-07,False,Brasil,Asing Non-Asia,174,kanan,2025-07-02,-,2027-06-30,"Rp5,21Mlyr.",5214545455,4345454545,INCREASED,0,0,0,0,0.0,0,0,2026-10-05
311184,32,Baworn Tapla,Lamphun Warriors,Thailand,THA1,1,Gel. Tengah,Midfielder,38,1988-02-20,False,Thailand,Lokal,171,kanan,2022-06-07,-,2027-06-30,"Rp869,09Jt.",869090909,869090909,UNCHANGED,0,0,0,0,0.0,0,0,2026-10-05
273431,14,Mohammed Osman,Lamphun Warriors,Thailand,THA1,1,Gel. Serang,Midfielder,32,1994-01-01,False,Tajikistan,Asia (AFC),181,kanan,2022-07-01,"DVV, Vitesse (2008-2013)",2027-06-30,"Rp5,21Mlyr.",5214545455,6083636364,DECREASED,0,0,0,0,0.0,0,0,2026-10-05
504838,8,Athit Berg,Lamphun Warriors,Thailand,THA1,1,Gel. Serang,Midfielder,28,1998-01-11,False,Thailand,Lokal,170,kanan,2026-07-22,Stabæk Fotball (2008-2017),2027-06-30,"Rp2,61Mlyr.",2607272727,2607272727,UNCHANGED,0,0,0,0,0.0,0,0,2026-10-05
1284374,96,Natapakhan Promthongmee,Lamphun Warriors,Thailand,THA1,1,Gel. Tengah,Midfielder,20,2005-11-28,True,Thailand,Lokal,0,kanan,2026-08-12,Buriram United,2027-06-30,-,0,0,STABLE,0,0,0,0,0.0,0,0,2026-10-05
656467,29,Tawan Khotrsupho,Lamphun Warriors,Thailand,THA1,1,Sayap Kiri,Attack,26,2000-01-23,False,Thailand,Lokal,176,kanan,2024-07-05,Bangkok Glass FC (-2018),2027-06-30,"Rp1,30Mlyr.",1303636364,1303636364,UNCHANGED,0,0,0,0,0.0,0,0,2026-10-05
1344811,27,Ratthaphon Hommala,Lamphun Warriors,Thailand,THA1,1,Sayap Kiri,Attack,24,2002-03-28,False,Thailand,Lokal,0,kanan,2026-07-22,-,2027-06-30,-,0,0,STABLE,0,0,0,0,0.0,0,0,2026-10-05
1066765,11,Luís Felipe,Lamphun Warriors,Thailand,THA1,1,Sayap Kanan,Attack,26,2000-03-15,False,Brasil,Asing Non-Asia,176,kiri,2026-07-22,-,2027-06-30,"Rp3,48Mlyr.",3476363636,3476363636,STABLE,0,0,0,0,0.0,0,0,2026-10-05
1386089,10,Surat Suriyachai,Lamphun Warriors,Thailand,THA1,1,Sayap Kanan,Attack,26,2000-05-16,False,Thailand,Lokal,173,kanan,2025-07-01,-,2027-06-30,"Rp2,61Mlyr.",2607272727,1303636364,INCREASED,0,0,0,0,0.0,0,0,2026-10-05
747788,18,Purachet Thodsanid,Lamphun Warriors,Thailand,THA1,1,Sayap Kanan,Attack,25,2001-05-09,False,Thailand,Lokal,172,kiri,2026-07-22,Muangthong United (2013-2020),2027-06-30,"Rp2,61Mlyr.",2607272727,2607272727,UNCHANGED,0,0,0,0,0.0,0,0,2026-10-05
99760,82,Arnold Suew,Lamphun Warriors,Thailand,THA1,1,Sayap Kanan,Attack,35,1991-09-12,False,Jerman,Asing Non-Asia,179,kanan,2026-09-08,"VfB Lübeck (-2007), SV Eichede (2007-2008), VfB Lübeck (2008",2027-06-30,"Rp1,30Mlyr.",1303636364,869090909,INCREASED,0,0,0,0,0.0,0,0,2026-10-05
659732,9,Anderson Chaves,Lamphun Warriors,Thailand,THA1,1,Depan-Tengah,Attack,25,2001-03-03,False,Brasil,Asing Non-Asia,180,kanan,2026-07-22,-,2027-06-30,"Rp4,35Mlyr.",4345454545,4345454545,INCREASED,0,0,0,0,0.0,0,0,2026-10-05
377453,28,Rodrigo Maranhão,Lamphun Warriors,Thailand,THA1,1,Depan-Tengah,Attack,33,1992-12-11,False,Brasil,Asing Non-Asia,178,kanan,2026-07-22,-,2027-06-30,"Rp1,74Mlyr.",1738181818,2172727273,DECREASED,0,0,0,0,0.0,0,0,2026-10-05
1025905,77,Abdulrahman Essadi,Lamphun Warriors,Thailand,THA1,1,Depan-Tengah,Attack,23,2003-06-29,False,Thailand,Lokal,180,kanan,2026-08-12,-,2027-06-30,"Rp1,30Mlyr.",1303636364,869090909,INCREASED,0,0,0,0,0.0,0,0,2026-10-05
560096,1,Samuel Somerville,Brunei DPMM FC,Malaysia,MYS1,1,Kiper,Goalkeeper,32,1994-08-06,False,Malaysia,Lokal,176,kanan,2026-07-05,Farnborough (2011-2012),2027-06-30,"Rp2,61Mlyr.",2607272727,1738181818,INCREASED,0,0,0,0,0.0,0,0,2026-10-05
577165,12,Haimie Nyaring,Brunei DPMM FC,Malaysia,MYS1,1,Kiper,Goalkeeper,28,1998-05-31,False,Brunei Darussalam,ASEAN,173,kanan,2021-01-01,"Muara Vella (2013), Tabuan Muda (2016)",2027-06-30,"Rp2,17Mlyr.",2172727273,1303636364,INCREASED,0,0,0,0,0.0,0,0,2026-10-05
677787,25,Ishyra Asmin,Brunei DPMM FC,Malaysia,MYS1,1,Kiper,Goalkeeper,28,1998-07-09,False,Brunei Darussalam,ASEAN,175,kanan,2024-05-08,-,2027-06-30,"Rp434,55Jt.",434545455,434545455,UNCHANGED,0,0,0,0,0.0,0,0,2026-10-05
226792,5,Amani Aguinaldo,Brunei DPMM FC,Malaysia,MYS1,1,Bek-Tengah,Defender,31,1995-04-24,False,Filipina,ASEAN,183,kanan,2025-07-05,-,2027-06-30,"Rp3,04Mlyr.",3041818182,3041818182,UNCHANGED,0,0,0,0,0.0,0,0,2026-10-05
854468,4,Ebenezer Abban,Brunei DPMM FC,Malaysia,MYS1,1,Bek-Tengah,Defender,28,1998-01-12,False,Ghana,Asing Non-Asia,190,kanan,2026-07-07,-,2027-06-30,"Rp1,74Mlyr.",1738181818,1738181818,UNCHANGED,0,0,0,0,0.0,0,0,2026-10-05
119569,6,Clark Robertson,Brunei DPMM FC,Malaysia,MYS1,1,Bek-Tengah,Defender,33,1993-09-05,False,Skotlandia,Asing Non-Asia,188,kiri,2026-07-11,-,2027-06-30,"Rp1,74Mlyr.",1738181818,1738181818,UNCHANGED,0,0,0,0,0.0,0,0,2026-10-05
432589,23,Yura Indera Putera,Brunei DPMM FC,Malaysia,MYS1,1,Bek-Tengah,Defender,30,1996-03-25,False,Brunei Darussalam,ASEAN,175,kanan,2015-01-01,Projek Ikan Pusu (2010-2012),2027-06-30,"Rp1,74Mlyr.",1738181818,1738181818,UNCHANGED,0,0,0,0,0.0,0,0,2026-10-05
519253,20,Nicholas Swirad,Brunei DPMM FC,Malaysia,MYS1,1,Bek-Tengah,Defender,35,1991-05-28,False,Malaysia,Lokal,183,kanan,2026-07-05,-,2027-06-30,"Rp1,30Mlyr.",1303636364,1303636364,UNCHANGED,0,0,0,0,0.0,0,0,2026-10-05
432588,19,Nur Ikhwan Othman,Brunei DPMM FC,Malaysia,MYS1,1,Bek-Tengah,Defender,33,1993-01-15,False,Brunei Darussalam,ASEAN,172,kanan,2016-01-01,Brunei Sports School (2010-2012),2027-06-30,"Rp869,09Jt.",869090909,1303636364,DECREASED,0,0,0,0,0.0,0,0,2026-10-05
501132,13,Hanif Hamir,Brunei DPMM FC,Malaysia,MYS1,1,Bek-Tengah,Defender,29,1997-02-22,False,Brunei Darussalam,ASEAN,184,kanan,2021-01-01,"Brunei Sports School, DPMM FC U19 (2015),
Tabuan Muda U18 (",2027-06-30,"Rp434,55Jt.",434545455,434545455,UNCHANGED,0,0,0,0,0.0,0,0,2026-10-05
483897,3,Tommy Mawat,Brunei DPMM FC,Malaysia,MYS1,1,Bek-Kiri,Defender,31,1995-06-26,False,Malaysia,Lokal,173,kiri,2025-07-06,Sarawak (2014-2015),2027-06-30,"Rp3,04Mlyr.",3041818182,3041818182,UNCHANGED,0,0,0,0,0.0,0,0,2026-10-05
355887,11,Muhammad Toha,Brunei DPMM FC,Malaysia,MYS1,1,Bek-Kanan,Defender,29,1997-06-30,False,Indonesia,ASEAN,170,kanan,2026-07-08,"Diklat Mandau (2013-2014), Pro Duta U19 (2014), Borneo U21 (",2027-06-30,"Rp6,08Mlyr.",6083636364,5214545455,INCREASED,0,0,0,0,0.0,0,0,2026-10-05
1003814,2,Syafiq Safiuddin Shariff,Brunei DPMM FC,Malaysia,MYS1,1,Bek-Kanan,Defender,24,2002-07-16,False,Brunei Darussalam,ASEAN,163,kanan,2024-03-01,Brunei DPMM FC U19 (?-2020),2027-06-30,"Rp869,09Jt.",869090909,869090909,UNCHANGED,0,0,0,0,0.0,0,0,2026-10-05
1004585,21,Nazry Aiman,Brunei DPMM FC,Malaysia,MYS1,1,Bek-Kanan,Defender,22,2004-07-01,True,Brunei Darussalam,ASEAN,179,kanan,2024-03-01,-,2027-06-30,"Rp869,09Jt.",869090909,1303636364,DECREASED,0,0,0,0,0.0,0,0,2026-10-05
1076536,14,Martin Haddy,Brunei DPMM FC,Malaysia,MYS1,1,Bek-Kanan,Defender,28,1998-04-21,False,Brunei Darussalam,ASEAN,178,kanan,2025-07-01,-,2027-06-30,"Rp173,82Jt.",173818182,173818182,STABLE,0,0,0,0,0.0,0,0,2026-10-05
224694,42,Felipe Aspegren,Brunei DPMM FC,Malaysia,MYS1,1,Gel. Tengah,Midfielder,32,1994-02-12,False,Finlandia,Asing Non-Asia,173,kanan,2026-07-22,HJK Helsinki,2027-06-30,"Rp1,30Mlyr.",1303636364,1738181818,DECREASED,0,0,0,0,0.0,0,0,2026-10-05
274036,7,Azwan Ali Rahman,Brunei DPMM FC,Malaysia,MYS1,1,Gel. Tengah,Midfielder,34,1992-01-11,False,Brunei Darussalam,ASEAN,165,kanan,2013-01-01,Brunei Sports School (2004-2010),2027-06-30,"Rp869,09Jt.",869090909,869090909,UNCHANGED,0,0,0,0,0.0,0,0,2026-10-05
577168,16,Abdul Hariz,Brunei DPMM FC,Malaysia,MYS1,1,Gel. Tengah,Midfielder,26,2000-09-24,False,Brunei Darussalam,ASEAN,165,kanan,2024-03-01,-,2027-06-30,"Rp869,09Jt.",869090909,869090909,UNCHANGED,0,0,0,0,0.0,0,0,2026-10-05
691134,17,Hakeme Yazid Said,Brunei DPMM FC,Malaysia,MYS1,1,Sayap Kiri,Attack,23,2003-02-08,False,Brunei Darussalam,ASEAN,161,kanan,2019-01-01,Tabuan Muda A (2017-2018),2027-06-30,"Rp3,04Mlyr.",3041818182,2172727273,INCREASED,0,0,0,0,0.0,0,0,2026-10-05
998899,29,Farris Izdiham,Brunei DPMM FC,Malaysia,MYS1,1,Sayap Kiri,Attack,25,2001-07-27,False,Malaysia,Lokal,172,kanan,2026-07-10,Kelantan (2020),2027-06-30,"Rp2,61Mlyr.",2607272727,2172727273,INCREASED,0,0,0,0,0.0,0,0,2026-10-05
629273,18,Óscar Santis,Brunei DPMM FC,Malaysia,MYS1,1,Sayap Kanan,Attack,27,1999-03-25,False,Guatemala,Asing Non-Asia,172,kanan,2026-07-01,-,2027-06-30,"Rp10,43Mlyr.",10429090909,10429090909,UNCHANGED,0,0,0,0,0.0,0,0,2026-10-05
593349,10,Miguel Oliveira,Brunei DPMM FC,Malaysia,MYS1,1,Sayap Kanan,Attack,31,1995-06-22,False,Portugal,Asing Non-Asia,167,kanan,2024-03-12,Sporting Clube de Portugal ,2027-06-30,"Rp4,35Mlyr.",4345454545,3476363636,INCREASED,0,0,0,0,0.0,0,0,2026-10-05
874236,9,Danial Asri,Brunei DPMM FC,Malaysia,MYS1,1,Sayap Kanan,Attack,26,2000-04-01,False,Malaysia,Lokal,177,kanan,2026-07-10,"SMK Dato' Harun (2015-2017), Selangor (2017-2019)",2027-06-30,"Rp3,48Mlyr.",3476363636,2607272727,INCREASED,0,0,0,0,0.0,0,0,2026-10-05
603438,27,Jordan Murray,Brunei DPMM FC,Malaysia,MYS1,1,Depan-Tengah,Attack,31,1995-10-02,False,Australia,Asia (AFC),182,kanan,2025-08-06,-,2027-06-30,"Rp6,08Mlyr.",6083636364,5649090909,INCREASED,0,0,0,0,0.0,0,0,2026-10-05
519891,94,Dalberto,Brunei DPMM FC,Malaysia,MYS1,1,Depan-Tengah,Attack,32,1994-09-15,False,Brasil,Asing Non-Asia,182,kanan,2026-07-20,-,2027-06-30,"Rp5,21Mlyr.",5214545455,5214545455,UNCHANGED,0,0,0,0,0.0,0,0,2026-10-05
480240,20,Haziq Nadzli,Kuching City,Malaysia,MYS1,1,Kiper,Goalkeeper,28,1998-01-06,False,Malaysia,Lokal,176,kanan,2025-07-01,Harimau Muda C (2013-2015),2027-06-30,"Rp6,08Mlyr.",6083636364,4780000000,INCREASED,0,0,0,0,0.0,0,0,2026-10-05
1273548,1,Haziq Aiman,Kuching City,Malaysia,MYS1,1,Kiper,Goalkeeper,21,2005-01-19,True,Malaysia,Lokal,192,kanan,2026-08-28,Johor Darul Ta'zim IV (2022-2023),2027-06-30,"Rp1,30Mlyr.",1303636364,1303636364,UNCHANGED,0,0,0,0,0.0,0,0,2026-10-05
213767,55,Shahril Sa'ari,Kuching City,Malaysia,MYS1,1,Kiper,Goalkeeper,36,1990-03-07,False,Malaysia,Lokal,178,kanan,2024-03-01,Terengganu FA (2007-2008),2027-06-30,"Rp434,55Jt.",434545455,434545455,UNCHANGED,0,0,0,0,0.0,0,0,2026-10-05
480175,86,Wan Azraie,Kuching City,Malaysia,MYS1,1,Kiper,Goalkeeper,40,1986-07-07,False,Malaysia,Lokal,177,keduanya,2021-01-01,-,2027-06-30,"Rp434,55Jt.",434545455,434545455,UNCHANGED,0,0,0,0,0.0,0,0,2026-10-05
836821,77,Yuki Tanigawa,Kuching City,Malaysia,MYS1,1,Bek-Tengah,Defender,29,1997-04-21,False,Jepang,Asia (AFC),180,kanan,2022-01-22,"Moriyama Kita High School (2013-2015),
Kyoto Sangyo Univers",2027-06-30,"Rp6,08Mlyr.",6083636364,5214545455,INCREASED,0,0,0,0,0.0,0,0,2026-10-05
483907,3,Rodney Celvin,Kuching City,Malaysia,MYS1,1,Bek-Tengah,Defender,29,1996-11-25,False,Malaysia,Lokal,181,keduanya,2023-12-28,"SSN Sarawak (2009-2012), Sarawak FA (2013-2016)",2027-06-30,"Rp4,78Mlyr.",4780000000,3476363636,INCREASED,0,0,0,0,0.0,0,0,2026-10-05
978220,4,Gabriel Peres,Kuching City,Malaysia,MYS1,1,Bek-Tengah,Defender,29,1997-03-05,False,Brasil,Asing Non-Asia,197,kiri,2026-07-08,-,2027-06-30,"Rp4,35Mlyr.",4345454545,4345454545,UNCHANGED,0,0,0,0,0.0,0,0,2026-10-05
315729,17,Irfan Zakaria,Kuching City,Malaysia,MYS1,1,Bek-Tengah,Defender,31,1995-06-04,False,Malaysia,Lokal,183,kanan,2026-07-04,Selangor U19 (2013),2027-06-30,"Rp3,04Mlyr.",3041818182,3041818182,UNCHANGED,0,0,0,0,0.0,0,0,2026-10-05
211804,35,James Okwuosa,Kuching City,Malaysia,MYS1,1,Bek-Tengah,Defender,36,1990-09-14,False,Nigeria,Asing Non-Asia,188,kiri,2024-03-03,El-Kanemi Warriors FC,2027-06-30,"Rp1,30Mlyr.",1303636364,1303636364,UNCHANGED,0,0,0,0,0.0,0,0,2026-10-05
576733,21,Declan Lambert,Kuching City,Malaysia,MYS1,1,Bek-Kiri,Defender,28,1998-09-21,False,Malaysia,Lokal,180,kanan,2026-07-17,"FC Clifton Hill, Richmond Soccer Club",2027-06-30,"Rp4,78Mlyr.",4780000000,4780000000,UNCHANGED,0,0,0,0,0.0,0,0,2026-10-05
483946,6,Arif Fadzilah,Kuching City,Malaysia,MYS1,1,Bek-Kiri,Defender,30,1996-04-20,False,Malaysia,Lokal,171,kiri,2025-06-18,"SSBJ (-2013), T-Team U21 (2014-2015)",2027-06-30,"Rp2,61Mlyr.",2607272727,3041818182,DECREASED,0,0,0,0,0.0,0,0,2026-10-05
524884,2,Jimmy Raymond,Kuching City,Malaysia,MYS1,1,Bek-Kanan,Defender,30,1996-04-26,False,Malaysia,Lokal,165,keduanya,2019-01-01,Sarawak U21 (-2016),2027-06-30,"Rp4,35Mlyr.",4345454545,3910909091,INCREASED,0,0,0,0,0.0,0,0,2026-10-05
243448,23,Ariff Farhan,Kuching City,Malaysia,MYS1,1,Bek-Kanan,Defender,30,1996-07-04,False,Malaysia,Lokal,170,kanan,2026-01-12,Bukit Jalil Sports School (2011-2012),2027-06-30,"Rp3,48Mlyr.",3476363636,3476363636,UNCHANGED,0,0,0,0,0.0,0,0,2026-10-05
670069,27,Filemon Anyie,Kuching City,Malaysia,MYS1,1,Bek-Kanan,Defender,29,1997-07-27,False,Malaysia,Lokal,175,keduanya,2024-03-08,"Sarawak (2017), PKNP (2018)",2027-06-30,"Rp1,30Mlyr.",1303636364,1738181818,DECREASED,0,0,0,0,0.0,0,0,2026-10-05
421305,88,Kaishu Yamazaki,Kuching City,Malaysia,MYS1,1,Gel. Bertahan,Midfielder,29,1997-07-12,False,Jepang,Asia (AFC),182,kanan,2026-07-04,"Kashiwa Reysol Jr (2007–2009),
Kashiwa Reysol Jr Yth (2010–",2027-06-30,"Rp3,04Mlyr.",3041818182,3041818182,UNCHANGED,0,0,0,0,0.0,0,0,2026-10-05
561474,5,Ryan Lambert,Kuching City,Malaysia,MYS1,1,Gel. Tengah,Midfielder,28,1998-09-21,False,Malaysia,Lokal,178,kanan,2026-07-17,"FC Clifton Hill, Richmond Soccer Club, Melbourne Victory",2027-06-30,"Rp4,78Mlyr.",4780000000,4780000000,UNCHANGED,0,0,0,0,0.0,0,0,2026-10-05
210753,8,Nazmi Faiz,Kuching City,Malaysia,MYS1,1,Gel. Tengah,Midfielder,32,1994-08-16,False,Malaysia,Lokal,168,keduanya,2026-07-03,"SSN Selangor (2007-2009), SSBJ (2010-2011), Harimau Muda B (",2027-06-30,"Rp3,04Mlyr.",3041818182,3041818182,UNCHANGED,0,0,0,0,0.0,0,0,2026-10-05
199225,10,Petrus Shitembi,Kuching City,Malaysia,MYS1,1,Gel. Tengah,Midfielder,34,1992-05-11,False,Namibia,Asing Non-Asia,168,kiri,2023-08-01,-,2027-06-30,"Rp1,74Mlyr.",1738181818,2172727273,DECREASED,0,0,0,0,0.0,0,0,2026-10-05
483894,44,Alif Hassan,Kuching City,Malaysia,MYS1,1,Gel. Tengah,Midfielder,32,1994-05-14,False,Malaysia,Lokal,171,kiri,2020-01-01,"Limbang FA (-2014), Sarawak FA U21 (2015)",2027-06-30,"Rp1,74Mlyr.",1738181818,2172727273,DECREASED,0,0,0,0,0.0,0,0,2026-10-05
939667,50,Diego Baggio,Kuching City,Malaysia,MYS1,1,Gel. Tengah,Midfielder,27,1999-01-01,False,Malaysia,Lokal,170,kanan,2021-01-01,Sarawak FA (2017-2019) Kuching City (2020),2027-06-30,"Rp1,30Mlyr.",1303636364,1738181818,DECREASED,0,0,0,0,0.0,0,0,2026-10-05
350743,99,Ahmed Israiwah,Kuching City,Malaysia,MYS1,1,Gel. Serang,Midfielder,32,1994-01-23,False,Yordania,Asia (AFC),174,kiri,2026-01-20,Al-Wehdat SC (2008-2013),2027-06-30,"Rp3,04Mlyr.",3041818182,3910909091,DECREASED,0,0,0,0,0.0,0,0,2026-10-05
1427096,80,Wesley Azcang Milkias,Kuching City,Malaysia,MYS1,1,Gel. Serang,Midfielder,23,2003-06-06,False,Malaysia,Lokal,173,kanan,2025-07-01,"Petaling Jaya City (2022), FAM-MSN (2023), Kuching City (202",2027-06-30,-,0,0,STABLE,0,0,0,0,0.0,0,0,2026-10-05
631136,7,Ramadhan Saifullah,Kuching City,Malaysia,MYS1,1,Sayap Kiri,Attack,25,2000-12-09,False,Malaysia,Lokal,179,kanan,2025-06-12,Johor Darul Ta'zim (2017-2019),2027-06-30,"Rp5,21Mlyr.",5214545455,3910909091,INCREASED,0,0,0,0,0.0,0,0,2026-10-05
975931,39,Zharmien Ashraf,Kuching City,Malaysia,MYS1,1,Sayap Kiri,Attack,24,2002-03-30,False,Malaysia,Lokal,172,kanan,2024-02-29,"Petra Giant (2018), Kedah (2019-2020)
Sarawak United (2020-",2027-06-30,-,0,869090909,DECREASED,0,0,0,0,0.0,0,0,2026-10-05
582754,12,Dylan Wenzel-Halls,Kuching City,Malaysia,MYS1,1,Sayap Kanan,Attack,28,1997-12-15,False,Australia,Asia (AFC),175,keduanya,2026-07-03,"Lions FC, Olympic FC, Brisbane Roar Youth",2027-06-30,"Rp6,08Mlyr.",6083636364,4780000000,INCREASED,0,0,0,0,0.0,0,0,2026-10-05
474220,29,Safawi Rasid,Kuching City,Malaysia,MYS1,1,Sayap Kanan,Attack,29,1997-03-05,False,Malaysia,Lokal,173,kiri,2026-07-04,"SSN Terengganu (2011-2014), T-Team FC (2014)",2027-06-30,"Rp6,08Mlyr.",6083636364,5214545455,INCREASED,0,0,0,0,0.0,0,0,2026-10-05
632164,22,João Pedro,Kuching City,Malaysia,MYS1,1,Sayap Kanan,Attack,28,1998-06-24,False,Timor-Leste,ASEAN,171,kanan,2025-07-01,Centro Treinamento Futebol Juvenil Timor-Leste,2027-06-30,"Rp3,48Mlyr.",3476363636,2607272727,INCREASED,0,0,0,0,0.0,0,0,2026-10-05
483900,67,Shamie Iszuan,Kuching City,Malaysia,MYS1,1,Sayap Kanan,Attack,31,1995-09-10,False,Malaysia,Lokal,168,kanan,2024-02-11,"Tabuan Jaya Sports School (2008-2012), Harimau Muda C (2013)",2027-06-30,"Rp2,61Mlyr.",2607272727,2607272727,UNCHANGED,0,0,0,0,0.0,0,0,2026-10-05
939669,14,Amir Amri Salleh,Kuching City,Malaysia,MYS1,1,Sayap Kanan,Attack,26,1999-11-16,False,Malaysia,Lokal,172,kanan,2021-01-01,"Sarawak FA (2017-2019), Kuching City (2020)",2027-06-30,"Rp434,55Jt.",434545455,869090909,DECREASED,0,0,0,0,0.0,0,0,2026-10-05
328122,24,Ajdin Mujagic,Kuching City,Malaysia,MYS1,1,Depan-Tengah,Attack,28,1998-01-03,False,Bosnia-Herzegovina,Asing Non-Asia,189,kanan,2026-07-06,Borac Jelah,2027-06-30,"Rp6,95Mlyr.",6952727273,6952727273,UNCHANGED,0,0,0,0,0.0,0,0,2026-10-05
883730,11,Jerome Mpacko Etame,Kuching City,Malaysia,MYS1,1,Depan-Tengah,Attack,30,1996-04-11,False,Kamerun,Asing Non-Asia,187,kanan,2026-01-23,-,2027-06-30,"Rp3,48Mlyr.",3476363636,2607272727,INCREASED,0,0,0,0,0.0,0,0,2026-10-05
418017,18,Ronald Ngah,Kuching City,Malaysia,MYS1,1,Depan-Tengah,Attack,35,1991-09-12,False,Kamerun,Asing Non-Asia,184,kanan,2025-07-20,Njalla Quan Sport Academy,2027-06-30,"Rp2,17Mlyr.",2172727273,2607272727,DECREASED,0,0,0,0,0.0,0,0,2026-10-05
971677,19,Gabriel Nistelrooy,Kuching City,Malaysia,MYS1,1,Depan-Tengah,Attack,26,2000-04-25,False,Malaysia,Lokal,184,kanan,2025-07-01,"KV Miri (2016-2018), PP MSN Miri (2018), Johor Darul Ta'zim ",2027-06-30,"Rp2,17Mlyr.",2172727273,869090909,INCREASED,0,0,0,0,0.0,0,0,2026-10-05
513972,22,Juan Flere,Sabah FC,Malaysia,MYS1,1,Kiper,Goalkeeper,28,1998-05-12,False,Argentina,Asing Non-Asia,183,kanan,2026-07-23,"Alella, Premia de Mar, Mataro, Fundacion Calella, Damm",2027-06-30,"Rp3,48Mlyr.",3476363636,3476363636,UNCHANGED,0,0,0,0,0.0,0,0,2026-10-05
483671,31,Damien Lim,Sabah FC,Malaysia,MYS1,1,Kiper,Goalkeeper,29,1997-02-15,False,Malaysia,Lokal,178,kanan,2021-12-01,"Selangor (2014-2017), Harimau Muda A (2014), Harimau Muda C ",2027-06-30,"Rp3,48Mlyr.",3476363636,3041818182,INCREASED,0,0,0,0,0.0,0,0,2026-10-05
933905,1,Ramzi Mustakim,Sabah FC,Malaysia,MYS1,1,Kiper,Goalkeeper,27,1999-06-13,False,Malaysia,Lokal,183,kanan,2021-01-01,Sabah (2020),2027-06-30,"Rp434,55Jt.",434545455,434545455,UNCHANGED,0,0,0,0,0.0,0,0,2026-10-05
480242,33,Dominic Tan,Sabah FC,Malaysia,MYS1,1,Bek-Tengah,Defender,29,1997-03-12,False,Malaysia,Lokal,183,kanan,2021-12-01,Singapore Sports School (2010-2013),2027-06-30,"Rp5,21Mlyr.",5214545455,5649090909,DECREASED,0,0,0,0,0.0,0,0,2026-10-05
595838,3,Rawilson Batuil,Sabah FC,Malaysia,MYS1,1,Bek-Tengah,Defender,32,1994-04-29,False,Malaysia,Lokal,175,kanan,2014-01-01,Sabah (2014),2027-06-30,"Rp2,61Mlyr.",2607272727,3041818182,DECREASED,0,0,0,0,0.0,0,0,2026-10-05
160182,14,José Ángel,Sabah FC,Malaysia,MYS1,1,Bek-Tengah,Defender,37,1989-03-02,False,Spanyol,Asing Non-Asia,187,kanan,2026-02-01,-,2027-06-30,"Rp869,09Jt.",869090909,869090909,INCREASED,0,0,0,0,0.0,0,0,2026-10-05
480179,13,R. Dinesh,Sabah FC,Malaysia,MYS1,1,Bek-Kiri,Defender,28,1998-02-13,False,Malaysia,Lokal,171,kiri,2023-01-02,Bukit Jalil Sports School (2012-2015),2027-06-30,"Rp1,74Mlyr.",1738181818,1303636364,INCREASED,0,0,0,0,0.0,0,0,2026-10-05
385912,34,Kike Cadete,Sabah FC,Malaysia,MYS1,1,Bek-Kiri,Defender,32,1994-06-24,False,Spanyol,Asing Non-Asia,186,kiri,2026-07-22,-,2027-06-30,"Rp1,74Mlyr.",1738181818,1738181818,UNCHANGED,0,0,0,0,0.0,0,0,2026-10-05
1419646,76,Rozacklye Yanam,Sabah FC,Malaysia,MYS1,1,Bek-Kiri,Defender,25,2001-06-28,False,Malaysia,Lokal,172,kiri,2025-07-01,Sabah (2019-2022),2027-06-30,"Rp173,82Jt.",173818182,173818182,STABLE,0,0,0,0,0.0,0,0,2026-10-05
1596573,72,Shahrulnizam Abdullah,Sabah FC,Malaysia,MYS1,1,Bek-Kiri,Defender,19,2006-11-04,True,Malaysia,Lokal,0,kanan,2024-01-01,Sabah (2024-),-,-,0,0,STABLE,0,0,0,0,0.0,0,0,2026-10-05
485449,23,Dane Ingham,Sabah FC,Malaysia,MYS1,1,Bek-Kanan,Defender,27,1999-06-08,False,Selandia Baru,Asing Non-Asia,186,kanan,2025-07-01,-,2027-06-30,"Rp6,52Mlyr.",6518181818,6518181818,UNCHANGED,0,0,0,0,0.0,0,0,2026-10-05
885966,2,Hanafie Tokyo,Sabah FC,Malaysia,MYS1,1,Bek-Kanan,Defender,27,1999-03-25,False,Malaysia,Lokal,174,kanan,2026-07-21,Sabah FC (2017-2020),2027-06-30,"Rp434,55Jt.",434545455,434545455,UNCHANGED,0,0,0,0,0.0,0,0,2026-10-05
670072,20,Fadzrul Danel,Sabah FC,Malaysia,MYS1,1,Gel. Tengah,Midfielder,28,1998-01-14,False,Malaysia,Lokal,181,kiri,2026-07-21,"Frenz United (-2015), Kedah (2016-2017)",2027-06-30,"Rp3,04Mlyr.",3041818182,2607272727,INCREASED,0,0,0,0,0.0,0,0,2026-10-05
439877,5,Oskari Kekkonen,Sabah FC,Malaysia,MYS1,1,Gel. Tengah,Midfielder,27,1999-09-24,False,Filipina,ASEAN,174,kanan,2026-07-22,-,2027-06-30,"Rp2,61Mlyr.",2607272727,2172727273,INCREASED,0,0,0,0,0.0,0,0,2026-10-05
175836,10,Miguel Cifuentes,Sabah FC,Malaysia,MYS1,1,Gel. Tengah,Midfielder,36,1990-10-05,False,Spanyol,Asing Non-Asia,173,kanan,2023-07-01,-,2027-06-30,"Rp2,61Mlyr.",2607272727,3041818182,DECREASED,0,0,0,0,0.0,0,0,2026-10-05
483397,18,Halim Saari,Sabah FC,Malaysia,MYS1,1,Gel. Tengah,Midfielder,31,1994-11-14,False,Malaysia,Lokal,178,kanan,2026-07-21,Kedah (2012-2015),2027-06-30,"Rp1,30Mlyr.",1303636364,1738181818,DECREASED,0,0,0,0,0.0,0,0,2026-10-05
975932,70,Fakrul Iman,Sabah FC,Malaysia,MYS1,1,Gel. Tengah,Midfielder,25,2001-03-29,False,Malaysia,Lokal,165,kanan,2025-07-01,"SSN Selangor (-2018), Selangor (2019-2023)",2027-06-30,"Rp869,09Jt.",869090909,434545455,INCREASED,0,0,0,0,0.0,0,0,2026-10-05
1274021,88,Rusdi Roslan,Sabah FC,Malaysia,MYS1,1,Gel. Tengah,Midfielder,24,2002-01-13,False,Malaysia,Lokal,169,kanan,2025-07-01,Sabah (2020-2022),2027-06-30,"Rp173,82Jt.",173818182,173818182,STABLE,0,0,0,0,0.0,0,0,2026-10-05
451889,17,Sho Yamamoto,Sabah FC,Malaysia,MYS1,1,Sayap Kiri,Attack,29,1996-11-12,False,Jepang,Asia (AFC),174,kanan,2026-09-01,-,2027-06-30,"Rp3,91Mlyr.",3910909091,4345454545,DECREASED,0,0,0,0,0.0,0,0,2026-10-05
676837,21,Fayadh Zulkifi,Sabah FC,Malaysia,MYS1,1,Sayap Kiri,Attack,28,1998-09-14,False,Malaysia,Lokal,160,kanan,2026-07-21,"Kubang Pasu (2017), Kedah (2018)",2027-06-30,"Rp3,48Mlyr.",3476363636,2607272727,INCREASED,0,0,0,0,0.0,0,0,2026-10-05
483396,8,Farhan Roslan,Sabah FC,Malaysia,MYS1,1,Sayap Kiri,Attack,29,1996-12-03,False,Malaysia,Lokal,154,kiri,2022-06-21,Kedah U21 (2013),2027-06-30,"Rp2,17Mlyr.",2172727273,2172727273,UNCHANGED,0,0,0,0,0.0,0,0,2026-10-05
217684,9,Jung-bin Park,Sabah FC,Malaysia,MYS1,1,Sayap Kiri,Attack,32,1994-02-22,False,Korea Selatan,Asia (AFC),178,kanan,2026-07-22,"Bongdong Elementary School (봉동초등학교, 2004),
Chunnam Dragons ",2027-06-30,"Rp2,17Mlyr.",2172727273,2607272727,DECREASED,0,0,0,0,0.0,0,0,2026-10-05
358425,7,Gonzalo Di Renzo,Sabah FC,Malaysia,MYS1,1,Depan-Tengah,Attack,30,1995-12-30,False,Argentina,Asing Non-Asia,187,keduanya,2026-07-23,-,2027-06-30,"Rp3,48Mlyr.",3476363636,3476363636,UNCHANGED,0,0,0,0,0.0,0,0,2026-10-05
295234,28,Darren Lok,Sabah FC,Malaysia,MYS1,1,Depan-Tengah,Attack,35,1990-12-14,False,Malaysia,Lokal,174,kanan,2022-12-01,-,2027-06-30,"Rp1,74Mlyr.",1738181818,2172727273,DECREASED,0,0,0,0,0.0,0,0,2026-10-05
488883,33,Kalamullah Al-Hafiz,Selangor FC,Malaysia,MYS1,1,Kiper,Goalkeeper,31,1995-07-30,False,Malaysia,Lokal,178,kanan,2024-09-16,"Kelantan (2012-2013), Felda United (2014-2016)",2027-06-30,"Rp5,21Mlyr.",5214545455,4780000000,INCREASED,0,0,0,0,0.0,0,0,2026-10-05
541765,31,Sikh Izhan Nazrel,Selangor FC,Malaysia,MYS1,1,Kiper,Goalkeeper,24,2002-03-23,False,Malaysia,Lokal,183,kanan,2021-01-01,"Bintang Biru Akademi (2007-2012), Project 2019 (2012-2014), ",2027-06-30,"Rp3,91Mlyr.",3910909091,3476363636,INCREASED,0,0,0,0,0.0,0,0,2026-10-05
874567,20,Azim Al-Amin,Selangor FC,Malaysia,MYS1,1,Kiper,Goalkeeper,26,2000-09-20,False,Malaysia,Lokal,176,kanan,2024-02-05,"SSBJ (2015-2018), Kuala Lumpur (2019-2020)",2027-06-30,"Rp1,30Mlyr.",1303636364,1738181818,DECREASED,0,0,0,0,0.0,0,0,2026-10-05
354155,5,Arbenit Xhemajli,Selangor FC,Malaysia,MYS1,1,Bek-Tengah,Defender,28,1998-04-23,False,Kosovo,Asing Non-Asia,190,kiri,2026-08-05,FC Zürich ,2027-06-30,"Rp7,82Mlyr.",7821818182,10429090909,DECREASED,0,0,0,0,0.0,0,0,2026-10-05
489357,40,Jefferson Tabinas,Selangor FC,Malaysia,MYS1,1,Bek-Tengah,Defender,28,1998-08-07,False,Filipina,ASEAN,184,kiri,2026-07-01,"Tokyo Waseda FC, Tokyo FC Toripletta, Toko Gakuen HS (-2016)",2027-06-30,"Rp6,95Mlyr.",6952727273,5214545455,INCREASED,0,0,0,0,0.0,0,0,2026-10-05
541770,55,Harith Haiqal,Selangor FC,Malaysia,MYS1,1,Bek-Tengah,Defender,24,2002-06-22,False,Malaysia,Lokal,180,kanan,2022-01-01,Mokhtar Dahari Academy (2015-2019),2027-06-30,"Rp5,65Mlyr.",5649090909,4780000000,INCREASED,0,0,0,0,0.0,0,0,2026-10-05
711595,4,Richmond Tetteh Ankrah,Selangor FC,Malaysia,MYS1,1,Bek-Tengah,Defender,26,2000-02-22,False,Ghana,Asing Non-Asia,190,kanan,2022-07-01,-,2027-06-30,"Rp4,78Mlyr.",4780000000,4345454545,INCREASED,0,0,0,0,0.0,0,0,2026-10-05
874237,44,Sharul Nazeem,Selangor FC,Malaysia,MYS1,1,Bek-Tengah,Defender,26,1999-11-19,False,Malaysia,Lokal,178,kanan,2020-12-02,"Marcerra United (2017), NPNG FC (2018), Selangor III (2018-2",2027-06-30,"Rp3,48Mlyr.",3476363636,3910909091,DECREASED,0,0,0,0,0.0,0,0,2026-10-05
149956,21,Safuwan Baharudin,Selangor FC,Malaysia,MYS1,1,Bek-Tengah,Defender,35,1991-09-22,False,Singapura,ASEAN,181,kanan,2023-07-13,National Football Academy (2005-2009),2027-06-30,"Rp1,74Mlyr.",1738181818,2172727273,DECREASED,0,0,0,0,0.0,0,0,2026-10-05
874351,46,Adib Ra'op,Selangor FC,Malaysia,MYS1,1,Bek-Kiri,Defender,26,1999-10-25,False,Malaysia,Lokal,175,kiri,2026-07-01,Perak (2017-2020),2027-06-30,"Rp5,21Mlyr.",5214545455,4345454545,INCREASED,0,0,0,0,0.0,0,0,2026-10-05
873953,2,Quentin Cheng,Selangor FC,Malaysia,MYS1,1,Bek-Kanan,Defender,26,1999-11-20,False,Malaysia,Lokal,188,kanan,2020-01-01,Central Coast Mariners (2018),2027-06-30,"Rp5,65Mlyr.",5649090909,5649090909,UNCHANGED,0,0,0,0,0.0,0,0,2026-10-05
541787,14,Zikri Khalili,Selangor FC,Malaysia,MYS1,1,Bek-Kanan,Defender,24,2002-06-25,False,Malaysia,Lokal,174,kanan,2020-01-01,"Malaysia Pahang Sports School (2015), Bukit Jalil Sport Scho",2027-06-30,"Rp3,48Mlyr.",3476363636,3041818182,INCREASED,0,0,0,0,0.0,0,0,2026-10-05
1059876,28,Muhammad Abu Khalil,Selangor FC,Malaysia,MYS1,1,Gel. Bertahan,Midfielder,21,2005-04-11,True,Malaysia,Lokal,177,kanan,2024-02-05,Mokhtar Dahari Academy (2018-2022),2028-06-30,"Rp1,30Mlyr.",1303636364,1303636364,UNCHANGED,0,0,0,0,0.0,0,0,2026-10-05
579932,6,Nooa Laine,Selangor FC,Malaysia,MYS1,1,Gel. Tengah,Midfielder,23,2002-11-22,False,Malaysia,Lokal,177,kanan,2025-01-01,JJK (-2019) HJK Helsinki (2019-2020),2027-06-30,"Rp6,95Mlyr.",6952727273,6083636364,INCREASED,0,0,0,0,0.0,0,0,2026-10-05
483970,19,Azam Azih,Selangor FC,Malaysia,MYS1,1,Gel. Tengah,Midfielder,31,1995-01-03,False,Malaysia,Lokal,168,kanan,2026-07-01,"SSN Pahang (2008-2012), Pahang FA U19 (2013)",2027-06-30,"Rp4,35Mlyr.",4345454545,4345454545,UNCHANGED,0,0,0,0,0.0,0,0,2026-10-05
187364,8,Peter Makrillos,Selangor FC,Malaysia,MYS1,1,Gel. Tengah,Midfielder,31,1995-09-04,False,Australia,Asia (AFC),186,kanan,2026-07-16,FC Barcelona (2007-2008) Stoke City (2008-2014),2027-06-30,"Rp3,91Mlyr.",3910909091,4345454545,DECREASED,0,0,0,0,0.0,0,0,2026-10-05
894318,43,Syahir Bashah,Selangor FC,Malaysia,MYS1,1,Gel. Tengah,Midfielder,25,2001-09-16,False,Malaysia,Lokal,174,kanan,2021-12-30,"SMK Anderson (-2018), PKNP U21 (2019), Perak U21 (2020-2021)",2027-06-30,"Rp3,48Mlyr.",3476363636,2172727273,INCREASED,0,0,0,0,0.0,0,0,2026-10-05
679116,29,Mukhairi Ajmal,Selangor FC,Malaysia,MYS1,1,Gel. Tengah,Midfielder,24,2001-11-07,False,Malaysia,Lokal,180,kiri,2020-01-01,"Malaysia Pahang SS (2014-2016), Tunku Mahkota Ismail SS (201",2027-06-30,"Rp3,04Mlyr.",3041818182,3041818182,UNCHANGED,0,0,0,0,0.0,0,0,2026-10-05
830939,24,Alex Agyarkwa,Selangor FC,Malaysia,MYS1,1,Gel. Tengah,Midfielder,26,2000-07-18,False,Ghana,Asing Non-Asia,172,kiri,2021-05-31,-,2027-06-30,"Rp2,61Mlyr.",2607272727,3041818182,DECREASED,0,0,0,0,0.0,0,0,2026-10-05
333680,9,Hugo Boumous,Selangor FC,Malaysia,MYS1,1,Gel. Serang,Midfielder,31,1995-07-24,False,Maroko,Asing Non-Asia,172,kanan,2026-07-01,"Stade Rennais FC (2006-2012), Stade Lavallois Mayenne FC (20",2028-06-30,"Rp11,30Mlyr.",11298181818,12167272727,DECREASED,0,0,0,0,0.0,0,0,2026-10-05
377377,10,Eduardo Sosa,Selangor FC,Malaysia,MYS1,1,Gel. Serang,Midfielder,30,1996-06-20,False,Venezuela,Asing Non-Asia,173,kanan,2026-07-01,EFM La Floresta,2027-06-30,"Rp6,08Mlyr.",6083636364,4780000000,INCREASED,0,0,0,0,0.0,0,0,2026-10-05
990771,76,Aliff Izwan,Selangor FC,Malaysia,MYS1,1,Gel. Serang,Midfielder,22,2004-02-10,True,Malaysia,Lokal,170,kiri,2023-01-03,"Mokhtar Dahari Academy (2017-2020), Selangor (2021-2022)",2027-06-30,"Rp2,61Mlyr.",2607272727,2607272727,UNCHANGED,0,0,0,0,0.0,0,0,2026-10-05
480250,7,Faisal Halim,Selangor FC,Malaysia,MYS1,1,Sayap Kiri,Attack,28,1998-01-07,False,Malaysia,Lokal,158,kiri,2022-12-01,SSN Pulau Pinang (-2014) Penang (2015),2027-06-30,"Rp7,82Mlyr.",7821818182,6083636364,INCREASED,0,0,0,0,0.0,0,0,2026-10-05
925062,16,A. Selvan,Selangor FC,Malaysia,MYS1,1,Sayap Kanan,Attack,25,2000-11-05,False,Malaysia,Lokal,163,kanan,2026-07-01,Negeri Sembilan (2018-2019),2027-06-30,"Rp3,48Mlyr.",3476363636,2172727273,INCREASED,0,0,0,0,0.0,0,0,2026-10-05
654384,98,Vitor Pernambuco,Selangor FC,Malaysia,MYS1,1,Sayap Kanan,Attack,28,1998-04-28,False,Brasil,Asing Non-Asia,187,kiri,2026-01-31,Associação Portuguesa de Desportos (SP),2027-06-30,"Rp2,17Mlyr.",2172727273,1738181818,INCREASED,0,0,0,0,0.0,0,0,2026-10-05
595168,91,Chrigor Moraes,Selangor FC,Malaysia,MYS1,1,Depan-Tengah,Attack,25,2000-11-13,False,Brasil,Asing Non-Asia,183,kanan,2025-07-01,-,2027-06-30,"Rp15,64Mlyr.",15643636364,13905454545,INCREASED,0,0,0,0,0.0,0,0,2026-10-05
442885,11,Kay Tejan,Selangor FC,Malaysia,MYS1,1,Depan-Tengah,Attack,29,1997-02-03,False,Belanda,Asing Non-Asia,187,kiri,2026-08-13,"DWS Amsterdam (-2015), AFC Amsterdam (2015-2016)",2027-06-30,"Rp4,35Mlyr.",4345454545,5214545455,DECREASED,0,0,0,0,0.0,0,0,2026-10-05
484748,16,Syihan Hazmi,Johor Darul Ta'zim,Malaysia,MYS1,1,Kiper,Goalkeeper,30,1996-02-22,False,Malaysia,Lokal,185,kanan,2022-12-01,"Sekolah Sukan Bukit Jalil (2012), Harimau Muda C (2013-2014)",2027-06-30,"Rp6,95Mlyr.",6952727273,6518181818,INCREASED,0,0,0,0,0.0,0,0,2026-10-05
428948,58,Andoni Zubiaurre,Johor Darul Ta'zim,Malaysia,MYS1,1,Kiper,Goalkeeper,29,1996-12-04,False,Spanyol,Asing Non-Asia,189,kiri,2024-09-05,-,2027-06-30,"Rp4,35Mlyr.",4345454545,4780000000,DECREASED,0,0,0,0,0.0,0,0,2026-10-05
1288708,1,Christian Abad,Johor Darul Ta'zim,Malaysia,MYS1,1,Kiper,Goalkeeper,20,2006-08-05,True,Malaysia,Lokal,183,kanan,2024-07-29,"Muro CF (2013-2016), Valencia CF (2016-2021), Elche CF (2021",2027-06-30,"Rp869,09Jt.",869090909,434545455,INCREASED,0,0,0,0,0.0,0,0,2026-10-05
380365,5,Antonio Glauder,Johor Darul Ta'zim,Malaysia,MYS1,1,Bek-Tengah,Defender,30,1995-10-18,False,Filipina,ASEAN,184,kiri,2025-06-01,-,2027-06-30,"Rp11,30Mlyr.",11298181818,11298181818,UNCHANGED,0,0,0,0,0.0,0,0,2026-10-05
1001354,26,Brad Tapp,Johor Darul Ta'zim,Malaysia,MYS1,1,Bek-Tengah,Defender,25,2001-01-16,False,Malaysia,Lokal,183,kanan,2026-07-02,"Baulkham Hills Kookaburras, Blacktown City, Central Coast Ma",2028-12-31,"Rp8,69Mlyr.",8690909091,6952727273,INCREASED,0,0,0,0,0.0,0,0,2026-10-05
555808,81,Kevin Medina,Johor Darul Ta'zim,Malaysia,MYS1,1,Bek-Tengah,Defender,33,1993-03-09,False,Kolombia,Asing Non-Asia,184,kiri,2026-07-03,-,2028-06-30,"Rp6,95Mlyr.",6952727273,7821818182,DECREASED,0,0,0,0,0.0,0,0,2026-10-05
631167,15,Feroz Baharudin,Johor Darul Ta'zim,Malaysia,MYS1,1,Bek-Tengah,Defender,26,2000-04-02,False,Malaysia,Lokal,182,kanan,2021-01-18,"SSTMI (2013-2015), SSMP (2016-2017), Johor Darul Ta'zim (201",2027-06-30,"Rp3,48Mlyr.",3476363636,3476363636,UNCHANGED,0,0,0,0,0.0,0,0,2026-10-05
210769,3,Shahrul Saad,Johor Darul Ta'zim,Malaysia,MYS1,1,Bek-Tengah,Defender,33,1993-07-08,False,Malaysia,Lokal,178,kanan,2021-05-08,Perak FA President's Cup (2008-2010),2027-06-30,"Rp3,04Mlyr.",3041818182,3476363636,DECREASED,0,0,0,0,0.0,0,0,2026-10-05
238865,23,Eddy Israfilov,Johor Darul Ta'zim,Malaysia,MYS1,1,Bek-Tengah,Defender,34,1992-08-02,False,Azerbaijan,Asing Non-Asia,191,kanan,2024-08-10,-,2027-06-30,"Rp3,04Mlyr.",3041818182,3476363636,DECREASED,0,0,0,0,0.0,0,0,2026-10-05
61576,14,Shane Lowry,Johor Darul Ta'zim,Malaysia,MYS1,1,Bek-Tengah,Defender,37,1989-06-12,False,Malaysia,Lokal,190,kiri,2021-05-20,"ECU Joondalup (-2005), Aston Villa (2005-2009)",2027-06-30,"Rp1,30Mlyr.",1303636364,1738181818,DECREASED,0,0,0,0,0.0,0,0,2026-10-05
315803,50,Junior Eldstal,Johor Darul Ta'zim,Malaysia,MYS1,1,Bek-Tengah,Defender,35,1991-09-16,False,Malaysia,Lokal,191,kanan,2022-07-07,"Aldershot Town (2004-2007), Reading FC (2008-2011), Hartpury",-,"Rp869,09Jt.",869090909,1303636364,DECREASED,0,0,0,0,0.0,0,0,2026-10-05
510987,17,Jon Irazábal,Johor Darul Ta'zim,Malaysia,MYS1,1,Bek-Tengah,Defender,29,1996-11-28,False,Malaysia,Lokal,187,kiri,2025-07-01,-,-,-,0,8690909091,DECREASED,0,0,0,0,0.0,0,0,2026-10-05
189453,33,Jonathan Silva,Johor Darul Ta'zim,Malaysia,MYS1,1,Bek-Kiri,Defender,32,1994-06-29,False,Argentina,Asing Non-Asia,178,kiri,2025-07-06,-,2027-06-30,"Rp9,56Mlyr.",9560000000,9560000000,UNCHANGED,0,0,0,0,0.0,0,0,2026-10-05
231425,22,La'Vere Corbin-Ong,Johor Darul Ta'zim,Malaysia,MYS1,1,Bek-Kiri,Defender,35,1991-04-22,False,Malaysia,Lokal,184,kiri,2018-01-01,"Argyle Secondary School (2005-2009), Capilano University Blu",2027-06-30,"Rp2,17Mlyr.",2172727273,2607272727,DECREASED,0,0,0,0,0.0,0,0,2026-10-05
1011316,27,Gabriel Palmero,Johor Darul Ta'zim,Malaysia,MYS1,1,Bek-Kiri,Defender,24,2002-01-15,False,Malaysia,Lokal,180,kiri,2026-08-09,-,-,-,0,0,UNCHANGED,0,0,0,0,0.0,0,0,2026-10-05
735790,20,Dani Bolt,Johor Darul Ta'zim,Malaysia,MYS1,1,Bek-Kanan,Defender,27,1999-06-18,False,Brasil,Asing Non-Asia,183,kanan,2026-08-31,-,2027-06-30,"Rp17,38Mlyr.",17381818182,15643636364,INCREASED,0,0,0,0,0.0,0,0,2026-10-05
264368,2,Matthew Davies,Johor Darul Ta'zim,Malaysia,MYS1,1,Bek-Kanan,Defender,31,1995-02-07,False,Malaysia,Lokal,179,kanan,2020-02-17,"A.I.S, Perth Glory Youth",2027-06-30,"Rp6,95Mlyr.",6952727273,7821818182,DECREASED,0,0,0,0,0.0,0,0,2026-10-05
225015,29,Carlos Akapo,Johor Darul Ta'zim,Malaysia,MYS1,1,Bek-Kanan,Defender,33,1993-03-12,False,Guinea Khatulistiwa,Asing Non-Asia,179,kanan,2026-08-07,"Kelme CF (1998-2008), Hércules CF (2008-2009)",2027-06-30,"Rp4,35Mlyr.",4345454545,5214545455,DECREASED,0,0,0,0,0.0,0,0,2026-10-05
483678,91,Syahmi Safari,Johor Darul Ta'zim,Malaysia,MYS1,1,Bek-Kanan,Defender,28,1998-02-05,False,Malaysia,Lokal,173,kanan,2022-01-15,"Sekolah Sukan Bukit Jalil (2012-2013), Harimau Muda C (2013-",2027-06-30,"Rp3,04Mlyr.",3041818182,1303636364,INCREASED,0,0,0,0,0.0,0,0,2026-10-05
301824,18,Nené,Johor Darul Ta'zim,Malaysia,MYS1,1,Gel. Bertahan,Midfielder,31,1995-06-10,False,Portugal,Asing Non-Asia,187,kiri,2026-01-01,"SC Guadalupe (2003-06;2009-12), SU Sintrense (2007-09), SC B",2027-06-30,"Rp15,64Mlyr.",15643636364,17381818182,DECREASED,0,0,0,0,0.0,0,0,2026-10-05
483613,41,Syamer Kutty,Johor Darul Ta'zim,Malaysia,MYS1,1,Gel. Bertahan,Midfielder,29,1997-10-01,False,Malaysia,Lokal,185,kanan,2017-11-17,"FA Penang (2013-2016),
Harimau Muda C (2014-2015)",2027-06-30,"Rp3,48Mlyr.",3476363636,3476363636,UNCHANGED,0,0,0,0,0.0,0,0,2026-10-05
676744,6,Hong Wan,Johor Darul Ta'zim,Malaysia,MYS1,1,Gel. Bertahan,Midfielder,26,2000-08-17,False,Malaysia,Lokal,176,kanan,2021-06-30,-,2027-06-30,"Rp2,61Mlyr.",2607272727,3041818182,DECREASED,0,0,0,0,0.0,0,0,2026-10-05
503837,28,Nacho Méndez,Johor Darul Ta'zim,Malaysia,MYS1,1,Gel. Tengah,Midfielder,28,1998-03-30,False,Malaysia,Lokal,178,kiri,2025-07-09,"Club Marino de Luanco, CD Roces (-2010), Real Sporting de Gi",2027-06-30,"Rp20,86Mlyr.",20858181818,22596363636,DECREASED,0,0,0,0,0.0,0,0,2026-10-05
320859,21,Dejan Petrovic,Johor Darul Ta'zim,Malaysia,MYS1,1,Gel. Tengah,Midfielder,28,1998-01-12,False,Slovenia,Asing Non-Asia,179,kanan,2026-07-02,-,2030-06-30,"Rp17,38Mlyr.",17381818182,26072727273,DECREASED,0,0,0,0,0.0,0,0,2026-10-05
404585,12,Stuart Wilkin,Johor Darul Ta'zim,Malaysia,MYS1,1,Gel. Tengah,Midfielder,28,1998-03-12,False,Malaysia,Lokal,180,kanan,2026-01-13,"Chelsea FC, Southampton FC",2027-06-30,"Rp6,08Mlyr.",6083636364,6083636364,UNCHANGED,0,0,0,0,0.0,0,0,2026-10-05
315723,4,Afiq Fazail,Johor Darul Ta'zim,Malaysia,MYS1,1,Gel. Tengah,Midfielder,32,1994-09-29,False,Malaysia,Lokal,171,kanan,2017-01-01,Johor U19 (2012-2013),2028-06-30,"Rp5,21Mlyr.",5214545455,5214545455,UNCHANGED,0,0,0,0,0.0,0,0,2026-10-05
57808,30,Natxo Insa,Johor Darul Ta'zim,Malaysia,MYS1,1,Gel. Tengah,Midfielder,40,1986-06-09,False,Malaysia,Lokal,177,kanan,2017-07-01,FC Valencia (-2006),2027-06-30,"Rp434,55Jt.",434545455,869090909,DECREASED,0,0,0,0,0.0,0,0,2026-10-05
277962,8,Hector Hevel,Johor Darul Ta'zim,Malaysia,MYS1,1,Gel. Tengah,Midfielder,30,1996-05-15,False,Malaysia,Lokal,171,kiri,2025-07-01,"Voorschoten '97 (2000-2004), ADO Den Haag (2004-2014)",-,-,0,6083636364,DECREASED,0,0,0,0,0.0,0,0,2026-10-05
271021,19,Stoichkov,Johor Darul Ta'zim,Malaysia,MYS1,1,Gel. Serang,Midfielder,32,1993-11-05,False,Spanyol,Asing Non-Asia,178,kanan,2026-08-01,-,2027-06-30,"Rp8,69Mlyr.",8690909091,8690909091,UNCHANGED,0,0,0,0,0.0,0,0,2026-10-05
263843,77,Matías Nahuel,Johor Darul Ta'zim,Malaysia,MYS1,1,Sayap Kiri,Attack,29,1996-11-22,False,Spanyol,Asing Non-Asia,172,kanan,2026-08-08,Escuela ADIUR,2027-06-30,"Rp12,17Mlyr.",12167272727,17381818182,DECREASED,0,0,0,0,0.0,0,0,2026-10-05
476104,24,Óscar Arribas,Johor Darul Ta'zim,Malaysia,MYS1,1,Sayap Kiri,Attack,27,1998-10-22,False,Filipina,ASEAN,183,kanan,2023-01-08,-,2026-12-31,"Rp9,56Mlyr.",9560000000,8690909091,INCREASED,0,0,0,0,0.0,0,0,2026-10-05
448308,97,Yago César,Johor Darul Ta'zim,Malaysia,MYS1,1,Sayap Kiri,Attack,29,1997-05-26,False,Brasil,Asing Non-Asia,170,kiri,2026-01-05,-,2027-06-30,"Rp5,21Mlyr.",5214545455,5214545455,UNCHANGED,0,0,0,0,0.0,0,0,2026-10-05
443290,0,Enzo Lombardo,Johor Darul Ta'zim,Malaysia,MYS1,1,Sayap Kiri,Attack,29,1997-04-16,False,Filipina,ASEAN,174,kanan,2024-07-28,"Olympique Lyon (-2013), AS Saint-Priest (2013-2015)",2027-06-30,"Rp4,35Mlyr.",4345454545,4780000000,DECREASED,0,0,0,0,0.0,0,0,2026-10-05
1567850,40,Daniesh Amirruddin,Johor Darul Ta'zim,Malaysia,MYS1,1,Sayap Kiri,Attack,20,2006-08-03,True,Malaysia,Lokal,170,kanan,2026-10-02,"NFDP/PLD Melaka Tengah (2019-2021), Melaka (2022-2023), Joho",-,-,0,0,STABLE,0,0,0,0,0.0,0,0,2026-10-05
255989,95,Marcos Guilherme,Johor Darul Ta'zim,Malaysia,MYS1,1,Sayap Kanan,Attack,31,1995-08-05,False,Brasil,Asing Non-Asia,173,kanan,2026-01-05,-,2027-06-30,"Rp13,04Mlyr.",13036363636,13036363636,UNCHANGED,0,0,0,0,0.0,0,0,2026-10-05
803158,10,Arif Aiman,Johor Darul Ta'zim,Malaysia,MYS1,1,Sayap Kanan,Attack,24,2002-05-04,False,Malaysia,Lokal,171,kanan,2020-01-11,"NFDP/Mykids Kuantan (2012-2013), Bukit Jalil Sports School (",2028-06-30,"Rp12,17Mlyr.",12167272727,12167272727,UNCHANGED,0,0,0,0,0.0,0,0,2026-10-05
158057,47,Ager Aketxe,Johor Darul Ta'zim,Malaysia,MYS1,1,Sayap Kanan,Attack,32,1993-12-30,False,Spanyol,Asing Non-Asia,174,kiri,2025-08-31,-,2027-06-30,"Rp12,17Mlyr.",12167272727,13036363636,DECREASED,0,0,0,0,0.0,0,0,2026-10-05
534358,88,Manuel Hidalgo,Johor Darul Ta'zim,Malaysia,MYS1,1,Sayap Kanan,Attack,27,1999-05-03,False,Malaysia,Lokal,174,kiri,2024-02-27,-,2027-06-30,"Rp6,95Mlyr.",6952727273,5649090909,INCREASED,0,0,0,0,0.0,0,0,2026-10-05
480258,0,Mohamadou Sumareh,Johor Darul Ta'zim,Malaysia,MYS1,1,Sayap Kanan,Attack,32,1994-09-20,False,Malaysia,Lokal,179,kanan,2021-01-18,-,2027-06-30,"Rp869,09Jt.",869090909,869090909,UNCHANGED,0,0,0,0,0.0,0,0,2026-10-05
741575,13,Jon Yeabsera,Johor Darul Ta'zim,Malaysia,MYS1,1,Sayap Kanan,Attack,21,2005-02-02,True,Spanyol,Asing Non-Asia,185,kanan,2026-08-24,-,-,-,0,0,STABLE,0,0,0,0,0.0,0,0,2026-10-05
315310,11,Jairo,Johor Darul Ta'zim,Malaysia,MYS1,1,Depan-Tengah,Attack,34,1992-05-06,False,Brasil,Asing Non-Asia,181,kanan,2025-07-01,-,2027-06-30,"Rp13,04Mlyr.",13036363636,13905454545,DECREASED,0,0,0,0,0.0,0,0,2026-10-05
350828,7,Shahab Zahedi,Johor Darul Ta'zim,Malaysia,MYS1,1,Depan-Tengah,Attack,31,1995-08-18,False,Iran,Asia (AFC),187,keduanya,2026-07-01,-,2028-06-30,"Rp6,95Mlyr.",6952727273,8690909091,DECREASED,0,0,0,0,0.0,0,0,2026-10-05
135061,9,Bérgson,Johor Darul Ta'zim,Malaysia,MYS1,1,Depan-Tengah,Attack,35,1991-02-09,False,Malaysia,Lokal,181,kanan,2021-07-01,Grêmio FBPA,2027-06-30,"Rp5,65Mlyr.",5649090909,6083636364,DECREASED,0,0,0,0,0.0,0,0,2026-10-05
439343,25,João Figueiredo,Johor Darul Ta'zim,Malaysia,MYS1,1,Depan-Tengah,Attack,30,1996-05-27,False,Malaysia,Lokal,180,kanan,2025-07-06,"FC São Paulo, Clube Atlético Mineiro",-,-,0,20858181818,DECREASED,0,0,0,0,0.0,0,0,2026-10-05
1063554,99,Celso Bermejo,Johor Darul Ta'zim,Malaysia,MYS1,1,Depan-Tengah,Attack,21,2005-01-09,True,Spanyol,Asing Non-Asia,184,kanan,2025-08-09,-,-,-,0,434545455,DECREASED,0,0,0,0,0.0,0,0,2026-10-05
674156,1,Quincy Kammeraad,Kuala Lumpur City FC,Malaysia,MYS1,1,Kiper,Goalkeeper,25,2001-02-01,False,Filipina,ASEAN,185,kanan,2025-07-03,"AVV Zeeburgia, AZ Alkmaar, FC Volendam, Global Cebu FC",2027-06-30,"Rp4,35Mlyr.",4345454545,3476363636,INCREASED,0,0,0,0,0.0,0,0,2026-10-05
579239,13,Ameerul Eqhwan,Kuala Lumpur City FC,Malaysia,MYS1,1,Kiper,Goalkeeper,29,1997-10-03,False,Malaysia,Lokal,187,kanan,2026-08-28,"Terengganu (-2016), Kuala Lumpur (2017-2019)",2027-06-30,-,0,0,STABLE,0,0,0,0,0.0,0,0,2026-10-05
1567803,32,Hafizy Nadzli,Kuala Lumpur City FC,Malaysia,MYS1,1,Kiper,Goalkeeper,23,2003-07-22,False,Malaysia,Lokal,176,kanan,2026-08-28,Kuala Lumpur City (2021-2025),2027-06-30,-,0,0,STABLE,0,0,0,0,0.0,0,0,2026-10-05
1439386,35,Haziq Fitri,Kuala Lumpur City FC,Malaysia,MYS1,1,Kiper,Goalkeeper,24,2002-02-18,False,Malaysia,Lokal,180,kanan,2026-08-28,Kuala Lumpur (-2022),2027-06-30,-,0,0,STABLE,0,0,0,0,0.0,0,0,2026-10-05
402874,96,Dmytro Lytvyn,Kuala Lumpur City FC,Malaysia,MYS1,1,Bek-Tengah,Defender,29,1996-11-21,False,Ukraina,Asing Non-Asia,193,kiri,2025-07-21,"Dynamo Kyiv (2006-2010), Arsenal Kyiv (2011), Metalist Khark",2027-06-30,"Rp5,65Mlyr.",5649090909,4780000000,INCREASED,0,0,0,0,0.0,0,0,2026-10-05
214820,9,Giancarlo Gallifuoco,Kuala Lumpur City FC,Malaysia,MYS1,1,Bek-Tengah,Defender,32,1994-01-12,False,Australia,Asia (AFC),187,kanan,2021-02-16,"Sutherland Sharks, Brescia, Tottenham Hotspurs",2027-06-30,"Rp4,35Mlyr.",4345454545,5214545455,DECREASED,0,0,0,0,0.0,0,0,2026-10-05
483683,3,Adam Nor Azlin,Kuala Lumpur City FC,Malaysia,MYS1,1,Bek-Tengah,Defender,30,1996-01-05,False,Malaysia,Lokal,180,kanan,2025-07-07,"Bukit Jalil Sports School (2009-2013), Harimau Muda (2014-20",2027-06-30,"Rp3,04Mlyr.",3041818182,3041818182,UNCHANGED,0,0,0,0,0.0,0,0,2026-10-05
314182,24,Joseph Adjei,Kuala Lumpur City FC,Malaysia,MYS1,1,Bek-Tengah,Defender,31,1995-08-20,False,Ghana,Asing Non-Asia,189,kanan,2026-09-22,-,2027-06-30,"Rp2,61Mlyr.",2607272727,2607272727,UNCHANGED,0,0,0,0,0.0,0,0,2026-10-05
483967,5,Raffi Nagoorgani,Kuala Lumpur City FC,Malaysia,MYS1,1,Bek-Tengah,Defender,32,1994-06-17,False,Malaysia,Lokal,176,kanan,2026-08-28,Perak (2014),2027-06-30,-,0,3041818182,DECREASED,0,0,0,0,0.0,0,0,2026-10-05
215360,26,Amer Saidin,Kuala Lumpur City FC,Malaysia,MYS1,1,Bek-Tengah,Defender,34,1992-07-25,False,Malaysia,Lokal,183,kanan,2026-08-28,Bukit Jalil Sports School (2009),2027-06-30,-,0,1303636364,DECREASED,0,0,0,0,0.0,0,0,2026-10-05
560102,6,Syazwan Andik,Kuala Lumpur City FC,Malaysia,MYS1,1,Bek-Kiri,Defender,30,1996-08-04,False,Malaysia,Lokal,177,kiri,2025-07-08,"SSBJ (2009-2013), Harimau Muda (2013-2015)",2027-06-30,"Rp2,17Mlyr.",2172727273,2172727273,UNCHANGED,0,0,0,0,0.0,0,0,2026-10-05
483947,4,Kamal Azizi,Kuala Lumpur City FC,Malaysia,MYS1,1,Bek-Kanan,Defender,33,1993-08-28,False,Malaysia,Lokal,172,kanan,2021-02-22,T-Team U21 (2014),2027-06-30,"Rp2,61Mlyr.",2607272727,3041818182,DECREASED,0,0,0,0,0.0,0,0,2026-10-05
440494,29,Azrif Nasrulhaq,Kuala Lumpur City FC,Malaysia,MYS1,1,Bek-Kanan,Defender,35,1991-05-27,False,Malaysia,Lokal,168,kanan,2025-07-01,PKNS FC (2010),2027-06-30,"Rp869,09Jt.",869090909,1303636364,DECREASED,0,0,0,0,0.0,0,0,2026-10-05
523729,22,Firdaus Faudzi,Kuala Lumpur City FC,Malaysia,MYS1,1,Bek-Kanan,Defender,39,1987-08-02,False,Malaysia,Lokal,170,kanan,2026-08-28,"Kedah (2006), Kuala Muda Naza (2007)",2027-06-30,-,0,1738181818,DECREASED,0,0,0,0,0.0,0,0,2026-10-05
1359428,23,Azim Nadim,Kuala Lumpur City FC,Malaysia,MYS1,1,Bek-Kanan,Defender,23,2003-04-13,False,Malaysia,Lokal,172,kanan,2026-08-28,UiTM (2021-2022),2027-06-30,-,0,0,STABLE,0,0,0,0,0.0,0,0,2026-10-05
483646,21,Kenny Pallraj,Kuala Lumpur City FC,Malaysia,MYS1,1,Gel. Bertahan,Midfielder,33,1993-04-21,False,Malaysia,Lokal,181,kanan,2021-05-05,"Perak U-21 (2012-2014), Harimau Muda (2015)",2027-06-30,"Rp2,17Mlyr.",2172727273,2607272727,DECREASED,0,0,0,0,0.0,0,0,2026-10-05
1008345,33,Saiful Jamaluddin,Kuala Lumpur City FC,Malaysia,MYS1,1,Gel. Bertahan,Midfielder,24,2002-05-28,False,Malaysia,Lokal,175,kanan,2026-08-19,"Felda United (2020), Terengganu (2021)",2027-06-30,"Rp2,17Mlyr.",2172727273,2172727273,UNCHANGED,0,0,0,0,0.0,0,0,2026-10-05
215399,20,Gary Steven,Kuala Lumpur City FC,Malaysia,MYS1,1,Gel. Bertahan,Midfielder,34,1992-09-03,False,Malaysia,Lokal,174,kanan,2026-08-18,"Bukit Jalil Sports School (2006-2007), Harimau Muda (2008-20",2027-06-30,"Rp1,30Mlyr.",1303636364,1303636364,UNCHANGED,0,0,0,0,0.0,0,0,2026-10-05
1067190,30,Ibrahim Manusi,Kuala Lumpur City FC,Malaysia,MYS1,1,Gel. Bertahan,Midfielder,25,2001-09-30,False,Malaysia,Lokal,181,kanan,2026-08-20,"SSTMI (2018), Sri Pahang (2021-2022)",2027-06-30,"Rp1,30Mlyr.",1303636364,1738181818,DECREASED,0,0,0,0,0.0,0,0,2026-10-05
523586,8,Zhafri Yahya,Kuala Lumpur City FC,Malaysia,MYS1,1,Gel. Tengah,Midfielder,32,1994-09-25,False,Malaysia,Lokal,167,kanan,2017-01-01,"PKNS (2012-2013), Selangor (2015)",2027-06-30,"Rp4,35Mlyr.",4345454545,4345454545,UNCHANGED,0,0,0,0,0.0,0,0,2026-10-05
1567919,27,Amreel Iqbal,Kuala Lumpur City FC,Malaysia,MYS1,1,Gel. Tengah,Midfielder,24,2002-02-06,False,Malaysia,Lokal,174,kanan,2026-08-28,"JDT Academy (2014-2019), Johor Darul Ta'zim (2020), Kuala Lu",2027-06-30,-,0,0,STABLE,0,0,0,0,0.0,0,0,2026-10-05
993033,17,Fazrul Amir,Kuala Lumpur City FC,Malaysia,MYS1,1,Sayap Kiri,Attack,26,2000-02-27,False,Malaysia,Lokal,163,kanan,2025-07-22,"Kelantan (2018), PKNS (2019)",2027-06-30,"Rp1,74Mlyr.",1738181818,2172727273,DECREASED,0,0,0,0,0.0,0,0,2026-10-05
523856,16,J. Partiban,Kuala Lumpur City FC,Malaysia,MYS1,1,Sayap Kiri,Attack,33,1992-11-28,False,Malaysia,Lokal,179,kiri,2021-05-05,Perak (2012-2013),2027-06-30,"Rp869,09Jt.",869090909,1303636364,DECREASED,0,0,0,0,0.0,0,0,2026-10-05
83253,10,Reagy Ofosu,Kuala Lumpur City FC,Malaysia,MYS1,1,Sayap Kiri,Attack,35,1991-09-20,False,Jerman,Asing Non-Asia,175,keduanya,2026-08-20,"Harburger TB (2000-12/2004), Hamburger SV (01/2005-2010)",2027-06-30,-,0,869090909,DECREASED,0,0,0,0,0.0,0,0,2026-10-05
546315,19,Baqiuddin Shamsudin,Kuala Lumpur City FC,Malaysia,MYS1,1,Sayap Kanan,Attack,31,1994-12-14,False,Malaysia,Lokal,165,kanan,2026-08-18,Pahang (2014-2015),2027-06-30,"Rp3,04Mlyr.",3041818182,3041818182,UNCHANGED,0,0,0,0,0.0,0,0,2026-10-05
392751,12,S. Kumaahran,Kuala Lumpur City FC,Malaysia,MYS1,1,Sayap Kanan,Attack,30,1996-07-03,False,Malaysia,Lokal,168,kanan,2026-08-19,"Penang (2013), Harimau Muda B (2014-2015)",2027-06-30,"Rp2,61Mlyr.",2607272727,2607272727,UNCHANGED,0,0,0,0,0.0,0,0,2026-10-05
1085935,77,S. Sharvin,Kuala Lumpur City FC,Malaysia,MYS1,1,Sayap Kanan,Attack,26,2000-07-23,False,Malaysia,Lokal,167,kanan,2024-03-19,"SSMP (2015-2017), Selangor (2018-2019)",2027-06-30,"Rp434,55Jt.",434545455,869090909,DECREASED,0,0,0,0,0.0,0,0,2026-10-05
1109753,18,Adam Mukriz,Kuala Lumpur City FC,Malaysia,MYS1,1,Sayap Kanan,Attack,22,2004-06-04,True,Malaysia,Lokal,176,kiri,2026-08-28,"Kuala Lumpur (2022), Kedah (2023-2025)",2027-06-30,-,0,0,STABLE,0,0,0,0,0.0,0,0,2026-10-05
354246,15,Fareed Sadat,Kuala Lumpur City FC,Malaysia,MYS1,1,Depan-Tengah,Attack,27,1998-11-10,False,Afganistan,Asia (AFC),185,keduanya,2026-09-03,"Espoon Palloseura, FC Espoo, Grankulla IFK",2027-06-30,"Rp3,04Mlyr.",3041818182,3476363636,DECREASED,0,0,0,0,0.0,0,0,2026-10-05
377149,28,Paulo Josué,Kuala Lumpur City FC,Malaysia,MYS1,1,Depan-Tengah,Attack,37,1989-03-13,False,Malaysia,Lokal,184,kiri,2017-05-31,-,2028-06-30,"Rp3,04Mlyr.",3041818182,3476363636,DECREASED,0,0,0,0,0.0,0,0,2026-10-05
483398,7,Syafiq Ahmad,Kuala Lumpur City FC,Malaysia,MYS1,1,Depan-Tengah,Attack,31,1995-06-28,False,Malaysia,Lokal,175,kanan,2026-08-19,"SSN Kedah (2008-2012), Kedah FA (2013)",2027-06-30,"Rp2,61Mlyr.",2607272727,2607272727,UNCHANGED,0,0,0,0,0.0,0,0,2026-10-05
213951,11,Hazwan Bakri,Kuala Lumpur City FC,Malaysia,MYS1,1,Depan-Tengah,Attack,35,1991-06-19,False,Malaysia,Lokal,172,kiri,2026-08-17,Bukit Jalil Sports School (2007-2008),2027-06-30,"Rp434,55Jt.",434545455,434545455,UNCHANGED,0,0,0,0,0.0,0,0,2026-10-05
803159,14,Amirul Husaini Zamri,Kuala Lumpur City FC,Malaysia,MYS1,1,Depan-Tengah,Attack,26,2000-10-04,False,Malaysia,Lokal,173,kanan,2026-08-28,Johor Darul Ta'zim (-2019),2027-06-30,-,0,434545455,DECREASED,0,0,0,0,0.0,0,0,2026-10-05
805183,37,Rafie Yaacob,Kuala Lumpur City FC,Malaysia,MYS1,1,Depan-Tengah,Attack,28,1998-07-02,False,Malaysia,Lokal,170,kanan,2026-08-28,"Kelantan U19 (2016), UiTM U21 (2017)",2027-06-30,-,0,1303636364,DECREASED,0,0,0,0,0.0,0,0,2026-10-05
805261,1,Rahadiazli Rahalim,Terengganu FC,Malaysia,MYS1,1,Kiper,Goalkeeper,25,2001-05-29,False,Malaysia,Lokal,192,kanan,2020-01-01,Terengganu FC IV (2019),2028-05-31,"Rp3,04Mlyr.",3041818182,1738181818,INCREASED,0,0,0,0,0.0,0,0,2026-10-05
483945,38,Suhaimi Husin,Terengganu FC,Malaysia,MYS1,1,Kiper,Goalkeeper,32,1994-08-09,False,Malaysia,Lokal,182,kanan,2021-01-01,"Hanelang (2014), T-Team U21 (2015)",2027-05-31,"Rp2,61Mlyr.",2607272727,2607272727,UNCHANGED,0,0,0,0,0.0,0,0,2026-10-05
874105,29,Syed Nasrulhaq,Terengganu FC,Malaysia,MYS1,1,Kiper,Goalkeeper,27,1999-03-06,False,Malaysia,Lokal,195,kanan,2022-12-13,Terengganu (2017-2020),2027-05-31,"Rp869,09Jt.",869090909,1303636364,DECREASED,0,0,0,0,0.0,0,0,2026-10-05
975928,3,Ubaidullah Shamsul,Terengganu FC,Malaysia,MYS1,1,Bek-Tengah,Defender,22,2003-11-30,True,Malaysia,Lokal,182,kiri,2023-07-01,"SMK Ibrahim Fikri (-2020), FAM-MSN (2021-2022)",2027-05-31,"Rp4,78Mlyr.",4780000000,3910909091,INCREASED,0,0,0,0,0.0,0,0,2026-10-05
584319,5,Shahrul Nizam Ros Hasni,Terengganu FC,Malaysia,MYS1,1,Bek-Tengah,Defender,28,1998-05-25,False,Malaysia,Lokal,175,kiri,2021-01-01,Kelantan (2016-2017),2027-05-31,"Rp4,35Mlyr.",4345454545,4780000000,DECREASED,0,0,0,0,0.0,0,0,2026-10-05
975933,24,Safwan Mazlan,Terengganu FC,Malaysia,MYS1,1,Bek-Tengah,Defender,24,2002-01-24,False,Malaysia,Lokal,181,kiri,2022-12-13,"Bukit Nenas Sports School (-2019), Terengganu (2020), FAM-MS",2027-05-31,"Rp4,35Mlyr.",4345454545,4345454545,UNCHANGED,0,0,0,0,0.0,0,0,2026-10-05
379375,4,Ngweni Ndasi,Terengganu FC,Malaysia,MYS1,1,Bek-Tengah,Defender,32,1994-06-15,False,Kamerun,Asing Non-Asia,185,kanan,2026-07-21,-,2027-05-31,"Rp2,61Mlyr.",2607272727,3476363636,DECREASED,0,0,0,0,0.0,0,0,2026-10-05
209591,44,Papé Diakité,Terengganu FC,Malaysia,MYS1,1,Bek-Tengah,Defender,33,1992-12-22,False,Senegal,Asing Non-Asia,194,kanan,2026-07-26,"ASC HLM (Dakar, Senegal), AS Trencin (-2011)",2027-05-31,-,0,5214545455,DECREASED,0,0,0,0,0.0,0,0,2026-10-05
874521,25,Alif Zakaria,Terengganu FC,Malaysia,MYS1,1,Bek-Kiri,Defender,28,1998-07-25,False,Malaysia,Lokal,179,kanan,2022-01-01,Terengganu (2016-2019),2028-05-31,"Rp3,48Mlyr.",3476363636,3476363636,UNCHANGED,0,0,0,0,0.0,0,0,2026-10-05
1207014,15,Faris Rifqi,Terengganu FC,Malaysia,MYS1,1,Bek-Kiri,Defender,24,2001-12-01,False,Malaysia,Lokal,168,kiri,2023-07-01,Terengganu (-2022),2027-05-31,"Rp434,55Jt.",434545455,869090909,DECREASED,0,0,0,0,0.0,0,0,2026-10-05
805265,23,Azam Azmi,Terengganu FC,Malaysia,MYS1,1,Bek-Kanan,Defender,25,2001-02-12,False,Malaysia,Lokal,174,kanan,2024-02-28,"SSN Terengganu (2014-2018), Terengganu FC (2018-2019)",2027-05-31,"Rp5,65Mlyr.",5649090909,5214545455,INCREASED,0,0,0,0,0.0,0,0,2026-10-05
1273555,55,Zachary Zahidadil,Terengganu FC,Malaysia,MYS1,1,Bek-Kanan,Defender,21,2005-05-27,True,Malaysia,Lokal,171,kanan,2026-03-01,"Mokhtar Dahari Academy (2018-2022), FAM-MSN (2023), Terengga",2027-05-31,-,0,0,STABLE,0,0,0,0,0.0,0,0,2026-10-05
1109752,14,Haziq Kutty,Terengganu FC,Malaysia,MYS1,1,Gel. Bertahan,Midfielder,22,2004-09-28,True,Malaysia,Lokal,180,kanan,2026-07-13,Penang (2022-2023),2027-05-31,"Rp1,74Mlyr.",1738181818,1738181818,UNCHANGED,0,0,0,0,0.0,0,0,2026-10-05
1273557,66,Danial Mohd Nor,Terengganu FC,Malaysia,MYS1,1,Gel. Bertahan,Midfielder,21,2005-01-19,True,Malaysia,Lokal,171,kanan,2025-07-01,"MSNT Project (2018-2020), Mokhtar Dahari Academy (2021-2022)",2027-05-31,-,0,0,STABLE,0,0,0,0,0.0,0,0,2026-10-05
736876,20,Habib Haroon,Terengganu FC,Malaysia,MYS1,1,Gel. Tengah,Midfielder,26,2000-10-05,False,Bahrain,Asia (AFC),170,kanan,2026-07-16,-,2027-05-31,"Rp3,91Mlyr.",3910909091,3910909091,UNCHANGED,0,0,0,0,0.0,0,0,2026-10-05
503958,21,Danial Amier,Terengganu FC,Malaysia,MYS1,1,Gel. Tengah,Midfielder,29,1997-03-27,False,Malaysia,Lokal,175,kanan,2026-07-10,"SSN Kuala Lumpur (-2013)Frenz United (2014-2016), FELDA Unit",2027-05-31,"Rp3,04Mlyr.",3041818182,3041818182,UNCHANGED,0,0,0,0,0.0,0,0,2026-10-05
93549,8,Manuel Ott,Terengganu FC,Malaysia,MYS1,1,Gel. Tengah,Midfielder,34,1992-05-06,False,Filipina,ASEAN,172,kanan,2026-07-09,"SV Ilmmünster, FSV Pfaffenhofen, TSV 1860 München (-2009), F",2027-05-31,"Rp2,61Mlyr.",2607272727,3476363636,DECREASED,0,0,0,0,0.0,0,0,2026-10-05
671396,6,Faiz Mazlan,Terengganu FC,Malaysia,MYS1,1,Gel. Tengah,Midfielder,29,1997-01-20,False,Malaysia,Lokal,173,kanan,2026-07-20,"SSN Kuala Lumpur (-2014), Frenz United (2015-2018)",2027-05-31,"Rp869,09Jt.",869090909,434545455,INCREASED,0,0,0,0,0.0,0,0,2026-10-05
336857,10,Víctor Ruiz,Terengganu FC,Malaysia,MYS1,1,Gel. Serang,Midfielder,32,1993-11-02,False,Spanyol,Asing Non-Asia,173,kanan,2026-07-21,-,2027-05-31,"Rp3,04Mlyr.",3041818182,3041818182,UNCHANGED,0,0,0,0,0.0,0,0,2026-10-05
1273553,18,G. Pavithran,Terengganu FC,Malaysia,MYS1,1,Sayap Kiri,Attack,21,2005-01-10,True,Malaysia,Lokal,180,kiri,2026-08-28,Johor Darul Ta'zim (2022-2025),2027-05-31,"Rp434,55Jt.",434545455,434545455,INCREASED,0,0,0,0,0.0,0,0,2026-10-05
633960,11,Mateusinho,Terengganu FC,Malaysia,MYS1,1,Sayap Kanan,Attack,27,1999-01-11,False,Brasil,Asing Non-Asia,176,kiri,2026-08-01,-,2027-06-30,"Rp5,21Mlyr.",5214545455,4345454545,INCREASED,0,0,0,0,0.0,0,0,2026-10-05
607269,7,Elvis Kamsoba,Terengganu FC,Malaysia,MYS1,1,Sayap Kanan,Attack,30,1996-07-21,False,Burundi,Asing Non-Asia,164,kanan,2026-07-16,-,2027-05-31,"Rp4,35Mlyr.",4345454545,3476363636,INCREASED,0,0,0,0,0.0,0,0,2026-10-05
723204,88,Nik Sharif Haseefy,Terengganu FC,Malaysia,MYS1,1,Sayap Kanan,Attack,29,1997-05-30,False,Malaysia,Lokal,168,keduanya,2026-08-01,Pahang FA (2016-2018),2027-05-31,"Rp869,09Jt.",869090909,1303636364,DECREASED,0,0,0,0,0.0,0,0,2026-10-05
435000,19,Romel Morales,Terengganu FC,Malaysia,MYS1,1,Depan-Tengah,Attack,29,1997-08-23,False,Malaysia,Lokal,187,kanan,2026-07-21,-,2027-05-31,"Rp5,21Mlyr.",5214545455,5649090909,DECREASED,0,0,0,0,0.0,0,0,2026-10-05
357798,82,Jordan Mintah,Terengganu FC,Malaysia,MYS1,1,Depan-Tengah,Attack,31,1995-09-02,False,Malaysia,Lokal,182,kanan,2026-07-22,-,2027-05-31,"Rp4,35Mlyr.",4345454545,4780000000,DECREASED,0,0,0,0,0.0,0,0,2026-10-05
240752,9,Gervane Kastaneer,Terengganu FC,Malaysia,MYS1,1,Depan-Tengah,Attack,30,1996-06-09,False,Curacao,Asing Non-Asia,189,kanan,2026-01-26,"IJVV De Zwervers, SC Feyenoord (2005-2007), FC Dordrecht (20",2027-05-31,"Rp3,91Mlyr.",3910909091,3041818182,INCREASED,0,0,0,0,0.0,0,0,2026-10-05
631137,30,Azri Ghani,Negeri Sembilan FC,Malaysia,MYS1,1,Kiper,Goalkeeper,27,1999-04-30,False,Malaysia,Lokal,177,kanan,2025-06-09,"SSBJ (2014-2016), (Felda United (2017)",2027-06-30,"Rp4,78Mlyr.",4780000000,3910909091,INCREASED,0,0,0,0,0.0,0,0,2026-10-05
803393,22,Aqil Razak,Negeri Sembilan FC,Malaysia,MYS1,1,Kiper,Goalkeeper,29,1997-04-28,False,Malaysia,Lokal,177,kanan,2024-03-15,"Felda United (2015-2016), PKNS (2017-2018), PJ City (2019)",2027-06-30,"Rp1,30Mlyr.",1303636364,1738181818,DECREASED,0,0,0,0,0.0,0,0,2026-10-05
879346,1,Syahmi Adib,Negeri Sembilan FC,Malaysia,MYS1,1,Kiper,Goalkeeper,23,2003-03-30,False,Malaysia,Lokal,180,kanan,2025-06-23,"Mokhtar Dahari Academy (2016-2020), Selangor (2021)",2027-06-30,"Rp434,55Jt.",434545455,434545455,UNCHANGED,0,0,0,0,0.0,0,0,2026-10-05
307397,4,Yi-young Park,Negeri Sembilan FC,Malaysia,MYS1,1,Bek-Tengah,Defender,32,1994-06-29,False,Korea Selatan,Asia (AFC),185,keduanya,2026-07-14,"Boin High School (2007-2009), Seoul Physical Education High ",2027-06-30,"Rp3,04Mlyr.",3041818182,3041818182,UNCHANGED,0,0,0,0,0.0,0,0,2026-10-05
492746,5,Kei Oshiro,Negeri Sembilan FC,Malaysia,MYS1,1,Bek-Tengah,Defender,26,2000-09-16,False,Jepang,Asia (AFC),182,kanan,2026-01-05,"W-Wing Okinawa, Urawa Red Diamonds",2028-06-30,"Rp3,04Mlyr.",3041818182,3041818182,INCREASED,0,0,0,0,0.0,0,0,2026-10-05
805195,27,Zainal Abidin Jamil,Negeri Sembilan FC,Malaysia,MYS1,1,Bek-Tengah,Defender,27,1999-08-05,False,Malaysia,Lokal,180,kanan,2023-01-13,"SSN Pahang (-2016), Felda United (2017-2020)",2027-06-30,"Rp2,17Mlyr.",2172727273,2607272727,DECREASED,0,0,0,0,0.0,0,0,2026-10-05
681340,3,Ryaan Sanizal,Negeri Sembilan FC,Malaysia,MYS1,1,Bek-Tengah,Defender,24,2002-05-31,False,Singapura,ASEAN,178,kanan,2026-07-08,"National Football Academy (-2018), Tampines Rovers (2019)",2027-06-30,"Rp1,74Mlyr.",1738181818,1303636364,INCREASED,0,0,0,0,0.0,0,0,2026-10-05
484834,18,Khuzaimi Piee,Negeri Sembilan FC,Malaysia,MYS1,1,Bek-Tengah,Defender,32,1993-11-11,False,Malaysia,Lokal,180,kiri,2025-06-14,MP Muar (2010),2027-06-30,"Rp1,74Mlyr.",1738181818,1738181818,UNCHANGED,0,0,0,0,0.0,0,0,2026-10-05
610435,23,Filip Andersen,Negeri Sembilan FC,Malaysia,MYS1,1,Bek-Tengah,Defender,23,2003-02-13,False,Norwegia,Asing Non-Asia,184,kiri,2025-08-30,"Karlslunde IF (-2015), Brøndby IF (2015-2022)",2029-06-30,"Rp1,30Mlyr.",1303636364,1738181818,DECREASED,0,0,0,0,0.0,0,0,2026-10-05
1028895,37,Zuryhakim Zafran,Negeri Sembilan FC,Malaysia,MYS1,1,Bek-Tengah,Defender,20,2005-10-16,True,Malaysia,Lokal,176,kiri,2026-07-01,"Akademi Mokhtar Dahari (2018-2022), FAM-MSN (2023), Terengga",-,-,0,0,STABLE,0,0,0,0,0.0,0,0,2026-10-05
805264,26,Hairiey Hakim,Negeri Sembilan FC,Malaysia,MYS1,1,Bek-Kiri,Defender,26,2000-01-14,False,Malaysia,Lokal,170,kiri,2026-07-08,"SSN Terengganu (-2017), Terengganu (2018-2019)",2028-06-30,"Rp1,30Mlyr.",1303636364,434545455,INCREASED,0,0,0,0,0.0,0,0,2026-10-05
541773,33,Umar Hakeem,Negeri Sembilan FC,Malaysia,MYS1,1,Bek-Kiri,Defender,24,2002-08-26,False,Malaysia,Lokal,170,kiri,2026-07-07,"National Football Development Programme (2014-2015), Mokhtar",2027-06-30,"Rp869,09Jt.",869090909,434545455,INCREASED,0,0,0,0,0.0,0,0,2026-10-05
805181,28,Ariff Ar-Rasyid,Negeri Sembilan FC,Malaysia,MYS1,1,Bek-Kanan,Defender,27,1998-12-28,False,Malaysia,Lokal,176,kanan,2025-06-18,"Kuala Lumpur (2016), PKNS (2017-2018)",2028-06-30,"Rp3,04Mlyr.",3041818182,2607272727,INCREASED,0,0,0,0,0.0,0,0,2026-10-05
541766,2,Raimi Shamsul,Negeri Sembilan FC,Malaysia,MYS1,1,Bek-Kanan,Defender,23,2002-10-28,False,Malaysia,Lokal,169,kanan,2026-07-08,"SSTMI (2015), SSBJ (2016), Mokhtar Dahari Academy (2017-2019",2027-06-30,"Rp869,09Jt.",869090909,869090909,STABLE,0,0,0,0,0.0,0,0,2026-10-05
735947,8,Wai Lin Aung,Negeri Sembilan FC,Malaysia,MYS1,1,Gel. Bertahan,Midfielder,27,1999-07-30,False,Myanmar,ASEAN,170,kanan,2025-08-01,ISPE FC (2013-2017),2027-06-30,"Rp2,61Mlyr.",2607272727,2607272727,UNCHANGED,0,0,0,0,0.0,0,0,2026-10-05
550584,24,Yuichi Hirano,Negeri Sembilan FC,Malaysia,MYS1,1,Gel. Tengah,Midfielder,30,1996-03-11,False,Jepang,Asia (AFC),175,kanan,2026-02-02,"Kinder SC Yoshimitsu, Tokyo Verdy Yth, Kokugakuin University",2027-06-30,"Rp2,61Mlyr.",2607272727,1738181818,INCREASED,0,0,0,0,0.0,0,0,2026-10-05
227209,14,Akram Mahinan,Negeri Sembilan FC,Malaysia,MYS1,1,Gel. Tengah,Midfielder,33,1993-01-09,False,Malaysia,Lokal,177,kanan,2026-07-14,Bukit Jalil Sports School (2006-2010),2027-06-30,"Rp1,74Mlyr.",1738181818,2172727273,DECREASED,0,0,0,0,0.0,0,0,2026-10-05
990635,12,Afiq Fitri,Negeri Sembilan FC,Malaysia,MYS1,1,Gel. Tengah,Midfielder,23,2002-11-18,False,Malaysia,Lokal,170,kiri,2024-02-12,Negeri Sembilan (2020-2024),2027-06-30,"Rp434,55Jt.",434545455,434545455,INCREASED,0,0,0,0,0.0,0,0,2026-10-05
975909,6,Wan Kuzri,Negeri Sembilan FC,Malaysia,MYS1,1,Gel. Tengah,Midfielder,24,2002-08-09,False,Malaysia,Lokal,180,kanan,2026-01-19,St. Louis Scott Gallagher SC,2027-06-30,-,0,0,STABLE,0,0,0,0,0.0,0,0,2026-10-05
1028896,21,Haiqal Haqeemi,Negeri Sembilan FC,Malaysia,MYS1,1,Gel. Tengah,Midfielder,22,2003-11-04,True,Malaysia,Lokal,170,kiri,2025-06-24,Mokhtar Dahari Academy (2016-2020) Selangor FC (2021-2023),2027-06-30,-,0,434545455,DECREASED,0,0,0,0,0.0,0,0,2026-10-05
1028898,34,Adam Haikal Azizol,Negeri Sembilan FC,Malaysia,MYS1,1,Gel. Tengah,Midfielder,20,2005-10-10,True,Malaysia,Lokal,165,kiri,2026-07-01,"Mokhtar Dahari Academy (2018-2022), Selangor (2023)",-,-,0,0,STABLE,0,0,0,0,0.0,0,0,2026-10-05
351565,7,Takumi Sasaki,Negeri Sembilan FC,Malaysia,MYS1,1,Gel. Serang,Midfielder,28,1998-03-30,False,Jepang,Asia (AFC),168,kanan,2024-03-11,Vegalta Sendai,2028-06-30,"Rp4,78Mlyr.",4780000000,3910909091,INCREASED,0,0,0,0,0.0,0,0,2026-10-05
493251,32,Akhyar Rashid,Negeri Sembilan FC,Malaysia,MYS1,1,Sayap Kiri,Attack,27,1999-05-01,False,Malaysia,Lokal,169,kanan,2026-07-17,"SMK Mergong (2012-2013), Kedah FA (2014-2016)",2027-06-30,"Rp4,78Mlyr.",4780000000,4780000000,UNCHANGED,0,0,0,0,0.0,0,0,2026-10-05
406138,9,Jovan Motika,Negeri Sembilan FC,Malaysia,MYS1,1,Sayap Kiri,Attack,28,1998-09-11,False,Bosnia-Herzegovina,Asing Non-Asia,175,kanan,2025-07-04,Radnik Bijeljina (-2017),2028-06-30,"Rp4,35Mlyr.",4345454545,3910909091,INCREASED,0,0,0,0,0.0,0,0,2026-10-05
1432293,57,Anuar Ceesay,Negeri Sembilan FC,Malaysia,MYS1,1,Sayap Kiri,Attack,23,2002-10-27,False,Inggris,Asing Non-Asia,171,kanan,2026-08-24,-,2029-06-30,"Rp434,55Jt.",434545455,434545455,STABLE,0,0,0,0,0.0,0,0,2026-10-05
1180675,20,Mio Tsuneyasu,Negeri Sembilan FC,Malaysia,MYS1,1,Sayap Kanan,Attack,25,2001-09-08,False,Jepang,Asia (AFC),165,kanan,2026-07-01,-,2027-06-30,"Rp2,17Mlyr.",2172727273,1303636364,INCREASED,0,0,0,0,0.0,0,0,2026-10-05
879331,17,Alif Mutalib,Negeri Sembilan FC,Malaysia,MYS1,1,Sayap Kanan,Attack,24,2002-01-16,False,Malaysia,Lokal,162,kanan,2026-07-05,"Mokhtar Dahari Academy (2015-2019), Johor Darul Ta'zim III (",2027-06-30,-,0,0,STABLE,0,0,0,0,0.0,0,0,2026-10-05
1028888,35,Izrin Ibrahim,Negeri Sembilan FC,Malaysia,MYS1,1,Sayap Kanan,Attack,22,2004-04-02,True,Malaysia,Lokal,173,kiri,2026-07-01,"Mokhtar Dahari Academy (2017-2021), Selangor (2022)",-,-,0,0,STABLE,0,0,0,0,0.0,0,0,2026-10-05
541749,10,Luqman Hakim,Negeri Sembilan FC,Malaysia,MYS1,1,Depan-Tengah,Attack,24,2002-03-05,False,Malaysia,Lokal,170,kanan,2025-06-13,"NFDP/Mykids Kelantan (2012-2014), Mokhtar Dahari Academy (20",2027-06-30,"Rp3,48Mlyr.",3476363636,2172727273,INCREASED,0,0,0,0,0.0,0,0,2026-10-05
304220,13,Yusuke Minagawa,Negeri Sembilan FC,Malaysia,MYS1,1,Depan-Tengah,Attack,34,1991-10-09,False,Jepang,Asia (AFC),188,kanan,2026-08-17,"Tokorosawa TSC (-2003), Tokorosawa JY (2004-2006), Maebashi ",2027-06-30,"Rp1,74Mlyr.",1738181818,2172727273,DECREASED,0,0,0,0,0.0,0,0,2026-10-05
925047,19,N. Javabilaarivin,Negeri Sembilan FC,Malaysia,MYS1,1,Depan-Tengah,Attack,26,2000-07-17,False,Malaysia,Lokal,172,kanan,2021-01-01,"Sekolah Sukan Negeri Sembilan (2013-2014), Frenz United (201",2027-06-30,"Rp869,09Jt.",869090909,434545455,INCREASED,0,0,0,0,0.0,0,0,2026-10-05
990657,16,Rahman Daud,Negeri Sembilan FC,Malaysia,MYS1,1,Depan-Tengah,Attack,21,2004-12-04,True,Malaysia,Lokal,175,kanan,2026-07-06,"SSN Melaka (2017-2018), Mokhtar Dahari Academy (2019-2021)",2029-06-30,-,0,434545455,DECREASED,0,0,0,0,0.0,0,0,2026-10-05
259935,22,Ramadhan Hamid,Penang FC,Malaysia,MYS1,1,Kiper,Goalkeeper,32,1994-02-16,False,Malaysia,Lokal,185,kanan,2025-07-01,Kelantan FA U21 (2012),2027-06-30,"Rp1,74Mlyr.",1738181818,1738181818,UNCHANGED,0,0,0,0,0.0,0,0,2026-10-05
1131592,46,Nor Hakeem Hamidun,Penang FC,Malaysia,MYS1,1,Kiper,Goalkeeper,25,2001-07-31,False,Malaysia,Lokal,182,kanan,2026-07-31,"SSTMI (2017-2018), Johor Darul Ta'zim (2018-2021)",2027-06-30,"Rp1,74Mlyr.",1738181818,1738181818,UNCHANGED,0,0,0,0,0.0,0,0,2026-10-05
315547,1,Khairulazhan Khalid,Penang FC,Malaysia,MYS1,1,Kiper,Goalkeeper,36,1989-11-07,False,Malaysia,Lokal,182,kanan,2025-06-07,Pahang (2009-2010),2027-06-30,"Rp869,09Jt.",869090909,1303636364,DECREASED,0,0,0,0,0.0,0,0,2026-10-05
1424470,36,Ashriq Izzat,Penang FC,Malaysia,MYS1,1,Kiper,Goalkeeper,24,2002-03-24,False,Malaysia,Lokal,181,kanan,2025-07-08,"Felda Football Academy (2017-2018), UiTM (2019), Kuala Lumpu",2027-06-30,-,0,0,STABLE,0,0,0,0,0.0,0,0,2026-10-05
422916,15,Stefano Brundo,Penang FC,Malaysia,MYS1,1,Bek-Tengah,Defender,33,1993-05-19,False,Argentina,Asing Non-Asia,191,kanan,2025-06-10,-,2027-06-30,"Rp3,91Mlyr.",3910909091,4345454545,DECREASED,0,0,0,0,0.0,0,0,2026-10-05
512362,6,Khairul Akmal Rokisham,Penang FC,Malaysia,MYS1,1,Bek-Tengah,Defender,28,1998-05-28,False,Malaysia,Lokal,179,kanan,2017-01-01,"SSN Pulau Pinang (2011-2015), Penang (2016)",2027-06-30,"Rp2,17Mlyr.",2172727273,2172727273,UNCHANGED,0,0,0,0,0.0,0,0,2026-10-05
223041,55,Faith Obilor,Penang FC,Malaysia,MYS1,1,Bek-Tengah,Defender,35,1991-03-05,False,Nigeria,Asing Non-Asia,189,kanan,2025-08-27,Babanawa FC,2027-06-30,"Rp1,30Mlyr.",1303636364,1738181818,DECREASED,0,0,0,0,0.0,0,0,2026-10-05
1152126,50,M. Rakesh,Penang FC,Malaysia,MYS1,1,Bek-Tengah,Defender,24,2002-06-11,False,Malaysia,Lokal,176,kanan,2026-07-04,PJ City (2022),2027-06-30,"Rp869,09Jt.",869090909,434545455,INCREASED,0,0,0,0,0.0,0,0,2026-10-05
407683,3,Fazly Mazlan,Penang FC,Malaysia,MYS1,1,Bek-Kiri,Defender,32,1993-12-22,False,Malaysia,Lokal,174,kiri,2026-07-04,"MP Muar (2009), Johor FA (2010-2012)",2027-06-30,"Rp1,74Mlyr.",1738181818,2172727273,DECREASED,0,0,0,0,0.0,0,0,2026-10-05
997822,57,G. Durrkeswaran,Penang FC,Malaysia,MYS1,1,Bek-Kiri,Defender,29,1997-07-05,False,Malaysia,Lokal,171,kiri,2026-07-21,"SSN Melaka (2014), Negeri Sembilan (2015-2017)",2027-06-30,"Rp869,09Jt.",869090909,869090909,UNCHANGED,0,0,0,0,0.0,0,0,2026-10-05
810102,33,Juzaerul Jasmi,Penang FC,Malaysia,MYS1,1,Bek-Kiri,Defender,26,2000-07-11,False,Malaysia,Lokal,176,kiri,2026-07-22,Kelantan (2018),2027-06-30,-,0,173818182,DECREASED,0,0,0,0,0.0,0,0,2026-10-05
940579,67,Fahmi Daniel,Penang FC,Malaysia,MYS1,1,Bek-Kanan,Defender,24,2002-02-01,False,Malaysia,Lokal,167,kanan,2026-07-21,"Mokhtar Dahari Academy (2015-2019), Selangor (2020)",2027-06-30,-,0,1303636364,DECREASED,0,0,0,0,0.0,0,0,2026-10-05
1394680,18,Ad'dha Nazman,Penang FC,Malaysia,MYS1,1,Bek-Kanan,Defender,24,2002-03-10,False,Malaysia,Lokal,168,kanan,2026-07-04,Kedah (2020-2023),2027-06-30,-,0,0,STABLE,0,0,0,0,0.0,0,0,2026-10-05
695178,77,Bakhtiyor Kosimov,Penang FC,Malaysia,MYS1,1,Gel. Tengah,Midfielder,31,1995-10-01,False,Uzbekistan,Asia (AFC),180,kanan,2026-07-31,-,2027-06-30,"Rp3,91Mlyr.",3910909091,3476363636,INCREASED,0,0,0,0,0.0,0,0,2026-10-05
998895,80,Izzat Zikri Iziruddin,Penang FC,Malaysia,MYS1,1,Gel. Tengah,Midfielder,24,2002-07-02,False,Malaysia,Lokal,166,kanan,2024-02-20,"SSTMI (2015-2017), Melaka (2018), Kuala Lumpur (2019-2020), ",2027-06-30,"Rp3,04Mlyr.",3041818182,2607272727,INCREASED,0,0,0,0,0.0,0,0,2026-10-05
483657,14,Firdaus Saiyadi,Penang FC,Malaysia,MYS1,1,Gel. Tengah,Midfielder,29,1996-10-12,False,Malaysia,Lokal,173,kanan,2025-06-09,"SMK Anderson (-2013), Perak (2014-2016)",2027-06-30,"Rp2,61Mlyr.",2607272727,2172727273,INCREASED,0,0,0,0,0.0,0,0,2026-10-05
723672,92,Aliff Haiqal,Penang FC,Malaysia,MYS1,1,Gel. Tengah,Midfielder,26,2000-07-11,False,Malaysia,Lokal,168,kanan,2026-07-01,"CIMB-YFA (2012), SSTMI (2013-2015), SSMP U16 (2016), PKNS (2",2027-06-30,"Rp2,61Mlyr.",2607272727,3041818182,DECREASED,0,0,0,0,0.0,0,0,2026-10-05
578711,20,Danial Haqim Deraman,Penang FC,Malaysia,MYS1,1,Gel. Tengah,Midfielder,28,1998-08-29,False,Malaysia,Lokal,174,kanan,2026-07-04,Kelantan (2015-2018),2027-06-30,"Rp1,30Mlyr.",1303636364,869090909,INCREASED,0,0,0,0,0.0,0,0,2026-10-05
940585,19,Ruo Han,Penang FC,Malaysia,MYS1,1,Gel. Serang,Midfielder,25,2001-09-01,False,Malaysia,Lokal,171,kanan,2025-06-09,JDT III (2018-2020),2027-06-30,"Rp869,09Jt.",869090909,434545455,INCREASED,0,0,0,0,0.0,0,0,2026-10-05
241744,8,OJ Porteria,Penang FC,Malaysia,MYS1,1,Sayap Kiri,Attack,32,1994-05-09,False,Filipina,ASEAN,170,kiri,2025-08-28,-,2027-06-30,"Rp1,30Mlyr.",1303636364,1303636364,UNCHANGED,0,0,0,0,0.0,0,0,2026-10-05
1372463,28,Akid Zamri,Penang FC,Malaysia,MYS1,1,Sayap Kiri,Attack,21,2005-02-13,True,Malaysia,Lokal,165,kanan,2025-01-01,Mokhtar Dahari Academy (2018-2022),2027-06-30,"Rp1,30Mlyr.",1303636364,1303636364,UNCHANGED,0,0,0,0,0.0,0,0,2026-10-05
1567878,17,Danie Asyraf,Penang FC,Malaysia,MYS1,1,Sayap Kiri,Attack,24,2002-07-08,False,Malaysia,Lokal,172,kanan,2026-07-22,"SSN Kuala Lumpur (-2019), Johor Darul Ta'zim (2020-2025)",2027-06-30,-,0,0,STABLE,0,0,0,0,0.0,0,0,2026-10-05
1148348,13,Khala'if Naskam,Penang FC,Malaysia,MYS1,1,Sayap Kanan,Attack,24,2002-02-02,False,Malaysia,Lokal,171,kanan,2026-07-04,Terengganu (2020-2021),2027-06-30,"Rp869,09Jt.",869090909,869090909,UNCHANGED,0,0,0,0,0.0,0,0,2026-10-05
990638,37,Haqimi Azim,Penang FC,Malaysia,MYS1,1,Depan-Tengah,Attack,23,2003-01-06,False,Malaysia,Lokal,184,kanan,2026-07-13,"SSN Selangor (2016-2017), SSN Kuala Lumpur (2018-2020), Kual",2027-06-30,"Rp3,91Mlyr.",3910909091,3910909091,UNCHANGED,0,0,0,0,0.0,0,0,2026-10-05
690322,16,Dejan Tumbas,Penang FC,Malaysia,MYS1,1,Depan-Tengah,Attack,27,1999-08-05,False,Serbia,Asing Non-Asia,187,kanan,2026-08-14,-,2027-06-30,"Rp3,48Mlyr.",3476363636,3476363636,UNCHANGED,0,0,0,0,0.0,0,0,2026-10-05
654352,9,Enzo Célestine,Penang FC,Malaysia,MYS1,1,Depan-Tengah,Attack,29,1997-07-24,False,Prancis,Asing Non-Asia,190,kanan,2026-08-19,-,2027-06-30,"Rp2,61Mlyr.",2607272727,2607272727,UNCHANGED,0,0,0,0,0.0,0,0,2026-10-05
525055,32,Shahrel Fikri,Penang FC,Malaysia,MYS1,1,Depan-Tengah,Attack,31,1994-10-17,False,Malaysia,Lokal,180,kanan,2026-07-17,Perak FC (2013-2015),2027-06-30,"Rp2,17Mlyr.",2172727273,2172727273,UNCHANGED,0,0,0,0,0.0,0,0,2026-10-05
451115,7,Murodbek Bobojonov,Penang FC,Malaysia,MYS1,1,Depan-Tengah,Attack,32,1994-07-16,False,Uzbekistan,Asia (AFC),180,kanan,2026-07-22,-,2027-06-30,"Rp1,74Mlyr.",1738181818,2172727273,DECREASED,0,0,0,0,0.0,0,0,2026-10-05
441844,11,Jarvey Gayoso,Penang FC,Malaysia,MYS1,1,Depan-Tengah,Attack,29,1997-02-11,False,Filipina,ASEAN,181,kanan,2026-08-14,Ateneo de Manila University (2013-2019),2027-06-30,"Rp1,74Mlyr.",1738181818,2607272727,DECREASED,0,0,0,0,0.0,0,0,2026-10-05
1122039,29,Suhaimi Abu,Penang FC,Malaysia,MYS1,1,Depan-Tengah,Attack,24,2002-03-04,False,Malaysia,Lokal,176,kanan,2026-07-21,"Felda United (2020), Kelantan United (2021), Kuala Lumpur Ci",2027-06-30,-,0,434545455,DECREASED,0,0,0,0,0.0,0,0,2026-10-05
190999,19,Khairul Fahmi,Melaka FC,Malaysia,MYS1,1,Kiper,Goalkeeper,37,1989-01-07,False,Malaysia,Lokal,173,kanan,2026-08-08,"Bukit Jalil Sports School (2005-2006), PKNS (2007-2008), Har",2027-06-30,"Rp869,09Jt.",869090909,1303636364,DECREASED,0,0,0,0,0.0,0,0,2026-10-05
940567,29,Firdaus Irman,Melaka FC,Malaysia,MYS1,1,Kiper,Goalkeeper,25,2001-07-23,False,Malaysia,Lokal,185,kanan,2025-07-15,Sekolah Sukan Tunku Mahkota Ismail (-2018),2027-06-30,"Rp434,55Jt.",434545455,434545455,UNCHANGED,0,0,0,0,0.0,0,0,2026-10-05
1567848,26,Hafiz Azizi,Melaka FC,Malaysia,MYS1,1,Kiper,Goalkeeper,25,2001-08-05,False,Malaysia,Lokal,180,kanan,2026-08-14,Johor Darul Ta'zim (2019-2020),2027-06-30,-,0,0,STABLE,0,0,0,0,0.0,0,0,2026-10-05
949179,33,Noel Agbre,Melaka FC,Malaysia,MYS1,1,Bek-Tengah,Defender,25,2000-12-23,False,Pantai Gading,Asing Non-Asia,188,kanan,2026-01-13,-,2027-06-30,"Rp3,91Mlyr.",3910909091,3910909091,UNCHANGED,0,0,0,0,0.0,0,0,2026-10-05
166218,24,Argzim Redzovic,Melaka FC,Malaysia,MYS1,1,Bek-Tengah,Defender,34,1992-02-26,False,Montenegro,Asing Non-Asia,190,keduanya,2026-01-05,Mogren Budva (-2010),2027-06-30,"Rp869,09Jt.",869090909,869090909,INCREASED,0,0,0,0,0.0,0,0,2026-10-05
1109749,21,Kamal Arif,Melaka FC,Malaysia,MYS1,1,Bek-Tengah,Defender,23,2002-12-29,False,Malaysia,Lokal,184,kanan,2026-08-14,FAM-MSN (2021),2027-06-30,-,0,869090909,DECREASED,0,0,0,0,0.0,0,0,2026-10-05
727590,51,Shuto Asano,Melaka FC,Malaysia,MYS1,1,Bek-Tengah,Defender,25,2001-03-04,False,Jepang,Asia (AFC),184,kanan,2026-08-22,Nippon Sport Science University Kashiwa HS,2027-06-30,-,0,2172727273,DECREASED,0,0,0,0,0.0,0,0,2026-10-05
1238865,5,Shin-hoo Kim,Melaka FC,Malaysia,MYS1,1,Bek-Tengah,Defender,25,2001-03-06,False,Korea Selatan,Asia (AFC),187,kanan,2026-09-03,"Seongnam Ilhwa Chunma U12 (성남일화천마 U12, 2013),
Pungsaeng Mid",-,-,0,0,STABLE,0,0,0,0,0.0,0,0,2026-10-05
501800,23,Azwan Aripin,Melaka FC,Malaysia,MYS1,1,Bek-Kiri,Defender,30,1996-04-21,False,Malaysia,Lokal,171,kiri,2026-08-14,Kelantan FA U21 (2014-2017),2027-06-30,"Rp3,04Mlyr.",3041818182,3041818182,UNCHANGED,0,0,0,0,0.0,0,0,2026-10-05
874219,68,V. Ruventhiran,Melaka FC,Malaysia,MYS1,1,Bek-Kiri,Defender,25,2001-08-24,False,Malaysia,Lokal,175,kiri,2026-01-05,"MBSA FC (2008–2011), Cimb YFA Bintang Muda (2012–2016), MISC",2027-06-30,"Rp2,17Mlyr.",2172727273,1303636364,INCREASED,0,0,0,0,0.0,0,0,2026-10-05
545534,25,Khairul Anwar,Melaka FC,Malaysia,MYS1,1,Bek-Kiri,Defender,35,1990-10-09,False,Malaysia,Lokal,172,kiri,2024-04-01,MP Muar (2011),2027-06-30,"Rp434,55Jt.",434545455,869090909,DECREASED,0,0,0,0,0.0,0,0,2026-10-05
1422137,39,S. Thanush,Melaka FC,Malaysia,MYS1,1,Bek-Kiri,Defender,23,2002-10-14,False,Malaysia,Lokal,182,kiri,2026-08-14,"Petaling Jaya City (2022), Kelantan DN U23 (2023)",2027-06-30,-,0,0,STABLE,0,0,0,0,0.0,0,0,2026-10-05
507592,3,Simen Lyngbø,Melaka FC,Malaysia,MYS1,1,Bek-Kanan,Defender,28,1998-02-18,False,Filipina,ASEAN,180,keduanya,2026-02-01,"Stabaek Fotball, Baerum SK (-2016)",-,"Rp3,04Mlyr.",3041818182,3041818182,UNCHANGED,0,0,0,0,0.0,0,0,2026-10-05
560095,2,Che Rashid Che Halim,Melaka FC,Malaysia,MYS1,1,Bek-Kanan,Defender,31,1994-12-17,False,Malaysia,Lokal,176,keduanya,2025-07-14,Johor Darul Ta'zim (2013),2027-06-30,"Rp1,74Mlyr.",1738181818,1738181818,UNCHANGED,0,0,0,0,0.0,0,0,2026-10-05
545530,4,Aroon Kumar,Melaka FC,Malaysia,MYS1,1,Bek-Kanan,Defender,32,1994-03-18,False,Malaysia,Lokal,174,kanan,2025-07-15,"Melaka United (2012-2014),
Negeri Sembilan (2015)",2027-06-30,"Rp1,30Mlyr.",1303636364,1303636364,UNCHANGED,0,0,0,0,0.0,0,0,2026-10-05
1355467,16,Michael Ozor,Melaka FC,Malaysia,MYS1,1,Gel. Bertahan,Midfielder,22,2004-04-02,True,Nigeria,Asing Non-Asia,186,kanan,2024-04-01,-,2027-06-30,"Rp1,30Mlyr.",1303636364,1303636364,UNCHANGED,0,0,0,0,0.0,0,0,2026-10-05
631161,6,Zahril Azri,Melaka FC,Malaysia,MYS1,1,Gel. Bertahan,Midfielder,27,1999-02-04,False,Malaysia,Lokal,176,kanan,2026-08-14,FELDA United (2017),2027-06-30,"Rp869,09Jt.",869090909,869090909,UNCHANGED,0,0,0,0,0.0,0,0,2026-10-05
490274,20,Dino Kalesic,Melaka FC,Malaysia,MYS1,1,Gel. Tengah,Midfielder,28,1997-12-06,False,Bosnia-Herzegovina,Asing Non-Asia,190,kanan,2026-01-05,-,2027-06-30,"Rp3,04Mlyr.",3041818182,2172727273,INCREASED,0,0,0,0,0.0,0,0,2026-10-05
480241,15,Hasbullah Abu Bakar,Melaka FC,Malaysia,MYS1,1,Gel. Tengah,Midfielder,31,1994-10-26,False,Malaysia,Lokal,175,kanan,2026-08-14,"Johor FA (2010-2011), Johor FC (2012)",2027-06-30,"Rp2,61Mlyr.",2607272727,3041818182,DECREASED,0,0,0,0,0.0,0,0,2026-10-05
258379,7,Kwang-il Park,Melaka FC,Malaysia,MYS1,1,Gel. Tengah,Midfielder,35,1991-02-10,False,Korea Selatan,Asia (AFC),175,kanan,2026-01-05,"Gangjin Middle School (강진중학교, 2003-2006),
Jeonnam Life Scie",2027-06-30,"Rp1,74Mlyr.",1738181818,2172727273,DECREASED,0,0,0,0,0.0,0,0,2026-10-05
803714,80,Nizarruddin Jazi,Melaka FC,Malaysia,MYS1,1,Gel. Tengah,Midfielder,26,2000-02-12,False,Malaysia,Lokal,169,kanan,2024-04-27,"SSTMI (2013-2015), SSMP (2016-2017), Melaka United SA (2018)",2027-06-30,"Rp869,09Jt.",869090909,434545455,INCREASED,0,0,0,0,0.0,0,0,2026-10-05
487508,66,Ali Nouri,Melaka FC,Malaysia,MYS1,1,Gel. Tengah,Midfielder,30,1996-01-02,False,Iran,Asia (AFC),183,kanan,2026-08-30,-,2027-06-30,-,0,869090909,DECREASED,0,0,0,0,0.0,0,0,2026-10-05
1078466,22,Syahir Abdul Rashid,Melaka FC,Malaysia,MYS1,1,Gel. Serang,Midfielder,24,2002-01-31,False,Malaysia,Lokal,177,kanan,2026-08-14,Kelantan (2020),2027-06-30,"Rp1,30Mlyr.",1303636364,1303636364,UNCHANGED,0,0,0,0,0.0,0,0,2026-10-05
1016383,99,Alif Ikmalrizal,Melaka FC,Malaysia,MYS1,1,Sayap Kiri,Attack,23,2002-12-09,False,Malaysia,Lokal,178,kanan,2026-08-14,Perlis United U21 (-2022),2027-06-30,"Rp1,30Mlyr.",1303636364,1738181818,DECREASED,0,0,0,0,0.0,0,0,2026-10-05
556029,10,Hein Htet Aung,Melaka FC,Malaysia,MYS1,1,Sayap Kanan,Attack,25,2001-10-05,False,Myanmar,ASEAN,167,kanan,2026-08-14,Myanmar Football Academy (Mandalay) (2011-2017),2027-06-30,"Rp3,48Mlyr.",3476363636,3910909091,DECREASED,0,0,0,0,0.0,0,0,2026-10-05
233167,8,Dong-hyeon Do,Melaka FC,Malaysia,MYS1,1,Sayap Kanan,Attack,32,1993-11-19,False,Korea Selatan,Asia (AFC),173,kiri,2026-01-05,"Anyong Middle School (안용중학교, 2007-2008),
Boin High School (",2027-06-30,"Rp1,74Mlyr.",1738181818,1738181818,UNCHANGED,0,0,0,0,0.0,0,0,2026-10-05
740400,30,Christian,Melaka FC,Malaysia,MYS1,1,Sayap Kanan,Attack,25,2001-03-17,False,Brasil,Asing Non-Asia,170,kanan,2026-08-14,-,2027-06-30,"Rp1,74Mlyr.",1738181818,2607272727,DECREASED,0,0,0,0,0.0,0,0,2026-10-05
330761,9,Kpah Sherman,Melaka FC,Malaysia,MYS1,1,Depan-Tengah,Attack,34,1992-02-03,False,Liberia,Asing Non-Asia,183,kanan,2026-08-28,"Georgia FC, River Cess County (2007-2009), Aries FC (2009-20",2027-06-30,"Rp3,48Mlyr.",3476363636,3910909091,DECREASED,0,0,0,0,0.0,0,0,2026-10-05
484766,11,Jafri Firdaus Chew,Melaka FC,Malaysia,MYS1,1,Depan-Tengah,Attack,29,1997-06-11,False,Malaysia,Lokal,175,kanan,2026-08-14,"Harimau Muda A (2013-2015), Penang U21 (2016)",2027-06-30,"Rp3,04Mlyr.",3041818182,3041818182,UNCHANGED,0,0,0,0,0.0,0,0,2026-10-05
1157616,13,Abdel Kader Coulibaly,Melaka FC,Malaysia,MYS1,1,Depan-Tengah,Attack,33,1993-06-18,False,Kamboja,ASEAN,179,kanan,2026-08-14,-,2027-06-30,"Rp869,09Jt.",869090909,869090909,UNCHANGED,0,0,0,0,0.0,0,0,2026-10-05
190998,89,Mahali Jasuli,Melaka FC,Malaysia,MYS1,1,Depan-Tengah,Attack,37,1989-04-02,False,Malaysia,Lokal,177,kanan,2026-01-15,Sekolah Sukan Bukit Jalil (2002-2008),2027-06-30,"Rp869,09Jt.",869090909,869090909,INCREASED,0,0,0,0,0.0,0,0,2026-10-05
551424,98,Ronny Song,Melaka FC,Malaysia,MYS1,1,Depan-Tengah,Attack,30,1995-12-04,False,Prancis,Asing Non-Asia,185,kanan,2026-09-03,-,-,-,0,434545455,DECREASED,0,0,0,0,0.0,0,0,2026-10-05
273797,23,Hafizul Hakim,Star City FC,Malaysia,MYS1,1,Kiper,Goalkeeper,33,1993-03-30,False,Malaysia,Lokal,185,kanan,2026-07-17,"Perak U-21 (2010-2012, 2014), Harimau Muda B (2013)",2027-06-30,"Rp869,09Jt.",869090909,1303636364,DECREASED,0,0,0,0,0.0,0,0,2026-10-05
925811,20,Shaiful Wazizi,Star City FC,Malaysia,MYS1,1,Kiper,Goalkeeper,28,1998-06-03,False,Malaysia,Lokal,172,kanan,2026-07-14,Sarawak FA (2016-2018),2027-06-30,"Rp434,55Jt.",434545455,434545455,UNCHANGED,0,0,0,0,0.0,0,0,2026-10-05
1113006,43,Farhan Abdul Majid,Star City FC,Malaysia,MYS1,1,Kiper,Goalkeeper,27,1999-04-07,False,Malaysia,Lokal,193,kanan,2025-08-06,PKNP (2017-2019),2027-06-30,"Rp434,55Jt.",434545455,173818182,INCREASED,0,0,0,0,0.0,0,0,2026-10-05
910804,2,Noah Leddel,Star City FC,Malaysia,MYS1,1,Bek-Tengah,Defender,23,2003-08-30,False,Filipina,ASEAN,186,kanan,2026-07-31,Hong Kong FC (-2021),2027-06-30,"Rp2,17Mlyr.",2172727273,2172727273,UNCHANGED,0,0,0,0,0.0,0,0,2026-10-05
510678,3,Akmal Zahir,Star City FC,Malaysia,MYS1,1,Bek-Tengah,Defender,32,1994-02-16,False,Malaysia,Lokal,180,kanan,2026-07-18,"UiTM (2012-2015), Sime Darby (2016), Harimau Muda (2016)",2027-06-30,"Rp2,17Mlyr.",2172727273,2607272727,DECREASED,0,0,0,0,0.0,0,0,2026-10-05
573108,17,Rafael Vitor,Star City FC,Malaysia,MYS1,1,Bek-Tengah,Defender,33,1993-01-05,False,Brasil,Asing Non-Asia,192,kanan,2026-07-31,-,2027-06-30,"Rp1,74Mlyr.",1738181818,1738181818,INCREASED,0,0,0,0,0.0,0,0,2026-10-05
548395,13,Loqman Hakim,Star City FC,Malaysia,MYS1,1,Bek-Tengah,Defender,28,1998-01-22,False,Malaysia,Lokal,176,kanan,2025-08-06,"Sultan Abdul Hamid College (-2015), Kedah FA (2016-2019)",2027-06-30,"Rp1,30Mlyr.",1303636364,1303636364,UNCHANGED,0,0,0,0,0.0,0,0,2026-10-05
971712,4,Harith Samsuri,Star City FC,Malaysia,MYS1,1,Bek-Kiri,Defender,26,2000-07-05,False,Malaysia,Lokal,182,kiri,2026-07-17,Johor Darul Ta'zim (2018-2020),2027-06-30,"Rp3,04Mlyr.",3041818182,2172727273,INCREASED,0,0,0,0,0.0,0,0,2026-10-05
631162,25,Anwar Ibrahim,Star City FC,Malaysia,MYS1,1,Bek-Kiri,Defender,27,1999-06-10,False,Malaysia,Lokal,169,kanan,2026-07-31,"Bukit Jalil Sports School (-2016), Felda United (2017)",2027-06-30,"Rp869,09Jt.",869090909,1303636364,DECREASED,0,0,0,0,0.0,0,0,2026-10-05
1000635,12,Aiman Yusni,Star City FC,Malaysia,MYS1,1,Bek-Kanan,Defender,24,2002-05-11,False,Malaysia,Lokal,167,kanan,2025-08-06,Perak (2020-2021),2027-06-30,"Rp2,61Mlyr.",2607272727,2172727273,INCREASED,0,0,0,0,0.0,0,0,2026-10-05
474219,15,Rizal Ghazali,Star City FC,Malaysia,MYS1,1,Bek-Kanan,Defender,34,1992-10-01,False,Malaysia,Lokal,170,kanan,2025-07-27,Perlis (2010),2027-06-30,"Rp1,74Mlyr.",1738181818,2172727273,DECREASED,0,0,0,0,0.0,0,0,2026-10-05
990642,30,Heshamudin Ahmad,Star City FC,Malaysia,MYS1,1,Bek-Kanan,Defender,27,1999-02-15,False,Malaysia,Lokal,180,kanan,2025-08-06,"Perlis Sports School (-2016), Kedah (2017-2020)",2027-06-30,"Rp434,55Jt.",434545455,173818182,INCREASED,0,0,0,0,0.0,0,0,2026-10-05
889153,7,Moses Atede,Star City FC,Malaysia,MYS1,1,Gel. Bertahan,Midfielder,28,1997-12-17,False,Bahrain,Asia (AFC),165,kanan,2026-09-01,Al Hidd Club Bahrain,2027-06-30,"Rp6,52Mlyr.",6518181818,6083636364,INCREASED,0,0,0,0,0.0,0,0,2026-10-05
722417,5,Pedro Santos,Star City FC,Malaysia,MYS1,1,Gel. Bertahan,Midfielder,28,1997-11-20,False,Brasil,Asing Non-Asia,174,kanan,2025-08-27,-,2027-06-30,"Rp3,04Mlyr.",3041818182,1303636364,INCREASED,0,0,0,0,0.0,0,0,2026-10-05
149948,29,Zulfahmi Arifin,Star City FC,Malaysia,MYS1,1,Gel. Bertahan,Midfielder,35,1991-10-05,False,Singapura,ASEAN,177,kiri,2026-07-13,National Football Academy (-2009),2027-06-30,"Rp869,09Jt.",869090909,869090909,UNCHANGED,0,0,0,0,0.0,0,0,2026-10-05
874028,34,Amirul Aiman,Star City FC,Malaysia,MYS1,1,Gel. Bertahan,Midfielder,26,2000-09-22,False,Malaysia,Lokal,169,kanan,2026-07-31,"Selangor United (2018-2019), UiTM (2020)",2027-06-30,"Rp434,55Jt.",434545455,434545455,UNCHANGED,0,0,0,0,0.0,0,0,2026-10-05
939678,19,Mior Dani,Star City FC,Malaysia,MYS1,1,Gel. Tengah,Midfielder,27,1999-01-19,False,Malaysia,Lokal,179,kanan,2025-08-06,PKNS (2018-2019),2027-06-30,"Rp1,30Mlyr.",1303636364,1303636364,UNCHANGED,0,0,0,0,0.0,0,0,2026-10-05
452164,14,Endrick,Star City FC,Malaysia,MYS1,1,Gel. Serang,Midfielder,31,1995-03-07,False,Malaysia,Lokal,182,kiri,2026-07-18,EC Bahia,2027-06-30,"Rp3,48Mlyr.",3476363636,3476363636,UNCHANGED,0,0,0,0,0.0,0,0,2026-10-05
526642,33,Nik Akif,Star City FC,Malaysia,MYS1,1,Gel. Serang,Midfielder,27,1999-05-11,False,Malaysia,Lokal,164,kanan,2025-08-06,"Sekolah Sukan Bukit Jalil (-2016), Kelantan FA U21 (2017)",2027-06-30,"Rp3,04Mlyr.",3041818182,3041818182,UNCHANGED,0,0,0,0,0.0,0,0,2026-10-05
940581,8,T. Saravanan,Star City FC,Malaysia,MYS1,1,Sayap Kiri,Attack,25,2001-02-26,False,Malaysia,Lokal,180,kanan,2026-07-17,Selangor (2019),2027-06-30,"Rp2,61Mlyr.",2607272727,2607272727,UNCHANGED,0,0,0,0,0.0,0,0,2026-10-05
805267,18,Syafik Ismail,Star City FC,Malaysia,MYS1,1,Sayap Kiri,Attack,26,2000-03-01,False,Malaysia,Lokal,163,kiri,2026-07-17,Terengganu (2018-2019),2027-06-30,"Rp1,74Mlyr.",1738181818,1303636364,INCREASED,0,0,0,0,0.0,0,0,2026-10-05
1567942,27,Fakhri Azri,Star City FC,Malaysia,MYS1,1,Sayap Kiri,Attack,22,2004-06-18,True,Malaysia,Lokal,170,kanan,2026-07-31,"SSN Negeri Sembilan, PJ City (2022), Selangor (2023-2025)",2027-06-30,-,0,0,STABLE,0,0,0,0,0.0,0,0,2026-10-05
811829,22,Engku Shakir,Star City FC,Malaysia,MYS1,1,Sayap Kanan,Attack,27,1998-10-16,False,Malaysia,Lokal,175,kanan,2026-07-16,"SSN Terengganu (-2015), Terengganu (2016-2017)",2027-06-30,"Rp3,48Mlyr.",3476363636,2172727273,INCREASED,0,0,0,0,0.0,0,0,2026-10-05
1113884,10,Pedro Henrique,Star City FC,Malaysia,MYS1,1,Sayap Kanan,Attack,29,1997-02-02,False,Brasil,Asing Non-Asia,183,kiri,2026-07-31,-,2027-06-30,"Rp3,04Mlyr.",3041818182,3476363636,DECREASED,0,0,0,0,0.0,0,0,2026-10-05
898694,6,Nur Azfar Fikri,Star City FC,Malaysia,MYS1,1,Sayap Kanan,Attack,26,2000-02-05,False,Malaysia,Lokal,169,kanan,2025-08-06,"Melaka (2018), Terengganu (2019-2020)",2027-06-30,"Rp2,61Mlyr.",2607272727,3041818182,DECREASED,0,0,0,0,0.0,0,0,2026-10-05
232296,16,Ramon Machado,Star City FC,Malaysia,MYS1,1,Depan-Tengah,Attack,35,1991-04-04,False,Brasil,Asing Non-Asia,180,kanan,2026-07-01,"Grêmio Porto Alegre, Atlético Paranaense, Paraná Clube",2027-06-30,"Rp1,74Mlyr.",1738181818,1738181818,UNCHANGED,0,0,0,0,0.0,0,0,2026-10-05
684129,26,Syahmi Zamri,Star City FC,Malaysia,MYS1,1,Depan-Tengah,Attack,26,2000-05-12,False,Malaysia,Lokal,175,kanan,2026-07-17,"TMI Sports School (2016-2017), Felda United (2018)",2027-06-30,"Rp1,30Mlyr.",1303636364,1738181818,DECREASED,0,0,0,0,0.0,0,0,2026-10-05
339482,97,Douglas Oliveira,Star City FC,Malaysia,MYS1,1,Depan-Tengah,Attack,31,1995-01-16,False,Brasil,Asing Non-Asia,188,kanan,2026-08-24,-,2027-06-30,-,0,1303636364,DECREASED,0,0,0,0,0.0,0,0,2026-10-05
1504980,16,Harif Hazli,Kelantan Red Warrior FC,Malaysia,MYS1,1,Kiper,Goalkeeper,21,2005-08-22,True,Malaysia,Lokal,174,kanan,2025-07-01,-,2027-06-30,-,0,0,STABLE,0,0,0,0,0.0,0,0,2026-10-05
546329,31,Amin Faisal Saidi,Kelantan Red Warrior FC,Malaysia,MYS1,1,Kiper,Goalkeeper,28,1997-12-12,False,Malaysia,Lokal,178,kanan,2025-06-22,Terengganu (2015-2017),2027-06-30,-,0,0,STABLE,0,0,0,0,0.0,0,0,2026-10-05
971530,4,Arham Khussyairi,Kelantan Red Warrior FC,Malaysia,MYS1,1,Bek-Tengah,Defender,26,2000-01-26,False,Malaysia,Lokal,177,kanan,2025-06-20,"Malaysia Pahang Sports School (-2018), UiTM (2019)",2027-06-30,-,0,434545455,DECREASED,0,0,0,0,0.0,0,0,2026-10-05
441910,13,Abdul Latiff Suhaimi,Kelantan Red Warrior FC,Malaysia,MYS1,1,Bek-Tengah,Defender,37,1989-05-29,False,Malaysia,Lokal,180,keduanya,2025-08-31,-,2027-06-30,-,0,1738181818,DECREASED,0,0,0,0,0.0,0,0,2026-10-05
684330,76,Muhammad Faudzi,Kelantan Red Warrior FC,Malaysia,MYS1,1,Bek-Tengah,Defender,30,1996-02-27,False,Malaysia,Lokal,177,kanan,2025-06-19,"SSN Terengganu, SSBJ (-2013), Harimau Muda C (2014), Felda U",2027-06-30,-,0,434545455,DECREASED,0,0,0,0,0.0,0,0,2026-10-05
1073680,14,Syafiq Izzudin,Kelantan Red Warrior FC,Malaysia,MYS1,1,Bek-Tengah,Defender,27,1999-06-11,False,Malaysia,Lokal,177,kanan,2025-06-25,"PKNP (2017-2019), Perak (2020)",2027-06-30,-,0,0,STABLE,0,0,0,0,0.0,0,0,2026-10-05
1506488,29,Nazmi Cik Ani,Kelantan Red Warrior FC,Malaysia,MYS1,1,Bek-Tengah,Defender,22,2003-11-16,True,Malaysia,Lokal,175,kanan,2025-07-01,-,2027-06-30,-,0,0,STABLE,0,0,0,0,0.0,0,0,2026-10-05
1567716,66,Fahrin Azizuddin,Kelantan Red Warrior FC,Malaysia,MYS1,1,Bek-Tengah,Defender,19,2006-11-30,True,Malaysia,Lokal,173,kanan,2025-06-20,Chengal FC (-2023),2027-06-30,-,0,0,STABLE,0,0,0,0,0.0,0,0,2026-10-05
1139971,79,Aiman Joanny,Kelantan Red Warrior FC,Malaysia,MYS1,1,Bek-Kiri,Defender,24,2001-10-27,False,Malaysia,Lokal,174,kiri,2026-07-16,Sarawak United (2020-2022),2027-06-30,-,0,434545455,DECREASED,0,0,0,0,0.0,0,0,2026-10-05
1504978,27,Aikal Daniel,Kelantan Red Warrior FC,Malaysia,MYS1,1,Bek-Kiri,Defender,24,2001-12-08,False,Malaysia,Lokal,180,kiri,2025-06-22,Sri Pahang U21 (2022),2027-06-30,-,0,0,STABLE,0,0,0,0,0.0,0,0,2026-10-05
1143863,32,Iskandar Shah Jamil,Kelantan Red Warrior FC,Malaysia,MYS1,1,Bek-Kanan,Defender,25,2001-02-19,False,Malaysia,Lokal,179,kanan,2026-07-16,"Sarawak FA (2019), Sarawak United (2020-2022)",2027-06-30,-,0,173818182,DECREASED,0,0,0,0,0.0,0,0,2026-10-05
1504982,41,Niam Mulhassan,Kelantan Red Warrior FC,Malaysia,MYS1,1,Gel. Bertahan,Midfielder,22,2004-01-03,True,Malaysia,Lokal,170,kanan,2025-07-01,"Selangor IV (2022-2023), Selangor III (2024)",2027-06-30,-,0,0,STABLE,0,0,0,0,0.0,0,0,2026-10-05
811822,21,Zuasyraf Zulkiefle,Kelantan Red Warrior FC,Malaysia,MYS1,1,Gel. Tengah,Midfielder,30,1996-04-27,False,Malaysia,Lokal,175,kanan,2025-06-19,T-Team (2014-2016),2027-06-30,-,0,1738181818,DECREASED,0,0,0,0,0.0,0,0,2026-10-05
1075184,23,Muhaimin Izzudin,Kelantan Red Warrior FC,Malaysia,MYS1,1,Gel. Tengah,Midfielder,24,2002-08-04,False,Malaysia,Lokal,169,kanan,2025-06-17,Kelantan (2020),2027-06-30,-,0,434545455,DECREASED,0,0,0,0,0.0,0,0,2026-10-05
523858,18,Faiz Nasir,Kelantan Red Warrior FC,Malaysia,MYS1,1,Gel. Serang,Midfielder,34,1992-07-21,False,Malaysia,Lokal,154,kiri,2025-06-17,"PBJ Pasir Mas (2012), Kelantan FA U21 (2013)",2027-06-30,-,0,1303636364,DECREASED,0,0,0,0,0.0,0,0,2026-10-05
1138325,96,Rizuan Muda,Kelantan Red Warrior FC,Malaysia,MYS1,1,Sayap Kiri,Attack,24,2002-08-17,False,Malaysia,Lokal,170,kanan,2026-01-01,Terengganu (2020-2022),2027-06-30,-,0,173818182,DECREASED,0,0,0,0,0.0,0,0,2026-10-05
1504979,42,Mazwan Che Mat,Kelantan Red Warrior FC,Malaysia,MYS1,1,Sayap Kiri,Attack,29,1997-01-20,False,Malaysia,Lokal,173,kanan,2025-06-22,Kelantan (2015-2018),2027-06-30,-,0,0,STABLE,0,0,0,0,0.0,0,0,2026-10-05
1515379,73,Adib Aiman Zulkifli,Kelantan Red Warrior FC,Malaysia,MYS1,1,Sayap Kiri,Attack,20,2006-03-03,True,Malaysia,Lokal,170,kanan,2025-07-01,-,2027-06-30,-,0,0,STABLE,0,0,0,0,0.0,0,0,2026-10-05
1045409,17,Philip Dandada Musa,Kelantan Red Warrior FC,Malaysia,MYS1,1,Sayap Kanan,Attack,22,2004-03-30,True,Nigeria,Asing Non-Asia,175,kiri,2026-01-31,-,2027-06-30,-,0,0,STABLE,0,0,0,0,0.0,0,0,2026-10-05
682085,24,Emmanuel Mbarga,Kelantan Red Warrior FC,Malaysia,MYS1,1,Depan-Tengah,Attack,27,1998-11-24,False,Kamerun,Asing Non-Asia,168,kanan,2025-07-11,"Ecole de Football Brasseries du Cameroun (2015-2016), Clube ",2027-06-30,-,0,1738181818,DECREASED,0,0,0,0,0.0,0,0,2026-10-05
998900,48,Wan Syamil Sulaiman,Kelantan Red Warrior FC,Malaysia,MYS1,1,Depan-Tengah,Attack,23,2003-02-14,False,Malaysia,Lokal,175,kanan,2026-02-13,Kuala Lumpur (2021),2027-06-30,-,0,0,STABLE,0,0,0,0,0.0,0,0,2026-10-05
308188,1,Van Cong Nguyen,Bac Ninh FC,Vietnam,VIE1,1,Kiper,Goalkeeper,34,1992-08-01,False,Vietnam,Lokal,182,kanan,2026-08-10,-,-,"Rp434,55Jt.",434545455,869090909,DECREASED,0,0,0,0,0.0,0,0,2026-10-05
1026869,25,Huy Hoang Doan,Bac Ninh FC,Vietnam,VIE1,1,Kiper,Goalkeeper,23,2003-06-18,False,Vietnam,Lokal,177,kanan,2026-08-01,Viettel FC,2027-06-30,"Rp434,55Jt.",434545455,434545455,UNCHANGED,0,0,0,0,0.0,0,0,2026-10-05
566407,37,Van Hung Le,Bac Ninh FC,Vietnam,VIE1,1,Kiper,Goalkeeper,34,1992-07-06,False,Vietnam,Lokal,180,kanan,2025-04-09,Song Lam Nghe An FC,-,-,0,434545455,DECREASED,0,0,0,0,0.0,0,0,2026-10-05
1595999,0,Aaron Napierala,Bac Ninh FC,Vietnam,VIE1,1,Kiper,Goalkeeper,19,2007-01-01,True,Vietnam,Lokal,183,kanan,2026-09-04,Fort McMurray Youth Soccer Association,-,-,0,0,STABLE,0,0,0,0,0.0,0,0,2026-10-05
603137,99,Rafael Santos,Bac Ninh FC,Vietnam,VIE1,1,Bek-Tengah,Defender,28,1998-02-02,False,Brasil,Asing Non-Asia,190,kiri,2026-08-01,-,2027-06-30,"Rp4,78Mlyr.",4780000000,4780000000,UNCHANGED,0,0,0,0,0.0,0,0,2026-10-05
972918,3,Ngoc Thang Nguyen,Bac Ninh FC,Vietnam,VIE1,1,Bek-Tengah,Defender,24,2002-01-31,False,Vietnam,Lokal,173,kanan,2024-09-01,Nam Dinh FC,-,-,0,0,STABLE,0,0,0,0,0.0,0,0,2026-10-05
734435,16,Van Dat Nguyen,Bac Ninh FC,Vietnam,VIE1,1,Bek-Tengah,Defender,28,1998-05-20,False,Vietnam,Lokal,180,kanan,2025-08-15,Ha Noi FC,2029-06-30,-,0,869090909,DECREASED,0,0,0,0,0.0,0,0,2026-10-05
377141,36,Minh Tung Nguyen,Bac Ninh FC,Vietnam,VIE1,1,Bek-Tengah,Defender,34,1992-08-09,False,Vietnam,Lokal,185,kiri,2026-08-18,Thanh Hoa FC (2005-2011),-,-,0,869090909,DECREASED,0,0,0,0,0.0,0,0,2026-10-05
1194157,43,Trong Kiet Nguyen,Bac Ninh FC,Vietnam,VIE1,1,Bek-Tengah,Defender,24,2002-09-20,False,Vietnam,Lokal,181,kanan,2026-08-15,-,-,-,0,0,STABLE,0,0,0,0,0.0,0,0,2026-10-05
734442,45,Van Xuan Le,Bac Ninh FC,Vietnam,VIE1,1,Bek-Kiri,Defender,27,1999-02-27,False,Vietnam,Lokal,168,keduanya,2026-08-19,PVF Academy (2010-2017),-,"Rp2,17Mlyr.",2172727273,2607272727,DECREASED,0,0,0,0,0.0,0,0,2026-10-05
967063,35,Duy Duong Nguyen,Bac Ninh FC,Vietnam,VIE1,1,Bek-Kiri,Defender,30,1995-10-10,False,Vietnam,Lokal,170,kiri,2026-08-08,Dak Lak FC,-,"Rp869,09Jt.",869090909,869090909,UNCHANGED,0,0,0,0,0.0,0,0,2026-10-05
573756,2,Van Truong Dinh,Bac Ninh FC,Vietnam,VIE1,1,Bek-Kiri,Defender,29,1996-10-22,False,Vietnam,Lokal,166,kiri,2025-08-15,Nam Dinh FC,-,-,0,869090909,DECREASED,0,0,0,0,0.0,0,0,2026-10-05
855666,21,The Hung Phan,Bac Ninh FC,Vietnam,VIE1,1,Bek-Kiri,Defender,23,2002-10-21,False,Vietnam,Lokal,173,kiri,2024-01-01,Nam Dinh FC,-,-,0,434545455,DECREASED,0,0,0,0,0.0,0,0,2026-10-05
879338,86,Tien Long Vu,Bac Ninh FC,Vietnam,VIE1,1,Bek-Kanan,Defender,24,2002-04-04,False,Vietnam,Lokal,174,kanan,2026-08-27,"Viettel FC (2012-2015), Hanoi FC (2015-2021)",-,"Rp869,09Jt.",869090909,869090909,UNCHANGED,0,0,0,0,0.0,0,0,2026-10-05
749738,15,Van Viet Nguyen,Bac Ninh FC,Vietnam,VIE1,1,Bek-Kanan,Defender,27,1999-04-06,False,Vietnam,Lokal,173,kanan,2026-08-08,Song Lam Nghe An FC,-,-,0,869090909,DECREASED,0,0,0,0,0.0,0,0,2026-10-05
1249285,19,Reece Gaylor,Bac Ninh FC,Vietnam,VIE1,1,Bek-Kanan,Defender,21,2004-10-13,True,Amerika Serikat,Asing Non-Asia,177,kanan,2026-08-31,Texarkana Soccer Club. Cabosa/Shreveport United (Louisiana).,2027-06-30,-,0,0,STABLE,0,0,0,0,0.0,0,0,2026-10-05
1265330,27,Thang Long Le,Bac Ninh FC,Vietnam,VIE1,1,Bek-Kanan,Defender,20,2006-02-17,True,Vietnam,Lokal,172,kanan,2026-08-08,-,-,-,0,0,STABLE,0,0,0,0,0.0,0,0,2026-10-05
989300,0,Van Son Nguyen,Bac Ninh FC,Vietnam,VIE1,1,Gel. Tengah,Midfielder,25,2001-06-26,False,Vietnam,Lokal,168,kanan,2026-08-01,Hanoi FC,-,-,0,0,STABLE,0,0,0,0,0.0,0,0,2026-10-05
972431,8,Vítor Rosa Nascimento,Bac Ninh FC,Vietnam,VIE1,1,Gel. Tengah,Midfielder,32,1994-08-12,False,Brasil,Asing Non-Asia,188,kanan,2026-08-01,-,2027-06-30,"Rp2,17Mlyr.",2172727273,2607272727,DECREASED,0,0,0,0,0.0,0,0,2026-10-05
453697,80,Pierre Lamothe,Bac Ninh FC,Vietnam,VIE1,1,Gel. Tengah,Midfielder,29,1997-09-18,False,Kanada,Asing Non-Asia,173,kanan,2026-08-14,-,2027-06-30,"Rp1,30Mlyr.",1303636364,1738181818,DECREASED,0,0,0,0,0.0,0,0,2026-10-05
749734,5,Hong Quan Vu,Bac Ninh FC,Vietnam,VIE1,1,Gel. Tengah,Midfielder,27,1999-10-03,False,Vietnam,Lokal,170,kanan,2025-03-07,Than Quang Ninh (2018-2020),-,-,0,434545455,DECREASED,0,0,0,0,0.0,0,0,2026-10-05
855706,11,Tien Anh Le,Bac Ninh FC,Vietnam,VIE1,1,Gel. Tengah,Midfielder,28,1998-03-23,False,Vietnam,Lokal,168,kanan,2026-08-09,Viettel FC,-,-,0,869090909,DECREASED,0,0,0,0,0.0,0,0,2026-10-05
573456,14,Hai Huy Nguyen,Bac Ninh FC,Vietnam,VIE1,1,Gel. Tengah,Midfielder,35,1991-06-18,False,Vietnam,Lokal,175,kanan,2025-08-14,-,-,-,0,2172727273,DECREASED,0,0,0,0,0.0,0,0,2026-10-05
508252,30,Hoang Nam Luong,Bac Ninh FC,Vietnam,VIE1,1,Gelandang Kiri,Midfielder,29,1997-03-02,False,Vietnam,Lokal,161,kanan,2026-08-09,Hoang Anh Gia Lai FC,-,"Rp1,74Mlyr.",1738181818,1738181818,UNCHANGED,0,0,0,0,0.0,0,0,2026-10-05
669615,18,Xuan Quyet Mai,Bac Ninh FC,Vietnam,VIE1,1,Gelandang Kiri,Midfielder,27,1999-01-01,False,Vietnam,Lokal,171,kanan,2025-08-01,Nam Dinh FC,2029-06-30,-,0,1738181818,DECREASED,0,0,0,0,0.0,0,0,2026-10-05
1124574,31,Chinh Dang Nguyen,Bac Ninh FC,Vietnam,VIE1,1,Gel. Serang,Midfielder,22,2004-05-17,True,Vietnam,Lokal,174,kanan,2026-08-08,Cong An Nhan Dan FC,-,-,0,0,STABLE,0,0,0,0,0.0,0,0,2026-10-05
725861,68,Van Trung Tran,Bac Ninh FC,Vietnam,VIE1,1,Sayap Kiri,Attack,28,1998-01-27,False,Vietnam,Lokal,168,kiri,2025-08-01,Viettel FC ,-,-,0,1303636364,DECREASED,0,0,0,0,0.0,0,0,2026-10-05
573548,29,Van Dai Ngan,Bac Ninh FC,Vietnam,VIE1,1,Sayap Kanan,Attack,34,1992-02-09,False,Vietnam,Lokal,174,kanan,2025-08-01,Hanoi FC,-,-,0,434545455,DECREASED,0,0,0,0,0.0,0,0,2026-10-05
308191,88,Van Thanh Pham,Bac Ninh FC,Vietnam,VIE1,1,Sayap Kanan,Attack,32,1994-03-16,False,Vietnam,Lokal,174,kanan,2025-08-01,Ha Noi FC (2009-2013),-,-,0,2172727273,DECREASED,0,0,0,0,0.0,0,0,2026-10-05
435046,9,Brenner,Bac Ninh FC,Vietnam,VIE1,1,Depan-Tengah,Attack,32,1994-03-01,False,Brasil,Asing Non-Asia,182,kanan,2026-08-01,-,2027-06-30,"Rp4,78Mlyr.",4780000000,6518181818,DECREASED,0,0,0,0,0.0,0,0,2026-10-05
727131,10,David Fisher,Bac Ninh FC,Vietnam,VIE1,1,Depan-Tengah,Attack,24,2001-12-09,False,Inggris,Asing Non-Asia,181,kanan,2026-09-03,AFC Wimbledon (2010-2019),-,"Rp2,61Mlyr.",2607272727,2172727273,INCREASED,0,0,0,0,0.0,0,0,2026-10-05
1458436,7,Xuan Tin Vu,Bac Ninh FC,Vietnam,VIE1,1,Depan-Tengah,Attack,22,2004-01-11,True,Vietnam,Lokal,178,kanan,2024-01-01,Nam Dinh,-,-,0,0,STABLE,0,0,0,0,0.0,0,0,2026-10-05
1458435,19,Van Thanh Tran,Bac Ninh FC,Vietnam,VIE1,1,Gel. Tengah,Midfielder,21,2005-05-10,True,Vietnam,Lokal,175,kanan,2024-01-01,Nam Dinh FC,-,-,0,0,STABLE,0,0,0,0,0.0,0,0,2026-10-05
474755,1,Van Lam Dang,Ninh Binh FC,Vietnam,VIE1,1,Kiper,Goalkeeper,33,1993-08-13,False,Vietnam,Lokal,189,kiri,2024-10-01,-,2028-06-30,"Rp3,48Mlyr.",3476363636,3476363636,UNCHANGED,0,0,0,0,0.0,0,0,2026-10-05
669656,25,The Tai Quang,Ninh Binh FC,Vietnam,VIE1,1,Kiper,Goalkeeper,30,1996-09-10,False,Vietnam,Lokal,178,kanan,2025-07-20,Viettel Youth,-,"Rp434,55Jt.",434545455,434545455,UNCHANGED,0,0,0,0,0.0,0,0,2026-10-05
1330222,88,Minh Duc Nguyen,Ninh Binh FC,Vietnam,VIE1,1,Kiper,Goalkeeper,24,2002-04-13,False,Vietnam,Lokal,188,kanan,2024-09-01,Song Lam Nghe An,-,-,0,0,STABLE,0,0,0,0,0.0,0,0,2026-10-05
462755,96,Lucas Turci,Ninh Binh FC,Vietnam,VIE1,1,Bek-Tengah,Defender,30,1996-08-23,False,Brasil,Asing Non-Asia,192,keduanya,2026-08-01,"Santo André Base (2011 - 2013)
São Caetano Base (2014 - 201",2027-06-30,"Rp3,04Mlyr.",3041818182,4345454545,DECREASED,0,0,0,0,0.0,0,0,2026-10-05
573685,17,Ngoc Bao Le,Ninh Binh FC,Vietnam,VIE1,1,Bek-Tengah,Defender,28,1998-03-29,False,Vietnam,Lokal,177,kiri,2024-09-01,PVF Football Academy ,-,"Rp2,17Mlyr.",2172727273,2172727273,UNCHANGED,0,0,0,0,0.0,0,0,2026-10-05
989327,26,Hai Duc Le,Ninh Binh FC,Vietnam,VIE1,1,Bek-Tengah,Defender,26,2000-02-24,False,Vietnam,Lokal,178,kanan,2024-10-01,Hanoi FC,-,"Rp869,09Jt.",869090909,869090909,UNCHANGED,0,0,0,0,0.0,0,0,2026-10-05
1146346,33,Quoc Khanh Nguyen,Ninh Binh FC,Vietnam,VIE1,1,Bek-Tengah,Defender,19,2007-05-15,True,Vietnam,Lokal,180,kanan,2026-08-01,PVF Academy,2029-06-30,-,0,0,STABLE,0,0,0,0,0.0,0,0,2026-10-05
508243,6,Thanh Thinh Do,Ninh Binh FC,Vietnam,VIE1,1,Bek-Kiri,Defender,28,1998-08-18,False,Vietnam,Lokal,170,kiri,2024-10-01,PVF,-,"Rp3,48Mlyr.",3476363636,3041818182,INCREASED,0,0,0,0,0.0,0,0,2026-10-05
669622,2,Thai Binh Hoang,Ninh Binh FC,Vietnam,VIE1,1,Bek-Kiri,Defender,28,1998-01-22,False,Vietnam,Lokal,172,kiri,2026-01-25,Thanh Hoa FC,-,"Rp2,17Mlyr.",2172727273,2607272727,DECREASED,0,0,0,0,0.0,0,0,2026-10-05
1183658,0,Evan Abran,Ninh Binh FC,Vietnam,VIE1,1,Bek-Kiri,Defender,21,2005-06-12,True,Prancis,Asing Non-Asia,173,kiri,2025-07-30,"Chassieu Décines FC (-2018), Olympique Lyon (2018-2023), SC ",-,-,0,0,STABLE,0,0,0,0,0.0,0,0,2026-10-05
508362,4,Tan Tai Ho,Ninh Binh FC,Vietnam,VIE1,1,Bek-Kanan,Defender,28,1997-11-06,False,Vietnam,Lokal,179,kanan,2026-08-01,Binh Dinh FC,2029-06-30,"Rp3,48Mlyr.",3476363636,4345454545,DECREASED,0,0,0,0,0.0,0,0,2026-10-05
669684,86,Quang Nho Dung,Ninh Binh FC,Vietnam,VIE1,1,Bek-Kanan,Defender,26,2000-01-01,False,Vietnam,Lokal,171,kanan,2025-07-01,Hoang Anh Gia Lai FC,-,"Rp3,48Mlyr.",3476363636,3910909091,DECREASED,0,0,0,0,0.0,0,0,2026-10-05
671644,55,Romeu,Ninh Binh FC,Vietnam,VIE1,1,Gel. Bertahan,Midfielder,28,1998-01-23,False,Brasil,Asing Non-Asia,185,kanan,2026-08-01,-,-,"Rp5,21Mlyr.",5214545455,4345454545,INCREASED,0,0,0,0,0.0,0,0,2026-10-05
669654,7,Duc Chien Nguyen,Ninh Binh FC,Vietnam,VIE1,1,Gel. Bertahan,Midfielder,28,1998-08-24,False,Vietnam,Lokal,184,kanan,2025-07-03,Viettel FC (2012-2016),2028-06-30,"Rp4,78Mlyr.",4780000000,4780000000,UNCHANGED,0,0,0,0,0.0,0,0,2026-10-05
985270,21,Thai Son Nguyen,Ninh Binh FC,Vietnam,VIE1,1,Gel. Bertahan,Midfielder,23,2003-07-13,False,Vietnam,Lokal,171,kanan,2026-01-25,Thanh Hoa FC,2029-06-30,"Rp3,91Mlyr.",3910909091,4345454545,DECREASED,0,0,0,0,0.0,0,0,2026-10-05
877127,8,Chung Nguyen Do,Ninh Binh FC,Vietnam,VIE1,1,Gel. Tengah,Midfielder,21,2005-05-23,True,Vietnam,Lokal,175,kanan,2025-07-27,"CSKA Sofia (2011-2012), Slavia Sofia (2012-2023)",2030-06-30,"Rp6,08Mlyr.",6083636364,6083636364,UNCHANGED,0,0,0,0,0.0,0,0,2026-10-05
508248,28,Hoang Duc Nguyen,Ninh Binh FC,Vietnam,VIE1,1,Gel. Tengah,Midfielder,28,1998-01-11,False,Vietnam,Lokal,184,kiri,2024-10-14,Viettel FC (-2017),2030-06-30,"Rp5,65Mlyr.",5649090909,5649090909,UNCHANGED,0,0,0,0,0.0,0,0,2026-10-05
363175,22,Marciel,Ninh Binh FC,Vietnam,VIE1,1,Gel. Tengah,Midfielder,31,1995-03-08,False,Brasil,Asing Non-Asia,186,kiri,2026-08-01,Gremio (RS) (2005-2012),2027-06-30,"Rp4,78Mlyr.",4780000000,4780000000,UNCHANGED,0,0,0,0,0.0,0,0,2026-10-05
984160,14,Duc Viet Nguyen,Ninh Binh FC,Vietnam,VIE1,1,Gel. Tengah,Midfielder,22,2004-01-01,True,Vietnam,Lokal,174,kanan,2024-10-01,Hoang Anh Gia Lai,-,"Rp1,30Mlyr.",1303636364,1303636364,UNCHANGED,0,0,0,0,0.0,0,0,2026-10-05
573560,41,Van Thuan Do,Ninh Binh FC,Vietnam,VIE1,1,Gel. Tengah,Midfielder,34,1992-05-25,False,Vietnam,Lokal,170,kanan,2024-10-01,Viettel,-,"Rp869,09Jt.",869090909,869090909,UNCHANGED,0,0,0,0,0.0,0,0,2026-10-05
669657,66,Tien Anh Truong,Ninh Binh FC,Vietnam,VIE1,1,Gelandang Kanan,Midfielder,27,1999-04-25,False,Vietnam,Lokal,172,kanan,2026-01-25,Viettel FC (2012-2018),2028-06-30,"Rp4,78Mlyr.",4780000000,4345454545,INCREASED,0,0,0,0,0.0,0,0,2026-10-05
989633,27,Bao Trung La Nguyen,Ninh Binh FC,Vietnam,VIE1,1,Gelandang Kanan,Midfielder,24,2002-10-05,False,Vietnam,Lokal,173,kanan,2024-10-01,Cong An Nhan Dan FC,-,"Rp434,55Jt.",434545455,434545455,UNCHANGED,0,0,0,0,0.0,0,0,2026-10-05
669641,15,Bao Toan Tran,Ninh Binh FC,Vietnam,VIE1,1,Gelandang Kiri,Midfielder,26,2000-07-14,False,Vietnam,Lokal,169,kiri,2025-07-03,HAGL Youth (2010-2018),-,"Rp3,48Mlyr.",3476363636,3476363636,UNCHANGED,0,0,0,0,0.0,0,0,2026-10-05
725849,94,Geovane Magno,Ninh Binh FC,Vietnam,VIE1,1,Gel. Serang,Midfielder,32,1994-04-14,False,Vietnam,Lokal,188,kiri,2025-08-01,-,-,"Rp4,78Mlyr.",4780000000,5214545455,DECREASED,0,0,0,0,0.0,0,0,2026-10-05
1047418,24,Ngoc My Nguyen,Ninh Binh FC,Vietnam,VIE1,1,Sayap Kiri,Attack,22,2004-02-20,True,Vietnam,Lokal,177,kanan,2026-01-25,Thanh Hoa FC,-,"Rp3,48Mlyr.",3476363636,2172727273,INCREASED,0,0,0,0,0.0,0,0,2026-10-05
1146355,16,Le Phat Nguyen,Ninh Binh FC,Vietnam,VIE1,1,Sayap Kiri,Attack,19,2007-01-12,True,Vietnam,Lokal,175,kanan,2025-07-30,PVF Football Academy,-,"Rp1,74Mlyr.",1738181818,869090909,INCREASED,0,0,0,0,0.0,0,0,2026-10-05
1303907,11,Van Thuan Le,Ninh Binh FC,Vietnam,VIE1,1,Sayap Kanan,Attack,20,2006-07-15,True,Vietnam,Lokal,176,kiri,2026-01-25,Thanh Hoa FC,-,"Rp3,48Mlyr.",3476363636,2607272727,INCREASED,0,0,0,0,0.0,0,0,2026-10-05
282783,5,Fred Friday,Ninh Binh FC,Vietnam,VIE1,1,Depan-Tengah,Attack,31,1995-05-22,False,Nigeria,Asing Non-Asia,190,kanan,2026-02-02,"Calabar UNICEM-Rovers, Gabros FC, BUJOC Sports Academy",2028-06-30,"Rp3,91Mlyr.",3910909091,3910909091,UNCHANGED,0,0,0,0,0.0,0,0,2026-10-05
177000,9,Lucão,Ninh Binh FC,Vietnam,VIE1,1,Depan-Tengah,Attack,35,1991-09-14,False,Brasil,Asing Non-Asia,184,kanan,2026-08-01,-,-,"Rp3,48Mlyr.",3476363636,3910909091,DECREASED,0,0,0,0,0.0,0,0,2026-10-05
989886,18,Gia Hung Pham,Ninh Binh FC,Vietnam,VIE1,1,Depan-Tengah,Attack,26,2000-04-26,False,Vietnam,Lokal,182,kanan,2024-10-01,Dak Lak FC,-,"Rp2,17Mlyr.",2172727273,1303636364,INCREASED,0,0,0,0,0.0,0,0,2026-10-05
992120,99,Quoc Viet Nguyen,Ninh Binh FC,Vietnam,VIE1,1,Depan-Tengah,Attack,23,2003-05-04,False,Vietnam,Lokal,172,kanan,2025-08-11,"Hai Duong, Hoang Anh Gia Lai FC, Nutifood JMG Academy",2028-06-30,"Rp2,17Mlyr.",2172727273,1303636364,INCREASED,0,0,0,0,0.0,0,0,2026-10-05
202914,1,Filip Nguyen,Cong An Ha Noi FC,Vietnam,VIE1,1,Kiper,Goalkeeper,34,1992-09-14,False,Vietnam,Lokal,192,kanan,2023-07-01,"ABC Braník (2001 - 2009)
AC Sparta Praha (2009 - 2011)",2029-06-30,"Rp6,08Mlyr.",6083636364,6952727273,DECREASED,0,0,0,0,0.0,0,0,2026-10-05
734170,30,Y Eli Nie,Cong An Ha Noi FC,Vietnam,VIE1,1,Kiper,Goalkeeper,25,2001-01-08,False,Vietnam,Lokal,183,kanan,2026-08-01,Dak Lak FC,2029-06-30,"Rp1,30Mlyr.",1303636364,869090909,INCREASED,0,0,0,0,0.0,0,0,2026-10-05
1080909,23,Thanh Vinh Vu,Cong An Ha Noi FC,Vietnam,VIE1,1,Kiper,Goalkeeper,21,2005-03-10,True,Vietnam,Lokal,180,kanan,2022-02-01,Cong An Nhan Dan FC,-,"Rp434,55Jt.",434545455,434545455,UNCHANGED,0,0,0,0,0.0,0,0,2026-10-05
166460,55,Frans Putros,Cong An Ha Noi FC,Vietnam,VIE1,1,Bek-Tengah,Defender,33,1993-07-14,False,Irak,Asia (AFC),181,kanan,2026-08-01,IK Skovbakken,-,"Rp5,65Mlyr.",5649090909,6083636364,DECREASED,0,0,0,0,0.0,0,0,2026-10-05
734168,68,Hoang Viet Anh Bui,Cong An Ha Noi FC,Vietnam,VIE1,1,Bek-Tengah,Defender,27,1999-01-01,False,Vietnam,Lokal,186,kanan,2023-09-08,Ha Noi Youth (2012-2018),2028-06-30,"Rp5,65Mlyr.",5649090909,5214545455,INCREASED,0,0,0,0,0.0,0,0,2026-10-05
560913,21,Dinh Trong Tran,Cong An Ha Noi FC,Vietnam,VIE1,1,Bek-Tengah,Defender,29,1997-04-25,False,Vietnam,Lokal,174,kanan,2024-08-15,Ha Noi FC (2010-2014),2029-06-30,"Rp3,91Mlyr.",3910909091,3476363636,INCREASED,0,0,0,0,0.0,0,0,2026-10-05
780941,38,Leygley Adou,Cong An Ha Noi FC,Vietnam,VIE1,1,Bek-Tengah,Defender,29,1997-09-09,False,Vietnam,Lokal,178,kanan,2025-07-25,"AJA Villeneuve Grenoble (-2008), Grenoble Foot 38 (2008-2016",2028-06-30,"Rp3,48Mlyr.",3476363636,3476363636,UNCHANGED,0,0,0,0,0.0,0,0,2026-10-05
272639,7,Jason Pendant,Cong An Ha Noi FC,Vietnam,VIE1,1,Bek-Kiri,Defender,29,1997-02-09,False,Vietnam,Lokal,177,kiri,2024-08-15,"AAS Sarcelles (01/2004-01/2006, 01/2007-2011), ESM Le Thilla",2028-06-30,"Rp8,69Mlyr.",8690909091,8690909091,UNCHANGED,0,0,0,0,0.0,0,0,2026-10-05
484362,5,Van Hau Doan,Cong An Ha Noi FC,Vietnam,VIE1,1,Bek-Kiri,Defender,27,1999-04-19,False,Vietnam,Lokal,185,kiri,2023-01-01,Hanoi T&T ,2029-06-30,"Rp3,48Mlyr.",3476363636,2607272727,INCREASED,0,0,0,0,0.0,0,0,2026-10-05
968485,26,Van Phuong Ha,Cong An Ha Noi FC,Vietnam,VIE1,1,Bek-Kiri,Defender,25,2001-01-07,False,Vietnam,Lokal,170,kiri,2018-01-01,Cong An Nhan Dan FC,2028-06-30,"Rp869,09Jt.",869090909,869090909,UNCHANGED,0,0,0,0,0.0,0,0,2026-10-05
474558,17,Van Thanh Vu,Cong An Ha Noi FC,Vietnam,VIE1,1,Bek-Kanan,Defender,30,1996-04-14,False,Vietnam,Lokal,172,kanan,2023-01-01,Hoang Anh Gia Lai – Arsenal JMG Academy (2007-2014),2028-06-30,"Rp3,48Mlyr.",3476363636,4345454545,DECREASED,0,0,0,0,0.0,0,0,2026-10-05
170556,93,Kévin Pham Ba,Cong An Ha Noi FC,Vietnam,VIE1,1,Bek-Kanan,Defender,32,1994-02-03,False,Prancis,Asing Non-Asia,181,kanan,2026-08-01,FC Sochaux-Montbéliard (-2013),-,"Rp2,17Mlyr.",2172727273,2607272727,DECREASED,0,0,0,0,0.0,0,0,2026-10-05
985266,4,Ngoc Tin Phan,Cong An Ha Noi FC,Vietnam,VIE1,1,Bek-Kanan,Defender,22,2004-03-09,True,Vietnam,Lokal,175,kanan,2026-08-01,Binh Dinh Training and Sports Center ,-,-,0,1738181818,DECREASED,0,0,0,0,0.0,0,0,2026-10-05
1591763,0,Duc Huy Vu,Cong An Ha Noi FC,Vietnam,VIE1,1,Gel. Tengah,Midfielder,0,-,False,Vietnam,Lokal,0,kanan,2026-08-01,Cong An Ha Noi FC,-,-,0,0,STABLE,0,0,0,0,0.0,0,0,2026-10-05
573883,11,Pham Thanh Long Le,Cong An Ha Noi FC,Vietnam,VIE1,1,Gel. Bertahan,Midfielder,30,1996-06-05,False,Vietnam,Lokal,165,kanan,2023-09-19,HAGL-Arsenal JMG(2007-2014),2029-06-30,"Rp4,78Mlyr.",4780000000,4345454545,INCREASED,0,0,0,0,0.0,0,0,2026-10-05
217154,14,Damià Sabater,Cong An Ha Noi FC,Vietnam,VIE1,1,Gel. Tengah,Midfielder,30,1996-02-03,False,Spanyol,Asing Non-Asia,177,kanan,2026-08-01,-,2027-06-30,"Rp4,35Mlyr.",4345454545,4345454545,UNCHANGED,0,0,0,0,0.0,0,0,2026-10-05
968473,12,Van Toan Hoang,Cong An Ha Noi FC,Vietnam,VIE1,1,Gel. Tengah,Midfielder,25,2001-04-01,False,Vietnam,Lokal,174,kiri,2021-01-01,Cong An Nhan Dan FC,2028-06-30,"Rp2,17Mlyr.",2172727273,2607272727,DECREASED,0,0,0,0,0.0,0,0,2026-10-05
968430,15,Xuan Thinh Bui,Cong An Ha Noi FC,Vietnam,VIE1,1,Gel. Tengah,Midfielder,25,2001-09-15,False,Vietnam,Lokal,169,kanan,2021-01-01,Cong An Nhan Dan FC,2028-06-30,"Rp869,09Jt.",869090909,869090909,UNCHANGED,0,0,0,0,0.0,0,0,2026-10-05
855738,88,Van Do Le,Cong An Ha Noi FC,Vietnam,VIE1,1,Gelandang Kanan,Midfielder,25,2001-08-07,False,Vietnam,Lokal,173,kanan,2025-07-01,PVF Football Academy,2029-06-30,"Rp4,35Mlyr.",4345454545,3910909091,INCREASED,0,0,0,0,0.0,0,0,2026-10-05
189231,6,Stefan Mauk,Cong An Ha Noi FC,Vietnam,VIE1,1,Gel. Serang,Midfielder,30,1995-10-12,False,Australia,Asia (AFC),174,kanan,2026-08-01,-,2028-06-30,"Rp10,43Mlyr.",10429090909,10429090909,UNCHANGED,0,0,0,0,0.0,0,0,2026-10-05
259460,10,Léo Artur,Cong An Ha Noi FC,Vietnam,VIE1,1,Gel. Serang,Midfielder,31,1995-03-23,False,Brasil,Asing Non-Asia,177,kanan,2024-08-15,-,2028-06-30,"Rp6,95Mlyr.",6952727273,6952727273,UNCHANGED,0,0,0,0,0.0,0,0,2026-10-05
419387,19,Quang Hai Nguyen,Cong An Ha Noi FC,Vietnam,VIE1,1,Gel. Serang,Midfielder,29,1997-04-12,False,Vietnam,Lokal,168,kiri,2023-07-01,Hanoi FC (2009-2015),2027-06-30,"Rp6,95Mlyr.",6952727273,6952727273,UNCHANGED,0,0,0,0,0.0,0,0,2026-10-05
1032711,9,Dinh Bac Nguyen,Cong An Ha Noi FC,Vietnam,VIE1,1,Sayap Kiri,Attack,22,2004-08-19,True,Vietnam,Lokal,179,kanan,2024-08-15,"SLNA FC, Quang Nam FC",2029-06-30,"Rp6,95Mlyr.",6952727273,5214545455,INCREASED,0,0,0,0,0.0,0,0,2026-10-05
202831,8,David Henen,Cong An Ha Noi FC,Vietnam,VIE1,1,Sayap Kiri,Attack,30,1996-04-19,False,Togo,Asing Non-Asia,186,kanan,2026-08-01,"Saint Cécile, Florenville, Excelsior Virton, Standard de Liè",2027-06-30,"Rp4,35Mlyr.",4345454545,4780000000,DECREASED,0,0,0,0,0.0,0,0,2026-10-05
691310,72,Alan Grafite,Cong An Ha Noi FC,Vietnam,VIE1,1,Depan-Tengah,Attack,28,1998-02-08,False,Brasil,Asing Non-Asia,189,kanan,2024-07-15,-,2028-06-30,"Rp7,82Mlyr.",7821818182,6518181818,INCREASED,0,0,0,0,0.0,0,0,2026-10-05
188498,90,Brayan Perea,Cong An Ha Noi FC,Vietnam,VIE1,1,Depan-Tengah,Attack,33,1993-02-25,False,Kolombia,Asing Non-Asia,190,kanan,2026-08-01,Deportivo Cali,2027-06-30,"Rp5,21Mlyr.",5214545455,6083636364,DECREASED,0,0,0,0,0.0,0,0,2026-10-05
508250,18,Thanh Binh Dinh,Cong An Ha Noi FC,Vietnam,VIE1,1,Depan-Tengah,Attack,28,1998-03-19,False,Vietnam,Lokal,176,kanan,2026-08-01,HAGL-JMG,-,"Rp1,74Mlyr.",1738181818,1738181818,UNCHANGED,0,0,0,0,0.0,0,0,2026-10-05
1032657,1,Van Binh Cao,Song Lam Nghe An FC,Vietnam,VIE1,1,Kiper,Goalkeeper,21,2005-07-09,True,Vietnam,Lokal,183,kanan,2023-10-01,Song Lam Nghe An FC (2016-2023),-,"Rp3,48Mlyr.",3476363636,1738181818,INCREASED,0,0,0,0,0.0,0,0,2026-10-05
1146347,25,Bao Ngoc Nguyen,Song Lam Nghe An FC,Vietnam,VIE1,1,Kiper,Goalkeeper,19,2007-03-28,True,Vietnam,Lokal,185,kanan,2025-08-01,Song Lam Nghe An FC,-,"Rp434,55Jt.",434545455,434545455,STABLE,0,0,0,0,0.0,0,0,2026-10-05
569550,55,Van Khanh Hoang,Song Lam Nghe An FC,Vietnam,VIE1,1,Bek-Tengah,Defender,31,1995-04-05,False,Vietnam,Lokal,180,kanan,2025-01-20,Song Lam Nghe An FC,2027-06-30,"Rp2,17Mlyr.",2172727273,2607272727,DECREASED,0,0,0,0,0.0,0,0,2026-10-05
1103341,15,Nguyen Hoang Le,Song Lam Nghe An FC,Vietnam,VIE1,1,Bek-Tengah,Defender,21,2005-02-14,True,Vietnam,Lokal,177,kanan,2023-10-01,Song Lam Nghe An,-,"Rp1,74Mlyr.",1738181818,1738181818,UNCHANGED,0,0,0,0,0.0,0,0,2026-10-05
1038157,17,Nam Hai Tran,Song Lam Nghe An FC,Vietnam,VIE1,1,Bek-Tengah,Defender,22,2004-02-05,True,Vietnam,Lokal,182,kanan,2022-07-01,Song Lam Nghe An FC ,-,"Rp1,74Mlyr.",1738181818,2172727273,DECREASED,0,0,0,0,0.0,0,0,2026-10-05
237020,33,Jairo Rodrigues,Song Lam Nghe An FC,Vietnam,VIE1,1,Bek-Tengah,Defender,33,1992-12-31,False,Brasil,Asing Non-Asia,190,kiri,2026-08-01,-,2027-06-30,"Rp1,74Mlyr.",1738181818,2172727273,DECREASED,0,0,0,0,0.0,0,0,2026-10-05
1146332,6,Van Thanh Phan,Song Lam Nghe An FC,Vietnam,VIE1,1,Bek-Tengah,Defender,20,2006-06-27,True,Vietnam,Lokal,183,kanan,2024-03-12,-,-,"Rp434,55Jt.",434545455,434545455,UNCHANGED,0,0,0,0,0.0,0,0,2026-10-05
1170856,2,Roberto Cittadini,Song Lam Nghe An FC,Vietnam,VIE1,1,Bek-Tengah,Defender,21,2005-04-07,True,Italia,Asing Non-Asia,188,kanan,2026-09-01,-,-,-,0,0,STABLE,0,0,0,0,0.0,0,0,2026-10-05
1244351,12,Thanh Duc Bui,Song Lam Nghe An FC,Vietnam,VIE1,1,Bek-Kiri,Defender,20,2006-03-06,True,Vietnam,Lokal,173,kanan,2024-03-12,-,-,"Rp869,09Jt.",869090909,434545455,INCREASED,0,0,0,0,0.0,0,0,2026-10-05
1283192,3,Mai Hoang Nguyen,Song Lam Nghe An FC,Vietnam,VIE1,1,Bek-Kiri,Defender,21,2005-02-21,True,Vietnam,Lokal,174,kanan,2024-08-15,-,-,"Rp434,55Jt.",434545455,434545455,UNCHANGED,0,0,0,0,0.0,0,0,2026-10-05
1194987,22,Van Bac Ngo,Song Lam Nghe An FC,Vietnam,VIE1,1,Bek-Kiri,Defender,22,2004-03-27,True,Vietnam,Lokal,169,kanan,-,Song Lam Nghe An,-,"Rp434,55Jt.",434545455,434545455,UNCHANGED,0,0,0,0,0.0,0,0,2026-10-05
1265331,23,Minh Hoi Hoang,Song Lam Nghe An FC,Vietnam,VIE1,1,Bek-Kiri,Defender,19,2007-08-05,True,Vietnam,Lokal,180,kiri,2026-02-23,-,-,-,0,0,STABLE,0,0,0,0,0.0,0,0,2026-10-05
984116,7,Van Cuong Ho,Song Lam Nghe An FC,Vietnam,VIE1,1,Bek-Kanan,Defender,23,2003-01-15,False,Vietnam,Lokal,167,kanan,2022-01-01,-,-,"Rp2,17Mlyr.",2172727273,2607272727,DECREASED,0,0,0,0,0.0,0,0,2026-10-05
1032695,24,Hoang Canh Trinh,Song Lam Nghe An FC,Vietnam,VIE1,1,Gel. Tengah,Midfielder,23,2003-04-06,False,Vietnam,Lokal,172,kanan,2026-08-01,Song Lam Nghe An FC,-,-,0,0,STABLE,0,0,0,0,0.0,0,0,2026-10-05
1002696,19,Ba Quyen Phan,Song Lam Nghe An FC,Vietnam,VIE1,1,Gel. Bertahan,Midfielder,24,2002-08-13,False,Vietnam,Lokal,175,kanan,2022-01-01,Song Lam Nghe An FC,-,"Rp2,17Mlyr.",2172727273,1738181818,INCREASED,0,0,0,0,0.0,0,0,2026-10-05
687865,5,Joseph Onoja,Song Lam Nghe An FC,Vietnam,VIE1,1,Gel. Tengah,Midfielder,27,1998-11-06,False,Nigeria,Asing Non-Asia,183,kanan,2026-08-01,Abuja FC ,2027-06-30,"Rp3,48Mlyr.",3476363636,3476363636,UNCHANGED,0,0,0,0,0.0,0,0,2026-10-05
1103344,16,Quang Vinh Nguyen,Song Lam Nghe An FC,Vietnam,VIE1,1,Gel. Tengah,Midfielder,21,2005-01-27,True,Vietnam,Lokal,174,keduanya,2023-10-01,-,-,"Rp2,61Mlyr.",2607272727,2607272727,UNCHANGED,0,0,0,0,0.0,0,0,2026-10-05
855668,8,Xuan Binh Nguyen,Song Lam Nghe An FC,Vietnam,VIE1,1,Gel. Tengah,Midfielder,25,2001-05-24,False,Vietnam,Lokal,175,kanan,2020-12-01,Song Lam Nghe An FC,-,"Rp1,30Mlyr.",1303636364,869090909,INCREASED,0,0,0,0,0.0,0,0,2026-10-05
749737,27,Van Lam Dang,Song Lam Nghe An FC,Vietnam,VIE1,1,Gel. Tengah,Midfielder,26,1999-12-06,False,Vietnam,Lokal,170,kanan,2026-08-04,Song Lam Nghe An FC,-,"Rp869,09Jt.",869090909,1303636364,DECREASED,0,0,0,0,0.0,0,0,2026-10-05
1090550,29,Quang Tu Dang,Song Lam Nghe An FC,Vietnam,VIE1,1,Gel. Tengah,Midfielder,25,2001-06-13,False,Vietnam,Lokal,173,kanan,2023-10-01,Song Lam Nghe An FC,-,"Rp869,09Jt.",869090909,869090909,UNCHANGED,0,0,0,0,0.0,0,0,2026-10-05
570516,32,Khac Ngoc Ho,Song Lam Nghe An FC,Vietnam,VIE1,1,Gel. Tengah,Midfielder,34,1992-08-02,False,Vietnam,Lokal,166,kanan,2025-01-20,Song Lam Nghe An FC,2027-06-30,"Rp869,09Jt.",869090909,869090909,UNCHANGED,0,0,0,0,0.0,0,0,2026-10-05
1172637,87,Abdel-Amine Tran,Song Lam Nghe An FC,Vietnam,VIE1,1,Gel. Tengah,Midfielder,20,2005-11-21,True,Prancis,Asing Non-Asia,174,kiri,2026-08-16,"US Torcy (-2020), ESTAC Troyes (2020-2023), FC Montfermeil (",-,-,0,0,STABLE,0,0,0,0,0.0,0,0,2026-10-05
984139,9,Van Bach Nguyen,Song Lam Nghe An FC,Vietnam,VIE1,1,Gelandang Kanan,Midfielder,23,2003-01-02,False,Vietnam,Lokal,172,kanan,2022-01-01,-,-,"Rp869,09Jt.",869090909,869090909,UNCHANGED,0,0,0,0,0.0,0,0,2026-10-05
1194986,20,Van Quy Le,Song Lam Nghe An FC,Vietnam,VIE1,1,Gelandang Kiri,Midfielder,22,2004-02-18,True,Vietnam,Lokal,168,kiri,2023-08-01,Song Lam Nghe An FC,-,-,0,434545455,DECREASED,0,0,0,0,0.0,0,0,2026-10-05
1064245,10,Phi-Long Tran,Song Lam Nghe An FC,Vietnam,VIE1,1,Sayap Kiri,Attack,22,2004-03-27,True,Prancis,Asing Non-Asia,176,kanan,2026-01-30,"US Torcy (-2021), AC Ajaccio (2021-2023)",2028-06-30,"Rp434,55Jt.",434545455,434545455,STABLE,0,0,0,0,0.0,0,0,2026-10-05
1146337,18,Long Vu Le Dinh,Song Lam Nghe An FC,Vietnam,VIE1,1,Sayap Kanan,Attack,20,2006-05-27,True,Vietnam,Lokal,172,keduanya,2024-03-12,"PTF Ha Tinh (?-2017), Song Lam Nghe An FC (2017-2023)",-,"Rp2,17Mlyr.",2172727273,2172727273,UNCHANGED,0,0,0,0,0.0,0,0,2026-10-05
984254,21,Xuan Dai Phan,Song Lam Nghe An FC,Vietnam,VIE1,1,Sayap Kanan,Attack,23,2003-01-01,False,Vietnam,Lokal,173,kanan,2022-01-01,Song Lam Nghe An,-,-,0,869090909,DECREASED,0,0,0,0,0.0,0,0,2026-10-05
887267,77,Luizão,Song Lam Nghe An FC,Vietnam,VIE1,1,Depan-Tengah,Attack,23,2003-02-19,False,Brasil,Asing Non-Asia,185,kiri,2026-08-04,-,-,"Rp4,35Mlyr.",4345454545,4345454545,INCREASED,0,0,0,0,0.0,0,0,2026-10-05
669870,83,Bruno Paraíba,Song Lam Nghe An FC,Vietnam,VIE1,1,Depan-Tengah,Attack,32,1994-07-20,False,Brasil,Asing Non-Asia,189,kanan,2026-08-17,-,-,"Rp3,04Mlyr.",3041818182,3041818182,UNCHANGED,0,0,0,0,0.0,0,0,2026-10-05
669625,23,Tuyen Quang Vu,Thanh Hoa FC,Vietnam,VIE1,1,Kiper,Goalkeeper,31,1995-07-05,False,Vietnam,Lokal,185,kanan,2026-08-01,Hanoi T&T (2009-2015),-,"Rp434,55Jt.",434545455,869090909,DECREASED,0,0,0,0,0.0,0,0,2026-10-05
1032658,30,Tung Han Ho,Thanh Hoa FC,Vietnam,VIE1,1,Kiper,Goalkeeper,23,2003-05-10,False,Vietnam,Lokal,178,kanan,2026-08-17,-,-,"Rp434,55Jt.",434545455,434545455,UNCHANGED,0,0,0,0,0.0,0,0,2026-10-05
346991,25,Thanh Diep Nguyen,Thanh Hoa FC,Vietnam,VIE1,1,Kiper,Goalkeeper,35,1991-09-06,False,Vietnam,Lokal,180,kanan,2026-08-15,-,-,-,0,434545455,DECREASED,0,0,0,0,0.0,0,0,2026-10-05
1303908,93,Anh Tuan Le,Thanh Hoa FC,Vietnam,VIE1,1,Kiper,Goalkeeper,22,2004-07-21,True,Vietnam,Lokal,179,kanan,2025-08-01,Thanh Hoa FC Youth,-,-,0,0,STABLE,0,0,0,0,0.0,0,0,2026-10-05
1036637,29,Ngoc Ha Doan,Thanh Hoa FC,Vietnam,VIE1,1,Bek-Tengah,Defender,22,2004-02-22,True,Vietnam,Lokal,181,kanan,2022-07-01,Thanh Hoa FC,-,"Rp2,17Mlyr.",2172727273,1303636364,INCREASED,0,0,0,0,0.0,0,0,2026-10-05
560292,15,Van Loi Trinh,Thanh Hoa FC,Vietnam,VIE1,1,Bek-Tengah,Defender,31,1995-05-26,False,Vietnam,Lokal,179,kanan,2020-01-01,-,-,"Rp1,74Mlyr.",1738181818,1738181818,UNCHANGED,0,0,0,0,0.0,0,0,2026-10-05
725858,16,Dinh Huyen Nguyen,Thanh Hoa FC,Vietnam,VIE1,1,Bek-Tengah,Defender,25,2001-08-12,False,Vietnam,Lokal,178,kiri,2022-01-01,Thanh Hoa FC,-,"Rp1,74Mlyr.",1738181818,869090909,INCREASED,0,0,0,0,0.0,0,0,2026-10-05
565030,5,Xuan Hung Luc,Thanh Hoa FC,Vietnam,VIE1,1,Bek-Tengah,Defender,31,1995-04-18,False,Vietnam,Lokal,181,kanan,2025-08-11,Thanh Hoa FC,-,"Rp434,55Jt.",434545455,434545455,UNCHANGED,0,0,0,0,0.0,0,0,2026-10-05
892155,58,Duc Manh Truong,Thanh Hoa FC,Vietnam,VIE1,1,Bek-Tengah,Defender,26,2000-01-23,False,Vietnam,Lokal,175,kanan,2026-09-01,"Thanh Hoa FC 
",-,-,0,434545455,DECREASED,0,0,0,0,0.0,0,0,2026-10-05
1194072,7,Ba Tien Nguyen,Thanh Hoa FC,Vietnam,VIE1,1,Bek-Kanan,Defender,25,2001-01-19,False,Vietnam,Lokal,171,kanan,2024-08-15,Thanh Hoa,-,"Rp1,30Mlyr.",1303636364,869090909,INCREASED,0,0,0,0,0.0,0,0,2026-10-05
1152350,14,Thanh Nam Truong,Thanh Hoa FC,Vietnam,VIE1,1,Bek-Kanan,Defender,22,2004-04-22,True,Vietnam,Lokal,172,kanan,2023-07-01,Thanh Hoa FC ,-,"Rp434,55Jt.",434545455,434545455,UNCHANGED,0,0,0,0,0.0,0,0,2026-10-05
559972,39,Tuan Canh Doan,Thanh Hoa FC,Vietnam,VIE1,1,Bek-Kanan,Defender,28,1998-07-27,False,Vietnam,Lokal,175,kanan,2026-08-01,Becamex Binh Duong,-,"Rp434,55Jt.",434545455,434545455,UNCHANGED,0,0,0,0,0.0,0,0,2026-10-05
1047420,90,Duc Tung Nguyen,Thanh Hoa FC,Vietnam,VIE1,1,Bek-Kanan,Defender,22,2004-07-09,True,Vietnam,Lokal,178,kanan,2022-08-01,Thanh Hoa FC,-,-,0,173818182,DECREASED,0,0,0,0,0.0,0,0,2026-10-05
1591873,32,Dai Nghia Nguyen Trong,Thanh Hoa FC,Vietnam,VIE1,1,Gel. Tengah,Midfielder,0,-,False,Vietnam,Lokal,0,kanan,2026-08-01,Thanh Hoa FC ,-,-,0,0,STABLE,0,0,0,0,0.0,0,0,2026-10-05
371017,35,Di Mateo Lovric,Thanh Hoa FC,Vietnam,VIE1,1,Gel. Tengah,Midfielder,26,2000-01-08,False,Kroasia,Asing Non-Asia,187,kanan,2026-09-01,-,-,"Rp6,08Mlyr.",6083636364,5214545455,INCREASED,0,0,0,0,0.0,0,0,2026-10-05
472382,77,Odilzhon Abdurakhmanov,Thanh Hoa FC,Vietnam,VIE1,1,Gel. Tengah,Midfielder,30,1996-03-18,False,Kirgizstan,Asia (AFC),185,kanan,2025-08-07,-,-,"Rp3,48Mlyr.",3476363636,4345454545,DECREASED,0,0,0,0,0.0,0,0,2026-10-05
998970,22,Damoth Thongkhamsavath,Thanh Hoa FC,Vietnam,VIE1,1,Gel. Tengah,Midfielder,22,2004-04-03,True,Laos,ASEAN,172,kanan,2025-03-10,-,-,"Rp2,61Mlyr.",2607272727,2607272727,UNCHANGED,0,0,0,0,0.0,0,0,2026-10-05
377145,2,Huu Dung Nguyen,Thanh Hoa FC,Vietnam,VIE1,1,Gel. Tengah,Midfielder,31,1995-08-28,False,Vietnam,Lokal,170,kanan,2026-03-02,Thanh Hoa (2007-2014),-,"Rp434,55Jt.",434545455,434545455,UNCHANGED,0,0,0,0,0.0,0,0,2026-10-05
879319,8,Duc Hoang Ngo,Thanh Hoa FC,Vietnam,VIE1,1,Gel. Tengah,Midfielder,24,2002-09-16,False,Vietnam,Lokal,178,kanan,2026-08-01,Ha Noi FC,-,"Rp434,55Jt.",434545455,434545455,UNCHANGED,0,0,0,0,0.0,0,0,2026-10-05
765724,89,Trong Phu Nguyen,Thanh Hoa FC,Vietnam,VIE1,1,Gel. Tengah,Midfielder,27,1999-06-30,False,Vietnam,Lokal,172,kanan,2026-08-01,PVF Football Academy,-,"Rp434,55Jt.",434545455,434545455,UNCHANGED,0,0,0,0,0.0,0,0,2026-10-05
1591872,19,Ba Nam Le,Thanh Hoa FC,Vietnam,VIE1,1,Gel. Tengah,Midfielder,21,2005-04-10,True,Vietnam,Lokal,170,kanan,2026-08-01,Thanh Hoa FC ,-,-,0,0,STABLE,0,0,0,0,0.0,0,0,2026-10-05
1196504,26,Minh Duc Ha,Thanh Hoa FC,Vietnam,VIE1,1,Gelandang Kanan,Midfielder,22,2004-06-26,True,Vietnam,Lokal,165,kiri,2026-08-01,Thanh Hoa FC ,-,-,0,0,STABLE,0,0,0,0,0.0,0,0,2026-10-05
985255,0,Van Tiep Nguyen,Thanh Hoa FC,Vietnam,VIE1,1,Gelandang Kiri,Midfielder,22,2003-11-21,True,Vietnam,Lokal,173,kanan,2022-01-01,Thanh Hoa FC,-,-,0,434545455,DECREASED,0,0,0,0,0.0,0,0,2026-10-05
1311779,21,Ngoc Quy Tran,Thanh Hoa FC,Vietnam,VIE1,1,Gel. Serang,Midfielder,24,2002-03-22,False,Vietnam,Lokal,181,kanan,2024-08-15,-,-,"Rp869,09Jt.",869090909,869090909,STABLE,0,0,0,0,0.0,0,0,2026-10-05
1047419,12,Van Dung Nguyen,Thanh Hoa FC,Vietnam,VIE1,1,Gel. Tengah,Midfielder,21,2004-12-07,True,Vietnam,Lokal,169,kanan,2022-08-17,Thanh Hoa FC,-,-,0,434545455,DECREASED,0,0,0,0,0.0,0,0,2026-10-05
1191654,11,Ngoc Tinh Nguyen,Thanh Hoa FC,Vietnam,VIE1,1,Gel. Tengah,Midfielder,22,2004-02-09,True,Vietnam,Lokal,178,kanan,2026-08-01,Thanh Hoa,-,-,0,0,STABLE,0,0,0,0,0.0,0,0,2026-10-05
1527098,75,Van Hoan Le,Thanh Hoa FC,Vietnam,VIE1,1,Sayap Kiri,Attack,19,2007-02-04,True,Vietnam,Lokal,174,kanan,2026-03-17,Thanh Hoa FC ,-,"Rp434,55Jt.",434545455,434545455,STABLE,0,0,0,0,0.0,0,0,2026-10-05
1002697,17,Van Tung Nguyen,Thanh Hoa FC,Vietnam,VIE1,1,Sayap Kanan,Attack,24,2002-03-07,False,Vietnam,Lokal,168,kiri,-,Thanh Hoa FC,-,"Rp2,17Mlyr.",2172727273,434545455,INCREASED,0,0,0,0,0.0,0,0,2026-10-05
263997,10,Van Thang Le,Thanh Hoa FC,Vietnam,VIE1,1,Sayap Kanan,Attack,36,1990-02-08,False,Vietnam,Lokal,175,kanan,2017-05-14,Thanh Hoa FC (2000-2007),-,"Rp434,55Jt.",434545455,434545455,UNCHANGED,0,0,0,0,0.0,0,0,2026-10-05
894215,98,Matheus Martins,Thanh Hoa FC,Vietnam,VIE1,1,Sayap Kanan,Attack,28,1998-04-01,False,Brasil,Asing Non-Asia,180,kanan,2026-09-10,-,2027-06-30,-,0,1738181818,DECREASED,0,0,0,0,0.0,0,0,2026-10-05
364854,9,Saliou Guindo,Thanh Hoa FC,Vietnam,VIE1,1,Depan-Tengah,Attack,30,1996-09-12,False,Malta,Asing Non-Asia,184,kanan,2026-09-01,-,2027-06-30,"Rp3,91Mlyr.",3910909091,3910909091,UNCHANGED,0,0,0,0,0.0,0,0,2026-10-05
508240,91,Tien Dung Bui,SHB Da Nang FC,Vietnam,VIE1,1,Kiper,Goalkeeper,29,1997-02-28,False,Vietnam,Lokal,181,keduanya,2025-01-20,-,-,"Rp2,17Mlyr.",2172727273,2172727273,UNCHANGED,0,0,0,0,0.0,0,0,2026-10-05
508242,33,Sy Huy Do,SHB Da Nang FC,Vietnam,VIE1,1,Kiper,Goalkeeper,28,1998-04-16,False,Vietnam,Lokal,180,kanan,2026-08-01,Hanoi FC,-,"Rp869,09Jt.",869090909,869090909,UNCHANGED,0,0,0,0,0.0,0,0,2026-10-05
1103338,34,Tien Manh Nguyen,SHB Da Nang FC,Vietnam,VIE1,1,Kiper,Goalkeeper,23,2003-01-20,False,Vietnam,Lokal,178,kanan,2026-08-01,-,-,-,0,173818182,DECREASED,0,0,0,0,0.0,0,0,2026-10-05
1521207,25,Quoc Bao Huynh Tran,SHB Da Nang FC,Vietnam,VIE1,1,Kiper,Goalkeeper,22,2004-04-16,True,Vietnam,Lokal,180,kanan,2026-02-27,"Da Nang FC Youth
",-,-,0,0,STABLE,0,0,0,0,0.0,0,0,2026-10-05
531995,3,Matías Fracchia,SHB Da Nang FC,Vietnam,VIE1,1,Bek-Tengah,Defender,31,1995-09-21,False,Uruguay,Asing Non-Asia,188,kiri,2026-08-01,-,-,"Rp4,35Mlyr.",4345454545,4345454545,UNCHANGED,0,0,0,0,0.0,0,0,2026-10-05
261484,8,Ngoc Hai Que,SHB Da Nang FC,Vietnam,VIE1,1,Bek-Tengah,Defender,33,1993-05-15,False,Vietnam,Lokal,180,kanan,2026-01-25,Song Lam Nghe An FC (2004-2012),2028-06-30,"Rp3,04Mlyr.",3041818182,3476363636,DECREASED,0,0,0,0,0.0,0,0,2026-10-05
855737,20,Duy Cuong Luong,SHB Da Nang FC,Vietnam,VIE1,1,Bek-Tengah,Defender,24,2001-11-07,False,Vietnam,Lokal,182,kanan,2022-01-01,"Ha Noi FC (?-2017), SHB Da Nang FC (2017-2021)",-,"Rp1,74Mlyr.",1738181818,2172727273,DECREASED,0,0,0,0,0.0,0,0,2026-10-05
967641,2,Ngoc Hiep Tran,SHB Da Nang FC,Vietnam,VIE1,1,Bek-Tengah,Defender,27,1999-02-03,False,Vietnam,Lokal,177,kanan,2025-08-04,Quang Nam FC,-,"Rp869,09Jt.",869090909,869090909,UNCHANGED,0,0,0,0,0.0,0,0,2026-10-05
1032694,37,Van Son Vu,SHB Da Nang FC,Vietnam,VIE1,1,Bek-Tengah,Defender,23,2003-05-10,False,Vietnam,Lokal,181,kanan,2026-08-01,Hanoi FC,2027-06-30,"Rp869,09Jt.",869090909,434545455,INCREASED,0,0,0,0,0.0,0,0,2026-10-05
749798,0,Sy Hoang Mai,SHB Da Nang FC,Vietnam,VIE1,1,Bek-Kiri,Defender,27,1999-01-01,False,Vietnam,Lokal,172,kiri,2026-09-14,Song Lam Nghe An FC,-,"Rp3,48Mlyr.",3476363636,3041818182,INCREASED,0,0,0,0,0.0,0,0,2026-10-05
968906,81,Duy Thang Nguyen,SHB Da Nang FC,Vietnam,VIE1,1,Bek-Kiri,Defender,26,2000-09-28,False,Vietnam,Lokal,170,kanan,2025-08-04,Hoang Anh Gia Lai FC,-,-,0,869090909,DECREASED,0,0,0,0,0.0,0,0,2026-10-05
970857,17,Viet Hoang Vo Huu,SHB Da Nang FC,Vietnam,VIE1,1,Bek-Kanan,Defender,24,2002-05-22,False,Vietnam,Lokal,175,kanan,2026-08-09,"Hoang Anh Gia Lai FC, Nutifood JMG Academy",-,"Rp2,17Mlyr.",2172727273,1738181818,INCREASED,0,0,0,0,0.0,0,0,2026-10-05
879326,23,Hong Phuc Nguyen,SHB Da Nang FC,Vietnam,VIE1,1,Bek-Kanan,Defender,23,2003-05-31,False,Vietnam,Lokal,178,kanan,2026-08-01,Viettel FC,-,"Rp1,74Mlyr.",1738181818,869090909,INCREASED,0,0,0,0,0.0,0,0,2026-10-05
1529362,72,Trung Nguyen Nguyen,SHB Da Nang FC,Vietnam,VIE1,1,Gel. Tengah,Midfielder,18,2008-01-28,True,Vietnam,Lokal,181,kanan,2026-08-01,-,-,-,0,0,STABLE,0,0,0,0,0.0,0,0,2026-10-05
574909,5,Yvo Calleros,SHB Da Nang FC,Vietnam,VIE1,1,Gel. Bertahan,Midfielder,28,1998-03-14,False,Uruguay,Asing Non-Asia,181,kanan,2026-08-10,Plaza Colonia,-,"Rp8,69Mlyr.",8690909091,8690909091,UNCHANGED,0,0,0,0,0.0,0,0,2026-10-05
980722,22,Vu Quoc Nhat Le,SHB Da Nang FC,Vietnam,VIE1,1,Gel. Tengah,Midfielder,29,1996-10-16,False,Vietnam,Lokal,169,kanan,2025-08-04,Hoang Anh Gia Lai FC,-,"Rp869,09Jt.",869090909,869090909,UNCHANGED,0,0,0,0,0.0,0,0,2026-10-05
573532,14,Van Hoa Tran,SHB Da Nang FC,Vietnam,VIE1,1,Gel. Tengah,Midfielder,28,1998-03-22,False,Vietnam,Lokal,171,kanan,2025-08-04,PVF Football Academy,-,"Rp434,55Jt.",434545455,434545455,UNCHANGED,0,0,0,0,0.0,0,0,2026-10-05
749804,58,Van Toan Vo,SHB Da Nang FC,Vietnam,VIE1,1,Gel. Tengah,Midfielder,27,1999-04-28,False,Vietnam,Lokal,174,kanan,2025-08-04,Quang Nam FC,-,"Rp434,55Jt.",434545455,869090909,DECREASED,0,0,0,0,0.0,0,0,2026-10-05
1032712,32,Van Quang Duyet Le,SHB Da Nang FC,Vietnam,VIE1,1,Gel. Tengah,Midfielder,21,2005-05-11,True,Vietnam,Lokal,175,kanan,2026-08-01,"Quang Nam FC, Hanoi FC, Da Nang FC",-,-,0,0,STABLE,0,0,0,0,0.0,0,0,2026-10-05
984425,16,Van Huu Pham,SHB Da Nang FC,Vietnam,VIE1,1,Gelandang Kanan,Midfielder,25,2001-06-03,False,Vietnam,Lokal,165,kanan,2022-01-01,-,-,"Rp869,09Jt.",869090909,869090909,UNCHANGED,0,0,0,0,0.0,0,0,2026-10-05
261491,26,Huy Toan Vo,SHB Da Nang FC,Vietnam,VIE1,1,Gelandang Kiri,Midfielder,33,1993-03-15,False,Vietnam,Lokal,168,kiri,2026-08-01,SHB Da Nang (2004-2011),-,"Rp869,09Jt.",869090909,869090909,UNCHANGED,0,0,0,0,0.0,0,0,2026-10-05
565193,19,Joel López Pissano,SHB Da Nang FC,Vietnam,VIE1,1,Gel. Serang,Midfielder,29,1997-01-06,False,Argentina,Asing Non-Asia,180,kiri,2026-01-25,-,-,"Rp7,82Mlyr.",7821818182,8690909091,DECREASED,0,0,0,0,0.0,0,0,2026-10-05
1592385,27,Bryan Ly,SHB Da Nang FC,Vietnam,VIE1,1,Gel. Serang,Midfielder,23,2003-05-27,False,Irlandia,Asing Non-Asia,177,kanan,2026-08-28,"Manchester City Development (2014-2017), Blackburn Rovers (2",-,-,0,0,STABLE,0,0,0,0,0.0,0,0,2026-10-05
984428,18,Dinh Duy Pham,SHB Da Nang FC,Vietnam,VIE1,1,Sayap Kanan,Attack,24,2002-04-02,False,Vietnam,Lokal,174,kanan,2022-01-01,SHB Da Nang Youth (2012-2022),-,"Rp2,61Mlyr.",2607272727,2607272727,UNCHANGED,0,0,0,0,0.0,0,0,2026-10-05
573733,11,Van Long Phan,SHB Da Nang FC,Vietnam,VIE1,1,Sayap Kanan,Attack,30,1996-06-01,False,Vietnam,Lokal,178,kanan,2015-01-01,SHB Da Nang FC,-,"Rp2,17Mlyr.",2172727273,2607272727,DECREASED,0,0,0,0,0.0,0,0,2026-10-05
1124640,36,Minh Quang Nguyen,SHB Da Nang FC,Vietnam,VIE1,1,Sayap Kanan,Attack,25,2001-02-03,False,Vietnam,Lokal,171,kanan,2023-09-12,Ha Tinh FC,-,"Rp1,74Mlyr.",1738181818,1738181818,UNCHANGED,0,0,0,0,0.0,0,0,2026-10-05
749632,67,Hong Phuoc Ngo,SHB Da Nang FC,Vietnam,VIE1,1,Sayap Kanan,Attack,28,1998-07-03,False,Vietnam,Lokal,173,kanan,2025-08-04,An Giang FC,-,"Rp869,09Jt.",869090909,869090909,UNCHANGED,0,0,0,0,0.0,0,0,2026-10-05
274347,9,Ivan Saponjic,SHB Da Nang FC,Vietnam,VIE1,1,Depan-Tengah,Attack,29,1997-08-02,False,Serbia,Asing Non-Asia,190,kanan,2026-08-01,"Zlatar Nova Varoš, FK Sloboda Užice 
",-,"Rp3,48Mlyr.",3476363636,5214545455,DECREASED,0,0,0,0,0.0,0,0,2026-10-05
795692,28,Nguyen Hoang Vo,SHB Da Nang FC,Vietnam,VIE1,1,Depan-Tengah,Attack,24,2002-02-07,False,Vietnam,Lokal,180,kanan,2026-01-25,PVF Football Academy,2029-06-30,"Rp2,61Mlyr.",2607272727,2172727273,INCREASED,0,0,0,0,0.0,0,0,2026-10-05
1063304,10,Kalvin Luong,SHB Da Nang FC,Vietnam,VIE1,1,Depan-Tengah,Attack,24,2002-04-13,False,Prancis,Asing Non-Asia,181,kanan,2026-09-01,LB Châteauroux (-2019),2027-06-30,-,0,0,STABLE,0,0,0,0,0.0,0,0,2026-10-05
1590502,24,Gia Phuc Tran Truong,SHB Da Nang FC,Vietnam,VIE1,1,Gel. Tengah,Midfielder,20,2006-02-28,True,Vietnam,Lokal,186,kanan,2026-08-01,SHB Da Nang FC,-,-,0,0,STABLE,0,0,0,0,0.0,0,0,2026-10-05
678032,30,Van Toan Nguyen,Hai Phong FC,Vietnam,VIE1,1,Kiper,Goalkeeper,26,1999-11-26,False,Vietnam,Lokal,187,kanan,2019-01-01,Hai Phong FC (- 2018),-,"Rp869,09Jt.",869090909,869090909,UNCHANGED,0,0,0,0,0.0,0,0,2026-10-05
559686,20,Dinh Minh Hoang Tran,Hai Phong FC,Vietnam,VIE1,1,Kiper,Goalkeeper,33,1993-01-08,False,Vietnam,Lokal,177,kanan,2026-08-01,-,-,"Rp434,55Jt.",434545455,434545455,UNCHANGED,0,0,0,0,0.0,0,0,2026-10-05
1033131,0,Viet Dai Ho,Hai Phong FC,Vietnam,VIE1,1,Kiper,Goalkeeper,26,2000-01-26,False,Vietnam,Lokal,185,kanan,2026-08-01,Song Lam Nghe An FC,-,-,0,434545455,DECREASED,0,0,0,0,0.0,0,0,2026-10-05
1117438,32,Thanh Long Pham,Hai Phong FC,Vietnam,VIE1,1,Kiper,Goalkeeper,21,2005-06-20,True,Vietnam,Lokal,175,kanan,2026-08-01,"Hoang Anh Gia Lai FC, Nutifood JMG Academy",-,-,0,0,STABLE,0,0,0,0,0.0,0,0,2026-10-05
1196081,0,Dinh Tung Nguyen,Hai Phong FC,Vietnam,VIE1,1,Kiper,Goalkeeper,23,2003-07-31,False,Vietnam,Lokal,0,kanan,-,-,-,-,0,0,STABLE,0,0,0,0,0.0,0,0,2026-10-05
531411,97,Esteban Orozco,Hai Phong FC,Vietnam,VIE1,1,Bek-Tengah,Defender,28,1998-05-07,False,Guinea Khatulistiwa,Asing Non-Asia,186,kanan,2026-08-01,-,2027-06-30,"Rp3,48Mlyr.",3476363636,4345454545,DECREASED,0,0,0,0,0.0,0,0,2026-10-05
1194071,31,Huu Thai Bao Nguyen,Hai Phong FC,Vietnam,VIE1,1,Bek-Tengah,Defender,22,2004-05-31,True,Vietnam,Lokal,176,kanan,2026-08-01,Viettel FC,-,"Rp1,30Mlyr.",1303636364,869090909,INCREASED,0,0,0,0,0.0,0,0,2026-10-05
879340,5,Tuan Phong Dang,Hai Phong FC,Vietnam,VIE1,1,Bek-Tengah,Defender,23,2003-02-02,False,Vietnam,Lokal,178,kanan,2026-08-01,Viettel FC,2027-06-30,"Rp869,09Jt.",869090909,869090909,UNCHANGED,0,0,0,0,0.0,0,0,2026-10-05
1330983,35,Quoc Anh Vu,Hai Phong FC,Vietnam,VIE1,1,Bek-Tengah,Defender,21,2005-05-03,True,Vietnam,Lokal,177,kanan,2026-08-01,Viettel FC,-,"Rp173,82Jt.",173818182,173818182,STABLE,0,0,0,0,0.0,0,0,2026-10-05
1194335,2,Quoc Thang Hua,Hai Phong FC,Vietnam,VIE1,1,Bek-Tengah,Defender,25,2001-04-18,False,Vietnam,Lokal,185,kanan,2026-08-01,PVF,-,-,0,434545455,DECREASED,0,0,0,0,0.0,0,0,2026-10-05
855762,14,Anh Tuan Nguyen,Hai Phong FC,Vietnam,VIE1,1,Bek-Tengah,Defender,24,2001-12-28,False,Vietnam,Lokal,177,kanan,2026-08-01,Than Quang Ninh FC,-,-,0,434545455,DECREASED,0,0,0,0,0.0,0,0,2026-10-05
989320,17,Thai Hoc Nguyen,Hai Phong FC,Vietnam,VIE1,1,Bek-Kiri,Defender,24,2002-01-17,False,Vietnam,Lokal,175,kiri,2026-08-01,Hanoi FC,2029-06-30,"Rp434,55Jt.",434545455,434545455,STABLE,0,0,0,0,0.0,0,0,2026-10-05
970861,28,Tuan Vu Huynh,Hai Phong FC,Vietnam,VIE1,1,Bek-Kiri,Defender,24,2002-05-01,False,Vietnam,Lokal,170,kiri,2026-08-01,"Hoang Anh Gia Lai FC, Nutifood JMG Academy",2027-06-30,-,0,0,STABLE,0,0,0,0,0.0,0,0,2026-10-05
734443,68,Van Minh Nguyen,Hai Phong FC,Vietnam,VIE1,1,Bek-Kanan,Defender,27,1999-02-08,False,Vietnam,Lokal,165,kanan,2023-01-17,Hanoi FC,-,"Rp869,09Jt.",869090909,869090909,UNCHANGED,0,0,0,0,0.0,0,0,2026-10-05
628830,25,Bicou Bissainthe,Hai Phong FC,Vietnam,VIE1,1,Gel. Bertahan,Midfielder,27,1999-03-15,False,Haiti,Asing Non-Asia,188,kanan,2023-01-28,-,2029-06-30,"Rp3,48Mlyr.",3476363636,4345454545,DECREASED,0,0,0,0,0.0,0,0,2026-10-05
571485,19,Manh Dung Le,Hai Phong FC,Vietnam,VIE1,1,Gel. Tengah,Midfielder,32,1994-02-10,False,Vietnam,Lokal,172,kanan,2020-12-01,Song Lam Nghe An FC,2027-06-30,"Rp1,30Mlyr.",1303636364,1303636364,UNCHANGED,0,0,0,0,0.0,0,0,2026-10-05
1585772,27,Van Tuyen Hoang,Hai Phong FC,Vietnam,VIE1,1,Gel. Tengah,Midfielder,21,2005-04-27,True,Vietnam,Lokal,175,kanan,2026-08-01,-,-,-,0,0,STABLE,0,0,0,0,0.0,0,0,2026-10-05
573542,77,Huu Son Nguyen,Hai Phong FC,Vietnam,VIE1,1,Gelandang Kanan,Midfielder,30,1996-09-27,False,Vietnam,Lokal,172,kanan,2022-12-01,Hanoi FC,2029-06-30,"Rp2,61Mlyr.",2607272727,2607272727,UNCHANGED,0,0,0,0,0.0,0,0,2026-10-05
989908,15,Ngoc Tu Nguyen,Hai Phong FC,Vietnam,VIE1,1,Gelandang Kanan,Midfielder,24,2002-02-15,False,Vietnam,Lokal,170,kanan,2026-08-01,Viettel FC ,2027-06-30,"Rp869,09Jt.",869090909,869090909,UNCHANGED,0,0,0,0,0.0,0,0,2026-10-05
573884,45,Thanh Dong Nguyen,Hai Phong FC,Vietnam,VIE1,1,Gelandang Kanan,Midfielder,31,1995-02-06,False,Vietnam,Lokal,170,kanan,-,-,-,"Rp434,55Jt.",434545455,434545455,UNCHANGED,0,0,0,0,0.0,0,0,2026-10-05
508249,11,Minh Di Ho,Hai Phong FC,Vietnam,VIE1,1,Gelandang Kiri,Midfielder,28,1998-02-17,False,Vietnam,Lokal,159,kanan,2023-01-01,PVF Football Academy,-,"Rp1,74Mlyr.",1738181818,1738181818,UNCHANGED,0,0,0,0,0.0,0,0,2026-10-05
573543,39,Vu Tin Nguyen,Hai Phong FC,Vietnam,VIE1,1,Gelandang Kiri,Midfielder,28,1998-02-10,False,Vietnam,Lokal,172,kiri,2026-08-01,PVF Football Academy,-,"Rp1,30Mlyr.",1303636364,1303636364,UNCHANGED,0,0,0,0,0.0,0,0,2026-10-05
560475,91,Van Anh Nguyen,Hai Phong FC,Vietnam,VIE1,1,Gelandang Kiri,Midfielder,29,1996-10-20,False,Vietnam,Lokal,178,kanan,2026-09-01,Hoang Anh Gia Lai FC,-,"Rp869,09Jt.",869090909,869090909,UNCHANGED,0,0,0,0,0.0,0,0,2026-10-05
967405,98,The Tai Hoang,Hai Phong FC,Vietnam,VIE1,1,Gelandang Kiri,Midfielder,28,1998-06-23,False,Vietnam,Lokal,168,kanan,2025-07-03,Viettel FC,2027-06-30,"Rp869,09Jt.",869090909,869090909,UNCHANGED,0,0,0,0,0.0,0,0,2026-10-05
1527096,18,Hoang Thao Vu,Hai Phong FC,Vietnam,VIE1,1,Gel. Tengah,Midfielder,19,2007-07-08,True,Vietnam,Lokal,170,kanan,-,-,-,-,0,0,STABLE,0,0,0,0,0.0,0,0,2026-10-05
1472317,21,Gia Hung Tran,Hai Phong FC,Vietnam,VIE1,1,Gel. Tengah,Midfielder,19,2007-08-24,True,Vietnam,Lokal,172,kanan,2026-08-01,PVF Football Academy (2019-2025),2027-06-30,-,0,0,STABLE,0,0,0,0,0.0,0,0,2026-10-05
1146382,10,Camilo Vasconcelos,Hai Phong FC,Vietnam,VIE1,1,Sayap Kiri,Attack,21,2005-03-19,True,Kanada,Asing Non-Asia,170,kanan,2026-02-06,-,-,"Rp869,09Jt.",869090909,434545455,INCREASED,0,0,0,0,0.0,0,0,2026-10-05
1390368,7,Duy Khang Hoang Trong,Hai Phong FC,Vietnam,VIE1,1,Sayap Kiri,Attack,18,2008-08-12,True,Vietnam,Lokal,175,kanan,2026-08-01,PVF Football Academy,2027-06-30,-,0,0,STABLE,0,0,0,0,0.0,0,0,2026-10-05
1146338,36,Cong Phuong Nguyen,Hai Phong FC,Vietnam,VIE1,1,Sayap Kanan,Attack,20,2006-06-03,True,Vietnam,Lokal,178,kanan,2026-08-01,"Hai Duong (2013-2018), Viettel FC(2018-2023)",2027-06-30,"Rp1,30Mlyr.",1303636364,1303636364,UNCHANGED,0,0,0,0,0.0,0,0,2026-10-05
315561,9,Milan Makaric,Hai Phong FC,Vietnam,VIE1,1,Depan-Tengah,Attack,31,1995-10-04,False,Serbia,Asing Non-Asia,185,kanan,2026-08-01,-,-,"Rp5,21Mlyr.",5214545455,4345454545,INCREASED,0,0,0,0,0.0,0,0,2026-10-05
184928,95,Joel Tagueu,Hai Phong FC,Vietnam,VIE1,1,Depan-Tengah,Attack,32,1993-12-06,False,Kamerun,Asing Non-Asia,178,kiri,2025-07-01,-,2028-06-30,"Rp4,78Mlyr.",4780000000,5214545455,DECREASED,0,0,0,0,0.0,0,0,2026-10-05
285054,99,Joseph Mpande,Hai Phong FC,Vietnam,VIE1,1,Depan-Tengah,Attack,32,1994-03-23,False,Uganda,Asing Non-Asia,183,kanan,2026-09-01,-,-,"Rp3,48Mlyr.",3476363636,4780000000,DECREASED,0,0,0,0,0.0,0,0,2026-10-05
879358,28,Van Viet Nguyen,The Cong - Viettel FC,Vietnam,VIE1,1,Kiper,Goalkeeper,24,2002-07-12,False,Vietnam,Lokal,181,kanan,2026-08-01,Song Lam Nghe An,-,"Rp3,91Mlyr.",3910909091,3476363636,INCREASED,0,0,0,0,0.0,0,0,2026-10-05
354785,33,Minh Long Phi,The Cong - Viettel FC,Vietnam,VIE1,1,Kiper,Goalkeeper,31,1995-02-11,False,Vietnam,Lokal,180,kanan,2026-08-21,Ha Noi T&T (2008-2015),-,"Rp869,09Jt.",869090909,869090909,UNCHANGED,0,0,0,0,0.0,0,0,2026-10-05
964130,1,Lawrence Caruso,The Cong - Viettel FC,Vietnam,VIE1,1,Kiper,Goalkeeper,22,2004-09-15,True,Australia,Asia (AFC),184,kanan,2026-08-10,Melbourne City,2028-06-30,-,0,869090909,DECREASED,0,0,0,0,0.0,0,0,2026-10-05
1269773,0,Hoang An Pham,The Cong - Viettel FC,Vietnam,VIE1,1,Kiper,Goalkeeper,22,2004-02-20,True,Vietnam,Lokal,185,kanan,2024-03-01,-,-,-,0,0,STABLE,0,0,0,0,0.0,0,0,2026-10-05
1119948,2,Kyle Colonna,The Cong - Viettel FC,Vietnam,VIE1,1,Bek-Tengah,Defender,27,1999-08-02,False,Vietnam,Lokal,191,kanan,2025-08-07,"Monte Vista High School, De Anza Force SC",-,"Rp4,35Mlyr.",4345454545,3476363636,INCREASED,0,0,0,0,0.0,0,0,2026-10-05
407524,4,Tien Dung Bui,The Cong - Viettel FC,Vietnam,VIE1,1,Bek-Tengah,Defender,31,1995-10-02,False,Vietnam,Lokal,176,keduanya,2014-01-01,"QK4 (2008), Viettel FC (2009-2014)",2027-06-30,"Rp4,35Mlyr.",4345454545,4780000000,DECREASED,0,0,0,0,0.0,0,0,2026-10-05
855713,3,Thanh Binh Nguyen,The Cong - Viettel FC,Vietnam,VIE1,1,Bek-Tengah,Defender,25,2000-11-02,False,Vietnam,Lokal,183,kanan,2020-12-01,-,-,"Rp3,48Mlyr.",3476363636,4345454545,DECREASED,0,0,0,0,0.0,0,0,2026-10-05
190314,15,Lucas,The Cong - Viettel FC,Vietnam,VIE1,1,Bek-Tengah,Defender,34,1992-07-22,False,Brasil,Asing Non-Asia,193,kanan,2026-08-10,Nacional-SP,-,"Rp3,04Mlyr.",3041818182,3476363636,DECREASED,0,0,0,0,0.0,0,0,2026-10-05
734438,20,Van Nam Dao,The Cong - Viettel FC,Vietnam,VIE1,1,Bek-Tengah,Defender,30,1996-05-10,False,Vietnam,Lokal,181,kiri,2026-03-15,"The Vissai Ninh Binh (2009-2016), Ha Noi Youth (2016-2017)",-,"Rp2,17Mlyr.",2172727273,2607272727,DECREASED,0,0,0,0,0.0,0,0,2026-10-05
560532,97,Viet Hung Trieu,The Cong - Viettel FC,Vietnam,VIE1,1,Bek-Kiri,Defender,29,1997-01-19,False,Vietnam,Lokal,170,kiri,2026-08-01,Hoang Anh Gia Lai FC,2029-06-30,"Rp5,21Mlyr.",5214545455,4780000000,INCREASED,0,0,0,0,0.0,0,0,2026-10-05
989898,12,Tuan Tai Phan,The Cong - Viettel FC,Vietnam,VIE1,1,Bek-Kiri,Defender,25,2001-01-07,False,Vietnam,Lokal,176,kiri,2022-07-01,Viettel FC (2013-2020),-,"Rp4,78Mlyr.",4780000000,4345454545,INCREASED,0,0,0,0,0.0,0,0,2026-10-05
573459,16,Trung Hieu Pham,The Cong - Viettel FC,Vietnam,VIE1,1,Bek-Kanan,Defender,28,1998-09-02,False,Vietnam,Lokal,170,kanan,2026-08-01,Than Quang Ninh (2015-2018),2028-06-30,"Rp3,91Mlyr.",3910909091,3476363636,INCREASED,0,0,0,0,0.0,0,0,2026-10-05
573746,18,Viet Tu Dinh,The Cong - Viettel FC,Vietnam,VIE1,1,Bek-Kanan,Defender,34,1992-08-16,False,Vietnam,Lokal,180,kiri,2025-07-31,Nam Dinh FC (2008-2011),-,"Rp1,30Mlyr.",1303636364,1303636364,UNCHANGED,0,0,0,0,0.0,0,0,2026-10-05
792343,5,André Luiz,The Cong - Viettel FC,Vietnam,VIE1,1,Gel. Bertahan,Midfielder,31,1995-08-22,False,Brasil,Asing Non-Asia,183,kanan,2026-08-12,-,-,"Rp2,61Mlyr.",2607272727,434545455,INCREASED,0,0,0,0,0.0,0,0,2026-10-05
893111,14,Paulinho Curuá,The Cong - Viettel FC,Vietnam,VIE1,1,Gel. Bertahan,Midfielder,29,1997-05-11,False,Brasil,Asing Non-Asia,186,kanan,2025-08-07,-,2027-06-30,"Rp2,61Mlyr.",2607272727,1738181818,INCREASED,0,0,0,0,0.0,0,0,2026-10-05
1041713,66,Damian Vu Thanh,The Cong - Viettel FC,Vietnam,VIE1,1,Gel. Bertahan,Midfielder,23,2003-08-25,False,Polandia,Asing Non-Asia,183,kanan,2025-08-07,-,-,"Rp1,30Mlyr.",1303636364,869090909,INCREASED,0,0,0,0,0.0,0,0,2026-10-05
432961,7,Wesley Natã,The Cong - Viettel FC,Vietnam,VIE1,1,Gel. Tengah,Midfielder,31,1995-04-18,False,Brasil,Asing Non-Asia,183,keduanya,2024-08-15,-,2027-06-30,"Rp5,65Mlyr.",5649090909,5649090909,UNCHANGED,0,0,0,0,0.0,0,0,2026-10-05
984117,19,Xuan Tien Dinh,The Cong - Viettel FC,Vietnam,VIE1,1,Gel. Tengah,Midfielder,23,2003-01-10,False,Vietnam,Lokal,171,kanan,2026-08-01,Song Lam Nghe An (2014-2021),-,"Rp2,61Mlyr.",2607272727,2607272727,UNCHANGED,0,0,0,0,0.0,0,0,2026-10-05
1032713,88,Van Tu Nguyen,The Cong - Viettel FC,Vietnam,VIE1,1,Gel. Tengah,Midfielder,23,2003-05-14,False,Vietnam,Lokal,176,kanan,2025-08-01,Viettel FC,-,"Rp2,61Mlyr.",2607272727,1738181818,INCREASED,0,0,0,0,0.0,0,0,2026-10-05
560306,34,Ngoc Tan Doan,The Cong - Viettel FC,Vietnam,VIE1,1,Gel. Tengah,Midfielder,32,1994-09-14,False,Vietnam,Lokal,168,kanan,2026-08-01,"Hanoi ACB (-2012), Viettel (2012-2014)",2028-06-30,"Rp2,17Mlyr.",2172727273,2172727273,UNCHANGED,0,0,0,0,0.0,0,0,2026-10-05
989256,89,Quoc Nhat Nam Le,The Cong - Viettel FC,Vietnam,VIE1,1,Gel. Tengah,Midfielder,25,2001-03-23,False,Vietnam,Lokal,168,kiri,2024-09-01,Viettel FC (2012-2021),-,"Rp1,74Mlyr.",1738181818,1303636364,INCREASED,0,0,0,0,0.0,0,0,2026-10-05
992579,86,Huu Nam Nguyen,The Cong - Viettel FC,Vietnam,VIE1,1,Gelandang Kanan,Midfielder,25,2001-01-01,False,Vietnam,Lokal,175,kiri,2024-09-01,Viettel FC,-,"Rp2,61Mlyr.",2607272727,1303636364,INCREASED,0,0,0,0,0.0,0,0,2026-10-05
669651,17,Duc Hoang Minh Nguyen,The Cong - Viettel FC,Vietnam,VIE1,1,Gelandang Kanan,Midfielder,28,1998-02-20,False,Vietnam,Lokal,166,kanan,2019-01-01,Viettel,-,"Rp1,74Mlyr.",1738181818,1303636364,INCREASED,0,0,0,0,0.0,0,0,2026-10-05
879321,11,Van Khang Khuat,The Cong - Viettel FC,Vietnam,VIE1,1,Gelandang Kiri,Midfielder,23,2003-05-11,False,Vietnam,Lokal,172,kiri,2022-08-12,Viettel FC (2013-2022),-,"Rp5,21Mlyr.",5214545455,5214545455,UNCHANGED,0,0,0,0,0.0,0,0,2026-10-05
734166,8,Huu Thang Nguyen,The Cong - Viettel FC,Vietnam,VIE1,1,Gel. Serang,Midfielder,26,2000-05-19,False,Vietnam,Lokal,168,kiri,-,-,-,"Rp2,17Mlyr.",2172727273,2172727273,UNCHANGED,0,0,0,0,0.0,0,0,2026-10-05
796476,10,Hernandes,The Cong - Viettel FC,Vietnam,VIE1,1,Sayap Kiri,Attack,27,1999-09-02,False,Brasil,Asing Non-Asia,183,kanan,2026-08-01,"Interporto Futebol Clube (2014-2016), Associação Desportiva ",2027-06-30,"Rp8,69Mlyr.",8690909091,6518181818,INCREASED,0,0,0,0,0.0,0,0,2026-10-05
1313104,22,Hoang Khanh Nguyen,The Cong - Viettel FC,Vietnam,VIE1,1,Sayap Kiri,Attack,20,2006-03-28,True,Vietnam,Lokal,168,kanan,2026-01-29,Viettel FC,-,-,0,0,STABLE,0,0,0,0,0.0,0,0,2026-10-05
423839,9,Ribamar,The Cong - Viettel FC,Vietnam,VIE1,1,Depan-Tengah,Attack,29,1997-05-21,False,Brasil,Asing Non-Asia,184,kiri,2026-08-12,-,-,"Rp3,91Mlyr.",3910909091,3476363636,INCREASED,0,0,0,0,0.0,0,0,2026-10-05
572228,13,Rimario Gordon,The Cong - Viettel FC,Vietnam,VIE1,1,Depan-Tengah,Attack,32,1994-06-07,False,Jamaika,Asing Non-Asia,180,kanan,2026-08-06,-,-,"Rp3,04Mlyr.",3041818182,3910909091,DECREASED,0,0,0,0,0.0,0,0,2026-10-05
735793,23,Manh Dung Nham,The Cong - Viettel FC,Vietnam,VIE1,1,Depan-Tengah,Attack,26,2000-04-12,False,Vietnam,Lokal,181,kiri,2019-01-01,Viettel FC (2013-2019),-,"Rp3,04Mlyr.",3041818182,3041818182,UNCHANGED,0,0,0,0,0.0,0,0,2026-10-05
592351,95,Junior Brandão,The Cong - Viettel FC,Vietnam,VIE1,1,Depan-Tengah,Attack,31,1995-01-07,False,Brasil,Asing Non-Asia,187,kanan,2026-08-21,-,-,"Rp2,61Mlyr.",2607272727,2607272727,INCREASED,0,0,0,0,0.0,0,0,2026-10-05
734167,6,Danh Trung Tran,The Cong - Viettel FC,Vietnam,VIE1,1,Depan-Tengah,Attack,26,2000-10-03,False,Vietnam,Lokal,176,kanan,2020-01-01,Viettel FC,-,"Rp1,74Mlyr.",1738181818,2172727273,DECREASED,0,0,0,0,0.0,0,0,2026-10-05
946463,1,Van Chuan Quan,Ha Noi FC,Vietnam,VIE1,1,Kiper,Goalkeeper,25,2001-01-07,False,Vietnam,Lokal,181,kanan,2021-10-01,Ha Noi FC (2011-2020),2030-06-30,"Rp2,61Mlyr.",2607272727,2172727273,INCREASED,0,0,0,0,0.0,0,0,2026-10-05
560912,5,Van Hoang Nguyen,Ha Noi FC,Vietnam,VIE1,1,Kiper,Goalkeeper,31,1995-02-17,False,Vietnam,Lokal,186,kanan,2023-09-01,"Song Lam Nghe An, Ha Noi FC",2028-06-30,"Rp1,74Mlyr.",1738181818,2607272727,DECREASED,0,0,0,0,0.0,0,0,2026-10-05
1146331,66,Dinh Hai Pham,Ha Noi FC,Vietnam,VIE1,1,Kiper,Goalkeeper,20,2006-03-29,True,Vietnam,Lokal,185,kanan,2026-01-29,Hanoi FC,-,-,0,0,STABLE,0,0,0,0,0.0,0,0,2026-10-05
354784,2,Duy Manh Do,Ha Noi FC,Vietnam,VIE1,1,Bek-Tengah,Defender,30,1996-09-29,False,Vietnam,Lokal,180,kanan,2015-01-01,"Hanoi Football Training Center (2006-2012),
Hanoi FC (2013-",2027-11-30,"Rp5,21Mlyr.",5214545455,5649090909,DECREASED,0,0,0,0,0.0,0,0,2026-10-05
419389,16,Thanh Chung Nguyen,Ha Noi FC,Vietnam,VIE1,1,Bek-Tengah,Defender,29,1997-09-08,False,Vietnam,Lokal,182,kanan,2016-01-01,Hanoi Youth Football Training Center T&T,2030-06-30,"Rp4,35Mlyr.",4345454545,5214545455,DECREASED,0,0,0,0,0.0,0,0,2026-10-05
494832,0,Adriel,Ha Noi FC,Vietnam,VIE1,1,Bek-Tengah,Defender,29,1997-05-22,False,Brasil,Asing Non-Asia,184,kanan,2026-09-28,-,-,"Rp3,48Mlyr.",3476363636,4345454545,DECREASED,0,0,0,0,0.0,0,0,2026-10-05
1057401,29,Duc Anh Nguyen,Ha Noi FC,Vietnam,VIE1,1,Bek-Tengah,Defender,23,2003-05-16,False,Vietnam,Lokal,175,kiri,2023-01-01,Hanoi FC,-,"Rp1,74Mlyr.",1738181818,1303636364,INCREASED,0,0,0,0,0.0,0,0,2026-10-05
1527097,33,Anh Tiep Nguyen,Ha Noi FC,Vietnam,VIE1,1,Bek-Tengah,Defender,20,2006-02-02,True,Vietnam,Lokal,183,kanan,2026-03-16,Ha Noi FC,-,"Rp869,09Jt.",869090909,869090909,STABLE,0,0,0,0,0.0,0,0,2026-10-05
1103342,3,Van Ha Le,Ha Noi FC,Vietnam,VIE1,1,Bek-Tengah,Defender,22,2004-07-01,True,Vietnam,Lokal,184,kanan,2024-09-01,Ha Noi FC,-,"Rp434,55Jt.",434545455,434545455,UNCHANGED,0,0,0,0,0.0,0,0,2026-10-05
734441,21,Dinh Hai Vu,Ha Noi FC,Vietnam,VIE1,1,Bek-Kiri,Defender,26,2000-01-13,False,Vietnam,Lokal,172,kiri,2023-09-01,Hanoi FC Youth (2015-2018),2027-06-30,"Rp869,09Jt.",869090909,1303636364,DECREASED,0,0,0,0,0.0,0,0,2026-10-05
669602,22,Cong Nhat Nguyen,Ha Noi FC,Vietnam,VIE1,1,Bek-Kiri,Defender,33,1993-05-12,False,Vietnam,Lokal,173,kiri,2026-08-01,Hue FC (2003-2014),2027-06-30,"Rp869,09Jt.",869090909,869090909,UNCHANGED,0,0,0,0,0.0,0,0,2026-10-05
560917,7,Xuan Manh Pham,Ha Noi FC,Vietnam,VIE1,1,Bek-Kanan,Defender,30,1996-02-09,False,Vietnam,Lokal,174,kanan,2024-07-01,Song Lam Nghe An (2008-2015),2027-06-30,"Rp3,91Mlyr.",3910909091,4345454545,DECREASED,0,0,0,0,0.0,0,0,2026-10-05
158623,44,Cyrus Christie,Ha Noi FC,Vietnam,VIE1,1,Bek-Kanan,Defender,34,1992-09-30,False,Irlandia,Asing Non-Asia,188,kanan,2026-09-01,-,-,"Rp2,17Mlyr.",2172727273,3041818182,DECREASED,0,0,0,0,0.0,0,0,2026-10-05
991714,86,Van Thang Tran,Ha Noi FC,Vietnam,VIE1,1,Bek-Kanan,Defender,25,2001-07-06,False,Vietnam,Lokal,172,kanan,2023-09-01,Hanoi FC,2028-06-30,"Rp434,55Jt.",434545455,434545455,UNCHANGED,0,0,0,0,0.0,0,0,2026-10-05
433933,6,Kevin Felida,Ha Noi FC,Vietnam,VIE1,1,Gel. Bertahan,Midfielder,26,1999-11-11,False,Curacao,Asing Non-Asia,174,kanan,2026-09-30,"SCO'63 (-2006), VV Spijkenisse (2009-2012), Excelsior (2012-",2027-06-30,"Rp6,95Mlyr.",6952727273,6083636364,INCREASED,0,0,0,0,0.0,0,0,2026-10-05
661754,36,Yuval Sade,Ha Noi FC,Vietnam,VIE1,1,Gel. Bertahan,Midfielder,26,2000-05-10,False,Israel,Asing Non-Asia,185,kanan,2026-08-13,-,-,"Rp5,65Mlyr.",5649090909,5649090909,UNCHANGED,0,0,0,0,0.0,0,0,2026-10-05
419388,15,Duc Huy Pham,Ha Noi FC,Vietnam,VIE1,1,Gel. Bertahan,Midfielder,31,1995-01-20,False,Vietnam,Lokal,173,kanan,2026-08-01,Hanoi FC,-,"Rp1,74Mlyr.",1738181818,2172727273,DECREASED,0,0,0,0,0.0,0,0,2026-10-05
1019865,8,Van Truong Nguyen,Ha Noi FC,Vietnam,VIE1,1,Gel. Tengah,Midfielder,23,2003-09-10,False,Vietnam,Lokal,182,kanan,2023-01-01,Hanoi FC,-,"Rp2,61Mlyr.",2607272727,3041818182,DECREASED,0,0,0,0,0.0,0,0,2026-10-05
261458,88,Hung Dung Do,Ha Noi FC,Vietnam,VIE1,1,Gel. Tengah,Midfielder,33,1993-09-08,False,Vietnam,Lokal,170,keduanya,2016-01-01,"Hanoi Football Training Center (2004-2011), Hanoi FC (2011-2",2028-06-30,"Rp2,17Mlyr.",2172727273,3041818182,DECREASED,0,0,0,0,0.0,0,0,2026-10-05
1275364,20,Hong Phong Dau,Ha Noi FC,Vietnam,VIE1,1,Gel. Tengah,Midfielder,18,2008-09-06,True,Vietnam,Lokal,170,kanan,2026-08-01,Ha Noi FC,-,-,0,0,STABLE,0,0,0,0,0.0,0,0,2026-10-05
1275366,24,Nguyen Luc Chu Ngoc,Ha Noi FC,Vietnam,VIE1,1,Gel. Tengah,Midfielder,17,2009-07-28,True,Vietnam,Lokal,174,kanan,2026-08-01,Ha Noi FC,-,-,0,0,STABLE,0,0,0,0,0.0,0,0,2026-10-05
743966,14,Hai Long Nguyen,Ha Noi FC,Vietnam,VIE1,1,Gelandang Kanan,Midfielder,26,2000-08-27,False,Vietnam,Lokal,168,keduanya,2021-10-03,"Viettel (2011-2015)
Than Quang Ninh (2015-2019)
",2029-06-30,"Rp5,21Mlyr.",5214545455,4345454545,INCREASED,0,0,0,0,0.0,0,0,2026-10-05
855761,18,Ngoc Long Bui,Ha Noi FC,Vietnam,VIE1,1,Gelandang Kanan,Midfielder,24,2001-10-06,False,Vietnam,Lokal,163,kanan,2026-08-01,"Viettel FC (- 2018)
Than Quang Ninh FC",-,"Rp2,17Mlyr.",2172727273,2172727273,UNCHANGED,0,0,0,0,0.0,0,0,2026-10-05
364742,11,Hêndrio,Ha Noi FC,Vietnam,VIE1,1,Gel. Serang,Midfielder,32,1994-05-16,False,Vietnam,Lokal,181,kiri,2025-07-01,FC Barcelona (2010),2028-06-30,"Rp5,21Mlyr.",5214545455,5649090909,DECREASED,0,0,0,0,0.0,0,0,2026-10-05
734447,19,Xuan Tu Le,Ha Noi FC,Vietnam,VIE1,1,Sayap Kiri,Attack,27,1999-09-06,False,Vietnam,Lokal,180,kanan,2020-01-01,PVF,2027-06-30,"Rp2,61Mlyr.",2607272727,3041818182,DECREASED,0,0,0,0,0.0,0,0,2026-10-05
191146,10,Van Quyet Nguyen,Ha Noi FC,Vietnam,VIE1,1,Depan-Kedua,Attack,35,1991-06-27,False,Vietnam,Lokal,172,keduanya,2011-01-01,The Cong (2006-2008),2028-06-30,"Rp2,17Mlyr.",2172727273,3041818182,DECREASED,0,0,0,0,0.0,0,0,2026-10-05
399553,90,Andrew Jung,Ha Noi FC,Vietnam,VIE1,1,Depan-Tengah,Attack,28,1997-10-08,False,Prancis,Asing Non-Asia,192,kanan,2026-08-01,-,2028-06-30,"Rp9,56Mlyr.",9560000000,8690909091,INCREASED,0,0,0,0,0.0,0,0,2026-10-05
171721,26,Adam Taggart,Ha Noi FC,Vietnam,VIE1,1,Depan-Tengah,Attack,33,1993-06-02,False,Australia,Asia (AFC),177,kanan,2026-08-31,Perth Glory U21 (-2010),-,"Rp7,82Mlyr.",7821818182,8690909091,DECREASED,0,0,0,0,0.0,0,0,2026-10-05
986542,23,Van Tung Nguyen,Ha Noi FC,Vietnam,VIE1,1,Depan-Tengah,Attack,25,2001-06-02,False,Vietnam,Lokal,179,kanan,2022-01-01,Ha Noi FC (2015-2021),2031-06-30,"Rp2,17Mlyr.",2172727273,2172727273,UNCHANGED,0,0,0,0,0.0,0,0,2026-10-05
1004502,9,Aymeric Faurand-Tournaire,Ha Noi FC,Vietnam,VIE1,1,Depan-Tengah,Attack,22,2004-04-14,True,Prancis,Asing Non-Asia,181,kanan,2026-08-19,-,2028-06-30,"Rp1,74Mlyr.",1738181818,1738181818,UNCHANGED,0,0,0,0,0.0,0,0,2026-10-05
946431,17,Thanh Minh Ho,Ha Noi FC,Vietnam,VIE1,1,Depan-Tengah,Attack,26,2000-02-07,False,Vietnam,Lokal,170,kanan,2024-08-15,Hue FC,2027-06-30,-,0,0,STABLE,0,0,0,0,0.0,0,0,2026-10-05
315960,26,Nguyen Manh Tran,Thep Xanh Nam Dinh FC,Vietnam,VIE1,1,Kiper,Goalkeeper,34,1991-12-20,False,Vietnam,Lokal,178,kanan,2022-12-01,Song Lam Nghe An FC,2028-06-30,"Rp2,17Mlyr.",2172727273,2607272727,DECREASED,0,0,0,0,0.0,0,0,2026-10-05
725859,67,Xuan Hoang Trinh,Thep Xanh Nam Dinh FC,Vietnam,VIE1,1,Kiper,Goalkeeper,25,2000-11-06,False,Vietnam,Lokal,183,kanan,2026-08-01,Thanh Hoa FC,-,"Rp1,74Mlyr.",1738181818,2172727273,DECREASED,0,0,0,0,0.0,0,0,2026-10-05
985105,23,Vu Phong Le,Thep Xanh Nam Dinh FC,Vietnam,VIE1,1,Kiper,Goalkeeper,24,2001-10-23,False,Vietnam,Lokal,181,kanan,2022-01-01,-,2028-06-30,"Rp434,55Jt.",434545455,434545455,UNCHANGED,0,0,0,0,0.0,0,0,2026-10-05
669616,29,Duc Dung Tran,Thep Xanh Nam Dinh FC,Vietnam,VIE1,1,Kiper,Goalkeeper,29,1997-05-31,False,Vietnam,Lokal,180,kanan,2023-01-18,Nam Dinh FC,-,"Rp434,55Jt.",434545455,434545455,UNCHANGED,0,0,0,0,0.0,0,0,2026-10-05
669611,82,Liem Dieu Tran,Thep Xanh Nam Dinh FC,Vietnam,VIE1,1,Kiper,Goalkeeper,25,2001-02-19,False,Vietnam,Lokal,185,kanan,2022-09-04,-,2028-06-30,"Rp434,55Jt.",434545455,434545455,UNCHANGED,0,0,0,0,0.0,0,0,2026-10-05
296359,93,Félix Eboa Eboa,Thep Xanh Nam Dinh FC,Vietnam,VIE1,1,Bek-Tengah,Defender,29,1997-04-19,False,Kamerun,Asing Non-Asia,186,kanan,2026-08-01,"US Ivry (2003-2007), FC Montfermeil (2007-2010), Paris Saint",2027-06-30,"Rp13,04Mlyr.",13036363636,12167272727,INCREASED,0,0,0,0,0.0,0,0,2026-10-05
508244,5,Van Toi Dang,Thep Xanh Nam Dinh FC,Vietnam,VIE1,1,Bek-Tengah,Defender,27,1999-01-20,False,Vietnam,Lokal,178,kanan,2025-07-01,Hanoi FC (2010-2017),2028-06-30,"Rp3,48Mlyr.",3476363636,3910909091,DECREASED,0,0,0,0,0.0,0,0,2026-10-05
879360,98,Tuan Duong Giap,Thep Xanh Nam Dinh FC,Vietnam,VIE1,1,Bek-Tengah,Defender,24,2002-09-07,False,Vietnam,Lokal,176,kiri,2026-03-17,Cong An Nhan Dan FC,2029-06-30,"Rp2,61Mlyr.",2607272727,2607272727,UNCHANGED,0,0,0,0,0.0,0,0,2026-10-05
725847,32,Duc Huy Ngo,Thep Xanh Nam Dinh FC,Vietnam,VIE1,1,Bek-Tengah,Defender,26,2000-02-22,False,Vietnam,Lokal,178,kanan,2020-01-01,Nam Dinh FC,2027-06-30,"Rp869,09Jt.",869090909,1303636364,DECREASED,0,0,0,0,0.0,0,0,2026-10-05
989460,79,Van Thanh Le,Thep Xanh Nam Dinh FC,Vietnam,VIE1,1,Bek-Tengah,Defender,25,2001-07-24,False,Vietnam,Lokal,176,kanan,2026-03-17,Song Lam Nghe An FC,-,"Rp869,09Jt.",869090909,1303636364,DECREASED,0,0,0,0,0.0,0,0,2026-10-05
734446,17,Van Vi Nguyen,Thep Xanh Nam Dinh FC,Vietnam,VIE1,1,Bek-Kiri,Defender,28,1998-02-12,False,Vietnam,Lokal,169,kiri,2023-09-20,-,2029-06-30,"Rp3,91Mlyr.",3910909091,3910909091,UNCHANGED,0,0,0,0,0.0,0,0,2026-10-05
560529,7,Phong Hong Duy Nguyen,Thep Xanh Nam Dinh FC,Vietnam,VIE1,1,Bek-Kiri,Defender,30,1996-06-13,False,Vietnam,Lokal,168,kiri,2023-01-17,Hoang Anh Gia Lai – Arsenal JMG Academy,2028-06-30,"Rp3,04Mlyr.",3041818182,3041818182,UNCHANGED,0,0,0,0,0.0,0,0,2026-10-05
669652,4,Tien Dung Dam,Thep Xanh Nam Dinh FC,Vietnam,VIE1,1,Bek-Kiri,Defender,30,1996-01-10,False,Vietnam,Lokal,174,kiri,2026-08-01,Viettel FC,2029-06-30,"Rp1,30Mlyr.",1303636364,1738181818,DECREASED,0,0,0,0,0.0,0,0,2026-10-05
1017421,20,Tyler Crawford,Thep Xanh Nam Dinh FC,Vietnam,VIE1,1,Bek-Kiri,Defender,22,2004-03-09,True,Kanada,Asing Non-Asia,175,kanan,2026-08-01,-,2028-06-30,"Rp869,09Jt.",869090909,869090909,UNCHANGED,0,0,0,0,0.0,0,0,2026-10-05
484365,13,Van Kien Tran,Thep Xanh Nam Dinh FC,Vietnam,VIE1,1,Bek-Kanan,Defender,30,1996-05-13,False,Vietnam,Lokal,168,kanan,2023-09-20,"Song Lam Nghe An FC (2009-2011),  Ha Noi FC (2011-2015)",2027-06-30,"Rp2,61Mlyr.",2607272727,3041818182,DECREASED,0,0,0,0,0.0,0,0,2026-10-05
520462,72,Rômulo,Thep Xanh Nam Dinh FC,Vietnam,VIE1,1,Gel. Bertahan,Midfielder,30,1996-01-10,False,Brasil,Asing Non-Asia,185,kanan,2025-02-01,-,2028-06-30,"Rp6,08Mlyr.",6083636364,7821818182,DECREASED,0,0,0,0,0.0,0,0,2026-10-05
347823,10,Caio César,Thep Xanh Nam Dinh FC,Vietnam,VIE1,1,Gel. Tengah,Midfielder,31,1995-07-27,False,Brasil,Asing Non-Asia,193,keduanya,2024-08-16,-,2028-06-30,"Rp6,95Mlyr.",6952727273,9560000000,DECREASED,0,0,0,0,0.0,0,0,2026-10-05
734432,88,Cong Hoang Anh Ly,Thep Xanh Nam Dinh FC,Vietnam,VIE1,1,Gel. Tengah,Midfielder,27,1999-09-01,False,Vietnam,Lokal,168,kanan,2023-09-20,"PVF, Hanoi FC (2012-2017)",2029-06-30,"Rp3,91Mlyr.",3910909091,4345454545,DECREASED,0,0,0,0,0.0,0,0,2026-10-05
369546,11,Tuan Anh Nguyen,Thep Xanh Nam Dinh FC,Vietnam,VIE1,1,Gel. Tengah,Midfielder,31,1995-05-16,False,Vietnam,Lokal,173,kanan,2024-08-15,Hoang Anh Gia Lai (2007-2014),2027-06-30,"Rp3,04Mlyr.",3041818182,3476363636,DECREASED,0,0,0,0,0.0,0,0,2026-10-05
1196505,34,Cong Son Nguyen,Thep Xanh Nam Dinh FC,Vietnam,VIE1,1,Gel. Tengah,Midfielder,22,2004-08-27,True,Vietnam,Lokal,169,kiri,2026-08-01,Thanh Hoa FC ,-,-,0,0,STABLE,0,0,0,0,0.0,0,0,2026-10-05
669600,6,Mit A,Thep Xanh Nam Dinh FC,Vietnam,VIE1,1,Gelandang Kanan,Midfielder,29,1997-07-24,False,Vietnam,Lokal,170,keduanya,2025-07-01,-,2028-06-30,"Rp2,61Mlyr.",2607272727,2607272727,UNCHANGED,0,0,0,0,0.0,0,0,2026-10-05
559837,28,Van Vu To,Thep Xanh Nam Dinh FC,Vietnam,VIE1,1,Gelandang Kanan,Midfielder,32,1993-10-20,False,Vietnam,Lokal,171,kanan,2023-10-14,Dong Nai FC,2028-06-30,"Rp2,17Mlyr.",2172727273,2607272727,DECREASED,0,0,0,0,0.0,0,0,2026-10-05
894642,27,Ngoc Son Tran,Thep Xanh Nam Dinh FC,Vietnam,VIE1,1,Gelandang Kiri,Midfielder,23,2003-01-27,False,Vietnam,Lokal,175,kanan,2021-01-01,Nam Dinh FC,2030-06-30,"Rp1,74Mlyr.",1738181818,1303636364,INCREASED,0,0,0,0,0.0,0,0,2026-10-05
842188,77,Van-Alessandro Nguyen Skyriotis,Thep Xanh Nam Dinh FC,Vietnam,VIE1,1,Gel. Tengah,Midfielder,20,2006-03-31,True,Austria,Asing Non-Asia,0,kanan,2026-08-01,Klagenfurter AC 1909 (2014-),-,-,0,0,STABLE,0,0,0,0,0.0,0,0,2026-10-05
734473,90,Tuan Hai Pham,Thep Xanh Nam Dinh FC,Vietnam,VIE1,1,Sayap Kiri,Attack,28,1998-05-19,False,Vietnam,Lokal,172,kanan,2026-08-01,Hanoi FC (2010-2017),2029-06-30,"Rp5,65Mlyr.",5649090909,6518181818,DECREASED,0,0,0,0,0.0,0,0,2026-10-05
855667,22,Manh Quynh Tran,Thep Xanh Nam Dinh FC,Vietnam,VIE1,1,Sayap Kiri,Attack,25,2001-01-18,False,Vietnam,Lokal,170,kanan,2026-08-01,Song Lam Nghe An,2029-06-30,"Rp3,04Mlyr.",3041818182,3041818182,UNCHANGED,0,0,0,0,0.0,0,0,2026-10-05
946430,19,Van Dat Tran,Thep Xanh Nam Dinh FC,Vietnam,VIE1,1,Sayap Kiri,Attack,25,2000-12-26,False,Vietnam,Lokal,176,kanan,2023-09-20,-,2029-06-30,"Rp2,61Mlyr.",2607272727,2607272727,UNCHANGED,0,0,0,0,0.0,0,0,2026-10-05
474559,9,Van Toan Nguyen,Thep Xanh Nam Dinh FC,Vietnam,VIE1,1,Sayap Kanan,Attack,30,1996-04-12,False,Vietnam,Lokal,169,kanan,2023-09-20,Hoang Anh Gia Lai – Arsenal JMG Academy (2007-2014),-,"Rp4,35Mlyr.",4345454545,4780000000,DECREASED,0,0,0,0,0.0,0,0,2026-10-05
573482,39,Ti Phong Lam,Thep Xanh Nam Dinh FC,Vietnam,VIE1,1,Sayap Kanan,Attack,30,1996-02-01,False,Vietnam,Lokal,166,kanan,2025-03-13,Khanh Hoa FC,-,"Rp3,04Mlyr.",3041818182,3476363636,DECREASED,0,0,0,0,0.0,0,0,2026-10-05
525828,8,Ezequiel,Thep Xanh Nam Dinh FC,Vietnam,VIE1,1,Depan-Kedua,Attack,28,1998-03-09,False,Brasil,Asing Non-Asia,167,keduanya,2026-08-01,-,2027-06-30,"Rp6,95Mlyr.",6952727273,6952727273,UNCHANGED,0,0,0,0,0.0,0,0,2026-10-05
393339,14,Rafaelson,Thep Xanh Nam Dinh FC,Vietnam,VIE1,1,Depan-Tengah,Attack,29,1997-03-30,False,Vietnam,Lokal,185,kanan,2023-09-01,"Esporte Clube Bahía (-2013), Esporte Clube Vitória (2013-)",2031-06-30,"Rp9,56Mlyr.",9560000000,10429090909,DECREASED,0,0,0,0,0.0,0,0,2026-10-05
979047,1,Thanh Tung Nguyen,Hong Linh Ha Tinh FC,Vietnam,VIE1,1,Kiper,Goalkeeper,28,1998-06-23,False,Vietnam,Lokal,184,kanan,2023-01-01,Viettel FC,-,"Rp2,61Mlyr.",2607272727,2172727273,INCREASED,0,0,0,0,0.0,0,0,2026-10-05
1309439,30,Huu Hau Nguyen,Hong Linh Ha Tinh FC,Vietnam,VIE1,1,Kiper,Goalkeeper,22,2004-04-19,True,Vietnam,Lokal,183,kanan,2026-08-19,Song Lam Nghe An FC ,-,"Rp434,55Jt.",434545455,434545455,STABLE,0,0,0,0,0.0,0,0,2026-10-05
569549,25,Van Tien Tran,Hong Linh Ha Tinh FC,Vietnam,VIE1,1,Kiper,Goalkeeper,32,1994-06-26,False,Vietnam,Lokal,184,kanan,2026-08-01,Song Lam Nghe An,-,-,0,434545455,DECREASED,0,0,0,0,0.0,0,0,2026-10-05
1444063,99,Trung Tuyen Le,Hong Linh Ha Tinh FC,Vietnam,VIE1,1,Kiper,Goalkeeper,20,2006-01-01,True,Vietnam,Lokal,185,kanan,2026-08-13,Song Lam Nghe An,2027-06-30,-,0,0,STABLE,0,0,0,0,0.0,0,0,2026-10-05
610416,6,Helerson,Hong Linh Ha Tinh FC,Vietnam,VIE1,1,Bek-Tengah,Defender,28,1997-10-28,False,Brasil,Asing Non-Asia,190,kiri,2024-08-29,-,2031-06-30,"Rp4,78Mlyr.",4780000000,4345454545,INCREASED,0,0,0,0,0.0,0,0,2026-10-05
573498,5,Viet Trieu Vu,Hong Linh Ha Tinh FC,Vietnam,VIE1,1,Bek-Tengah,Defender,29,1997-02-23,False,Vietnam,Lokal,180,kiri,2022-12-01,Than Quang Ninh FC ,-,"Rp1,74Mlyr.",1738181818,1738181818,UNCHANGED,0,0,0,0,0.0,0,0,2026-10-05
879341,38,Quoc Dan Vo,Hong Linh Ha Tinh FC,Vietnam,VIE1,1,Bek-Tengah,Defender,24,2002-01-10,False,Vietnam,Lokal,175,kanan,2024-08-16,PVF Football Academy,-,"Rp434,55Jt.",434545455,434545455,UNCHANGED,0,0,0,0,0.0,0,0,2026-10-05
749799,3,Ba Sang Thai,Hong Linh Ha Tinh FC,Vietnam,VIE1,1,Bek-Tengah,Defender,27,1999-05-21,False,Vietnam,Lokal,176,kanan,2026-08-12,Song Lam Nghe An,-,-,0,869090909,DECREASED,0,0,0,0,0.0,0,0,2026-10-05
1091331,2,Van Huy Vuong,Hong Linh Ha Tinh FC,Vietnam,VIE1,1,Bek-Kiri,Defender,25,2001-08-10,False,Vietnam,Lokal,163,kiri,2026-08-01,Song Lam Nghe An FC,2028-06-30,"Rp3,04Mlyr.",3041818182,2607272727,INCREASED,0,0,0,0,0.0,0,0,2026-10-05
855752,26,Van Duc Bui,Hong Linh Ha Tinh FC,Vietnam,VIE1,1,Bek-Kiri,Defender,29,1997-03-15,False,Vietnam,Lokal,175,kiri,2026-08-01,Cong An Nhan Dan FC (2012-2017),2028-06-30,"Rp1,74Mlyr.",1738181818,2172727273,DECREASED,0,0,0,0,0.0,0,0,2026-10-05
669645,7,Duy Thuong Bui,Hong Linh Ha Tinh FC,Vietnam,VIE1,1,Bek-Kanan,Defender,30,1996-04-05,False,Vietnam,Lokal,176,kanan,2024-08-15,-,-,"Rp2,17Mlyr.",2172727273,2172727273,UNCHANGED,0,0,0,0,0.0,0,0,2026-10-05
881104,22,Ian Mai,Hong Linh Ha Tinh FC,Vietnam,VIE1,1,Bek-Kanan,Defender,21,2004-11-09,True,Amerika Serikat,Asing Non-Asia,178,kanan,2026-08-14,-,-,"Rp1,74Mlyr.",1738181818,2607272727,DECREASED,0,0,0,0,0.0,0,0,2026-10-05
1390366,4,Quang Truong Le,Hong Linh Ha Tinh FC,Vietnam,VIE1,1,Gel. Tengah,Midfielder,18,2008-06-23,True,Vietnam,Lokal,183,kanan,2026-08-01,"Ha Tinh Sports Center, Hong Linh Ha Tinh FC",-,-,0,0,STABLE,0,0,0,0,0.0,0,0,2026-10-05
127528,88,Luiz Antônio,Hong Linh Ha Tinh FC,Vietnam,VIE1,1,Gel. Bertahan,Midfielder,35,1991-03-11,False,Brasil,Asing Non-Asia,181,kanan,2026-08-06,-,-,"Rp3,04Mlyr.",3041818182,3910909091,DECREASED,0,0,0,0,0.0,0,0,2026-10-05
989630,24,Hoang Trung Nguyen Nguyen,Hong Linh Ha Tinh FC,Vietnam,VIE1,1,Gel. Tengah,Midfielder,25,2001-03-24,False,Vietnam,Lokal,168,kanan,2024-08-15,Hoang Anh Gia Lai FC ,-,"Rp1,30Mlyr.",1303636364,869090909,INCREASED,0,0,0,0,0.0,0,0,2026-10-05
138134,8,Trong Hoang Nguyen,Hong Linh Ha Tinh FC,Vietnam,VIE1,1,Gel. Tengah,Midfielder,37,1989-04-14,False,Vietnam,Lokal,170,kanan,2024-02-25,Song Lam Nghe An FC (2003-2007),-,"Rp434,55Jt.",434545455,434545455,UNCHANGED,0,0,0,0,0.0,0,0,2026-10-05
669595,17,Van Buu Tran,Hong Linh Ha Tinh FC,Vietnam,VIE1,1,Gel. Tengah,Midfielder,28,1998-07-17,False,Vietnam,Lokal,185,kanan,2023-09-12,Viettel FC,-,"Rp434,55Jt.",434545455,434545455,UNCHANGED,0,0,0,0,0.0,0,0,2026-10-05
1299806,87,Van Khanh Nguyen,Hong Linh Ha Tinh FC,Vietnam,VIE1,1,Gel. Tengah,Midfielder,17,2008-11-05,True,Vietnam,Lokal,171,kanan,2025-08-09,Ha Tinh,-,"Rp434,55Jt.",434545455,434545455,UNCHANGED,0,0,0,0,0.0,0,0,2026-10-05
377142,39,Tan Tai Huynh,Hong Linh Ha Tinh FC,Vietnam,VIE1,1,Gelandang Kanan,Midfielder,32,1994-08-17,False,Vietnam,Lokal,165,kanan,2024-08-15,Long An FC,-,"Rp1,74Mlyr.",1738181818,1738181818,UNCHANGED,0,0,0,0,0.0,0,0,2026-10-05
734437,16,Van Long Pham,Hong Linh Ha Tinh FC,Vietnam,VIE1,1,Gelandang Kanan,Midfielder,29,1997-01-09,False,Vietnam,Lokal,170,kanan,2016-03-01,-,-,"Rp869,09Jt.",869090909,1303636364,DECREASED,0,0,0,0,0.0,0,0,2026-10-05
983060,20,Tien Dat Huynh,Hong Linh Ha Tinh FC,Vietnam,VIE1,1,Gelandang Kiri,Midfielder,26,2000-01-26,False,Vietnam,Lokal,171,kanan,2024-08-15,Hoang Anh Gia Lai FC,-,"Rp869,09Jt.",869090909,869090909,UNCHANGED,0,0,0,0,0.0,0,0,2026-10-05
734436,21,Van Huy Nguyen,Hong Linh Ha Tinh FC,Vietnam,VIE1,1,Gelandang Kiri,Midfielder,28,1998-07-10,False,Vietnam,Lokal,165,kanan,2018-01-01,-,-,"Rp434,55Jt.",434545455,434545455,UNCHANGED,0,0,0,0,0.0,0,0,2026-10-05
1101107,19,Van Luong Ngo,Hong Linh Ha Tinh FC,Vietnam,VIE1,1,Sayap Kiri,Attack,25,2001-06-03,False,Vietnam,Lokal,172,kanan,2026-08-01,Song Lam Nghe An FC,2028-06-30,"Rp2,17Mlyr.",2172727273,1738181818,INCREASED,0,0,0,0,0.0,0,0,2026-10-05
573758,11,Van Hiep Nguyen,Hong Linh Ha Tinh FC,Vietnam,VIE1,1,Sayap Kanan,Attack,32,1994-04-08,False,Vietnam,Lokal,171,kanan,2025-08-04,-,-,"Rp869,09Jt.",869090909,869090909,UNCHANGED,0,0,0,0,0.0,0,0,2026-10-05
733459,9,Daniel Passira,Hong Linh Ha Tinh FC,Vietnam,VIE1,1,Depan-Tengah,Attack,30,1996-06-01,False,Brasil,Asing Non-Asia,183,kanan,2026-08-01,-,2027-06-30,"Rp5,21Mlyr.",5214545455,7821818182,DECREASED,0,0,0,0,0.0,0,0,2026-10-05
733588,90,Charles Atshimene,Hong Linh Ha Tinh FC,Vietnam,VIE1,1,Depan-Tengah,Attack,25,2001-02-05,False,Nigeria,Asing Non-Asia,188,kanan,2025-08-01,-,-,"Rp4,35Mlyr.",4345454545,4780000000,DECREASED,0,0,0,0,0.0,0,0,2026-10-05
573559,18,Quang Nam Vu,Hong Linh Ha Tinh FC,Vietnam,VIE1,1,Depan-Tengah,Attack,34,1992-08-22,False,Vietnam,Lokal,178,kanan,2022-12-01,Song Lam Nghe An FC (2010-2012),-,"Rp869,09Jt.",869090909,869090909,UNCHANGED,0,0,0,0,0.0,0,0,2026-10-05
166239,89,Patrik Le Giang,Cong An Ho Chi Minh City FC,Vietnam,VIE1,1,Kiper,Goalkeeper,34,1992-09-08,False,Vietnam,Lokal,188,keduanya,2024-08-19,MSK Zilina (bis 2010),2027-06-30,"Rp2,61Mlyr.",2607272727,2607272727,UNCHANGED,0,0,0,0,0.0,0,0,2026-10-05
669598,32,Van Bieu Phan,Cong An Ho Chi Minh City FC,Vietnam,VIE1,1,Kiper,Goalkeeper,28,1998-03-12,False,Vietnam,Lokal,175,kanan,2026-08-01,PVF,-,"Rp1,30Mlyr.",1303636364,1303636364,UNCHANGED,0,0,0,0,0.0,0,0,2026-10-05
1331090,0,Tan Nguyen,Cong An Ho Chi Minh City FC,Vietnam,VIE1,1,Kiper,Goalkeeper,21,2005-07-16,True,Vietnam,Lokal,180,kanan,2025-08-06,-,-,"Rp434,55Jt.",434545455,434545455,STABLE,0,0,0,0,0.0,0,0,2026-10-05
1275378,56,Xuan Tin Hoa,Cong An Ho Chi Minh City FC,Vietnam,VIE1,1,Kiper,Goalkeeper,18,2008-01-29,True,Vietnam,Lokal,187,kanan,2025-07-15,-,-,-,0,0,STABLE,0,0,0,0,0.0,0,0,2026-10-05
333815,4,Dirk Abels,Cong An Ho Chi Minh City FC,Vietnam,VIE1,1,Bek-Tengah,Defender,29,1997-06-13,False,Belanda,Asing Non-Asia,186,kanan,2026-08-01,"SVSSS, Willem II (-2009), PSV (2009-2016)",2027-05-30,"Rp8,69Mlyr.",8690909091,8690909091,UNCHANGED,0,0,0,0,0.0,0,0,2026-10-05
992121,27,Nhat Minh Nguyen,Cong An Ho Chi Minh City FC,Vietnam,VIE1,1,Bek-Tengah,Defender,23,2003-07-27,False,Vietnam,Lokal,178,kiri,2026-08-01,"Hoang Anh Gia Lai FC, Nutifood JMG Academy",-,"Rp3,91Mlyr.",3910909091,2607272727,INCREASED,0,0,0,0,0.0,0,0,2026-10-05
968467,13,Minh Gia Bao Khong,Cong An Ho Chi Minh City FC,Vietnam,VIE1,1,Bek-Tengah,Defender,26,2000-07-26,False,Vietnam,Lokal,175,kanan,2025-08-06,Cong An Nhan Dan FC,-,"Rp3,04Mlyr.",3041818182,2172727273,INCREASED,0,0,0,0,0.0,0,0,2026-10-05
1146318,5,Quang Kiet Dinh,Cong An Ho Chi Minh City FC,Vietnam,VIE1,1,Bek-Tengah,Defender,19,2007-07-16,True,Vietnam,Lokal,195,kanan,2026-08-26,Hoang Anh Gia Lai FC,2027-06-30,"Rp2,61Mlyr.",2607272727,1738181818,INCREASED,0,0,0,0,0.0,0,0,2026-10-05
967095,28,Hoang Phuc Tran,Cong An Ho Chi Minh City FC,Vietnam,VIE1,1,Bek-Tengah,Defender,25,2001-04-28,False,Vietnam,Lokal,181,kanan,2022-12-01,PVF Football Academy,2027-06-30,"Rp2,17Mlyr.",2172727273,2172727273,UNCHANGED,0,0,0,0,0.0,0,0,2026-10-05
989319,17,Minh Trong Vo,Cong An Ho Chi Minh City FC,Vietnam,VIE1,1,Bek-Kiri,Defender,24,2001-10-24,False,Vietnam,Lokal,170,kiri,2026-08-13,Dong Thap FC (2017-2020),-,"Rp4,35Mlyr.",4345454545,4345454545,UNCHANGED,0,0,0,0,0.0,0,0,2026-10-05
1193986,3,Kha Duc Le,Cong An Ho Chi Minh City FC,Vietnam,VIE1,1,Bek-Kiri,Defender,19,2007-09-18,True,Vietnam,Lokal,169,kiri,2025-08-01,Juventus Academy Vietnam,-,"Rp869,09Jt.",869090909,1303636364,DECREASED,0,0,0,0,0.0,0,0,2026-10-05
1081899,2,Lenn-Minh Tran,Cong An Ho Chi Minh City FC,Vietnam,VIE1,1,Bek-Kanan,Defender,19,2007-03-13,True,Belgia,Asing Non-Asia,169,kanan,2026-08-01,KRC Genk (-2025),-,"Rp5,65Mlyr.",5649090909,5649090909,UNCHANGED,0,0,0,0,0.0,0,0,2026-10-05
263996,34,Quang Hung Le,Cong An Ho Chi Minh City FC,Vietnam,VIE1,1,Bek-Kanan,Defender,34,1992-06-07,False,Vietnam,Lokal,165,kanan,2025-08-06,-,-,"Rp869,09Jt.",869090909,869090909,UNCHANGED,0,0,0,0,0.0,0,0,2026-10-05
1251068,16,Hoang Minh Nhat Nguyen,Cong An Ho Chi Minh City FC,Vietnam,VIE1,1,Gel. Tengah,Midfielder,20,2006-05-08,True,Vietnam,Lokal,174,kanan,2026-08-27,-,-,-,0,0,STABLE,0,0,0,0,0.0,0,0,2026-10-05
552511,10,Aldaír Ferreira,Cong An Ho Chi Minh City FC,Vietnam,VIE1,1,Gel. Bertahan,Midfielder,28,1998-03-26,False,Angola,Asing Non-Asia,175,kiri,2026-08-04,-,-,"Rp9,56Mlyr.",9560000000,11298181818,DECREASED,0,0,0,0,0.0,0,0,2026-10-05
669646,6,Van Tram Dang,Cong An Ho Chi Minh City FC,Vietnam,VIE1,1,Gel. Bertahan,Midfielder,31,1995-01-02,False,Vietnam,Lokal,167,kanan,2026-08-17,Viettel FC (2009-6/2014),-,"Rp869,09Jt.",869090909,1303636364,DECREASED,0,0,0,0,0.0,0,0,2026-10-05
213595,8,Juanjo Narváez,Cong An Ho Chi Minh City FC,Vietnam,VIE1,1,Gel. Tengah,Midfielder,31,1995-02-12,False,Kolombia,Asing Non-Asia,181,kanan,2026-08-13,Asociación Deportivo Pasto,-,"Rp5,65Mlyr.",5649090909,6083636364,DECREASED,0,0,0,0,0.0,0,0,2026-10-05
1117435,19,Quoc Cuong Nguyen Thai,Cong An Ho Chi Minh City FC,Vietnam,VIE1,1,Gel. Tengah,Midfielder,22,2004-03-06,True,Vietnam,Lokal,173,keduanya,2024-08-15,"Hoang Anh Gia Lai FC, Nutifood JMG Academy",2027-06-30,"Rp3,04Mlyr.",3041818182,2172727273,INCREASED,0,0,0,0,0.0,0,0,2026-10-05
992578,39,Duc Phu Nguyen,Cong An Ho Chi Minh City FC,Vietnam,VIE1,1,Gel. Tengah,Midfielder,23,2003-01-13,False,Vietnam,Lokal,170,kanan,2025-08-07,"Hai Phong (2016-2019), PVF Academy (2019-2022)
",-,"Rp2,61Mlyr.",2607272727,2172727273,INCREASED,0,0,0,0,0.0,0,0,2026-10-05
573566,21,Quoc Gia Dao,Cong An Ho Chi Minh City FC,Vietnam,VIE1,1,Gel. Tengah,Midfielder,30,1996-08-25,False,Vietnam,Lokal,177,kanan,2022-01-03,-,2026-06-30,"Rp1,30Mlyr.",1303636364,1738181818,DECREASED,0,0,0,0,0.0,0,0,2026-10-05
749805,11,Phi Hoang Nguyen,Cong An Ho Chi Minh City FC,Vietnam,VIE1,1,Gelandang Kiri,Midfielder,23,2003-03-27,False,Vietnam,Lokal,172,kiri,2026-08-13,-,-,"Rp3,91Mlyr.",3910909091,3476363636,INCREASED,0,0,0,0,0.0,0,0,2026-10-05
1255623,26,Khoa Ngo,Cong An Ho Chi Minh City FC,Vietnam,VIE1,1,Sayap Kiri,Attack,20,2006-06-30,True,Vietnam,Lokal,165,kiri,2026-08-12,"Joondalup United (2018)
Perth RedStar (2018-2020)
Perth Gl",2029-06-30,"Rp3,91Mlyr.",3910909091,2607272727,INCREASED,0,0,0,0,0.0,0,0,2026-10-05
560916,20,Van Duc Phan,Cong An Ho Chi Minh City FC,Vietnam,VIE1,1,Sayap Kiri,Attack,30,1996-04-11,False,Vietnam,Lokal,173,kanan,2026-08-01,Song Lam Nghe An FC (2011-2015),2028-06-30,"Rp2,61Mlyr.",2607272727,3476363636,DECREASED,0,0,0,0,0.0,0,0,2026-10-05
290768,58,Kevin Yamga,Cong An Ho Chi Minh City FC,Vietnam,VIE1,1,Sayap Kanan,Attack,30,1996-09-07,False,Prancis,Asing Non-Asia,187,kanan,2026-09-03,Chievo,-,"Rp9,56Mlyr.",9560000000,10429090909,DECREASED,0,0,0,0,0.0,0,0,2026-10-05
209583,9,Jason Cummings,Cong An Ho Chi Minh City FC,Vietnam,VIE1,1,Depan-Tengah,Attack,31,1995-08-01,False,Australia,Asia (AFC),178,kiri,2026-08-12,"Hutchison Vale (2001-2007), Heart of Midlothian FC (2007-201",-,"Rp11,30Mlyr.",11298181818,13036363636,DECREASED,0,0,0,0,0.0,0,0,2026-10-05
426274,7,Michael Olaha,Cong An Ho Chi Minh City FC,Vietnam,VIE1,1,Depan-Tengah,Attack,29,1997-07-04,False,Vietnam,Lokal,186,kiri,2026-08-01,New Generation Academy (2010-2014),2028-06-30,"Rp5,65Mlyr.",5649090909,5649090909,UNCHANGED,0,0,0,0,0.0,0,0,2026-10-05
432433,22,Tien Linh Nguyen,Cong An Ho Chi Minh City FC,Vietnam,VIE1,1,Depan-Tengah,Attack,28,1997-10-20,False,Vietnam,Lokal,181,kanan,2025-08-06,Becamex Binh Duong FC (2009-2015),-,"Rp4,78Mlyr.",4780000000,5649090909,DECREASED,0,0,0,0,0.0,0,0,2026-10-05
1212261,33,Lee Williams,Cong An Ho Chi Minh City FC,Vietnam,VIE1,1,Depan-Tengah,Attack,19,2007-04-02,True,Vietnam,Lokal,188,kanan,2025-08-01,Stockport County,2027-06-30,"Rp3,04Mlyr.",3041818182,869090909,INCREASED,0,0,0,0,0.0,0,0,2026-10-05
573525,17,Van Phong Pham,Dong Nai City FC,Vietnam,VIE1,1,Kiper,Goalkeeper,33,1993-06-03,False,Vietnam,Lokal,180,kanan,2026-08-01,Ha Noi ACB,-,"Rp434,55Jt.",434545455,869090909,DECREASED,0,0,0,0,0.0,0,0,2026-10-05
254799,1,Tan Truong Bui,Dong Nai City FC,Vietnam,VIE1,1,Kiper,Goalkeeper,40,1986-02-19,False,Vietnam,Lokal,188,kanan,2024-03-05,Dong Thap FC (1997-2005),-,-,0,434545455,DECREASED,0,0,0,0,0.0,0,0,2026-10-05
669642,25,Huu Nghia Pham,Dong Nai City FC,Vietnam,VIE1,1,Kiper,Goalkeeper,34,1992-05-12,False,Vietnam,Lokal,181,kanan,2024-08-15,-,-,-,0,434545455,DECREASED,0,0,0,0,0.0,0,0,2026-10-05
584936,22,Filip Jovic,Dong Nai City FC,Vietnam,VIE1,1,Bek-Tengah,Defender,26,2000-02-27,False,Serbia,Asing Non-Asia,185,kiri,2026-08-01,-,2027-06-30,"Rp6,95Mlyr.",6952727273,6952727273,UNCHANGED,0,0,0,0,0.0,0,0,2026-10-05
560915,68,Tien Dung Bui,Dong Nai City FC,Vietnam,VIE1,1,Bek-Tengah,Defender,27,1998-11-23,False,Vietnam,Lokal,176,kanan,2026-08-01,PVF Academy (2012-2016),-,"Rp3,91Mlyr.",3910909091,3910909091,UNCHANGED,0,0,0,0,0.0,0,0,2026-10-05
508246,3,Tan Sinh Huynh,Dong Nai City FC,Vietnam,VIE1,1,Bek-Tengah,Defender,28,1998-04-06,False,Vietnam,Lokal,182,kanan,2024-08-15,Quang Nam FC,-,-,0,1738181818,DECREASED,0,0,0,0,0.0,0,0,2026-10-05
573561,15,Huu Tuan Nguyen,Dong Nai City FC,Vietnam,VIE1,1,Bek-Tengah,Defender,34,1992-05-06,False,Vietnam,Lokal,178,kanan,2025-08-03,Da Nang FC,-,-,0,1303636364,DECREASED,0,0,0,0,0.0,0,0,2026-10-05
967072,23,Trong Hieu Tran,Dong Nai City FC,Vietnam,VIE1,1,Bek-Tengah,Defender,30,1996-05-15,False,Vietnam,Lokal,175,kanan,2025-07-14,An Giang FC,-,-,0,1303636364,DECREASED,0,0,0,0,0.0,0,0,2026-10-05
573496,2,Van Khoa Duong,Dong Nai City FC,Vietnam,VIE1,1,Bek-Kiri,Defender,32,1994-05-06,False,Vietnam,Lokal,172,kiri,2025-07-14,Than Quang Ninh FC,-,-,0,869090909,DECREASED,0,0,0,0,0.0,0,0,2026-10-05
573676,5,Thanh Loc Nguyen,Dong Nai City FC,Vietnam,VIE1,1,Bek-Kiri,Defender,29,1997-02-23,False,Vietnam,Lokal,172,kanan,2025-07-15,PVF Football Academy,-,-,0,869090909,DECREASED,0,0,0,0,0.0,0,0,2026-10-05
559836,13,Thanh Thao Nguyen,Dong Nai City FC,Vietnam,VIE1,1,Bek-Kiri,Defender,31,1995-05-13,False,Vietnam,Lokal,178,kanan,2025-07-15,Binh Duong FC,-,-,0,1303636364,DECREASED,0,0,0,0,0.0,0,0,2026-10-05
734439,18,Van Duc Nguyen,Dong Nai City FC,Vietnam,VIE1,1,Bek-Kanan,Defender,30,1996-01-13,False,Vietnam,Lokal,168,kanan,2026-08-01,Ha Noi FC (2015-2017),-,"Rp1,74Mlyr.",1738181818,2607272727,DECREASED,0,0,0,0,0.0,0,0,2026-10-05
560525,16,Van Son Le,Dong Nai City FC,Vietnam,VIE1,1,Bek-Kanan,Defender,29,1996-12-20,False,Vietnam,Lokal,168,kanan,2025-07-15,HAGL-JMG (2007-2014),-,-,0,1303636364,DECREASED,0,0,0,0,0.0,0,0,2026-10-05
986263,12,Ngoc Tien Uong,Dong Nai City FC,Vietnam,VIE1,1,Gel. Bertahan,Midfielder,26,2000-03-23,False,Vietnam,Lokal,166,kanan,2025-07-31,PVF Academy (- 2019),-,-,0,1738181818,DECREASED,0,0,0,0,0.0,0,0,2026-10-05
573493,30,Duc Cuong Nguyen,Dong Nai City FC,Vietnam,VIE1,1,Gel. Bertahan,Midfielder,30,1996-01-31,False,Vietnam,Lokal,174,kanan,2025-07-15,Quang Nam FC,-,-,0,1738181818,DECREASED,0,0,0,0,0.0,0,0,2026-10-05
308197,77,Ngoc Duc Sam,Dong Nai City FC,Vietnam,VIE1,1,Gel. Bertahan,Midfielder,34,1992-05-18,False,Vietnam,Lokal,170,kanan,2024-08-15,"Văn Sỹ Hùng Football Center, Hà Nội T&T FC (2009-2011)",-,-,0,1303636364,DECREASED,0,0,0,0,0.0,0,0,2026-10-05
270901,7,Milos Vulic,Dong Nai City FC,Vietnam,VIE1,1,Gel. Tengah,Midfielder,30,1996-08-19,False,Serbia,Asing Non-Asia,183,kanan,2026-08-01,FK Napredak Kruševac,2027-06-30,"Rp6,95Mlyr.",6952727273,6952727273,UNCHANGED,0,0,0,0,0.0,0,0,2026-10-05
414272,6,Xuan Truong Luong,Dong Nai City FC,Vietnam,VIE1,1,Gel. Tengah,Midfielder,31,1995-04-28,False,Vietnam,Lokal,178,kanan,2025-07-14,HAGL - Arsenal JMG Academy (2007-2014),2028-06-30,-,0,3476363636,DECREASED,0,0,0,0,0.0,0,0,2026-10-05
986267,20,Tu Nhan Luu,Dong Nai City FC,Vietnam,VIE1,1,Gel. Tengah,Midfielder,24,2001-12-18,False,Vietnam,Lokal,180,kanan,2023-10-01,"Vinh Long, Becamex Binh Duong",-,-,0,434545455,DECREASED,0,0,0,0,0.0,0,0,2026-10-05
749810,24,Van Hieu Phan,Dong Nai City FC,Vietnam,VIE1,1,Gel. Tengah,Midfielder,26,2000-08-23,False,Vietnam,Lokal,176,kanan,2026-08-01,"Ha Tinh Sports Center (2015-2019), Nam Dinh FC (7/2019-12/20",-,-,0,434545455,DECREASED,0,0,0,0,0.0,0,0,2026-10-05
953003,21,Van Kien Chu,Dong Nai City FC,Vietnam,VIE1,1,Gelandang Kanan,Midfielder,28,1998-05-12,False,Vietnam,Lokal,165,kanan,2026-01-07,Cong An Nhan Dan,-,-,0,1303636364,DECREASED,0,0,0,0,0.0,0,0,2026-10-05
968828,27,Hai Quan Doan,Dong Nai City FC,Vietnam,VIE1,1,Gelandang Kiri,Midfielder,29,1997-02-12,False,Vietnam,Lokal,180,kiri,2026-01-06,Long An FC,-,-,0,869090909,DECREASED,0,0,0,0,0.0,0,0,2026-10-05
968853,14,Quoc Loc Nguyen,Dong Nai City FC,Vietnam,VIE1,1,Gelandang Kiri,Midfielder,23,2003-01-31,False,Vietnam,Lokal,167,kanan,2025-03-01,"Long An FC, Nutifood JMG",-,-,0,0,STABLE,0,0,0,0,0.0,0,0,2026-10-05
989893,19,Thanh Ngoc Lam Luong,Dong Nai City FC,Vietnam,VIE1,1,Sayap Kanan,Attack,28,1998-09-20,False,Vietnam,Lokal,163,kanan,2026-08-01,Dak Lak FC,-,"Rp869,09Jt.",869090909,434545455,INCREASED,0,0,0,0,0.0,0,0,2026-10-05
380459,10,Cong Phuong Nguyen,Dong Nai City FC,Vietnam,VIE1,1,Depan-Kedua,Attack,31,1995-01-21,False,Vietnam,Lokal,168,kanan,2024-09-21,Hoang Anh Gia Lai – Arsenal JMG Academy (2007-2014),2027-06-30,-,0,3476363636,DECREASED,0,0,0,0,0.0,0,0,2026-10-05
271282,9,Andrei Ivan,Dong Nai City FC,Vietnam,VIE1,1,Depan-Tengah,Attack,29,1997-01-04,False,Rumania,Asing Non-Asia,185,kanan,2026-08-01,"CSM Moreni (2003-2011) 
Sporting Pitești (2011-2014)
",2027-06-30,"Rp13,91Mlyr.",13905454545,13905454545,UNCHANGED,0,0,0,0,0.0,0,0,2026-10-05
274340,11,Andrija Majdevac,Dong Nai City FC,Vietnam,VIE1,1,Depan-Tengah,Attack,29,1997-08-07,False,Serbia,Asing Non-Asia,186,keduanya,2026-08-01,FK Napredak Kruševac,2027-06-30,"Rp13,04Mlyr.",13036363636,13905454545,DECREASED,0,0,0,0,0.0,0,0,2026-10-05
566406,66,Tuan Tai Ho,Dong Nai City FC,Vietnam,VIE1,1,Depan-Tengah,Attack,31,1995-03-16,False,Vietnam,Lokal,178,kanan,2024-10-01,Sông Lam Nghệ An (2011-2014),-,"Rp869,09Jt.",869090909,869090909,UNCHANGED,0,0,0,0,0.0,0,0,2026-10-05
560016,91,Thanh Binh Le,Dong Nai City FC,Vietnam,VIE1,1,Depan-Tengah,Attack,31,1995-08-08,False,Vietnam,Lokal,176,kanan,2024-09-07,Thanh Hoa FC,-,-,0,869090909,DECREASED,0,0,0,0,0.0,0,0,2026-10-05
989632,25,Trung Kien Tran,Hoang Anh Gia Lai FC,Vietnam,VIE1,1,Kiper,Goalkeeper,23,2003-02-09,False,Vietnam,Lokal,191,kanan,2022-07-01,Hoang Anh Gia Lai FC (2018-2022),-,"Rp4,78Mlyr.",4780000000,3476363636,INCREASED,0,0,0,0,0.0,0,0,2026-10-05
1103339,1,Bao Duy Huynh Tran,Hoang Anh Gia Lai FC,Vietnam,VIE1,1,Kiper,Goalkeeper,22,2004-04-07,True,Vietnam,Lokal,179,kanan,2025-08-01,-,-,-,0,0,STABLE,0,0,0,0,0.0,0,0,2026-10-05
1440801,69,Vu Khang Nguyen,Hoang Anh Gia Lai FC,Vietnam,VIE1,1,Kiper,Goalkeeper,21,2005-04-12,True,Vietnam,Lokal,194,kanan,2025-08-01,-,-,-,0,0,STABLE,0,0,0,0,0.0,0,0,2026-10-05
737982,5,Julio Cesar,Hoang Anh Gia Lai FC,Vietnam,VIE1,1,Bek-Tengah,Defender,29,1996-12-06,False,Brasil,Asing Non-Asia,192,kiri,2026-08-01,Corinthians,-,"Rp3,91Mlyr.",3910909091,5214545455,DECREASED,0,0,0,0,0.0,0,0,2026-10-05
984158,15,Van Trieu Nguyen,Hoang Anh Gia Lai FC,Vietnam,VIE1,1,Bek-Tengah,Defender,23,2003-01-17,False,Vietnam,Lokal,188,kanan,2022-01-01,-,-,"Rp1,74Mlyr.",1738181818,869090909,INCREASED,0,0,0,0,0.0,0,0,2026-10-05
816143,33,Robson Reis,Hoang Anh Gia Lai FC,Vietnam,VIE1,1,Bek-Tengah,Defender,26,2000-05-21,False,Brasil,Asing Non-Asia,196,kanan,2026-08-28,-,-,-,0,1738181818,DECREASED,0,0,0,0,0.0,0,0,2026-10-05
1440800,0,Trung Thang Ngo,Hoang Anh Gia Lai FC,Vietnam,VIE1,1,Bek-Tengah,Defender,20,2005-11-13,True,Vietnam,Lokal,181,kiri,2025-08-01,Hoang Anh Gia Lai FC,-,-,0,0,STABLE,0,0,0,0,0.0,0,0,2026-10-05
1585796,21,Chi Huong Nguyen,Hoang Anh Gia Lai FC,Vietnam,VIE1,1,Bek-Tengah,Defender,18,2008-02-21,True,Vietnam,Lokal,180,kanan,2026-08-01,-,-,-,0,0,STABLE,0,0,0,0,0.0,0,0,2026-10-05
1432601,86,Quang Vinh Dung,Hoang Anh Gia Lai FC,Vietnam,VIE1,1,Bek-Tengah,Defender,19,2007-03-23,True,Vietnam,Lokal,182,kanan,2026-08-01,Hoang Anh Gia Lai FC,-,-,0,0,STABLE,0,0,0,0,0.0,0,0,2026-10-05
967885,66,Du Hoc Phan,Hoang Anh Gia Lai FC,Vietnam,VIE1,1,Bek-Kiri,Defender,24,2001-11-01,False,Vietnam,Lokal,173,kanan,2023-01-01,Hoang Anh Gia Lai FC,-,"Rp2,17Mlyr.",2172727273,1738181818,INCREASED,0,0,0,0,0.0,0,0,2026-10-05
560531,28,Anh Tai Nguyen Huu,Hoang Anh Gia Lai FC,Vietnam,VIE1,1,Bek-Kiri,Defender,30,1996-02-28,False,Vietnam,Lokal,173,kiri,2015-01-01,Hoang Anh Gia Lai FC – Arsenal JMG Academy,-,"Rp869,09Jt.",869090909,434545455,INCREASED,0,0,0,0,0.0,0,0,2026-10-05
1591851,4,Quang Huy Nguyen Quoc,Hoang Anh Gia Lai FC,Vietnam,VIE1,1,Bek-Kiri,Defender,19,2007-02-06,True,Vietnam,Lokal,169,kiri,2026-10-01,Hoang Anh Gia Lai FC Youth,-,-,0,0,STABLE,0,0,0,0,0.0,0,0,2026-10-05
1329394,38,Phuoc Bao Vo,Hoang Anh Gia Lai FC,Vietnam,VIE1,1,Bek-Kanan,Defender,22,2004-01-05,True,Vietnam,Lokal,174,kanan,2025-03-10,-,-,"Rp1,30Mlyr.",1303636364,869090909,INCREASED,0,0,0,0,0.0,0,0,2026-10-05
1032697,3,Chau Phi Ha,Hoang Anh Gia Lai FC,Vietnam,VIE1,1,Bek-Kanan,Defender,23,2003-01-27,False,Vietnam,Lokal,175,kanan,2026-08-01,Thanh Hoa FC,-,-,0,434545455,DECREASED,0,0,0,0,0.0,0,0,2026-10-05
508251,6,Thanh Son Tran,Hoang Anh Gia Lai FC,Vietnam,VIE1,1,Gel. Bertahan,Midfielder,28,1997-12-30,False,Vietnam,Lokal,175,kanan,-,Hoang Anh Gia Lai FC,-,"Rp1,74Mlyr.",1738181818,1738181818,UNCHANGED,0,0,0,0,0.0,0,0,2026-10-05
979701,10,Luann,Hoang Anh Gia Lai FC,Vietnam,VIE1,1,Gel. Tengah,Midfielder,25,2001-06-11,False,Brasil,Asing Non-Asia,180,kanan,2026-08-01,-,-,"Rp4,35Mlyr.",4345454545,3476363636,INCREASED,0,0,0,0,0.0,0,0,2026-10-05
1117432,20,Hoang Minh Cao,Hoang Anh Gia Lai FC,Vietnam,VIE1,1,Gel. Tengah,Midfielder,23,2003-01-06,False,Vietnam,Lokal,173,kiri,2024-09-01,"Hoang Anh Gia Lai FC, Nutifood JMG Academy",-,"Rp1,30Mlyr.",1303636364,1303636364,UNCHANGED,0,0,0,0,0.0,0,0,2026-10-05
1329387,26,Se Moi,Hoang Anh Gia Lai FC,Vietnam,VIE1,1,Gel. Tengah,Midfielder,20,2005-10-20,True,Vietnam,Lokal,169,kanan,2025-01-20,-,-,"Rp434,55Jt.",434545455,434545455,STABLE,0,0,0,0,0.0,0,0,2026-10-05
879339,0,Thanh Tu Tran,Hoang Anh Gia Lai FC,Vietnam,VIE1,1,Gel. Tengah,Midfielder,18,2008-01-01,True,Vietnam,Lokal,161,kanan,2026-03-17,-,-,-,0,0,STABLE,0,0,0,0,0.0,0,0,2026-10-05
1458697,18,Tri Dung Phan,Hoang Anh Gia Lai FC,Vietnam,VIE1,1,Gel. Tengah,Midfielder,18,2008-04-22,True,Vietnam,Lokal,176,kanan,2026-08-01,Hoang Anh Gia Lai FC,-,-,0,0,STABLE,0,0,0,0,0.0,0,0,2026-10-05
970786,27,Thanh Long Phan Nhat,Hoang Anh Gia Lai FC,Vietnam,VIE1,1,Gelandang Kanan,Midfielder,24,2002-07-07,False,Vietnam,Lokal,169,kanan,2026-08-01,"Hoang Anh Gia Lai FC, Nutifood JMG Academy",-,"Rp869,09Jt.",869090909,1303636364,DECREASED,0,0,0,0,0.0,0,0,2026-10-05
984156,7,Thanh Nhan Nguyen,Hoang Anh Gia Lai FC,Vietnam,VIE1,1,Gelandang Kiri,Midfielder,25,2000-10-25,False,Vietnam,Lokal,168,kanan,2022-01-01,Hoang Anh Gia Lai,-,"Rp2,17Mlyr.",2172727273,2172727273,UNCHANGED,0,0,0,0,0.0,0,0,2026-10-05
984162,8,Dinh Lam Vo,Hoang Anh Gia Lai FC,Vietnam,VIE1,1,Gelandang Kiri,Midfielder,26,2000-01-10,False,Vietnam,Lokal,167,kanan,2022-01-01,-,-,"Rp869,09Jt.",869090909,1303636364,DECREASED,0,0,0,0,0.0,0,0,2026-10-05
970862,23,Vinh Nguyen Hoang,Hoang Anh Gia Lai FC,Vietnam,VIE1,1,Gel. Serang,Midfielder,24,2002-03-02,False,Vietnam,Lokal,170,kiri,2025-07-29,"Hoang Anh Gia Lai FC, Nutifood JMG Academy",-,"Rp3,04Mlyr.",3041818182,2607272727,INCREASED,0,0,0,0,0.0,0,0,2026-10-05
874291,0,Wendel,Hoang Anh Gia Lai FC,Vietnam,VIE1,1,Gel. Serang,Midfielder,29,1997-06-27,False,Brasil,Asing Non-Asia,180,kiri,2026-08-01,-,-,-,0,1738181818,DECREASED,0,0,0,0,0.0,0,0,2026-10-05
1432600,22,Di Dan Nay,Hoang Anh Gia Lai FC,Vietnam,VIE1,1,Gel. Serang,Midfielder,19,2007-09-29,True,Vietnam,Lokal,168,kanan,2026-08-01,Hoang Anh Gia Lai Fc,-,-,0,0,STABLE,0,0,0,0,0.0,0,0,2026-10-05
1275302,16,Gia Bao Tran,Hoang Anh Gia Lai FC,Vietnam,VIE1,1,Sayap Kiri,Attack,18,2008-01-03,True,Vietnam,Lokal,180,kanan,2024-09-01,Hoang Anh Gia Lai FC,-,"Rp2,17Mlyr.",2172727273,1303636364,INCREASED,0,0,0,0,0.0,0,0,2026-10-05
970858,19,Duy Tam Nguyen,Hoang Anh Gia Lai FC,Vietnam,VIE1,1,Sayap Kiri,Attack,24,2002-07-30,False,Vietnam,Lokal,165,kiri,2025-07-29,"Hoang Anh Gia Lai FC, Nutifood JMG Academy",-,"Rp434,55Jt.",434545455,434545455,UNCHANGED,0,0,0,0,0.0,0,0,2026-10-05
642989,9,Matheus Lucas,Hoang Anh Gia Lai FC,Vietnam,VIE1,1,Depan-Tengah,Attack,28,1998-08-08,False,Brasil,Asing Non-Asia,183,keduanya,2026-08-28,-,-,"Rp4,35Mlyr.",4345454545,5214545455,DECREASED,0,0,0,0,0.0,0,0,2026-10-05
1313107,12,Minh Tam Nguyen,Hoang Anh Gia Lai FC,Vietnam,VIE1,1,Depan-Tengah,Attack,20,2005-11-20,True,Vietnam,Lokal,180,kanan,2025-01-20,Hoang Anh Gia Lai FC,-,"Rp1,74Mlyr.",1738181818,869090909,INCREASED,0,0,0,0,0.0,0,0,2026-10-05
984163,0,Nhi Khang Nguyen,Hoang Anh Gia Lai FC,Vietnam,VIE1,1,Gel. Tengah,Midfielder,25,2001-02-16,False,Vietnam,Lokal,169,kanan,2022-01-01,-,-,-,0,434545455,DECREASED,0,0,0,0,0.0,0,0,2026-10-05
984178,0,Hoang Tu Cao,Hoang Anh Gia Lai FC,Vietnam,VIE1,1,Gel. Tengah,Midfielder,25,2001-09-06,False,Vietnam,Lokal,172,kanan,2022-01-01,Hoang Anh Gia Lai FC,-,-,0,434545455,DECREASED,0,0,0,0,0.0,0,0,2026-10-05
