player_name,team,league_country,position,age,market_value_raw,market_value_est,scraped_date
Aqil Savik,Bhayangkara Presisi Lampung FC,Indonesia,Kiper,0,"Rp2,61Mlyr.",2610000000,2026-06-01
Awan Setho,Bhayangkara Presisi Lampung FC,Indonesia,Kiper,0,"Rp2,17Mlyr.",2170000000,2026-06-01
Rakasurya Handika,Bhayangkara Presisi Lampung FC,Indonesia,Kiper,29,"Rp869,08Jt.",869080000,2026-06-01
Sultan Jabbar,Bhayangkara Presisi Lampung FC,Indonesia,Kiper,0,-,0,2026-06-01
Muhammad Ferarri,Bhayangkara Presisi Lampung FC,Indonesia,Bek-Tengah,41,"Rp4,35Mlyr.",4350000000,2026-06-01
Nehar Sadiki,Bhayangkara Presisi Lampung FC,Indonesia,Bek-Tengah,0,"Rp3,91Mlyr.",3910000000,2026-06-01
Slavko Damjanovic,Bhayangkara Presisi Lampung FC,Indonesia,Bek-Tengah,0,"Rp3,48Mlyr.",3480000000,2026-06-01
Léo,Bhayangkara Presisi Lampung FC,Indonesia,Bek-Tengah,0,"Rp2,61Mlyr.",2610000000,2026-06-01
Rahmat Syawal,Bhayangkara Presisi Lampung FC,Indonesia,Bek-Tengah,0,"Rp869,08Jt.",869080000,2026-06-01
Ferre Murari,Bhayangkara Presisi Lampung FC,Indonesia,Bek-Tengah,26,"Rp173,82Jt.",173820000,2026-06-01
Firza Andika,Bhayangkara Presisi Lampung FC,Indonesia,Bek-Kiri,0,"Rp3,91Mlyr.",3910000000,2026-06-01
Alan Cardoso,Bhayangkara Presisi Lampung FC,Indonesia,Bek-Kiri,0,"Rp3,48Mlyr.",3480000000,2026-06-01
Frengky Missa,Bhayangkara Presisi Lampung FC,Indonesia,Bek-Kiri,0,"Rp2,61Mlyr.",2610000000,2026-06-01
Ardi Idrus,Bhayangkara Presisi Lampung FC,Indonesia,Bek-Kiri,0,"Rp2,17Mlyr.",2170000000,2026-06-01
Putu Gede,Bhayangkara Presisi Lampung FC,Indonesia,Bek-Kanan,0,"Rp3,91Mlyr.",3910000000,2026-06-01
Moisés Gaúcho,Bhayangkara Presisi Lampung FC,Indonesia,Gel. Bertahan,0,"Rp3,48Mlyr.",3480000000,2026-06-01
Evandra Florasta,Bhayangkara Presisi Lampung FC,Indonesia,Gel. Bertahan,25,-,0,2026-06-01
Christian Ilic,Bhayangkara Presisi Lampung FC,Indonesia,Gel. Tengah,0,"Rp5,65Mlyr.",5650000000,2026-06-01
David Maulana,Bhayangkara Presisi Lampung FC,Indonesia,Gel. Tengah,0,"Rp1,30Mlyr.",1300000000,2026-06-01
Reza Kusuma,Bhayangkara Presisi Lampung FC,Indonesia,Gel. Tengah,0,"Rp1,30Mlyr.",1300000000,2026-06-01
TM Ichsan,Bhayangkara Presisi Lampung FC,Indonesia,Gel. Tengah,19,"Rp1,30Mlyr.",1300000000,2026-06-01
Ryo Matsumura,Bhayangkara Presisi Lampung FC,Indonesia,Gel. Serang,0,"Rp4,78Mlyr.",4780000000,2026-06-01
Wahyu Subo Seto,Bhayangkara Presisi Lampung FC,Indonesia,Gel. Serang,23,"Rp1,74Mlyr.",1740000000,2026-06-01
Da-bin Ji,Bhayangkara Presisi Lampung FC,Indonesia,Gel. Serang,0,-,0,2026-06-01
Sho Yamamoto,Bhayangkara Presisi Lampung FC,Indonesia,Sayap Kiri,0,"Rp3,91Mlyr.",3910000000,2026-06-01
Sani Rizki,Bhayangkara Presisi Lampung FC,Indonesia,Sayap Kiri,20,"Rp2,61Mlyr.",2610000000,2026-06-01
Ginanjar Wahyu,Bhayangkara Presisi Lampung FC,Indonesia,Sayap Kiri,0,"Rp869,08Jt.",869080000,2026-06-01
Fadly Alberto,Bhayangkara Presisi Lampung FC,Indonesia,Sayap Kiri,24,-,0,2026-06-01
Moussa Sidibé,Bhayangkara Presisi Lampung FC,Indonesia,Sayap Kanan,17,"Rp4,78Mlyr.",4780000000,2026-06-01
Privat Mbarga,Bhayangkara Presisi Lampung FC,Indonesia,Sayap Kanan,37,"Rp3,91Mlyr.",3910000000,2026-06-01
Ryan Kurnia,Bhayangkara Presisi Lampung FC,Indonesia,Sayap Kanan,0,"Rp2,61Mlyr.",2610000000,2026-06-01
Fareed Sadat,Bhayangkara Presisi Lampung FC,Indonesia,Depan-Tengah,16,"Rp3,04Mlyr.",3040000000,2026-06-01
Dendy Sulistyawan,Bhayangkara Presisi Lampung FC,Indonesia,Depan-Tengah,22,"Rp3,04Mlyr.",3040000000,2026-06-01
Henri Doumbia,Bhayangkara Presisi Lampung FC,Indonesia,Depan-Tengah,0,"Rp1,74Mlyr.",1740000000,2026-06-01
Titan Agung,Bhayangkara Presisi Lampung FC,Indonesia,Depan-Tengah,0,"Rp1,30Mlyr.",1300000000,2026-06-01
Ilija Spasojević,Bhayangkara Presisi Lampung FC,Indonesia,Depan-Tengah,0,"Rp869,08Jt.",869080000,2026-06-01
Mike Hauptmeijer,Bali United FC,Indonesia,Kiper,0,"Rp4,78Mlyr.",4780000000,2026-06-01
Fitrul Rustapa,Bali United FC,Indonesia,Kiper,0,"Rp1,74Mlyr.",1740000000,2026-06-01
Dikri Yusron,Bali United FC,Indonesia,Kiper,31,"Rp1,30Mlyr.",1300000000,2026-06-01
Wayan Arta,Bali United FC,Indonesia,Kiper,21,"Rp173,82Jt.",173820000,2026-06-01
Kadek Arel,Bali United FC,Indonesia,Bek-Tengah,0,"Rp4,35Mlyr.",4350000000,2026-06-01
João Ferrari,Bali United FC,Indonesia,Bek-Tengah,0,"Rp3,48Mlyr.",3480000000,2026-06-01
Bagas Adi,Bali United FC,Indonesia,Bek-Tengah,0,"Rp1,74Mlyr.",1740000000,2026-06-01
Putu Panji,Bali United FC,Indonesia,Bek-Tengah,44,-,0,2026-06-01
Komang Dedi,Bali United FC,Indonesia,Bek-Tengah,0,-,0,2026-06-01
Ricky Fajrin,Bali United FC,Indonesia,Bek-Kiri,24,"Rp5,65Mlyr.",5650000000,2026-06-01
Agus Mahendra,Bali United FC,Indonesia,Bek-Kiri,0,"Rp434,54Jt.",434540000,2026-06-01
Made Andhika,Bali United FC,Indonesia,Bek-Kanan,33,"Rp3,48Mlyr.",3480000000,2026-06-01
Rizky Dwi,Bali United FC,Indonesia,Bek-Kanan,16,"Rp2,61Mlyr.",2610000000,2026-06-01
Brandon Wilson,Bali United FC,Indonesia,Gel. Bertahan,0,"Rp4,35Mlyr.",4350000000,2026-06-01
Tim Receveur,Bali United FC,Indonesia,Gel. Bertahan,0,"Rp1,74Mlyr.",1740000000,2026-06-01
Made Tito,Bali United FC,Indonesia,Gel. Bertahan,0,"Rp1,74Mlyr.",1740000000,2026-06-01
Ananta Krisna,Bali United FC,Indonesia,Gel. Bertahan,0,"Rp434,54Jt.",434540000,2026-06-01
Reyner Barusu,Bali United FC,Indonesia,Gel. Bertahan,0,"Rp434,54Jt.",434540000,2026-06-01
Aris Sanjaya,Bali United FC,Indonesia,Gel. Bertahan,0,-,0,2026-06-01
Kadek Agung,Bali United FC,Indonesia,Gel. Tengah,18,"Rp4,35Mlyr.",4350000000,2026-06-01
Teppei Yachida,Bali United FC,Indonesia,Gel. Serang,17,"Rp10,43Mlyr.",10430000000,2026-06-01
Jordy Bruijn,Bali United FC,Indonesia,Gel. Serang,0,"Rp5,65Mlyr.",5650000000,2026-06-01
Mirza Mustafic,Bali United FC,Indonesia,Gel. Serang,0,"Rp5,65Mlyr.",5650000000,2026-06-01
Maouri Simon,Bali United FC,Indonesia,Gel. Serang,42,"Rp1,30Mlyr.",1300000000,2026-06-01
Diego Campos,Bali United FC,Indonesia,Sayap Kiri,0,"Rp9,56Mlyr.",9560000000,2026-06-01
Rahmat,Bali United FC,Indonesia,Sayap Kiri,0,"Rp173,82Jt.",173820000,2026-06-01
Thijmen Goppel,Bali United FC,Indonesia,Sayap Kanan,0,"Rp10,43Mlyr.",10430000000,2026-06-01
Irfan Jaya,Bali United FC,Indonesia,Sayap Kanan,41,"Rp4,35Mlyr.",4350000000,2026-06-01
Rahmat Arjuna,Bali United FC,Indonesia,Sayap Kanan,0,"Rp3,04Mlyr.",3040000000,2026-06-01
Boris Kopitovic,Bali United FC,Indonesia,Depan-Tengah,0,"Rp4,78Mlyr.",4780000000,2026-06-01
Jens Raven,Bali United FC,Indonesia,Depan-Tengah,19,"Rp1,30Mlyr.",1300000000,2026-06-01
Léo Navacchio,Persik Kediri,Indonesia,Kiper,0,"Rp1,74Mlyr.",1740000000,2026-06-01
Husna Al Malik,Persik Kediri,Indonesia,Kiper,33,"Rp1,74Mlyr.",1740000000,2026-06-01
Rizqi Abhirama,Persik Kediri,Indonesia,Kiper,27,"Rp869,08Jt.",869080000,2026-06-01
Zidane Afreza,Persik Kediri,Indonesia,Kiper,0,-,0,2026-06-01
Kiko,Persik Kediri,Indonesia,Bek-Tengah,0,"Rp3,91Mlyr.",3910000000,2026-06-01
Muhamad Firly,Persik Kediri,Indonesia,Bek-Tengah,0,"Rp1,74Mlyr.",1740000000,2026-06-01
Mario Yagalo,Persik Kediri,Indonesia,Bek-Tengah,42,"Rp869,08Jt.",869080000,2026-06-01
Yusuf Meilana,Persik Kediri,Indonesia,Bek-Kiri,0,"Rp3,04Mlyr.",3040000000,2026-06-01
Yoga Adiatama,Persik Kediri,Indonesia,Bek-Kiri,24,"Rp1,30Mlyr.",1300000000,2026-06-01
Henhen Herdiana,Persik Kediri,Indonesia,Bek-Kanan,22,"Rp2,61Mlyr.",2610000000,2026-06-01
Novri Setiawan,Persik Kediri,Indonesia,Bek-Kanan,25,"Rp1,74Mlyr.",1740000000,2026-06-01
Gavin Kwan,Persik Kediri,Indonesia,Bek-Kanan,18,"Rp869,08Jt.",869080000,2026-06-01
Imanol García,Persik Kediri,Indonesia,Gel. Tengah,0,"Rp5,21Mlyr.",5210000000,2026-06-01
Bayu Otto,Persik Kediri,Indonesia,Gel. Tengah,0,"Rp3,48Mlyr.",3480000000,2026-06-01
Syahrian Abimanyu,Persik Kediri,Indonesia,Gel. Tengah,17,"Rp2,17Mlyr.",2170000000,2026-06-01
Telmo Castanheira,Persik Kediri,Indonesia,Gel. Tengah,0,"Rp1,30Mlyr.",1300000000,2026-06-01
Adi Eko,Persik Kediri,Indonesia,Gel. Tengah,0,"Rp1,30Mlyr.",1300000000,2026-06-01
Adrián Luna,Persik Kediri,Indonesia,Gel. Serang,0,"Rp8,69Mlyr.",8690000000,2026-06-01
Jon Toral,Persik Kediri,Indonesia,Gel. Serang,0,"Rp7,82Mlyr.",7820000000,2026-06-01
Haikal Riza,Persik Kediri,Indonesia,Gel. Serang,0,"Rp869,08Jt.",869080000,2026-06-01
Rifqi Ray,Persik Kediri,Indonesia,Gel. Serang,0,"Rp869,08Jt.",869080000,2026-06-01
Ezra Walian,Persik Kediri,Indonesia,Sayap Kiri,0,"Rp6,95Mlyr.",6950000000,2026-06-01
Rendy Sanjaya,Persik Kediri,Indonesia,Sayap Kiri,19,"Rp1,30Mlyr.",1300000000,2026-06-01
Wigi Pratama,Persik Kediri,Indonesia,Sayap Kiri,37,"Rp869,08Jt.",869080000,2026-06-01
Faris Aditama,Persik Kediri,Indonesia,Sayap Kiri,0,"Rp173,82Jt.",173820000,2026-06-01
Ernesto Gómez,Persik Kediri,Indonesia,Sayap Kanan,0,"Rp3,48Mlyr.",3480000000,2026-06-01
Supriadi,Persik Kediri,Indonesia,Sayap Kanan,23,"Rp1,30Mlyr.",1300000000,2026-06-01
Irkham Mila,Persik Kediri,Indonesia,Sayap Kanan,29,"Rp1,30Mlyr.",1300000000,2026-06-01
José Enrique,Persik Kediri,Indonesia,Depan-Tengah,21,"Rp5,21Mlyr.",5210000000,2026-06-01
Rodrigo Dias,Persik Kediri,Indonesia,Depan-Tengah,0,"Rp3,04Mlyr.",3040000000,2026-06-01
Sylvain Atieda,Persik Kediri,Indonesia,Depan-Tengah,0,"Rp2,17Mlyr.",2170000000,2026-06-01
Mohammad Khanafi,Persik Kediri,Indonesia,Depan-Tengah,0,"Rp1,30Mlyr.",1300000000,2026-06-01
Yandi Sofyan,Persik Kediri,Indonesia,Depan-Tengah,0,"Rp869,08Jt.",869080000,2026-06-01
Nadeo Argawinata,Borneo FC Samarinda,Indonesia,Kiper,0,"Rp7,82Mlyr.",7820000000,2026-06-01
Syahrul Trisna,Borneo FC Samarinda,Indonesia,Kiper,30,"Rp2,17Mlyr.",2170000000,2026-06-01
Daffa Fasya,Borneo FC Samarinda,Indonesia,Kiper,0,"Rp1,30Mlyr.",1300000000,2026-06-01
Andhika Setiawan,Borneo FC Samarinda,Indonesia,Kiper,27,-,0,2026-06-01
Risnanda Rafa,Borneo FC Samarinda,Indonesia,Kiper,0,-,0,2026-06-01
Christophe Nduwarugira,Borneo FC Samarinda,Indonesia,Bek-Tengah,22,"Rp6,08Mlyr.",6080000000,2026-06-01
Komang Teguh,Borneo FC Samarinda,Indonesia,Bek-Tengah,16,"Rp4,35Mlyr.",4350000000,2026-06-01
Cleylton,Borneo FC Samarinda,Indonesia,Bek-Tengah,0,"Rp3,48Mlyr.",3480000000,2026-06-01
Mohammad Al-Husseini,Borneo FC Samarinda,Indonesia,Bek-Tengah,0,"Rp2,61Mlyr.",2610000000,2026-06-01
Caxambu,Borneo FC Samarinda,Indonesia,Bek-Kiri,23,"Rp6,08Mlyr.",6080000000,2026-06-01
Haykal Alhafiz,Borneo FC Samarinda,Indonesia,Bek-Kiri,0,"Rp869,08Jt.",869080000,2026-06-01
Rayhan Utina,Borneo FC Samarinda,Indonesia,Bek-Kiri,0,"Rp869,08Jt.",869080000,2026-06-01
Alfharezzi Buffon,Borneo FC Samarinda,Indonesia,Bek-Kanan,0,"Rp1,74Mlyr.",1740000000,2026-06-01
Diego Michiels,Borneo FC Samarinda,Indonesia,Bek-Kanan,24,"Rp869,08Jt.",869080000,2026-06-01
Dika Kuswardani,Borneo FC Samarinda,Indonesia,Bek-Kanan,0,"Rp434,54Jt.",434540000,2026-06-01
Rivaldo Pakpahan,Borneo FC Samarinda,Indonesia,Gel. Bertahan,0,"Rp3,04Mlyr.",3040000000,2026-06-01
Ahmad Agung,Borneo FC Samarinda,Indonesia,Gel. Bertahan,0,"Rp1,30Mlyr.",1300000000,2026-06-01
Faris Adit,Borneo FC Samarinda,Indonesia,Gel. Bertahan,0,"Rp869,08Jt.",869080000,2026-06-01
Kei Hirose,Borneo FC Samarinda,Indonesia,Gel. Tengah,0,"Rp7,82Mlyr.",7820000000,2026-06-01
Mohammad Anez,Borneo FC Samarinda,Indonesia,Gel. Tengah,0,"Rp6,08Mlyr.",6080000000,2026-06-01
Juan Felipe Villa,Borneo FC Samarinda,Indonesia,Gel. Serang,20,"Rp11,30Mlyr.",11300000000,2026-06-01
Marcos Astina,Borneo FC Samarinda,Indonesia,Gel. Serang,0,"Rp5,21Mlyr.",5210000000,2026-06-01
Ikhsanul Zikrak,Borneo FC Samarinda,Indonesia,Gel. Serang,0,"Rp1,74Mlyr.",1740000000,2026-06-01
Dwiky Hardiansyah,Borneo FC Samarinda,Indonesia,Gel. Serang,0,"Rp1,30Mlyr.",1300000000,2026-06-01
Tegar Islami,Borneo FC Samarinda,Indonesia,Gel. Serang,0,-,0,2026-06-01
Muhammad Sihran,Borneo FC Samarinda,Indonesia,Sayap Kiri,0,"Rp3,91Mlyr.",3910000000,2026-06-01
Kaio Nunes,Borneo FC Samarinda,Indonesia,Sayap Kiri,0,"Rp1,74Mlyr.",1740000000,2026-06-01
Asgal Habib,Borneo FC Samarinda,Indonesia,Sayap Kiri,0,"Rp869,08Jt.",869080000,2026-06-01
Rangga Sumarna,Borneo FC Samarinda,Indonesia,Sayap Kiri,0,"Rp173,82Jt.",173820000,2026-06-01
Redzuan Fachgi,Borneo FC Samarinda,Indonesia,Sayap Kiri,0,"Rp173,82Jt.",173820000,2026-06-01
Mariano Peralta,Borneo FC Samarinda,Indonesia,Sayap Kanan,0,"Rp13,04Mlyr.",13040000000,2026-06-01
Reyki Fariz,Borneo FC Samarinda,Indonesia,Sayap Kanan,25,"Rp869,08Jt.",869080000,2026-06-01
Koldo Obieta,Borneo FC Samarinda,Indonesia,Depan-Tengah,0,"Rp2,61Mlyr.",2610000000,2026-06-01
Habibi Jusuf,Borneo FC Samarinda,Indonesia,Depan-Tengah,0,"Rp869,08Jt.",869080000,2026-06-01
Ousmane Camara,Borneo FC Samarinda,Indonesia,Depan-Tengah,19,-,0,2026-06-01
Dika Nurdiansyah,Borneo FC Samarinda,Indonesia,Depan-Tengah,0,-,0,2026-06-01
Teja Paku Alam,PERSIB Bandung,Indonesia,Kiper,0,"Rp4,35Mlyr.",4350000000,2026-06-01
Adam Przybek,PERSIB Bandung,Indonesia,Kiper,0,"Rp1,74Mlyr.",1740000000,2026-06-01
Fitrah Maulana,PERSIB Bandung,Indonesia,Kiper,0,"Rp869,08Jt.",869080000,2026-06-01
Made Wirawan,PERSIB Bandung,Indonesia,Kiper,0,-,0,2026-06-01
Rhaka Syafaka,PERSIB Bandung,Indonesia,Kiper,0,-,0,2026-06-01
Federico Barba,PERSIB Bandung,Indonesia,Bek-Tengah,0,"Rp8,69Mlyr.",8690000000,2026-06-01
Patricio Matricardi,PERSIB Bandung,Indonesia,Bek-Tengah,0,"Rp6,52Mlyr.",6520000000,2026-06-01
Frans Dhia Putros,PERSIB Bandung,Indonesia,Bek-Tengah,0,"Rp5,65Mlyr.",5650000000,2026-06-01
Júlio César,PERSIB Bandung,Indonesia,Bek-Tengah,0,"Rp5,21Mlyr.",5210000000,2026-06-01
Kakang Rudianto,PERSIB Bandung,Indonesia,Bek-Tengah,0,"Rp4,35Mlyr.",4350000000,2026-06-01
Hamra Hehanussa,PERSIB Bandung,Indonesia,Bek-Tengah,0,"Rp3,48Mlyr.",3480000000,2026-06-01
Achmad Jufriyanto,PERSIB Bandung,Indonesia,Bek-Tengah,16,"Rp173,82Jt.",173820000,2026-06-01
Dion Markx,PERSIB Bandung,Indonesia,Bek-Tengah,44,"Rp173,82Jt.",173820000,2026-06-01
Layvin Kurzawa,PERSIB Bandung,Indonesia,Bek-Kiri,0,"Rp10,43Mlyr.",10430000000,2026-06-01
Rezaldi Hehanussa,PERSIB Bandung,Indonesia,Bek-Kiri,0,"Rp2,17Mlyr.",2170000000,2026-06-01
Kevin Pasha,PERSIB Bandung,Indonesia,Bek-Kanan,0,-,0,2026-06-01
Zulkifli Lukmansyah,PERSIB Bandung,Indonesia,Bek-Kanan,0,-,0,2026-06-01
Thom Haye,PERSIB Bandung,Indonesia,Gel. Bertahan,33,"Rp15,64Mlyr.",15640000000,2026-06-01
Alfeandra Dewangga,PERSIB Bandung,Indonesia,Gel. Bertahan,19,"Rp3,48Mlyr.",3480000000,2026-06-01
Robi Darwis,PERSIB Bandung,Indonesia,Gel. Bertahan,0,"Rp2,61Mlyr.",2610000000,2026-06-01
Dedi Kusnandar,PERSIB Bandung,Indonesia,Gel. Bertahan,0,"Rp1,30Mlyr.",1300000000,2026-06-01
Marc Klok,PERSIB Bandung,Indonesia,Gel. Tengah,23,"Rp6,52Mlyr.",6520000000,2026-06-01
Adam Alis,PERSIB Bandung,Indonesia,Gel. Tengah,18,"Rp4,78Mlyr.",4780000000,2026-06-01
Abdul Aziz,PERSIB Bandung,Indonesia,Gel. Tengah,0,"Rp434,54Jt.",434540000,2026-06-01
Nazriel Alfaro,PERSIB Bandung,Indonesia,Gel. Tengah,0,"Rp434,54Jt.",434540000,2026-06-01
Berguinho,PERSIB Bandung,Indonesia,Gel. Serang,0,"Rp5,21Mlyr.",5210000000,2026-06-01
Luciano Guaycochea,PERSIB Bandung,Indonesia,Gel. Serang,0,"Rp3,48Mlyr.",3480000000,2026-06-01
Saddil Ramdani,PERSIB Bandung,Indonesia,Sayap Kiri,0,"Rp6,08Mlyr.",6080000000,2026-06-01
Eliano Reijnders,PERSIB Bandung,Indonesia,Sayap Kanan,0,"Rp10,43Mlyr.",10430000000,2026-06-01
Beckham Putra,PERSIB Bandung,Indonesia,Sayap Kanan,0,"Rp6,95Mlyr.",6950000000,2026-06-01
Athaya Zahran,PERSIB Bandung,Indonesia,Sayap Kanan,36,-,0,2026-06-01
Andrew Jung,PERSIB Bandung,Indonesia,Depan-Tengah,0,"Rp9,56Mlyr.",9560000000,2026-06-01
Sergio Castel,PERSIB Bandung,Indonesia,Depan-Tengah,17,"Rp6,95Mlyr.",6950000000,2026-06-01
Uilliam,PERSIB Bandung,Indonesia,Depan-Tengah,0,"Rp4,35Mlyr.",4350000000,2026-06-01
Ramon Tanque,PERSIB Bandung,Indonesia,Depan-Tengah,0,"Rp4,35Mlyr.",4350000000,2026-06-01
Ernando Ari,Persebaya Surabaya,Indonesia,Kiper,21,"Rp4,78Mlyr.",4780000000,2026-06-01
Andhika Ramadhani,Persebaya Surabaya,Indonesia,Kiper,0,"Rp3,04Mlyr.",3040000000,2026-06-01
Adre Arido,Persebaya Surabaya,Indonesia,Kiper,0,-,0,2026-06-01
Muhammad Ilham,Persebaya Surabaya,Indonesia,Kiper,39,-,0,2026-06-01
Gustavo Fernandes,Persebaya Surabaya,Indonesia,Bek-Tengah,44,"Rp3,91Mlyr.",3910000000,2026-06-01
Léo Lelis,Persebaya Surabaya,Indonesia,Bek-Tengah,24,"Rp2,61Mlyr.",2610000000,2026-06-01
Risto Mitrevski,Persebaya Surabaya,Indonesia,Bek-Tengah,0,"Rp1,74Mlyr.",1740000000,2026-06-01
Randy May,Persebaya Surabaya,Indonesia,Bek-Tengah,18,"Rp434,54Jt.",434540000,2026-06-01
Sheva Kardanu,Persebaya Surabaya,Indonesia,Bek-Tengah,0,-,0,2026-06-01
Jefferson,Persebaya Surabaya,Indonesia,Bek-Kiri,17,"Rp4,78Mlyr.",4780000000,2026-06-01
Mikael Tata,Persebaya Surabaya,Indonesia,Bek-Kiri,0,"Rp2,61Mlyr.",2610000000,2026-06-01
Ahmad Mujtaba,Persebaya Surabaya,Indonesia,Bek-Kiri,0,-,0,2026-06-01
Arief Catur,Persebaya Surabaya,Indonesia,Bek-Kanan,0,"Rp3,91Mlyr.",3910000000,2026-06-01
Koko Ari,Persebaya Surabaya,Indonesia,Bek-Kanan,33,"Rp2,61Mlyr.",2610000000,2026-06-01
Rachmat Irianto,Persebaya Surabaya,Indonesia,Gel. Bertahan,0,"Rp4,35Mlyr.",4350000000,2026-06-01
Sadida Putra,Persebaya Surabaya,Indonesia,Gel. Bertahan,0,"Rp1,30Mlyr.",1300000000,2026-06-01
Milos Raickovic,Persebaya Surabaya,Indonesia,Gel. Tengah,0,"Rp3,48Mlyr.",3480000000,2026-06-01
Bruno Paraíba,Persebaya Surabaya,Indonesia,Gel. Tengah,0,"Rp3,04Mlyr.",3040000000,2026-06-01
Toni Firmansyah,Persebaya Surabaya,Indonesia,Gel. Tengah,0,"Rp2,61Mlyr.",2610000000,2026-06-01
Ichsas Baihaqi,Persebaya Surabaya,Indonesia,Gel. Tengah,0,"Rp869,08Jt.",869080000,2026-06-01
Francisco Rivera,Persebaya Surabaya,Indonesia,Gel. Serang,0,"Rp6,95Mlyr.",6950000000,2026-06-01
Bruno Moreira,Persebaya Surabaya,Indonesia,Sayap Kiri,0,"Rp7,82Mlyr.",7820000000,2026-06-01
Gali Freitas,Persebaya Surabaya,Indonesia,Sayap Kiri,22,"Rp4,35Mlyr.",4350000000,2026-06-01
Malik Risaldi,Persebaya Surabaya,Indonesia,Sayap Kanan,0,"Rp4,78Mlyr.",4780000000,2026-06-01
Oktafianus Fernando,Persebaya Surabaya,Indonesia,Sayap Kanan,0,"Rp869,08Jt.",869080000,2026-06-01
Alfan Suaib,Persebaya Surabaya,Indonesia,Sayap Kanan,0,"Rp869,08Jt.",869080000,2026-06-01
Dimas Wicaksono,Persebaya Surabaya,Indonesia,Sayap Kanan,26,"Rp869,08Jt.",869080000,2026-06-01
Mihailo Perovic,Persebaya Surabaya,Indonesia,Depan-Tengah,0,"Rp3,91Mlyr.",3910000000,2026-06-01
Rizky Dwi,Persebaya Surabaya,Indonesia,Depan-Tengah,0,"Rp1,30Mlyr.",1300000000,2026-06-01
Adi Satryo,Arema FC,Indonesia,Kiper,30,"Rp3,91Mlyr.",3910000000,2026-06-01
Lucas Frigeri,Arema FC,Indonesia,Kiper,31,"Rp869,08Jt.",869080000,2026-06-01
Andrian Casvari,Arema FC,Indonesia,Kiper,0,"Rp173,82Jt.",173820000,2026-06-01
Luiz Gustavo,Arema FC,Indonesia,Bek-Tengah,26,"Rp1,74Mlyr.",1740000000,2026-06-01
Anwar Rifai,Arema FC,Indonesia,Bek-Tengah,23,"Rp1,30Mlyr.",1300000000,2026-06-01
Walisson Maia,Arema FC,Indonesia,Bek-Tengah,0,"Rp434,54Jt.",434540000,2026-06-01
Leo Guntara,Arema FC,Indonesia,Bek-Kiri,0,"Rp3,48Mlyr.",3480000000,2026-06-01
Iksan Lestaluhu,Arema FC,Indonesia,Bek-Kiri,0,"Rp1,74Mlyr.",1740000000,2026-06-01
Johan Alfarizi,Arema FC,Indonesia,Bek-Kiri,0,"Rp173,82Jt.",173820000,2026-06-01
Achmad Maulana,Arema FC,Indonesia,Bek-Kanan,19,"Rp2,17Mlyr.",2170000000,2026-06-01
Rifad Marasabessy,Arema FC,Indonesia,Bek-Kanan,0,"Rp1,30Mlyr.",1300000000,2026-06-01
Bayu Setiawan,Arema FC,Indonesia,Bek-Kanan,0,"Rp1,30Mlyr.",1300000000,2026-06-01
Alfiansyah,Arema FC,Indonesia,Bek-Kanan,0,-,0,2026-06-01
Matheus Blade,Arema FC,Indonesia,Gel. Bertahan,25,"Rp3,48Mlyr.",3480000000,2026-06-01
Betinho,Arema FC,Indonesia,Gel. Bertahan,28,"Rp1,74Mlyr.",1740000000,2026-06-01
Jayus Hariono,Arema FC,Indonesia,Gel. Bertahan,0,"Rp1,30Mlyr.",1300000000,2026-06-01
Pablo Oliveira,Arema FC,Indonesia,Gel. Bertahan,32,"Rp1,30Mlyr.",1300000000,2026-06-01
Aswin,Arema FC,Indonesia,Gel. Bertahan,22,-,0,2026-06-01
Arkhan Fikri,Arema FC,Indonesia,Gel. Tengah,0,"Rp4,78Mlyr.",4780000000,2026-06-01
Julián Guevara,Arema FC,Indonesia,Gel. Tengah,0,"Rp1,74Mlyr.",1740000000,2026-06-01
Samuel Balinsa,Arema FC,Indonesia,Gel. Tengah,0,"Rp1,30Mlyr.",1300000000,2026-06-01
Gustavo França,Arema FC,Indonesia,Gel. Serang,0,"Rp4,78Mlyr.",4780000000,2026-06-01
Valdeci,Arema FC,Indonesia,Gel. Serang,0,"Rp4,35Mlyr.",4350000000,2026-06-01
Gabriel Silva,Arema FC,Indonesia,Sayap Kiri,0,"Rp4,78Mlyr.",4780000000,2026-06-01
Salim Tuharea,Arema FC,Indonesia,Sayap Kanan,0,"Rp2,17Mlyr.",2170000000,2026-06-01
Dwiki Mardiyanto,Arema FC,Indonesia,Sayap Kanan,17,"Rp1,30Mlyr.",1300000000,2026-06-01
Dendi Santoso,Arema FC,Indonesia,Sayap Kanan,41,"Rp434,54Jt.",434540000,2026-06-01
Dalberto,Arema FC,Indonesia,Depan-Tengah,0,"Rp5,21Mlyr.",5210000000,2026-06-01
Joel Vinícius,Arema FC,Indonesia,Depan-Tengah,0,"Rp2,61Mlyr.",2610000000,2026-06-01
Dedik Setiawan,Arema FC,Indonesia,Depan-Tengah,27,"Rp1,74Mlyr.",1740000000,2026-06-01
Razzaa Fachrezi,Arema FC,Indonesia,Depan-Tengah,20,"Rp173,82Jt.",173820000,2026-06-01
Agusti Ardiansyah,Arema FC,Indonesia,Depan-Tengah,16,-,0,2026-06-01
Dimas Aryaguna,Arema FC,Indonesia,Depan-Tengah,0,-,0,2026-06-01
Muhamad Riyandi,PERSIS Solo,Indonesia,Kiper,0,"Rp3,04Mlyr.",3040000000,2026-06-01
Gianluca Pandeynuwu,PERSIS Solo,Indonesia,Kiper,0,"Rp2,17Mlyr.",2170000000,2026-06-01
Vukasin Vranes,PERSIS Solo,Indonesia,Kiper,0,"Rp1,74Mlyr.",1740000000,2026-06-01
Gede Aditya,PERSIS Solo,Indonesia,Kiper,23,"Rp173,82Jt.",173820000,2026-06-01
Faza Al Firdaus,PERSIS Solo,Indonesia,Kiper,20,-,0,2026-06-01
Luka Dumancic,PERSIS Solo,Indonesia,Bek-Tengah,0,"Rp3,48Mlyr.",3480000000,2026-06-01
Kadek Raditya,PERSIS Solo,Indonesia,Bek-Tengah,32,"Rp2,61Mlyr.",2610000000,2026-06-01
Agung Mannan,PERSIS Solo,Indonesia,Bek-Tengah,0,"Rp1,30Mlyr.",1300000000,2026-06-01
Rian Miziar,PERSIS Solo,Indonesia,Bek-Tengah,26,"Rp173,82Jt.",173820000,2026-06-01
Yulfikar Mansur,PERSIS Solo,Indonesia,Bek-Tengah,0,-,0,2026-06-01
Faqih Maulana,PERSIS Solo,Indonesia,Bek-Kiri,29,"Rp1,30Mlyr.",1300000000,2026-06-01
Dusan Mijic,PERSIS Solo,Indonesia,Bek-Kanan,44,"Rp3,04Mlyr.",3040000000,2026-06-01
Alexvan Djin,PERSIS Solo,Indonesia,Bek-Kanan,0,"Rp2,17Mlyr.",2170000000,2026-06-01
Alfriyanto Nico,PERSIS Solo,Indonesia,Bek-Kanan,0,"Rp2,17Mlyr.",2170000000,2026-06-01
Eky Taufik,PERSIS Solo,Indonesia,Bek-Kanan,30,"Rp434,54Jt.",434540000,2026-06-01
Rizky Syahputra,PERSIS Solo,Indonesia,Bek-Kanan,0,-,0,2026-06-01
Andrei Alba,PERSIS Solo,Indonesia,Gel. Bertahan,0,"Rp3,91Mlyr.",3910000000,2026-06-01
Sutanto Tan,PERSIS Solo,Indonesia,Gel. Bertahan,22,"Rp2,61Mlyr.",2610000000,2026-06-01
Miroslav Maricic,PERSIS Solo,Indonesia,Gel. Tengah,0,"Rp3,48Mlyr.",3480000000,2026-06-01
Zanadin Fariz,PERSIS Solo,Indonesia,Gel. Tengah,0,"Rp2,17Mlyr.",2170000000,2026-06-01
Sidik Saimima,PERSIS Solo,Indonesia,Gel. Tengah,0,"Rp1,74Mlyr.",1740000000,2026-06-01
Adriano Castanheira,PERSIS Solo,Indonesia,Gel. Serang,0,"Rp2,17Mlyr.",2170000000,2026-06-01
Dimitri,PERSIS Solo,Indonesia,Gel. Serang,0,"Rp2,17Mlyr.",2170000000,2026-06-01
Arapenta Poerba,PERSIS Solo,Indonesia,Gel. Serang,0,"Rp1,30Mlyr.",1300000000,2026-06-01
Rexo Dolby,PERSIS Solo,Indonesia,Gel. Serang,0,-,0,2026-06-01
Irfan Jauhari,PERSIS Solo,Indonesia,Sayap Kiri,0,"Rp2,61Mlyr.",2610000000,2026-06-01
Jefferson Carioca,PERSIS Solo,Indonesia,Sayap Kiri,0,"Rp1,74Mlyr.",1740000000,2026-06-01
Yabes Roni,PERSIS Solo,Indonesia,Sayap Kiri,0,"Rp1,30Mlyr.",1300000000,2026-06-01
Althaf Alrizky,PERSIS Solo,Indonesia,Sayap Kanan,36,"Rp2,61Mlyr.",2610000000,2026-06-01
Febri Hariyadi,PERSIS Solo,Indonesia,Sayap Kanan,18,"Rp1,30Mlyr.",1300000000,2026-06-01
Ikhwan Tanamal,PERSIS Solo,Indonesia,Sayap Kanan,40,"Rp1,30Mlyr.",1300000000,2026-06-01
Roman Paparyga,PERSIS Solo,Indonesia,Depan-Tengah,0,"Rp4,35Mlyr.",4350000000,2026-06-01
Abu Razard Kamara,PERSIS Solo,Indonesia,Depan-Tengah,0,"Rp3,91Mlyr.",3910000000,2026-06-01
Dejan Tumbas,PERSIS Solo,Indonesia,Depan-Tengah,19,"Rp3,48Mlyr.",3480000000,2026-06-01
Septian Bagaskara,PERSIS Solo,Indonesia,Depan-Tengah,0,"Rp3,04Mlyr.",3040000000,2026-06-01
Bruno Gomes,PERSIS Solo,Indonesia,Depan-Tengah,0,"Rp2,61Mlyr.",2610000000,2026-06-01
Arkhan Kaka,PERSIS Solo,Indonesia,Depan-Tengah,0,"Rp1,30Mlyr.",1300000000,2026-06-01
Cahya Supriadi,PSIM Yogyakarta,Indonesia,Kiper,19,"Rp4,35Mlyr.",4350000000,2026-06-01
Harlan Suardi,PSIM Yogyakarta,Indonesia,Kiper,26,"Rp2,17Mlyr.",2170000000,2026-06-01
Khairul Fikri,PSIM Yogyakarta,Indonesia,Kiper,0,"Rp869,08Jt.",869080000,2026-06-01
Gilang Ardha,PSIM Yogyakarta,Indonesia,Kiper,0,-,0,2026-06-01
Franco Ramos Mingo,PSIM Yogyakarta,Indonesia,Bek-Tengah,0,"Rp6,52Mlyr.",6520000000,2026-06-01
Yusaku Yamadera,PSIM Yogyakarta,Indonesia,Bek-Tengah,0,"Rp5,21Mlyr.",5210000000,2026-06-01
Jop van der Avert,PSIM Yogyakarta,Indonesia,Bek-Tengah,0,"Rp3,48Mlyr.",3480000000,2026-06-01
Rendra Teddy,PSIM Yogyakarta,Indonesia,Bek-Tengah,0,"Rp2,17Mlyr.",2170000000,2026-06-01
Andy Setyo,PSIM Yogyakarta,Indonesia,Bek-Tengah,0,"Rp1,74Mlyr.",1740000000,2026-06-01
Reva Adi,PSIM Yogyakarta,Indonesia,Bek-Kiri,35,"Rp4,35Mlyr.",4350000000,2026-06-01
Dede Sapari,PSIM Yogyakarta,Indonesia,Bek-Kiri,0,"Rp1,30Mlyr.",1300000000,2026-06-01
Raka Cahyana,PSIM Yogyakarta,Indonesia,Bek-Kanan,0,"Rp2,61Mlyr.",2610000000,2026-06-01
Donny Warmerdam,PSIM Yogyakarta,Indonesia,Gel. Bertahan,0,"Rp6,08Mlyr.",6080000000,2026-06-01
Rakhmatsho Rakhmatzoda,PSIM Yogyakarta,Indonesia,Gel. Bertahan,0,"Rp3,91Mlyr.",3910000000,2026-06-01
Diandra Diaz,PSIM Yogyakarta,Indonesia,Gel. Bertahan,0,"Rp1,30Mlyr.",1300000000,2026-06-01
Rio Hardiawan,PSIM Yogyakarta,Indonesia,Gel. Tengah,29,"Rp2,17Mlyr.",2170000000,2026-06-01
Ghulam Fatkur,PSIM Yogyakarta,Indonesia,Gel. Tengah,23,"Rp1,74Mlyr.",1740000000,2026-06-01
Ezequiel Vidal,PSIM Yogyakarta,Indonesia,Gel. Serang,0,"Rp7,82Mlyr.",7820000000,2026-06-01
Zé Valente,PSIM Yogyakarta,Indonesia,Gel. Serang,0,"Rp6,08Mlyr.",6080000000,2026-06-01
Fahreza Sudin,PSIM Yogyakarta,Indonesia,Gel. Serang,0,"Rp3,04Mlyr.",3040000000,2026-06-01
Savio Sheva,PSIM Yogyakarta,Indonesia,Gel. Serang,0,"Rp2,61Mlyr.",2610000000,2026-06-01
Muhammad Iqbal,PSIM Yogyakarta,Indonesia,Gel. Serang,0,"Rp1,74Mlyr.",1740000000,2026-06-01
Anton Fase,PSIM Yogyakarta,Indonesia,Sayap Kiri,0,"Rp2,61Mlyr.",2610000000,2026-06-01
Riyatno Abiyoso,PSIM Yogyakarta,Indonesia,Sayap Kiri,27,"Rp2,17Mlyr.",2170000000,2026-06-01
Andi Irfan,PSIM Yogyakarta,Indonesia,Sayap Kanan,17,"Rp2,17Mlyr.",2170000000,2026-06-01
Kasim Botan,PSIM Yogyakarta,Indonesia,Sayap Kanan,0,"Rp1,30Mlyr.",1300000000,2026-06-01
Ikhsan Chan,PSIM Yogyakarta,Indonesia,Sayap Kanan,0,"Rp1,30Mlyr.",1300000000,2026-06-01
Nermin Haljeta,PSIM Yogyakarta,Indonesia,Depan-Tengah,0,"Rp6,08Mlyr.",6080000000,2026-06-01
Deri Corfe,PSIM Yogyakarta,Indonesia,Depan-Tengah,0,"Rp3,48Mlyr.",3480000000,2026-06-01
Cyrus Margono,Persija Jakarta,Indonesia,Kiper,0,"Rp3,04Mlyr.",3040000000,2026-06-01
Andritany,Persija Jakarta,Indonesia,Kiper,26,"Rp2,17Mlyr.",2170000000,2026-06-01
Carlos Eduardo,Persija Jakarta,Indonesia,Kiper,0,"Rp1,30Mlyr.",1300000000,2026-06-01
Hafizh Rizkianur,Persija Jakarta,Indonesia,Kiper,22,-,0,2026-06-01
Irham Nadzhofa,Persija Jakarta,Indonesia,Kiper,27,-,0,2026-06-01
Rizky Ridho,Persija Jakarta,Indonesia,Bek-Tengah,0,"Rp11,30Mlyr.",11300000000,2026-06-01
Jordi Amat,Persija Jakarta,Indonesia,Bek-Tengah,21,"Rp9,56Mlyr.",9560000000,2026-06-01
Paulo Ricardo,Persija Jakarta,Indonesia,Bek-Tengah,0,"Rp5,21Mlyr.",5210000000,2026-06-01
Thales Lira,Persija Jakarta,Indonesia,Bek-Tengah,0,"Rp4,35Mlyr.",4350000000,2026-06-01
Hansamu Yama,Persija Jakarta,Indonesia,Bek-Tengah,0,"Rp2,61Mlyr.",2610000000,2026-06-01
Dia Syayid,Persija Jakarta,Indonesia,Bek-Tengah,32,"Rp869,08Jt.",869080000,2026-06-01
Baihaqi Rifai,Persija Jakarta,Indonesia,Bek-Tengah,29,-,0,2026-06-01
Shayne Pattynama,Persija Jakarta,Indonesia,Bek-Kiri,25,"Rp6,08Mlyr.",6080000000,2026-06-01
Dony Tri Pamungkas,Persija Jakarta,Indonesia,Bek-Kiri,0,"Rp5,21Mlyr.",5210000000,2026-06-01
Fajar Fathurrahman,Persija Jakarta,Indonesia,Bek-Kanan,0,"Rp5,65Mlyr.",5650000000,2026-06-01
Rio Fahmi,Persija Jakarta,Indonesia,Bek-Kanan,0,"Rp5,21Mlyr.",5210000000,2026-06-01
Fábio Silva,Persija Jakarta,Indonesia,Gel. Bertahan,0,"Rp5,21Mlyr.",5210000000,2026-06-01
Sousa,Persija Jakarta,Indonesia,Gel. Bertahan,0,"Rp4,35Mlyr.",4350000000,2026-06-01
Hanif Sjahbandi,Persija Jakarta,Indonesia,Gel. Bertahan,19,"Rp3,91Mlyr.",3910000000,2026-06-01
Aditya Warman,Persija Jakarta,Indonesia,Gel. Bertahan,36,"Rp1,30Mlyr.",1300000000,2026-06-01
Figo Dennis,Persija Jakarta,Indonesia,Gel. Bertahan,0,"Rp869,08Jt.",869080000,2026-06-01
Jean Mota,Persija Jakarta,Indonesia,Gel. Tengah,0,"Rp7,82Mlyr.",7820000000,2026-06-01
Rayhan Hannan,Persija Jakarta,Indonesia,Gel. Serang,0,"Rp3,04Mlyr.",3040000000,2026-06-01
Maxwell,Persija Jakarta,Indonesia,Sayap Kiri,0,"Rp10,43Mlyr.",10430000000,2026-06-01
Witan,Persija Jakarta,Indonesia,Sayap Kiri,0,"Rp4,78Mlyr.",4780000000,2026-06-01
Arlyansyah Abdulmanan,Persija Jakarta,Indonesia,Sayap Kiri,0,"Rp1,74Mlyr.",1740000000,2026-06-01
Allano,Persija Jakarta,Indonesia,Sayap Kanan,17,"Rp6,95Mlyr.",6950000000,2026-06-01
Bruno Tubarão,Persija Jakarta,Indonesia,Sayap Kanan,0,"Rp6,95Mlyr.",6950000000,2026-06-01
Zahaby Gholy,Persija Jakarta,Indonesia,Sayap Kanan,0,-,0,2026-06-01
Alaeddine Ajaraie,Persija Jakarta,Indonesia,Depan-Tengah,41,"Rp5,65Mlyr.",5650000000,2026-06-01
Gustavo Almeida,Persija Jakarta,Indonesia,Depan-Tengah,0,"Rp4,78Mlyr.",4780000000,2026-06-01
Eksel Runtukahu,Persija Jakarta,Indonesia,Depan-Tengah,0,"Rp4,78Mlyr.",4780000000,2026-06-01
Mauro Zijlstra,Persija Jakarta,Indonesia,Depan-Tengah,0,"Rp1,30Mlyr.",1300000000,2026-06-01
Alan,Malut United FC,Indonesia,Kiper,0,"Rp3,04Mlyr.",3040000000,2026-06-01
Angga Saputro,Malut United FC,Indonesia,Kiper,0,"Rp2,61Mlyr.",2610000000,2026-06-01
Muhammad Ridwan,Malut United FC,Indonesia,Kiper,22,"Rp869,08Jt.",869080000,2026-06-01
Zahir Fazya,Malut United FC,Indonesia,Kiper,28,-,0,2026-06-01
Gustavo França,Malut United FC,Indonesia,Bek-Tengah,0,"Rp6,52Mlyr.",6520000000,2026-06-01
Safrudin Tahar,Malut United FC,Indonesia,Bek-Tengah,27,"Rp3,48Mlyr.",3480000000,2026-06-01
Chechu Meneses,Malut United FC,Indonesia,Bek-Tengah,0,"Rp2,61Mlyr.",2610000000,2026-06-01
Nilson Júnior,Malut United FC,Indonesia,Bek-Tengah,0,"Rp1,74Mlyr.",1740000000,2026-06-01
Riswan Lauhin,Malut United FC,Indonesia,Bek-Tengah,32,"Rp869,08Jt.",869080000,2026-06-01
Kanavaro Burere,Malut United FC,Indonesia,Bek-Tengah,0,-,0,2026-06-01
Rangga Bolang,Malut United FC,Indonesia,Bek-Tengah,0,-,0,2026-06-01
Ali Syafiq,Malut United FC,Indonesia,Bek-Tengah,0,-,0,2026-06-01
Yance Sayuri,Malut United FC,Indonesia,Bek-Kiri,23,"Rp5,65Mlyr.",5650000000,2026-06-01
Abduh Lestaluhu,Malut United FC,Indonesia,Bek-Kiri,0,"Rp1,74Mlyr.",1740000000,2026-06-01
Igor Inocêncio,Malut United FC,Indonesia,Bek-Kanan,0,"Rp5,21Mlyr.",5210000000,2026-06-01
Fredyan Wahyu,Malut United FC,Indonesia,Bek-Kanan,0,"Rp1,30Mlyr.",1300000000,2026-06-01
Mardani Majid,Malut United FC,Indonesia,Bek-Kanan,0,-,0,2026-06-01
Manahati Lestusen,Malut United FC,Indonesia,Gel. Bertahan,0,"Rp2,61Mlyr.",2610000000,2026-06-01
Wbeymar Angulo,Malut United FC,Indonesia,Gel. Bertahan,16,"Rp2,17Mlyr.",2170000000,2026-06-01
Alwi Slamat,Malut United FC,Indonesia,Gel. Bertahan,0,"Rp2,17Mlyr.",2170000000,2026-06-01
Ridho Syuhada,Malut United FC,Indonesia,Gel. Bertahan,0,"Rp1,30Mlyr.",1300000000,2026-06-01
Tri Setiawan,Malut United FC,Indonesia,Gel. Bertahan,0,"Rp1,30Mlyr.",1300000000,2026-06-01
Riki Togubu,Malut United FC,Indonesia,Gel. Bertahan,0,"Rp869,08Jt.",869080000,2026-06-01
Lucas Cardoso,Malut United FC,Indonesia,Gel. Tengah,0,"Rp5,21Mlyr.",5210000000,2026-06-01
Rizky Pellu,Malut United FC,Indonesia,Gel. Tengah,0,"Rp173,82Jt.",173820000,2026-06-01
Septian David,Malut United FC,Indonesia,Gel. Serang,29,"Rp2,61Mlyr.",2610000000,2026-06-01
Tyronne,Malut United FC,Indonesia,Gel. Serang,0,"Rp1,74Mlyr.",1740000000,2026-06-01
Frets Butuan,Malut United FC,Indonesia,Sayap Kiri,21,"Rp2,61Mlyr.",2610000000,2026-06-01
Yakob Sayuri,Malut United FC,Indonesia,Sayap Kanan,0,"Rp6,95Mlyr.",6950000000,2026-06-01
Ciro Alves,Malut United FC,Indonesia,Sayap Kanan,0,"Rp3,04Mlyr.",3040000000,2026-06-01
Vico Duarte,Malut United FC,Indonesia,Sayap Kanan,0,"Rp1,74Mlyr.",1740000000,2026-06-01
Riyan Ardiansyah,Malut United FC,Indonesia,Sayap Kanan,0,"Rp1,74Mlyr.",1740000000,2026-06-01
Taufik Rustam,Malut United FC,Indonesia,Sayap Kanan,19,"Rp1,30Mlyr.",1300000000,2026-06-01
Fahran Darwan,Malut United FC,Indonesia,Sayap Kanan,0,-,0,2026-06-01
Dimas Drajad,Malut United FC,Indonesia,Depan-Tengah,0,"Rp2,61Mlyr.",2610000000,2026-06-01
David da Silva,Malut United FC,Indonesia,Depan-Tengah,17,"Rp1,74Mlyr.",1740000000,2026-06-01
Rifael Salmon,Malut United FC,Indonesia,Depan-Tengah,0,"Rp173,82Jt.",173820000,2026-06-01
Risky Safri,Malut United FC,Indonesia,Depan-Tengah,0,-,0,2026-06-01
Arthur Augusto,Semen Padang FC,Indonesia,Kiper,0,"Rp3,48Mlyr.",3480000000,2026-06-01
Rendy Oscario,Semen Padang FC,Indonesia,Kiper,27,"Rp1,30Mlyr.",1300000000,2026-06-01
Teguh Amiruddin,Semen Padang FC,Indonesia,Kiper,0,"Rp869,08Jt.",869080000,2026-06-01
Iqbal Bachtiar,Semen Padang FC,Indonesia,Kiper,0,"Rp173,82Jt.",173820000,2026-06-01
Farel Putra,Semen Padang FC,Indonesia,Kiper,0,"Rp173,82Jt.",173820000,2026-06-01
Ângelo Meneses,Semen Padang FC,Indonesia,Bek-Tengah,24,"Rp3,91Mlyr.",3910000000,2026-06-01
Jaime Giraldo,Semen Padang FC,Indonesia,Bek-Tengah,0,"Rp3,04Mlyr.",3040000000,2026-06-01
Tin Martic,Semen Padang FC,Indonesia,Bek-Tengah,0,"Rp1,74Mlyr.",1740000000,2026-06-01
Rui Rampa,Semen Padang FC,Indonesia,Bek-Tengah,23,"Rp1,30Mlyr.",1300000000,2026-06-01
Herwin Saputra,Semen Padang FC,Indonesia,Bek-Tengah,0,"Rp434,54Jt.",434540000,2026-06-01
Ade Kristiano,Semen Padang FC,Indonesia,Bek-Tengah,0,"Rp434,54Jt.",434540000,2026-06-01
Asyraq Gufron,Semen Padang FC,Indonesia,Bek-Tengah,0,"Rp434,54Jt.",434540000,2026-06-01
Samuel Simanjuntak,Semen Padang FC,Indonesia,Bek-Kiri,0,"Rp1,30Mlyr.",1300000000,2026-06-01
Ravy Tsouka,Semen Padang FC,Indonesia,Bek-Kanan,0,"Rp5,21Mlyr.",5210000000,2026-06-01
Zidane Afandi,Semen Padang FC,Indonesia,Bek-Kanan,25,"Rp869,08Jt.",869080000,2026-06-01
Ghifari Azhhari,Semen Padang FC,Indonesia,Bek-Kanan,0,"Rp173,82Jt.",173820000,2026-06-01
Boubakary Diarra,Semen Padang FC,Indonesia,Gel. Bertahan,21,"Rp3,48Mlyr.",3480000000,2026-06-01
Rosad Setiawan,Semen Padang FC,Indonesia,Gel. Bertahan,31,"Rp2,61Mlyr.",2610000000,2026-06-01
Ripal Wahyudi,Semen Padang FC,Indonesia,Gel. Bertahan,0,"Rp2,17Mlyr.",2170000000,2026-06-01
Ricki Ariansyah,Semen Padang FC,Indonesia,Gel. Bertahan,0,"Rp1,74Mlyr.",1740000000,2026-06-01
Alhassan Wakaso,Semen Padang FC,Indonesia,Gel. Bertahan,30,"Rp869,08Jt.",869080000,2026-06-01
Antonius Tuna,Semen Padang FC,Indonesia,Gel. Bertahan,0,"Rp434,54Jt.",434540000,2026-06-01
Dimas Saputra,Semen Padang FC,Indonesia,Gel. Bertahan,0,"Rp434,54Jt.",434540000,2026-06-01
Pedro Matos,Semen Padang FC,Indonesia,Gel. Serang,0,"Rp3,04Mlyr.",3040000000,2026-06-01
Kazaki Nakagawa,Semen Padang FC,Indonesia,Gel. Serang,0,"Rp3,04Mlyr.",3040000000,2026-06-01
Kianz Froese,Semen Padang FC,Indonesia,Gel. Serang,0,"Rp3,04Mlyr.",3040000000,2026-06-01
Maicon,Semen Padang FC,Indonesia,Sayap Kiri,17,"Rp3,91Mlyr.",3910000000,2026-06-01
Firman Juliansyah,Semen Padang FC,Indonesia,Sayap Kiri,0,"Rp1,74Mlyr.",1740000000,2026-06-01
Armando Oropa,Semen Padang FC,Indonesia,Sayap Kiri,0,"Rp1,74Mlyr.",1740000000,2026-06-01
Irsyad Maulana,Semen Padang FC,Indonesia,Sayap Kiri,0,"Rp1,30Mlyr.",1300000000,2026-06-01
Ambrizal Umanailo,Semen Padang FC,Indonesia,Sayap Kanan,0,"Rp1,30Mlyr.",1300000000,2026-06-01
Cornelius Stewart,Semen Padang FC,Indonesia,Sayap Kanan,0,"Rp869,08Jt.",869080000,2026-06-01
Ferdiansyah,Semen Padang FC,Indonesia,Sayap Kanan,0,"Rp869,08Jt.",869080000,2026-06-01
Guillermo Fernández,Semen Padang FC,Indonesia,Depan-Tengah,0,"Rp4,78Mlyr.",4780000000,2026-06-01
Diego Maurício,Semen Padang FC,Indonesia,Depan-Tengah,0,"Rp3,48Mlyr.",3480000000,2026-06-01
Wahyu Agong,Semen Padang FC,Indonesia,Depan-Tengah,26,"Rp173,82Jt.",173820000,2026-06-01
Syaiful Asri,Semen Padang FC,Indonesia,Depan-Tengah,0,-,0,2026-06-01
Aditya Sentosa,Semen Padang FC,Indonesia,Penyerang,0,-,0,2026-06-01
Igor Rodrigues,Persita Tangerang,Indonesia,Kiper,29,"Rp6,52Mlyr.",6520000000,2026-06-01
Kartika Ajie,Persita Tangerang,Indonesia,Kiper,0,"Rp1,74Mlyr.",1740000000,2026-06-01
Rizwan Haikal,Persita Tangerang,Indonesia,Kiper,21,-,0,2026-06-01
Rafi Pamungkas,Persita Tangerang,Indonesia,Kiper,0,-,0,2026-06-01
Tamirlan Kozubaev,Persita Tangerang,Indonesia,Bek-Tengah,0,"Rp7,82Mlyr.",7820000000,2026-06-01
Javlon Guseynov,Persita Tangerang,Indonesia,Bek-Tengah,19,"Rp2,61Mlyr.",2610000000,2026-06-01
Ryuji Utomo,Persita Tangerang,Indonesia,Bek-Tengah,0,"Rp2,17Mlyr.",2170000000,2026-06-01
Charisma Fathoni,Persita Tangerang,Indonesia,Bek-Tengah,0,"Rp1,74Mlyr.",1740000000,2026-06-01
Mario Jardel,Persita Tangerang,Indonesia,Bek-Kiri,0,"Rp3,48Mlyr.",3480000000,2026-06-01
Zalnando,Persita Tangerang,Indonesia,Bek-Kiri,27,"Rp1,74Mlyr.",1740000000,2026-06-01
Muhammad Toha,Persita Tangerang,Indonesia,Bek-Kanan,0,"Rp6,08Mlyr.",6080000000,2026-06-01
Aep Nursofyan,Persita Tangerang,Indonesia,Bek-Kanan,0,"Rp434,54Jt.",434540000,2026-06-01
Fairuz Ohorella,Persita Tangerang,Indonesia,Bek-Kanan,0,-,0,2026-06-01
Sin-young Bae,Persita Tangerang,Indonesia,Gel. Bertahan,33,"Rp2,61Mlyr.",2610000000,2026-06-01
Tegar Infantrie,Persita Tangerang,Indonesia,Gel. Bertahan,0,"Rp869,08Jt.",869080000,2026-06-01
Ahmad Fahd,Persita Tangerang,Indonesia,Gel. Bertahan,22,"Rp869,08Jt.",869080000,2026-06-01
Badrian Ilham,Persita Tangerang,Indonesia,Gel. Bertahan,23,"Rp869,08Jt.",869080000,2026-06-01
Andrean Rindorindo,Persita Tangerang,Indonesia,Gel. Bertahan,0,"Rp869,08Jt.",869080000,2026-06-01
Zulfan Djiaulhaq,Persita Tangerang,Indonesia,Gel. Bertahan,36,-,0,2026-06-01
Pablo Ganet,Persita Tangerang,Indonesia,Gel. Tengah,0,"Rp5,21Mlyr.",5210000000,2026-06-01
Ramón Bueno,Persita Tangerang,Indonesia,Gel. Tengah,20,"Rp2,61Mlyr.",2610000000,2026-06-01
Éber Bessa,Persita Tangerang,Indonesia,Gel. Serang,0,"Rp1,74Mlyr.",1740000000,2026-06-01
Jack Brown,Persita Tangerang,Indonesia,Gel. Serang,0,"Rp869,08Jt.",869080000,2026-06-01
Aleksa Andrejic,Persita Tangerang,Indonesia,Sayap Kiri,0,"Rp2,17Mlyr.",2170000000,2026-06-01
Esal Sahrul,Persita Tangerang,Indonesia,Sayap Kiri,0,"Rp1,74Mlyr.",1740000000,2026-06-01
Yardan Yafi,Persita Tangerang,Indonesia,Sayap Kiri,25,"Rp869,08Jt.",869080000,2026-06-01
Andriano Saputra,Persita Tangerang,Indonesia,Sayap Kiri,30,"Rp434,54Jt.",434540000,2026-06-01
Evan Tuhuteru,Persita Tangerang,Indonesia,Sayap Kiri,0,-,0,2026-06-01
Cois Artomoro,Persita Tangerang,Indonesia,Sayap Kiri,0,-,0,2026-06-01
Rayco Rodríguez,Persita Tangerang,Indonesia,Sayap Kanan,0,"Rp7,82Mlyr.",7820000000,2026-06-01
Dafiq Firdaus,Persita Tangerang,Indonesia,Sayap Kanan,17,-,0,2026-06-01
Hokky Caraka,Persita Tangerang,Indonesia,Depan-Tengah,0,"Rp3,48Mlyr.",3480000000,2026-06-01
Ahmad Nur Hardianto,Persita Tangerang,Indonesia,Depan-Tengah,0,"Rp2,61Mlyr.",2610000000,2026-06-01
Dejan Racic,Persita Tangerang,Indonesia,Depan-Tengah,44,"Rp2,17Mlyr.",2170000000,2026-06-01
Matheus Alves,Persita Tangerang,Indonesia,Depan-Tengah,0,"Rp1,74Mlyr.",1740000000,2026-06-01
Miswar Saputra,Madura United FC,Indonesia,Kiper,30,"Rp1,74Mlyr.",1740000000,2026-06-01
Mochammad Diky,Madura United FC,Indonesia,Kiper,21,"Rp1,30Mlyr.",1300000000,2026-06-01
Satrio Azhar,Madura United FC,Indonesia,Kiper,27,"Rp434,54Jt.",434540000,2026-06-01
Adhitya Harlan,Madura United FC,Indonesia,Kiper,26,"Rp173,82Jt.",173820000,2026-06-01
Rendy Razzaqu,Madura United FC,Indonesia,Kiper,0,-,0,2026-06-01
Pedro Monteiro,Madura United FC,Indonesia,Bek-Tengah,0,"Rp3,91Mlyr.",3910000000,2026-06-01
Mendonça,Madura United FC,Indonesia,Bek-Tengah,0,"Rp2,17Mlyr.",2170000000,2026-06-01
Ahmad Rusadi,Madura United FC,Indonesia,Bek-Tengah,0,"Rp1,74Mlyr.",1740000000,2026-06-01
Nurdiansyah,Madura United FC,Indonesia,Bek-Tengah,44,"Rp1,30Mlyr.",1300000000,2026-06-01
Ruxi,Madura United FC,Indonesia,Bek-Kiri,0,"Rp5,21Mlyr.",5210000000,2026-06-01
Taufik Hidayat,Madura United FC,Indonesia,Bek-Kiri,0,"Rp1,74Mlyr.",1740000000,2026-06-01
Novan Sasongko,Madura United FC,Indonesia,Bek-Kiri,0,"Rp173,82Jt.",173820000,2026-06-01
Giovani Numberi,Madura United FC,Indonesia,Bek-Kanan,0,"Rp2,17Mlyr.",2170000000,2026-06-01
Ferian Rizki,Madura United FC,Indonesia,Bek-Kanan,0,"Rp1,74Mlyr.",1740000000,2026-06-01
Kartika Vedhayanto,Madura United FC,Indonesia,Bek-Kanan,28,"Rp869,08Jt.",869080000,2026-06-01
Kerim Palic,Madura United FC,Indonesia,Gel. Bertahan,0,"Rp3,48Mlyr.",3480000000,2026-06-01
Kemaluddin,Madura United FC,Indonesia,Gel. Bertahan,0,"Rp869,08Jt.",869080000,2026-06-01
Ilhamsyah,Madura United FC,Indonesia,Gel. Bertahan,36,"Rp869,08Jt.",869080000,2026-06-01
Feby Ramzy,Madura United FC,Indonesia,Gel. Bertahan,0,"Rp434,54Jt.",434540000,2026-06-01
Jordy Wehrmann,Madura United FC,Indonesia,Gel. Tengah,0,"Rp6,08Mlyr.",6080000000,2026-06-01
Paulo Sitanggang,Madura United FC,Indonesia,Gel. Tengah,17,"Rp2,17Mlyr.",2170000000,2026-06-01
Emerson Souza,Madura United FC,Indonesia,Gel. Tengah,23,"Rp1,30Mlyr.",1300000000,2026-06-01
Fauzan Hanif,Madura United FC,Indonesia,Gel. Tengah,0,"Rp434,54Jt.",434540000,2026-06-01
Iran Júnior,Madura United FC,Indonesia,Gel. Serang,0,"Rp4,35Mlyr.",4350000000,2026-06-01
Taufany Muslihuddin,Madura United FC,Indonesia,Gel. Serang,24,"Rp2,17Mlyr.",2170000000,2026-06-01
Lulinha,Madura United FC,Indonesia,Sayap Kiri,0,"Rp1,74Mlyr.",1740000000,2026-06-01
Fransiskus Alesandro,Madura United FC,Indonesia,Sayap Kiri,0,"Rp1,74Mlyr.",1740000000,2026-06-01
Riski Afrisal,Madura United FC,Indonesia,Sayap Kiri,25,"Rp1,30Mlyr.",1300000000,2026-06-01
Jasey Wehrmann,Madura United FC,Indonesia,Sayap Kiri,37,-,0,2026-06-01
Ahmad Nufiandani,Madura United FC,Indonesia,Sayap Kanan,0,"Rp2,61Mlyr.",2610000000,2026-06-01
Arsan Makarin,Madura United FC,Indonesia,Sayap Kanan,0,"Rp434,54Jt.",434540000,2026-06-01
Riquelme,Madura United FC,Indonesia,Depan-Tengah,19,"Rp5,65Mlyr.",5650000000,2026-06-01
Junior Brandão,Madura United FC,Indonesia,Depan-Tengah,0,"Rp2,61Mlyr.",2610000000,2026-06-01
Aji Kusuma,Madura United FC,Indonesia,Depan-Tengah,0,"Rp1,74Mlyr.",1740000000,2026-06-01
Yuda Editya Pratama,Madura United FC,Indonesia,Depan-Tengah,31,"Rp434,54Jt.",434540000,2026-06-01
Aldo Maulidino,Madura United FC,Indonesia,Depan-Tengah,0,"Rp434,54Jt.",434540000,2026-06-01
Sendri Johansah,Persijap Jepara,Indonesia,Kiper,20,"Rp1,30Mlyr.",1300000000,2026-06-01
Sheva Sanggasi,Persijap Jepara,Indonesia,Kiper,0,"Rp434,54Jt.",434540000,2026-06-01
Raufa Aghastya,Persijap Jepara,Indonesia,Kiper,22,-,0,2026-06-01
Tiri,Persijap Jepara,Indonesia,Bek-Tengah,0,"Rp3,04Mlyr.",3040000000,2026-06-01
Diogo Brito,Persijap Jepara,Indonesia,Bek-Tengah,26,"Rp3,04Mlyr.",3040000000,2026-06-01
Frank Sokoy,Persijap Jepara,Indonesia,Bek-Kiri,0,"Rp869,08Jt.",869080000,2026-06-01
Firman Ramadhan,Persijap Jepara,Indonesia,Bek-Kiri,17,"Rp869,08Jt.",869080000,2026-06-01
Buyung Ismu,Persijap Jepara,Indonesia,Bek-Kiri,0,"Rp869,08Jt.",869080000,2026-06-01
Rahmat Hidayat,Persijap Jepara,Indonesia,Bek-Kanan,0,"Rp1,74Mlyr.",1740000000,2026-06-01
Aly Ndom,Persijap Jepara,Indonesia,Gel. Bertahan,0,"Rp2,61Mlyr.",2610000000,2026-06-01
Wahyudi Hamisi,Persijap Jepara,Indonesia,Gel. Bertahan,33,"Rp2,17Mlyr.",2170000000,2026-06-01
Restu Akbar,Persijap Jepara,Indonesia,Gel. Bertahan,23,"Rp869,08Jt.",869080000,2026-06-01
Zahran Alamsah,Persijap Jepara,Indonesia,Gel. Bertahan,37,"Rp434,54Jt.",434540000,2026-06-01
Heriansyah Yan,Persijap Jepara,Indonesia,Gel. Bertahan,0,-,0,2026-06-01
Borja Martínez,Persijap Jepara,Indonesia,Gel. Tengah,0,"Rp4,35Mlyr.",4350000000,2026-06-01
Felix Marcelino,Persijap Jepara,Indonesia,Gel. Tengah,27,-,0,2026-06-01
Alexis Gómez,Persijap Jepara,Indonesia,Gel. Serang,32,"Rp4,35Mlyr.",4350000000,2026-06-01
Borja Herrera,Persijap Jepara,Indonesia,Gel. Serang,0,"Rp4,35Mlyr.",4350000000,2026-06-01
Rizki Hidayat,Persijap Jepara,Indonesia,Gel. Serang,0,"Rp1,30Mlyr.",1300000000,2026-06-01
Adzikry Fadlillah,Persijap Jepara,Indonesia,Gel. Serang,0,"Rp1,30Mlyr.",1300000000,2026-06-01
Morelatto,Persijap Jepara,Indonesia,Gel. Serang,0,"Rp1,30Mlyr.",1300000000,2026-06-01
Iker Guarrotxena,Persijap Jepara,Indonesia,Sayap Kiri,34,"Rp5,21Mlyr.",5210000000,2026-06-01
Indra Arya,Persijap Jepara,Indonesia,Sayap Kiri,0,"Rp1,74Mlyr.",1740000000,2026-06-01
Ardi Ardiana,Persijap Jepara,Indonesia,Sayap Kiri,19,"Rp869,08Jt.",869080000,2026-06-01
Najeeb Yakubu,Persijap Jepara,Indonesia,Sayap Kanan,0,"Rp6,08Mlyr.",6080000000,2026-06-01
Dicky Kurniawan,Persijap Jepara,Indonesia,Sayap Kanan,0,"Rp1,74Mlyr.",1740000000,2026-06-01
Rendi Saepul,Persijap Jepara,Indonesia,Sayap Kanan,21,"Rp1,30Mlyr.",1300000000,2026-06-01
Prince Kallon,Persijap Jepara,Indonesia,Sayap Kanan,0,"Rp434,54Jt.",434540000,2026-06-01
Seva Setiadi,Persijap Jepara,Indonesia,Sayap Kanan,0,-,0,2026-06-01
Carlos França,Persijap Jepara,Indonesia,Depan-Tengah,0,"Rp6,95Mlyr.",6950000000,2026-06-01
Abdallah Sudi,Persijap Jepara,Indonesia,Depan-Tengah,0,"Rp2,17Mlyr.",2170000000,2026-06-01
Rosalvo,Persijap Jepara,Indonesia,Depan-Tengah,0,"Rp869,08Jt.",869080000,2026-06-01
Raia Irvanza,Persijap Jepara,Indonesia,Depan-Tengah,29,-,0,2026-06-01
Hilmansyah,PSM Makassar,Indonesia,Kiper,0,"Rp3,48Mlyr.",3480000000,2026-06-01
Reza Arya,PSM Makassar,Indonesia,Kiper,30,"Rp2,61Mlyr.",2610000000,2026-06-01
Ardiansyah,PSM Makassar,Indonesia,Kiper,0,"Rp869,08Jt.",869080000,2026-06-01
Poetro Negoro,PSM Makassar,Indonesia,Kiper,20,-,0,2026-06-01
Agus Al Faris,PSM Makassar,Indonesia,Kiper,0,-,0,2026-06-01
Dusan Lagator,PSM Makassar,Indonesia,Bek-Tengah,0,"Rp6,95Mlyr.",6950000000,2026-06-01
Yuran Fernandes,PSM Makassar,Indonesia,Bek-Tengah,0,"Rp6,52Mlyr.",6520000000,2026-06-01
Aloísio Neto,PSM Makassar,Indonesia,Bek-Tengah,0,"Rp5,21Mlyr.",5210000000,2026-06-01
Syahrul Lasinari,PSM Makassar,Indonesia,Bek-Tengah,0,"Rp3,04Mlyr.",3040000000,2026-06-01
Daffa Salman,PSM Makassar,Indonesia,Bek-Tengah,0,"Rp1,30Mlyr.",1300000000,2026-06-01
Victor Luiz,PSM Makassar,Indonesia,Bek-Kiri,22,"Rp6,08Mlyr.",6080000000,2026-06-01
Mufli Hidayat,PSM Makassar,Indonesia,Bek-Kanan,0,"Rp1,30Mlyr.",1300000000,2026-06-01
Akbar Tanjung,PSM Makassar,Indonesia,Gel. Bertahan,0,"Rp3,48Mlyr.",3480000000,2026-06-01
Ananda Raehan,PSM Makassar,Indonesia,Gel. Bertahan,0,"Rp3,04Mlyr.",3040000000,2026-06-01
Muhammad Arfan,PSM Makassar,Indonesia,Gel. Bertahan,0,"Rp2,61Mlyr.",2610000000,2026-06-01
Rifky Dwi Septiawan,PSM Makassar,Indonesia,Gel. Bertahan,32,"Rp1,74Mlyr.",1740000000,2026-06-01
Gledson,PSM Makassar,Indonesia,Gel. Bertahan,40,"Rp1,74Mlyr.",1740000000,2026-06-01
Resky Fandi,PSM Makassar,Indonesia,Gel. Bertahan,0,"Rp1,30Mlyr.",1300000000,2026-06-01
Adil Nur,PSM Makassar,Indonesia,Gel. Bertahan,0,-,0,2026-06-01
Rasyid Bakri,PSM Makassar,Indonesia,Gel. Tengah,17,"Rp434,54Jt.",434540000,2026-06-01
Kaka Amrullah,PSM Makassar,Indonesia,Gel. Tengah,19,-,0,2026-06-01
Sávio Roberto,PSM Makassar,Indonesia,Gel. Serang,0,"Rp6,08Mlyr.",6080000000,2026-06-01
Daisuke Sakai,PSM Makassar,Indonesia,Gel. Serang,0,"Rp3,91Mlyr.",3910000000,2026-06-01
Fahrul Aditia,PSM Makassar,Indonesia,Gel. Serang,29,"Rp1,30Mlyr.",1300000000,2026-06-01
Rizky Eka Pratama,PSM Makassar,Indonesia,Sayap Kiri,24,"Rp3,48Mlyr.",3480000000,2026-06-01
Arham Darmawan,PSM Makassar,Indonesia,Sayap Kiri,0,"Rp869,08Jt.",869080000,2026-06-01
Victor Dethan,PSM Makassar,Indonesia,Sayap Kanan,0,"Rp3,91Mlyr.",3910000000,2026-06-01
Abdul Rahman,PSM Makassar,Indonesia,Sayap Kanan,0,"Rp1,74Mlyr.",1740000000,2026-06-01
Dzaky Asraf,PSM Makassar,Indonesia,Sayap Kanan,27,"Rp1,30Mlyr.",1300000000,2026-06-01
Karel Ridzald,PSM Makassar,Indonesia,Sayap Kanan,0,"Rp869,08Jt.",869080000,2026-06-01
Gala Pagamo,PSM Makassar,Indonesia,Sayap Kanan,18,"Rp869,08Jt.",869080000,2026-06-01
Muh Fahrul,PSM Makassar,Indonesia,Sayap Kanan,0,-,0,2026-06-01
Alex Tanque,PSM Makassar,Indonesia,Depan-Tengah,0,"Rp5,21Mlyr.",5210000000,2026-06-01
Luka Cumic,PSM Makassar,Indonesia,Depan-Tengah,0,"Rp5,21Mlyr.",5210000000,2026-06-01
Sheriddin Boboev,PSM Makassar,Indonesia,Depan-Tengah,21,"Rp4,35Mlyr.",4350000000,2026-06-01
Ricky Pratama,PSM Makassar,Indonesia,Depan-Tengah,0,"Rp2,17Mlyr.",2170000000,2026-06-01
Jacques Thémopelé,PSM Makassar,Indonesia,Depan-Tengah,0,"Rp2,17Mlyr.",2170000000,2026-06-01
Kadú,PSBS Biak,Indonesia,Kiper,41,"Rp2,61Mlyr.",2610000000,2026-06-01
Andika Wisnu,PSBS Biak,Indonesia,Kiper,35,"Rp434,54Jt.",434540000,2026-06-01
Dimas Galih,PSBS Biak,Indonesia,Kiper,0,"Rp434,54Jt.",434540000,2026-06-01
Juan Madjar,PSBS Biak,Indonesia,Kiper,0,"Rp173,82Jt.",173820000,2026-06-01
Sandro Embaló,PSBS Biak,Indonesia,Bek-Tengah,0,"Rp3,04Mlyr.",3040000000,2026-06-01
Myung-hyun Hwang,PSBS Biak,Indonesia,Bek-Tengah,0,"Rp1,74Mlyr.",1740000000,2026-06-01
Nurhidayat,PSBS Biak,Indonesia,Bek-Tengah,0,"Rp1,74Mlyr.",1740000000,2026-06-01
Arif Budiyono,PSBS Biak,Indonesia,Bek-Tengah,0,"Rp869,08Jt.",869080000,2026-06-01
Hadi Ardiansyah,PSBS Biak,Indonesia,Bek-Tengah,0,"Rp869,08Jt.",869080000,2026-06-01
Iqbal Hadi,PSBS Biak,Indonesia,Bek-Tengah,0,"Rp869,08Jt.",869080000,2026-06-01
Pablo Andrade,PSBS Biak,Indonesia,Bek-Kiri,33,"Rp2,61Mlyr.",2610000000,2026-06-01
Urbanus Lasol,PSBS Biak,Indonesia,Bek-Kiri,0,"Rp434,54Jt.",434540000,2026-06-01
Moses Madjar,PSBS Biak,Indonesia,Bek-Kiri,44,"Rp434,54Jt.",434540000,2026-06-01
Ians Rumbewas,PSBS Biak,Indonesia,Bek-Kiri,0,"Rp173,82Jt.",173820000,2026-06-01
Patrias Rumere,PSBS Biak,Indonesia,Bek-Kiri,32,"Rp173,82Jt.",173820000,2026-06-01
George Brown,PSBS Biak,Indonesia,Bek-Kanan,26,"Rp1,30Mlyr.",1300000000,2026-06-01
Lucky Oktavianto,PSBS Biak,Indonesia,Bek-Kanan,23,"Rp869,08Jt.",869080000,2026-06-01
Claudio Olivera,PSBS Biak,Indonesia,Bek-Kanan,28,"Rp173,82Jt.",173820000,2026-06-01
Arjuna Agung,PSBS Biak,Indonesia,Gel. Bertahan,0,"Rp1,30Mlyr.",1300000000,2026-06-01
Kevin Lopez,PSBS Biak,Indonesia,Gel. Bertahan,16,"Rp1,30Mlyr.",1300000000,2026-06-01
Nelson Alom,PSBS Biak,Indonesia,Gel. Bertahan,0,"Rp434,54Jt.",434540000,2026-06-01
Eduardo Barbosa,PSBS Biak,Indonesia,Gel. Tengah,20,"Rp2,61Mlyr.",2610000000,2026-06-01
Yano Putra,PSBS Biak,Indonesia,Gel. Tengah,27,"Rp2,61Mlyr.",2610000000,2026-06-01
Luquinhas,PSBS Biak,Indonesia,Sayap Kiri,0,"Rp3,91Mlyr.",3910000000,2026-06-01
Heri Susanto,PSBS Biak,Indonesia,Sayap Kiri,0,"Rp1,30Mlyr.",1300000000,2026-06-01
Ilham Armaiyn,PSBS Biak,Indonesia,Sayap Kiri,30,"Rp869,08Jt.",869080000,2026-06-01
Muhammad Isa,PSBS Biak,Indonesia,Sayap Kiri,25,"Rp434,54Jt.",434540000,2026-06-01
Alfan Tri,PSBS Biak,Indonesia,Sayap Kiri,0,"Rp173,82Jt.",173820000,2026-06-01
Raja Siregar,PSBS Biak,Indonesia,Sayap Kanan,0,"Rp869,08Jt.",869080000,2026-06-01
Ruyery Blanco,PSBS Biak,Indonesia,Depan-Tengah,0,"Rp4,35Mlyr.",4350000000,2026-06-01
Mohcine Hassan,PSBS Biak,Indonesia,Depan-Tengah,0,"Rp1,74Mlyr.",1740000000,2026-06-01
Tobias Solossa,PSBS Biak,Indonesia,Depan-Tengah,0,"Rp434,54Jt.",434540000,2026-06-01
Samuel Gwijangge,PSBS Biak,Indonesia,Depan-Tengah,0,"Rp434,54Jt.",434540000,2026-06-01
Sonny Stevens,Dewa United Banten FC,Indonesia,Kiper,0,"Rp4,78Mlyr.",4780000000,2026-06-01
Muhammad Natshir,Dewa United Banten FC,Indonesia,Kiper,0,"Rp869,08Jt.",869080000,2026-06-01
Yofandani Pranata,Dewa United Banten FC,Indonesia,Kiper,0,"Rp434,54Jt.",434540000,2026-06-01
Dafa Al Gasemi,Dewa United Banten FC,Indonesia,Kiper,31,-,0,2026-06-01
Tores Khadafi,Dewa United Banten FC,Indonesia,Bek,40,-,0,2026-06-01
Damion Lowe,Dewa United Banten FC,Indonesia,Bek-Tengah,17,"Rp4,78Mlyr.",4780000000,2026-06-01
Wahyu Prasetyo,Dewa United Banten FC,Indonesia,Bek-Tengah,0,"Rp4,35Mlyr.",4350000000,2026-06-01
Nick Kuipers,Dewa United Banten FC,Indonesia,Bek-Tengah,0,"Rp3,91Mlyr.",3910000000,2026-06-01
Brian Fatari,Dewa United Banten FC,Indonesia,Bek-Tengah,0,"Rp2,17Mlyr.",2170000000,2026-06-01
Akbar Arjunsyah,Dewa United Banten FC,Indonesia,Bek-Tengah,0,"Rp869,08Jt.",869080000,2026-06-01
Edo Febriansyah,Dewa United Banten FC,Indonesia,Bek-Kiri,0,"Rp4,35Mlyr.",4350000000,2026-06-01
Alta Ballah,Dewa United Banten FC,Indonesia,Bek-Kiri,37,"Rp3,48Mlyr.",3480000000,2026-06-01
Johnathan,Dewa United Banten FC,Indonesia,Bek-Kanan,0,"Rp6,08Mlyr.",6080000000,2026-06-01
Rizdjar Nurviat,Dewa United Banten FC,Indonesia,Bek-Kanan,0,"Rp1,30Mlyr.",1300000000,2026-06-01
Ady Setiawan,Dewa United Banten FC,Indonesia,Bek-Kanan,23,"Rp1,30Mlyr.",1300000000,2026-06-01
Theo Numberi,Dewa United Banten FC,Indonesia,Gel. Bertahan,0,"Rp1,30Mlyr.",1300000000,2026-06-01
Tristan Ibrahim,Dewa United Banten FC,Indonesia,Gel. Bertahan,33,-,0,2026-06-01
Alexis Messidoro,Dewa United Banten FC,Indonesia,Gel. Tengah,28,"Rp8,69Mlyr.",8690000000,2026-06-01
Jajá,Dewa United Banten FC,Indonesia,Gel. Tengah,0,"Rp6,52Mlyr.",6520000000,2026-06-01
Ivar Jenner,Dewa United Banten FC,Indonesia,Gel. Tengah,18,"Rp5,21Mlyr.",5210000000,2026-06-01
Kafiatur Rizky,Dewa United Banten FC,Indonesia,Gel. Tengah,16,"Rp434,54Jt.",434540000,2026-06-01
Husain Anshori,Dewa United Banten FC,Indonesia,Gel. Tengah,0,-,0,2026-06-01
Ricky Kambuaya,Dewa United Banten FC,Indonesia,Gel. Serang,19,"Rp6,52Mlyr.",6520000000,2026-06-01
Rangga Muslim,Dewa United Banten FC,Indonesia,Gel. Serang,0,"Rp869,08Jt.",869080000,2026-06-01
Taisei Marukawa,Dewa United Banten FC,Indonesia,Sayap Kiri,0,"Rp4,78Mlyr.",4780000000,2026-06-01
Stefano Lilipaly,Dewa United Banten FC,Indonesia,Sayap Kiri,0,"Rp3,04Mlyr.",3040000000,2026-06-01
Rafael Struick,Dewa United Banten FC,Indonesia,Sayap Kiri,27,"Rp2,17Mlyr.",2170000000,2026-06-01
Feby Eka,Dewa United Banten FC,Indonesia,Sayap Kiri,0,"Rp1,30Mlyr.",1300000000,2026-06-01
Dani Saputra,Dewa United Banten FC,Indonesia,Sayap Kiri,0,"Rp1,30Mlyr.",1300000000,2026-06-01
Egy Maulana Vikri,Dewa United Banten FC,Indonesia,Sayap Kanan,0,"Rp5,21Mlyr.",5210000000,2026-06-01
Alex Martins,Dewa United Banten FC,Indonesia,Depan-Tengah,39,"Rp5,65Mlyr.",5650000000,2026-06-01
Kodai Tanaka,Dewa United Banten FC,Indonesia,Depan-Tengah,0,"Rp3,48Mlyr.",3480000000,2026-06-01
Chirawat Wangthaphan,Uthai Thani FC,Thailand,Kiper,26,"Rp3,48Mlyr.",3480000000,2026-06-01
Boonyakait Wongsajaem,Uthai Thani FC,Thailand,Kiper,18,"Rp1,30Mlyr.",1300000000,2026-06-01
Worawut Sukhuna,Uthai Thani FC,Thailand,Kiper,24,"Rp1,30Mlyr.",1300000000,2026-06-01
Thanakorn Waiyawut,Uthai Thani FC,Thailand,Kiper,0,"Rp434,54Jt.",434540000,2026-06-01
Martin Angha,Uthai Thani FC,Thailand,Bek-Tengah,0,"Rp5,21Mlyr.",5210000000,2026-06-01
Marcelo Djaló,Uthai Thani FC,Thailand,Bek-Tengah,0,"Rp3,91Mlyr.",3910000000,2026-06-01
Soe Moe Kyaw,Uthai Thani FC,Thailand,Bek-Tengah,0,"Rp1,74Mlyr.",1740000000,2026-06-01
Wattana Playnum,Uthai Thani FC,Thailand,Bek-Tengah,19,"Rp869,08Jt.",869080000,2026-06-01
Thitathorn Auksornsri,Uthai Thani FC,Thailand,Bek-Kiri,0,"Rp4,35Mlyr.",4350000000,2026-06-01
Thanison Paibulkijcharoen,Uthai Thani FC,Thailand,Bek-Kiri,0,"Rp2,17Mlyr.",2170000000,2026-06-01
James Beresford,Uthai Thani FC,Thailand,Bek-Kanan,27,"Rp6,08Mlyr.",6080000000,2026-06-01
Jakkit Wachpirom,Uthai Thani FC,Thailand,Bek-Kanan,17,"Rp869,08Jt.",869080000,2026-06-01
Possawee Muanmart,Uthai Thani FC,Thailand,Bek-Kanan,0,-,0,2026-06-01
Christian Gomis,Uthai Thani FC,Thailand,Gel. Bertahan,0,"Rp6,95Mlyr.",6950000000,2026-06-01
William Weidersjö,Uthai Thani FC,Thailand,Gel. Bertahan,0,"Rp5,21Mlyr.",5210000000,2026-06-01
Atikhun Meethoum,Uthai Thani FC,Thailand,Gel. Bertahan,0,"Rp1,74Mlyr.",1740000000,2026-06-01
Harhys Stewart,Uthai Thani FC,Thailand,Gel. Tengah,30,"Rp6,08Mlyr.",6080000000,2026-06-01
Airfan Doloh,Uthai Thani FC,Thailand,Gel. Tengah,0,"Rp4,35Mlyr.",4350000000,2026-06-01
Sirimongkol Rattanapoom,Uthai Thani FC,Thailand,Gel. Tengah,21,"Rp1,74Mlyr.",1740000000,2026-06-01
Narakorn Noomchansakool,Uthai Thani FC,Thailand,Gel. Tengah,23,"Rp434,54Jt.",434540000,2026-06-01
Kristoffer Ryberg,Uthai Thani FC,Thailand,Gel. Tengah,0,"Rp434,54Jt.",434540000,2026-06-01
Ben Davis,Uthai Thani FC,Thailand,Gel. Serang,0,"Rp7,82Mlyr.",7820000000,2026-06-01
Sumanya Purisay,Uthai Thani FC,Thailand,Gel. Serang,0,"Rp434,54Jt.",434540000,2026-06-01
Pavarit Boonmalert,Uthai Thani FC,Thailand,Gel. Serang,0,"Rp434,54Jt.",434540000,2026-06-01
Leandro Ribeiro,Uthai Thani FC,Thailand,Sayap Kiri,0,"Rp5,21Mlyr.",5210000000,2026-06-01
Nontapat Naksawat,Uthai Thani FC,Thailand,Sayap Kanan,20,"Rp1,74Mlyr.",1740000000,2026-06-01
Kelvin Oliveira,Uthai Thani FC,Thailand,Sayap Kanan,22,"Rp1,74Mlyr.",1740000000,2026-06-01
Amornthep Maundee,Uthai Thani FC,Thailand,Sayap Kanan,0,"Rp1,30Mlyr.",1300000000,2026-06-01
Bruno Baio,Uthai Thani FC,Thailand,Depan-Tengah,0,"Rp7,82Mlyr.",7820000000,2026-06-01
Mo Eisa,Uthai Thani FC,Thailand,Depan-Tengah,0,"Rp5,21Mlyr.",5210000000,2026-06-01
Danai Smart,Uthai Thani FC,Thailand,Depan-Tengah,0,"Rp1,74Mlyr.",1740000000,2026-06-01
Kittipun Saensuk,Sukhothai FC,Thailand,Kiper,0,"Rp3,04Mlyr.",3040000000,2026-06-01
Supazin Hnupichai,Sukhothai FC,Thailand,Kiper,18,"Rp1,30Mlyr.",1300000000,2026-06-01
Phanuphong Sunon,Sukhothai FC,Thailand,Kiper,16,-,0,2026-06-01
Thitikit Samerjai,Sukhothai FC,Thailand,Kiper,28,-,0,2026-06-01
Saringkan Promsupa,Sukhothai FC,Thailand,Bek-Tengah,0,"Rp5,21Mlyr.",5210000000,2026-06-01
Cláudio,Sukhothai FC,Thailand,Bek-Tengah,0,"Rp2,61Mlyr.",2610000000,2026-06-01
Pattarapon Suksakit,Sukhothai FC,Thailand,Bek-Tengah,0,"Rp1,30Mlyr.",1300000000,2026-06-01
Sarawut Kanlayanabandit,Sukhothai FC,Thailand,Bek-Tengah,22,"Rp1,30Mlyr.",1300000000,2026-06-01
Chaiyaphon Otton,Sukhothai FC,Thailand,Bek-Kiri,25,"Rp4,35Mlyr.",4350000000,2026-06-01
Pharadon Phatthaphon,Sukhothai FC,Thailand,Bek-Kiri,19,"Rp1,74Mlyr.",1740000000,2026-06-01
Thiti Thumporn,Sukhothai FC,Thailand,Bek-Kanan,27,"Rp3,48Mlyr.",3480000000,2026-06-01
Surawich Logarwit,Sukhothai FC,Thailand,Bek-Kanan,0,"Rp1,30Mlyr.",1300000000,2026-06-01
Romeu,Sukhothai FC,Thailand,Gel. Bertahan,0,"Rp5,21Mlyr.",5210000000,2026-06-01
Tassanapong Mhuaddarak,Sukhothai FC,Thailand,Gel. Bertahan,17,"Rp1,74Mlyr.",1740000000,2026-06-01
Lursan Thiamrat,Sukhothai FC,Thailand,Gel. Tengah,0,"Rp1,30Mlyr.",1300000000,2026-06-01
Athirat Jantrapho,Sukhothai FC,Thailand,Gel. Tengah,39,"Rp434,54Jt.",434540000,2026-06-01
Nalu Jandke,Sukhothai FC,Thailand,Gel. Tengah,20,-,0,2026-06-01
John Baggio,Sukhothai FC,Thailand,Gel. Serang,0,"Rp4,35Mlyr.",4350000000,2026-06-01
Lucas Barreto,Sukhothai FC,Thailand,Gel. Serang,0,"Rp4,35Mlyr.",4350000000,2026-06-01
Ratchanat Aranpiroj,Sukhothai FC,Thailand,Gel. Serang,0,"Rp1,74Mlyr.",1740000000,2026-06-01
Siroch Chatthong,Sukhothai FC,Thailand,Sayap Kiri,35,"Rp1,74Mlyr.",1740000000,2026-06-01
Mateusinho,Sukhothai FC,Thailand,Sayap Kanan,0,"Rp5,21Mlyr.",5210000000,2026-06-01
Aphichat Denman,Sukhothai FC,Thailand,Sayap Kanan,21,"Rp2,61Mlyr.",2610000000,2026-06-01
Eito Ishimoto,Sukhothai FC,Thailand,Sayap Kanan,0,"Rp1,74Mlyr.",1740000000,2026-06-01
Phattharaphon Jansuwan,Sukhothai FC,Thailand,Sayap Kanan,24,"Rp869,08Jt.",869080000,2026-06-01
João Paredes,Sukhothai FC,Thailand,Depan-Tengah,0,"Rp2,61Mlyr.",2610000000,2026-06-01
Gildo,Sukhothai FC,Thailand,Depan-Tengah,0,"Rp2,61Mlyr.",2610000000,2026-06-01
Phiraphat Khamphaeng,Sukhothai FC,Thailand,Depan-Tengah,29,"Rp434,54Jt.",434540000,2026-06-01
Kampol Pathomakkakul,Ratchaburi FC,Thailand,Kiper,0,"Rp3,48Mlyr.",3480000000,2026-06-01
Ukrit Wongmeema,Ratchaburi FC,Thailand,Kiper,0,"Rp869,08Jt.",869080000,2026-06-01
Peerapong Watjanapayon,Ratchaburi FC,Thailand,Kiper,0,-,0,2026-06-01
Atituch Chankar,Ratchaburi FC,Thailand,Kiper,39,-,0,2026-06-01
Jonathan Khemdee,Ratchaburi FC,Thailand,Bek-Tengah,0,"Rp8,69Mlyr.",8690000000,2026-06-01
Gabriel Mutombo,Ratchaburi FC,Thailand,Bek-Tengah,0,"Rp6,95Mlyr.",6950000000,2026-06-01
Adisorn Promrak,Ratchaburi FC,Thailand,Bek-Tengah,0,"Rp2,17Mlyr.",2170000000,2026-06-01
Pethay Promjan,Ratchaburi FC,Thailand,Bek-Tengah,33,"Rp869,08Jt.",869080000,2026-06-01
Kevin Deeromram,Ratchaburi FC,Thailand,Bek-Kiri,23,"Rp6,95Mlyr.",6950000000,2026-06-01
Sidcley,Ratchaburi FC,Thailand,Bek-Kiri,0,"Rp2,61Mlyr.",2610000000,2026-06-01
Daniel Ting,Ratchaburi FC,Thailand,Bek-Kiri,0,"Rp2,61Mlyr.",2610000000,2026-06-01
Kiatisak Chiamudom,Ratchaburi FC,Thailand,Bek-Kiri,29,"Rp2,17Mlyr.",2170000000,2026-06-01
Jesse Curran,Ratchaburi FC,Thailand,Bek-Kanan,27,"Rp6,95Mlyr.",6950000000,2026-06-01
Suporn Peenagatapho,Ratchaburi FC,Thailand,Bek-Kanan,19,"Rp2,61Mlyr.",2610000000,2026-06-01
Kritsananon Srisuwan,Ratchaburi FC,Thailand,Gel. Bertahan,37,"Rp3,48Mlyr.",3480000000,2026-06-01
Thossawat Limwannasthian,Ratchaburi FC,Thailand,Gel. Bertahan,28,"Rp2,61Mlyr.",2610000000,2026-06-01
Thanawat Suengchitthawon,Ratchaburi FC,Thailand,Gel. Tengah,0,"Rp7,82Mlyr.",7820000000,2026-06-01
Roque Mesa,Ratchaburi FC,Thailand,Gel. Tengah,0,"Rp2,61Mlyr.",2610000000,2026-06-01
Siwakorn Jakkuprasat,Ratchaburi FC,Thailand,Gel. Tengah,16,"Rp1,74Mlyr.",1740000000,2026-06-01
Jakkaphan Kaewprom,Ratchaburi FC,Thailand,Gel. Tengah,0,"Rp1,30Mlyr.",1300000000,2026-06-01
Tana,Ratchaburi FC,Thailand,Gel. Serang,0,"Rp1,74Mlyr.",1740000000,2026-06-01
Teeraphol Yoryoei,Ratchaburi FC,Thailand,Gel. Serang,18,"Rp1,74Mlyr.",1740000000,2026-06-01
Njiva Rakotoharimalala,Ratchaburi FC,Thailand,Sayap Kiri,0,"Rp3,48Mlyr.",3480000000,2026-06-01
Faiq Bolkiah,Ratchaburi FC,Thailand,Sayap Kiri,0,"Rp1,74Mlyr.",1740000000,2026-06-01
Jaroensak Wonggorn,Ratchaburi FC,Thailand,Sayap Kanan,24,"Rp4,35Mlyr.",4350000000,2026-06-01
Negueba,Ratchaburi FC,Thailand,Sayap Kanan,0,"Rp3,48Mlyr.",3480000000,2026-06-01
Chotipat Poomkaew,Ratchaburi FC,Thailand,Sayap Kanan,0,"Rp2,61Mlyr.",2610000000,2026-06-01
Denilson Junior,Ratchaburi FC,Thailand,Depan-Tengah,0,"Rp10,43Mlyr.",10430000000,2026-06-01
Gleyson,Ratchaburi FC,Thailand,Depan-Tengah,0,"Rp6,95Mlyr.",6950000000,2026-06-01
Rattanai Songsangchan,PT Prachuap FC,Thailand,Kiper,0,"Rp1,74Mlyr.",1740000000,2026-06-01
Wattanachai Srathongjan,PT Prachuap FC,Thailand,Kiper,39,"Rp1,74Mlyr.",1740000000,2026-06-01
Soponwit Rakyart,PT Prachuap FC,Thailand,Kiper,18,"Rp1,30Mlyr.",1300000000,2026-06-01
Bernardo Vilar,PT Prachuap FC,Thailand,Bek-Tengah,0,"Rp6,08Mlyr.",6080000000,2026-06-01
Adrian Ugelvik,PT Prachuap FC,Thailand,Bek-Tengah,0,"Rp2,61Mlyr.",2610000000,2026-06-01
Jesper Nyholm,PT Prachuap FC,Thailand,Bek-Tengah,0,"Rp2,61Mlyr.",2610000000,2026-06-01
Airton Tirabassi,PT Prachuap FC,Thailand,Bek-Tengah,0,"Rp1,74Mlyr.",1740000000,2026-06-01
Wanchat Choosong,PT Prachuap FC,Thailand,Bek-Tengah,0,"Rp1,74Mlyr.",1740000000,2026-06-01
Nick Taylor,PT Prachuap FC,Thailand,Bek-Kiri,0,"Rp4,35Mlyr.",4350000000,2026-06-01
Apisit Sorada,PT Prachuap FC,Thailand,Bek-Kiri,21,"Rp3,48Mlyr.",3480000000,2026-06-01
Phon-Ek Maneekorn,PT Prachuap FC,Thailand,Bek-Kiri,0,"Rp2,61Mlyr.",2610000000,2026-06-01
Oussama Thiangkham,PT Prachuap FC,Thailand,Bek-Kiri,0,"Rp1,30Mlyr.",1300000000,2026-06-01
Jirapan Phasukihan,PT Prachuap FC,Thailand,Bek-Kanan,0,"Rp2,61Mlyr.",2610000000,2026-06-01
Kannarin Thawornsak,PT Prachuap FC,Thailand,Gel. Bertahan,23,"Rp5,21Mlyr.",5210000000,2026-06-01
Chaowat Veerachart,PT Prachuap FC,Thailand,Gel. Tengah,40,"Rp4,35Mlyr.",4350000000,2026-06-01
Koki Tsukagawa,PT Prachuap FC,Thailand,Gel. Tengah,0,"Rp3,48Mlyr.",3480000000,2026-06-01
Prasid Jantum,PT Prachuap FC,Thailand,Gel. Tengah,0,"Rp1,74Mlyr.",1740000000,2026-06-01
Jittiphat Wasungnoen,PT Prachuap FC,Thailand,Gel. Tengah,30,"Rp1,30Mlyr.",1300000000,2026-06-01
Wuttikai Sritong,PT Prachuap FC,Thailand,Gel. Tengah,44,"Rp434,54Jt.",434540000,2026-06-01
Saharat Kanyaroj,PT Prachuap FC,Thailand,Gel. Serang,0,"Rp2,17Mlyr.",2170000000,2026-06-01
Michel,PT Prachuap FC,Thailand,Sayap Kiri,20,"Rp6,08Mlyr.",6080000000,2026-06-01
Iklas Sanron,PT Prachuap FC,Thailand,Sayap Kiri,0,"Rp5,21Mlyr.",5210000000,2026-06-01
Tauã,PT Prachuap FC,Thailand,Sayap Kiri,0,"Rp4,35Mlyr.",4350000000,2026-06-01
Chitsanuphong Phimpsang,PT Prachuap FC,Thailand,Sayap Kiri,0,"Rp2,17Mlyr.",2170000000,2026-06-01
Soffan Sanron,PT Prachuap FC,Thailand,Sayap Kiri,28,"Rp434,54Jt.",434540000,2026-06-01
Phanthamit Praphanth,PT Prachuap FC,Thailand,Sayap Kanan,41,"Rp2,61Mlyr.",2610000000,2026-06-01
Edgar Méndez,PT Prachuap FC,Thailand,Depan-Tengah,17,"Rp3,48Mlyr.",3480000000,2026-06-01
Jeong-hyeop Lee,PT Prachuap FC,Thailand,Depan-Tengah,0,"Rp1,74Mlyr.",1740000000,2026-06-01
Jehhanafee Mamah,PT Prachuap FC,Thailand,Depan-Tengah,0,"Rp1,30Mlyr.",1300000000,2026-06-01
Nopphon Lakhonphon,Nakhonratchasima Mazda FC,Thailand,Kiper,18,"Rp3,48Mlyr.",3480000000,2026-06-01
Tanachai Noorach,Nakhonratchasima Mazda FC,Thailand,Kiper,36,"Rp1,74Mlyr.",1740000000,2026-06-01
Phatcharaphong Prathumma,Nakhonratchasima Mazda FC,Thailand,Kiper,0,"Rp869,08Jt.",869080000,2026-06-01
Achirawit Natsanthia,Nakhonratchasima Mazda FC,Thailand,Kiper,34,-,0,2026-06-01
Sorawis Srifah,Nakhonratchasima Mazda FC,Thailand,Kiper,0,-,0,2026-06-01
Nenad Lalic,Nakhonratchasima Mazda FC,Thailand,Bek-Tengah,43,"Rp5,21Mlyr.",5210000000,2026-06-01
Anusak Jaiphet,Nakhonratchasima Mazda FC,Thailand,Bek-Tengah,0,"Rp3,48Mlyr.",3480000000,2026-06-01
Bill Mamadou,Nakhonratchasima Mazda FC,Thailand,Bek-Tengah,0,"Rp2,61Mlyr.",2610000000,2026-06-01
Pichitchai Sienkrathok,Nakhonratchasima Mazda FC,Thailand,Bek-Tengah,16,"Rp1,74Mlyr.",1740000000,2026-06-01
Sarawut Inpaen,Nakhonratchasima Mazda FC,Thailand,Bek-Tengah,0,"Rp1,30Mlyr.",1300000000,2026-06-01
Watcharin Nuengprakaew,Nakhonratchasima Mazda FC,Thailand,Bek-Tengah,39,"Rp1,30Mlyr.",1300000000,2026-06-01
Woraphob Thaweesuk,Nakhonratchasima Mazda FC,Thailand,Bek-Tengah,0,-,0,2026-06-01
Narongsak Phetnok,Nakhonratchasima Mazda FC,Thailand,Bek-Tengah,0,-,0,2026-06-01
Wendel,Nakhonratchasima Mazda FC,Thailand,Bek-Kiri,35,"Rp5,21Mlyr.",5210000000,2026-06-01
Charalampos Charalampous,Nakhonratchasima Mazda FC,Thailand,Bek-Kiri,33,"Rp2,61Mlyr.",2610000000,2026-06-01
Hein Phyo Win,Nakhonratchasima Mazda FC,Thailand,Bek-Kanan,0,"Rp2,61Mlyr.",2610000000,2026-06-01
Rattasat Bangsungnoen,Nakhonratchasima Mazda FC,Thailand,Bek-Kanan,19,"Rp2,61Mlyr.",2610000000,2026-06-01
Jork Becerra,Nakhonratchasima Mazda FC,Thailand,Gel. Bertahan,0,"Rp4,35Mlyr.",4350000000,2026-06-01
Leon James,Nakhonratchasima Mazda FC,Thailand,Gel. Bertahan,0,"Rp3,48Mlyr.",3480000000,2026-06-01
Jared Gallagher,Nakhonratchasima Mazda FC,Thailand,Gel. Bertahan,0,"Rp1,74Mlyr.",1740000000,2026-06-01
Pongsakron Hanrattana,Nakhonratchasima Mazda FC,Thailand,Gel. Tengah,22,"Rp2,17Mlyr.",2170000000,2026-06-01
Nattawut Jaroenboot,Nakhonratchasima Mazda FC,Thailand,Gel. Tengah,21,"Rp869,08Jt.",869080000,2026-06-01
Noppakorn Kanhabang,Nakhonratchasima Mazda FC,Thailand,Gel. Tengah,0,-,0,2026-06-01
Hirotaka Mita,Nakhonratchasima Mazda FC,Thailand,Gel. Serang,0,"Rp869,08Jt.",869080000,2026-06-01
Anurak Mungdee,Nakhonratchasima Mazda FC,Thailand,Sayap Kanan,17,"Rp1,30Mlyr.",1300000000,2026-06-01
Pannatat Prempree,Nakhonratchasima Mazda FC,Thailand,Sayap Kanan,30,-,0,2026-06-01
Yuki Kusano,Nakhonratchasima Mazda FC,Thailand,Depan-Tengah,25,"Rp4,35Mlyr.",4350000000,2026-06-01
Dennis Murillo,Nakhonratchasima Mazda FC,Thailand,Depan-Tengah,23,"Rp3,04Mlyr.",3040000000,2026-06-01
Mateus,Nakhonratchasima Mazda FC,Thailand,Depan-Tengah,0,"Rp1,74Mlyr.",1740000000,2026-06-01
Prakiattichai Singsook,Nakhonratchasima Mazda FC,Thailand,Depan-Tengah,0,-,0,2026-06-01
Kevin Ray Mendoza,Chonburi FC,Thailand,Kiper,0,"Rp5,21Mlyr.",5210000000,2026-06-01
Noppakun Kadtoon,Chonburi FC,Thailand,Kiper,0,"Rp2,17Mlyr.",2170000000,2026-06-01
Thanawat Panthong,Chonburi FC,Thailand,Kiper,0,"Rp434,54Jt.",434540000,2026-06-01
Siwat Chomphooviset,Chonburi FC,Thailand,Kiper,0,-,0,2026-06-01
Jefferson Tabinas,Chonburi FC,Thailand,Bek-Tengah,0,"Rp6,95Mlyr.",6950000000,2026-06-01
Kike Linares,Chonburi FC,Thailand,Bek-Tengah,0,"Rp5,21Mlyr.",5210000000,2026-06-01
Nattapong Sayriya,Chonburi FC,Thailand,Bek-Tengah,37,"Rp1,74Mlyr.",1740000000,2026-06-01
Jorge Fellipe,Chonburi FC,Thailand,Bek-Tengah,0,"Rp1,30Mlyr.",1300000000,2026-06-01
Chatmongkol Rueangthanarot,Chonburi FC,Thailand,Bek-Kiri,0,"Rp2,61Mlyr.",2610000000,2026-06-01
Kittipong Sansanit,Chonburi FC,Thailand,Bek-Kiri,0,"Rp2,17Mlyr.",2170000000,2026-06-01
Thanphisit Peanksikum,Chonburi FC,Thailand,Bek-Kiri,0,-,0,2026-06-01
Wathanyu Nairatsami,Chonburi FC,Thailand,Bek-Kiri,0,-,0,2026-06-01
Santiphap Channgom,Chonburi FC,Thailand,Bek-Kanan,23,"Rp5,21Mlyr.",5210000000,2026-06-01
Thanaset Sujarit,Chonburi FC,Thailand,Bek-Kanan,36,"Rp1,74Mlyr.",1740000000,2026-06-01
Suksan Bunta,Chonburi FC,Thailand,Bek-Kanan,20,"Rp869,08Jt.",869080000,2026-06-01
Ratchanon Phoonpatanasab,Chonburi FC,Thailand,Bek-Kanan,0,-,0,2026-06-01
Richmond Darko,Chonburi FC,Thailand,Gel. Bertahan,28,"Rp4,35Mlyr.",4350000000,2026-06-01
Nattanan Biesamrit,Chonburi FC,Thailand,Gel. Bertahan,30,"Rp2,61Mlyr.",2610000000,2026-06-01
Pathomchai Seaisakul,Chonburi FC,Thailand,Gel. Bertahan,31,"Rp869,08Jt.",869080000,2026-06-01
Queven,Chonburi FC,Thailand,Gel. Tengah,0,"Rp5,21Mlyr.",5210000000,2026-06-01
Rachata Moraksa,Chonburi FC,Thailand,Gel. Tengah,32,"Rp3,48Mlyr.",3480000000,2026-06-01
Chayathorn Tapsuvanavon,Chonburi FC,Thailand,Gel. Tengah,0,"Rp2,17Mlyr.",2170000000,2026-06-01
Tanakon Pinkaew,Chonburi FC,Thailand,Gel. Tengah,0,-,0,2026-06-01
Channarong Promsrikaew,Chonburi FC,Thailand,Gel. Serang,0,"Rp6,08Mlyr.",6080000000,2026-06-01
Estefano Arango,Chonburi FC,Thailand,Sayap Kiri,19,"Rp1,74Mlyr.",1740000000,2026-06-01
Abo Eisa,Chonburi FC,Thailand,Sayap Kanan,0,"Rp4,35Mlyr.",4350000000,2026-06-01
Siraphop Wandee,Chonburi FC,Thailand,Sayap Kanan,21,"Rp1,30Mlyr.",1300000000,2026-06-01
Oege-Sietse van Lingen,Chonburi FC,Thailand,Depan-Tengah,0,"Rp8,69Mlyr.",8690000000,2026-06-01
Yotsakon Burapha,Chonburi FC,Thailand,Depan-Tengah,0,"Rp6,95Mlyr.",6950000000,2026-06-01
Jonathan Bolingi,Chonburi FC,Thailand,Depan-Tengah,17,"Rp4,35Mlyr.",4350000000,2026-06-01
Adisak Kraisorn,Chonburi FC,Thailand,Depan-Tengah,0,"Rp1,30Mlyr.",1300000000,2026-06-01
Saranon Anuin,BG Pathum United,Thailand,Kiper,28,"Rp4,35Mlyr.",4350000000,2026-06-01
Nalawich Inthacharoen,BG Pathum United,Thailand,Kiper,0,"Rp869,08Jt.",869080000,2026-06-01
Pisan Dorkmaikaew,BG Pathum United,Thailand,Kiper,0,"Rp869,08Jt.",869080000,2026-06-01
Chanasorn Kaewyos,BG Pathum United,Thailand,Kiper,0,-,0,2026-06-01
Elias Dolah,BG Pathum United,Thailand,Bek-Tengah,44,"Rp4,35Mlyr.",4350000000,2026-06-01
Takaki Ose,BG Pathum United,Thailand,Bek-Tengah,0,"Rp3,48Mlyr.",3480000000,2026-06-01
Nika Sandokhadze,BG Pathum United,Thailand,Bek-Tengah,16,"Rp3,48Mlyr.",3480000000,2026-06-01
Chanapach Buaphan,BG Pathum United,Thailand,Bek-Tengah,0,"Rp2,61Mlyr.",2610000000,2026-06-01
Nathan James,BG Pathum United,Thailand,Bek-Tengah,22,"Rp869,08Jt.",869080000,2026-06-01
Nattawut Wongsawang,BG Pathum United,Thailand,Bek-Tengah,0,"Rp869,08Jt.",869080000,2026-06-01
Sanchai Nonthasila,BG Pathum United,Thailand,Bek-Kiri,0,"Rp2,61Mlyr.",2610000000,2026-06-01
Warinthon Jamnongwat,BG Pathum United,Thailand,Bek-Kiri,29,"Rp2,61Mlyr.",2610000000,2026-06-01
Photthavong Sangvilay,BG Pathum United,Thailand,Bek-Kiri,33,"Rp2,17Mlyr.",2170000000,2026-06-01
Thanawat Pimyotha,BG Pathum United,Thailand,Bek-Kiri,24,"Rp1,74Mlyr.",1740000000,2026-06-01
Waris Choolthong,BG Pathum United,Thailand,Bek-Kanan,0,"Rp5,21Mlyr.",5210000000,2026-06-01
Riku Matsuda,BG Pathum United,Thailand,Bek-Kanan,0,"Rp1,74Mlyr.",1740000000,2026-06-01
Kritsada Kaman,BG Pathum United,Thailand,Gel. Bertahan,0,"Rp7,82Mlyr.",7820000000,2026-06-01
Sarach Yooyen,BG Pathum United,Thailand,Gel. Bertahan,0,"Rp3,91Mlyr.",3910000000,2026-06-01
Gakuto Notsuda,BG Pathum United,Thailand,Gel. Tengah,17,"Rp6,95Mlyr.",6950000000,2026-06-01
Chatmongkol Tongkiri,BG Pathum United,Thailand,Gel. Tengah,0,"Rp2,61Mlyr.",2610000000,2026-06-01
Pongrawit Jantawong,BG Pathum United,Thailand,Gel. Tengah,27,"Rp2,17Mlyr.",2170000000,2026-06-01
Chanathip Songkrasin,BG Pathum United,Thailand,Gel. Serang,18,"Rp12,17Mlyr.",12170000000,2026-06-01
Lucas Andersen,BG Pathum United,Thailand,Gel. Serang,0,"Rp5,21Mlyr.",5210000000,2026-06-01
Yoshiaki Takagi,BG Pathum United,Thailand,Gel. Serang,31,"Rp3,48Mlyr.",3480000000,2026-06-01
Ekanit Panya,BG Pathum United,Thailand,Sayap Kiri,0,"Rp6,95Mlyr.",6950000000,2026-06-01
Itthimon Tippanet,BG Pathum United,Thailand,Sayap Kiri,30,"Rp1,30Mlyr.",1300000000,2026-06-01
Surachat Sareepim,BG Pathum United,Thailand,Sayap Kanan,0,"Rp869,08Jt.",869080000,2026-06-01
Pichaya Chaiwarangkun,BG Pathum United,Thailand,Sayap Kanan,19,-,0,2026-06-01
Witthawat Phraothaisong,BG Pathum United,Thailand,Sayap Kanan,0,-,0,2026-06-01
Raniel,BG Pathum United,Thailand,Depan-Tengah,0,"Rp12,17Mlyr.",12170000000,2026-06-01
Tomoyuki Doi,BG Pathum United,Thailand,Depan-Tengah,0,"Rp10,43Mlyr.",10430000000,2026-06-01
Patrik Gustavsson,BG Pathum United,Thailand,Depan-Tengah,0,"Rp6,95Mlyr.",6950000000,2026-06-01
Ikhsan Fandi,BG Pathum United,Thailand,Depan-Tengah,0,"Rp6,95Mlyr.",6950000000,2026-06-01
Matheus Fornazari,BG Pathum United,Thailand,Depan-Tengah,0,"Rp5,21Mlyr.",5210000000,2026-06-01
Siwakorn Ponsan,BG Pathum United,Thailand,Depan-Tengah,0,"Rp869,08Jt.",869080000,2026-06-01
Patiwat Khammai,True Bangkok United,Thailand,Kiper,0,"Rp6,95Mlyr.",6950000000,2026-06-01
Phuwadol Pholsongkram,True Bangkok United,Thailand,Kiper,29,"Rp2,61Mlyr.",2610000000,2026-06-01
Chinnapong Raksri,True Bangkok United,Thailand,Kiper,38,"Rp869,08Jt.",869080000,2026-06-01
Supanut Sudathip,True Bangkok United,Thailand,Kiper,0,-,0,2026-06-01
Philipe Maia,True Bangkok United,Thailand,Bek-Tengah,0,"Rp6,08Mlyr.",6080000000,2026-06-01
Suphan Thongsong,True Bangkok United,Thailand,Bek-Tengah,26,"Rp5,21Mlyr.",5210000000,2026-06-01
Jakkaphan Praisuwan,True Bangkok United,Thailand,Bek-Tengah,36,"Rp3,48Mlyr.",3480000000,2026-06-01
Everton,True Bangkok United,Thailand,Bek-Tengah,0,"Rp2,61Mlyr.",2610000000,2026-06-01
Manuel Bihr,True Bangkok United,Thailand,Bek-Tengah,0,"Rp2,17Mlyr.",2170000000,2026-06-01
Wichan Inaram,True Bangkok United,Thailand,Bek-Tengah,0,"Rp1,30Mlyr.",1300000000,2026-06-01
Wanchai Jarunongkran,True Bangkok United,Thailand,Bek-Kiri,24,"Rp5,21Mlyr.",5210000000,2026-06-01
Pratama Arhan,True Bangkok United,Thailand,Bek-Kiri,21,"Rp4,35Mlyr.",4350000000,2026-06-01
Ki-je Lee,True Bangkok United,Thailand,Bek-Kiri,23,"Rp4,35Mlyr.",4350000000,2026-06-01
Surachai Booncharee,True Bangkok United,Thailand,Bek-Kiri,43,"Rp869,08Jt.",869080000,2026-06-01
Nitipong Selanon,True Bangkok United,Thailand,Bek-Kanan,0,"Rp3,04Mlyr.",3040000000,2026-06-01
Boontawee Thepwong,True Bangkok United,Thailand,Bek-Kanan,0,"Rp1,30Mlyr.",1300000000,2026-06-01
Nontapat Ploymee,True Bangkok United,Thailand,Bek-Kanan,0,-,0,2026-06-01
Weerathep Pomphun,True Bangkok United,Thailand,Gel. Bertahan,27,"Rp6,95Mlyr.",6950000000,2026-06-01
Wisarut Imura,True Bangkok United,Thailand,Gel. Bertahan,0,"Rp2,17Mlyr.",2170000000,2026-06-01
Pichaya Kongsri,True Bangkok United,Thailand,Gel. Bertahan,0,"Rp869,08Jt.",869080000,2026-06-01
Nebojsa Kosovic,True Bangkok United,Thailand,Gel. Tengah,33,"Rp6,95Mlyr.",6950000000,2026-06-01
Thitiphan Puangchan,True Bangkok United,Thailand,Gel. Tengah,18,"Rp4,35Mlyr.",4350000000,2026-06-01
Picha Autra,True Bangkok United,Thailand,Gel. Tengah,37,"Rp4,35Mlyr.",4350000000,2026-06-01
Pokklaw Anan,True Bangkok United,Thailand,Gel. Tengah,39,"Rp1,74Mlyr.",1740000000,2026-06-01
Aekkarat Sansuwan,True Bangkok United,Thailand,Gel. Tengah,0,-,0,2026-06-01
Pachara Wangsawat,True Bangkok United,Thailand,Gel. Tengah,0,-,0,2026-06-01
Arthur,True Bangkok United,Thailand,Sayap Kiri,0,"Rp6,08Mlyr.",6080000000,2026-06-01
Chayawat Srinawong,True Bangkok United,Thailand,Sayap Kiri,19,"Rp1,74Mlyr.",1740000000,2026-06-01
Achita Nawathit,True Bangkok United,Thailand,Sayap Kiri,0,-,0,2026-06-01
Ilias Alhaft,True Bangkok United,Thailand,Sayap Kanan,0,"Rp7,82Mlyr.",7820000000,2026-06-01
Rungrath Poomchantuek,True Bangkok United,Thailand,Sayap Kanan,0,"Rp2,61Mlyr.",2610000000,2026-06-01
Narakorn Kangkratok,True Bangkok United,Thailand,Sayap Kanan,32,"Rp1,74Mlyr.",1740000000,2026-06-01
Krit Klangpan,True Bangkok United,Thailand,Sayap Kanan,0,-,0,2026-06-01
Seia Kunori,True Bangkok United,Thailand,Depan-Kedua,17,"Rp7,82Mlyr.",7820000000,2026-06-01
Muhsen Al-Ghassani,True Bangkok United,Thailand,Depan-Tengah,16,"Rp13,91Mlyr.",13910000000,2026-06-01
Richairo Zivkovic,True Bangkok United,Thailand,Depan-Tengah,30,"Rp12,17Mlyr.",12170000000,2026-06-01
Rivaldinho,True Bangkok United,Thailand,Depan-Tengah,0,"Rp6,08Mlyr.",6080000000,2026-06-01
Guntapon Keereeleang,True Bangkok United,Thailand,Depan-Tengah,20,"Rp3,48Mlyr.",3480000000,2026-06-01
Teerasil Dangda,True Bangkok United,Thailand,Depan-Tengah,0,"Rp1,74Mlyr.",1740000000,2026-06-01
Thanawat Deelert,True Bangkok United,Thailand,Depan-Tengah,0,-,0,2026-06-01
Somporn Yos,Port FC,Thailand,Kiper,0,"Rp2,61Mlyr.",2610000000,2026-06-01
Michael Falkesgaard,Port FC,Thailand,Kiper,0,"Rp1,30Mlyr.",1300000000,2026-06-01
Sarawut Konglap,Port FC,Thailand,Kiper,35,-,0,2026-06-01
Rangsiman Kemmueang,Port FC,Thailand,Kiper,40,-,0,2026-06-01
Matheus Lins,Port FC,Thailand,Bek-Tengah,0,"Rp6,95Mlyr.",6950000000,2026-06-01
Peerawat Akkratum,Port FC,Thailand,Bek-Tengah,36,"Rp6,95Mlyr.",6950000000,2026-06-01
Irfan Fandi,Port FC,Thailand,Bek-Tengah,17,"Rp4,35Mlyr.",4350000000,2026-06-01
Chinnawat Wongchai,Port FC,Thailand,Bek-Tengah,16,"Rp1,74Mlyr.",1740000000,2026-06-01
Rebin Sulaka,Port FC,Thailand,Bek-Tengah,22,"Rp1,74Mlyr.",1740000000,2026-06-01
Chaiyawat Buran,Port FC,Thailand,Bek-Kiri,26,"Rp2,61Mlyr.",2610000000,2026-06-01
Hugo Boutsingkham,Port FC,Thailand,Bek-Kiri,23,"Rp1,30Mlyr.",1300000000,2026-06-01
Asnawi Mangkualam,Port FC,Thailand,Bek-Kanan,0,"Rp8,69Mlyr.",8690000000,2026-06-01
Suphanan Bureerat,Port FC,Thailand,Bek-Kanan,0,"Rp4,35Mlyr.",4350000000,2026-06-01
Noboru Shimura,Port FC,Thailand,Gel. Bertahan,33,"Rp4,78Mlyr.",4780000000,2026-06-01
Tanaboon Kesarat,Port FC,Thailand,Gel. Bertahan,0,"Rp2,17Mlyr.",2170000000,2026-06-01
Sittha Boonlha,Port FC,Thailand,Gel. Bertahan,0,"Rp2,17Mlyr.",2170000000,2026-06-01
Peeradol Chamrasamee,Port FC,Thailand,Gel. Tengah,0,"Rp3,91Mlyr.",3910000000,2026-06-01
Worachit Kanitsribumphen,Port FC,Thailand,Gel. Serang,44,"Rp6,95Mlyr.",6950000000,2026-06-01
Sivakorn Tiatrakul,Port FC,Thailand,Gel. Serang,21,"Rp3,48Mlyr.",3480000000,2026-06-01
Chanukan Karin,Port FC,Thailand,Gel. Serang,0,"Rp2,61Mlyr.",2610000000,2026-06-01
Athit Berg,Port FC,Thailand,Gel. Serang,0,"Rp2,61Mlyr.",2610000000,2026-06-01
Tanapat Hongkhiao,Port FC,Thailand,Gel. Serang,30,-,0,2026-06-01
Bordin Phala,Port FC,Thailand,Sayap Kiri,0,"Rp6,08Mlyr.",6080000000,2026-06-01
Kaká Mendes,Port FC,Thailand,Sayap Kiri,0,"Rp3,04Mlyr.",3040000000,2026-06-01
Natthakit Phosri,Port FC,Thailand,Sayap Kiri,38,"Rp869,08Jt.",869080000,2026-06-01
Lucas Tocantins,Port FC,Thailand,Sayap Kanan,27,"Rp3,04Mlyr.",3040000000,2026-06-01
Teerasak Poeiphimai,Port FC,Thailand,Depan-Tengah,0,"Rp8,69Mlyr.",8690000000,2026-06-01
Brayan Perea,Port FC,Thailand,Depan-Tengah,18,"Rp5,21Mlyr.",5210000000,2026-06-01
Leo Kalil,Port FC,Thailand,Depan-Tengah,0,"Rp3,48Mlyr.",3480000000,2026-06-01
Apirak Worawong,Singha Chiangrai United,Thailand,Kiper,0,"Rp4,35Mlyr.",4350000000,2026-06-01
Sirassawut Wongruankhum,Singha Chiangrai United,Thailand,Kiper,34,"Rp1,74Mlyr.",1740000000,2026-06-01
Farus Patee,Singha Chiangrai United,Thailand,Kiper,19,"Rp434,54Jt.",434540000,2026-06-01
Jetnipat Khomsom,Singha Chiangrai United,Thailand,Kiper,40,-,0,2026-06-01
Marco Ballini,Singha Chiangrai United,Thailand,Bek-Tengah,0,"Rp5,21Mlyr.",5210000000,2026-06-01
Victor Cardozo,Singha Chiangrai United,Thailand,Bek-Tengah,23,"Rp1,74Mlyr.",1740000000,2026-06-01
Santipap Yaemsaen,Singha Chiangrai United,Thailand,Bek-Tengah,24,"Rp1,74Mlyr.",1740000000,2026-06-01
Banphakit Phrmanee,Singha Chiangrai United,Thailand,Bek-Tengah,0,"Rp1,30Mlyr.",1300000000,2026-06-01
Hélio,Singha Chiangrai United,Thailand,Bek-Tengah,28,"Rp1,30Mlyr.",1300000000,2026-06-01
Tanasak Srisai,Singha Chiangrai United,Thailand,Bek-Tengah,0,"Rp869,08Jt.",869080000,2026-06-01
Thawatchai Inprakhon,Singha Chiangrai United,Thailand,Bek-Kiri,0,"Rp2,61Mlyr.",2610000000,2026-06-01
Gionata Verzura,Singha Chiangrai United,Thailand,Bek-Kanan,17,"Rp1,30Mlyr.",1300000000,2026-06-01
Piyaphon Phanichakul,Singha Chiangrai United,Thailand,Bek-Kanan,0,"Rp869,08Jt.",869080000,2026-06-01
Gabriel Henrique,Singha Chiangrai United,Thailand,Gel. Bertahan,0,"Rp6,08Mlyr.",6080000000,2026-06-01
Settasit Suvannaseat,Singha Chiangrai United,Thailand,Gel. Tengah,0,"Rp3,48Mlyr.",3480000000,2026-06-01
Sanukran Thinjom,Singha Chiangrai United,Thailand,Gel. Tengah,0,"Rp1,74Mlyr.",1740000000,2026-06-01
Phoptham Pornkod,Singha Chiangrai United,Thailand,Gel. Tengah,37,"Rp869,08Jt.",869080000,2026-06-01
Dudu,Singha Chiangrai United,Thailand,Gel. Serang,0,"Rp6,08Mlyr.",6080000000,2026-06-01
Thakdanai Jaihan,Singha Chiangrai United,Thailand,Gel. Serang,20,"Rp2,61Mlyr.",2610000000,2026-06-01
Nanthiphat Chaiman,Singha Chiangrai United,Thailand,Gel. Serang,0,"Rp1,74Mlyr.",1740000000,2026-06-01
Carlos Iury,Singha Chiangrai United,Thailand,Sayap Kiri,0,"Rp7,82Mlyr.",7820000000,2026-06-01
Chinngoen Phutonyong,Singha Chiangrai United,Thailand,Sayap Kiri,39,"Rp1,30Mlyr.",1300000000,2026-06-01
Ongsa Singthong,Singha Chiangrai United,Thailand,Sayap Kiri,0,"Rp869,08Jt.",869080000,2026-06-01
Seung-won Lee,Singha Chiangrai United,Thailand,Sayap Kanan,0,"Rp2,61Mlyr.",2610000000,2026-06-01
Montree Promsawat,Singha Chiangrai United,Thailand,Sayap Kanan,32,"Rp1,74Mlyr.",1740000000,2026-06-01
Itsuki Enomoto,Singha Chiangrai United,Thailand,Depan-Tengah,0,"Rp10,43Mlyr.",10430000000,2026-06-01
Jordan Emaviwe,Singha Chiangrai United,Thailand,Depan-Tengah,0,"Rp4,35Mlyr.",4350000000,2026-06-01
Sittichok Kannoo,Singha Chiangrai United,Thailand,Depan-Tengah,0,"Rp2,61Mlyr.",2610000000,2026-06-01
Kritsana Pummarrin,Kanchanaburi Power FC,Thailand,Kiper,0,"Rp1,74Mlyr.",1740000000,2026-06-01
Sarut Nasri,Kanchanaburi Power FC,Thailand,Kiper,35,"Rp1,74Mlyr.",1740000000,2026-06-01
Kittipong Phuthawchueak,Kanchanaburi Power FC,Thailand,Kiper,26,"Rp1,30Mlyr.",1300000000,2026-06-01
Sumethee Khokpho,Kanchanaburi Power FC,Thailand,Kiper,31,"Rp1,30Mlyr.",1300000000,2026-06-01
Nalubate Boonyarat,Kanchanaburi Power FC,Thailand,Kiper,22,-,0,2026-06-01
Prachya Fudsuparp,Kanchanaburi Power FC,Thailand,Bek-Tengah,28,"Rp3,48Mlyr.",3480000000,2026-06-01
Aaron Gurd,Kanchanaburi Power FC,Thailand,Bek-Tengah,0,"Rp2,61Mlyr.",2610000000,2026-06-01
Pawee Tanthatemee,Kanchanaburi Power FC,Thailand,Bek-Tengah,25,"Rp1,74Mlyr.",1740000000,2026-06-01
Diego Bardanca,Kanchanaburi Power FC,Thailand,Bek-Tengah,44,"Rp1,74Mlyr.",1740000000,2026-06-01
Mehdi Tahrat,Kanchanaburi Power FC,Thailand,Bek-Tengah,0,"Rp1,74Mlyr.",1740000000,2026-06-01
Peerapat Notchaiya,Kanchanaburi Power FC,Thailand,Bek-Kiri,0,"Rp2,61Mlyr.",2610000000,2026-06-01
Satsanapong Wattayuchutikul,Kanchanaburi Power FC,Thailand,Bek-Kiri,29,"Rp869,08Jt.",869080000,2026-06-01
Kitinun Suttiwiriyakul,Kanchanaburi Power FC,Thailand,Bek-Kiri,32,"Rp434,54Jt.",434540000,2026-06-01
Ryhan Stewart,Kanchanaburi Power FC,Thailand,Bek-Kanan,16,"Rp4,35Mlyr.",4350000000,2026-06-01
Wattana Klomjit,Kanchanaburi Power FC,Thailand,Bek-Kanan,0,"Rp1,30Mlyr.",1300000000,2026-06-01
Tony Laurent-Gonnet,Kanchanaburi Power FC,Thailand,Bek-Kanan,27,-,0,2026-06-01
Chayapipat Supunpasuch,Kanchanaburi Power FC,Thailand,Gel. Bertahan,0,"Rp2,17Mlyr.",2170000000,2026-06-01
Anumanthan Kumar,Kanchanaburi Power FC,Thailand,Gel. Bertahan,0,"Rp1,30Mlyr.",1300000000,2026-06-01
John Lucero,Kanchanaburi Power FC,Thailand,Gel. Tengah,0,"Rp2,17Mlyr.",2170000000,2026-06-01
Ewerton,Kanchanaburi Power FC,Thailand,Gel. Tengah,0,"Rp1,74Mlyr.",1740000000,2026-06-01
Pongpat Liorungrueangkit,Kanchanaburi Power FC,Thailand,Gel. Tengah,18,"Rp1,74Mlyr.",1740000000,2026-06-01
Santipap Ratniyom,Kanchanaburi Power FC,Thailand,Gel. Tengah,42,"Rp1,30Mlyr.",1300000000,2026-06-01
Suchao Nutnum,Kanchanaburi Power FC,Thailand,Gel. Tengah,0,-,0,2026-06-01
Alain Oyarzun,Kanchanaburi Power FC,Thailand,Gel. Serang,19,"Rp3,48Mlyr.",3480000000,2026-06-01
Sergio Aguero,Kanchanaburi Power FC,Thailand,Gel. Serang,20,"Rp2,17Mlyr.",2170000000,2026-06-01
Mohamed Mara,Kanchanaburi Power FC,Thailand,Sayap Kiri,21,"Rp6,08Mlyr.",6080000000,2026-06-01
Tanasith Siripala,Kanchanaburi Power FC,Thailand,Sayap Kiri,0,"Rp1,74Mlyr.",1740000000,2026-06-01
Andros Townsend,Kanchanaburi Power FC,Thailand,Sayap Kanan,30,"Rp6,95Mlyr.",6950000000,2026-06-01
Aboubakar Kamara,Kanchanaburi Power FC,Thailand,Depan-Tengah,0,"Rp5,21Mlyr.",5210000000,2026-06-01
Chenrop Samphaodi,Kanchanaburi Power FC,Thailand,Depan-Tengah,0,"Rp1,74Mlyr.",1740000000,2026-06-01
Kittiphod Sathiphanuwat,Kanchanaburi Power FC,Thailand,Depan-Tengah,0,-,0,2026-06-01
Neil Etheridge,Buriram United,Thailand,Kiper,0,"Rp3,48Mlyr.",3480000000,2026-06-01
Korraphat Nareechan,Buriram United,Thailand,Kiper,29,"Rp1,74Mlyr.",1740000000,2026-06-01
Chatchai Bootprom,Buriram United,Thailand,Kiper,34,"Rp869,08Jt.",869080000,2026-06-01
Prapot Chongcharoen,Buriram United,Thailand,Kiper,0,-,0,2026-06-01
Myeong-seok Ko,Buriram United,Thailand,Bek-Tengah,22,"Rp6,95Mlyr.",6950000000,2026-06-01
Edu Mancha,Buriram United,Thailand,Bek-Tengah,40,"Rp6,95Mlyr.",6950000000,2026-06-01
Curtis Good,Buriram United,Thailand,Bek-Tengah,0,"Rp4,78Mlyr.",4780000000,2026-06-01
Shinnaphat Leeaoh,Buriram United,Thailand,Bek-Tengah,0,"Rp4,35Mlyr.",4350000000,2026-06-01
Pansa Hemviboon,Buriram United,Thailand,Bek-Tengah,0,"Rp1,74Mlyr.",1740000000,2026-06-01
Sasalak Haiprakhon,Buriram United,Thailand,Bek-Kiri,0,"Rp7,82Mlyr.",7820000000,2026-06-01
Sandy Walsh,Buriram United,Thailand,Bek-Kanan,0,"Rp10,43Mlyr.",10430000000,2026-06-01
Narubadin Weerawatnodom,Buriram United,Thailand,Bek-Kanan,0,"Rp4,35Mlyr.",4350000000,2026-06-01
Filip Stojkovic,Buriram United,Thailand,Bek-Kanan,30,"Rp4,35Mlyr.",4350000000,2026-06-01
Kenny Dougall,Buriram United,Thailand,Gel. Bertahan,16,"Rp6,08Mlyr.",6080000000,2026-06-01
Phitiwat Sookjitthammakul,Buriram United,Thailand,Gel. Bertahan,27,"Rp6,08Mlyr.",6080000000,2026-06-01
Ratthanakorn Maikami,Buriram United,Thailand,Gel. Bertahan,0,"Rp3,48Mlyr.",3480000000,2026-06-01
Theerathon Bunmathan,Buriram United,Thailand,Gel. Bertahan,0,"Rp3,04Mlyr.",3040000000,2026-06-01
Goran Causic,Buriram United,Thailand,Gel. Tengah,23,"Rp7,82Mlyr.",7820000000,2026-06-01
Peter Zulj,Buriram United,Thailand,Gel. Tengah,44,"Rp6,95Mlyr.",6950000000,2026-06-01
Emmanuel Toku,Buriram United,Thailand,Gel. Serang,26,"Rp6,95Mlyr.",6950000000,2026-06-01
Thanakrit Chotmuangpak,Buriram United,Thailand,Gel. Serang,33,"Rp5,21Mlyr.",5210000000,2026-06-01
Kingsley Schindler,Buriram United,Thailand,Sayap Kanan,19,"Rp10,43Mlyr.",10430000000,2026-06-01
Robert Zulj,Buriram United,Thailand,Depan-Kedua,32,"Rp10,43Mlyr.",10430000000,2026-06-01
Bissoli,Buriram United,Thailand,Depan-Tengah,0,"Rp38,24Mlyr.",38240000000,2026-06-01
Suphanat Mueanta,Buriram United,Thailand,Depan-Tengah,0,"Rp17,38Mlyr.",17380000000,2026-06-01
Supachai Chaided,Buriram United,Thailand,Depan-Tengah,0,"Rp12,17Mlyr.",12170000000,2026-06-01
Kasper Junker,Buriram United,Thailand,Depan-Tengah,0,"Rp8,69Mlyr.",8690000000,2026-06-01
Rubén Sánchez,Buriram United,Thailand,Depan-Tengah,28,"Rp5,21Mlyr.",5210000000,2026-06-01
Ilhan Fandi,Buriram United,Thailand,Depan-Tengah,17,"Rp3,48Mlyr.",3480000000,2026-06-01
Nathakorn Rattanasuwan,Buriram United,Thailand,Depan-Tengah,0,"Rp1,74Mlyr.",1740000000,2026-06-01
Warut Makemusik,Ayutthaya United,Thailand,Kiper,0,"Rp1,74Mlyr.",1740000000,2026-06-01
Narongsak Naengwongsa,Ayutthaya United,Thailand,Kiper,25,"Rp1,30Mlyr.",1300000000,2026-06-01
Suthipong Pisansub,Ayutthaya United,Thailand,Kiper,39,"Rp869,08Jt.",869080000,2026-06-01
Teerat Nakchamnan,Ayutthaya United,Thailand,Kiper,27,-,0,2026-06-01
Hyun-soo Hwang,Ayutthaya United,Thailand,Bek-Tengah,0,"Rp6,08Mlyr.",6080000000,2026-06-01
Noah Leddel,Ayutthaya United,Thailand,Bek-Tengah,0,"Rp2,17Mlyr.",2170000000,2026-06-01
Wellington Priori,Ayutthaya United,Thailand,Bek-Tengah,0,"Rp1,30Mlyr.",1300000000,2026-06-01
Worawut Namvech,Ayutthaya United,Thailand,Bek-Tengah,24,"Rp1,30Mlyr.",1300000000,2026-06-01
Worawut Sataporn,Ayutthaya United,Thailand,Bek-Tengah,26,"Rp1,30Mlyr.",1300000000,2026-06-01
Chiraphong Raksongkham,Ayutthaya United,Thailand,Bek-Tengah,0,"Rp434,54Jt.",434540000,2026-06-01
Chanon Tamma,Ayutthaya United,Thailand,Bek-Kiri,0,"Rp3,48Mlyr.",3480000000,2026-06-01
Bhumchanok Kamkla,Ayutthaya United,Thailand,Bek-Kiri,16,"Rp2,61Mlyr.",2610000000,2026-06-01
Kitphom Bunsan,Ayutthaya United,Thailand,Bek-Kiri,0,"Rp1,30Mlyr.",1300000000,2026-06-01
Atsadawut Changthong,Ayutthaya United,Thailand,Bek-Kanan,0,"Rp2,17Mlyr.",2170000000,2026-06-01
Jirawat Janpong,Ayutthaya United,Thailand,Bek-Kanan,0,"Rp1,30Mlyr.",1300000000,2026-06-01
Thanet Suknate,Ayutthaya United,Thailand,Bek-Kanan,0,"Rp434,54Jt.",434540000,2026-06-01
Natcha Promsomboon,Ayutthaya United,Thailand,Gel. Bertahan,28,"Rp2,17Mlyr.",2170000000,2026-06-01
Anuwat Noicheunphan,Ayutthaya United,Thailand,Gel. Bertahan,31,"Rp434,54Jt.",434540000,2026-06-01
Nattapon Worasut,Ayutthaya United,Thailand,Gel. Tengah,0,"Rp3,48Mlyr.",3480000000,2026-06-01
Passakorn Biaothungoi,Ayutthaya United,Thailand,Gel. Tengah,23,"Rp2,61Mlyr.",2610000000,2026-06-01
Sanrawat Dechmitr,Ayutthaya United,Thailand,Gel. Tengah,29,"Rp434,54Jt.",434540000,2026-06-01
Yashir Islame,Ayutthaya United,Thailand,Gel. Serang,36,"Rp1,74Mlyr.",1740000000,2026-06-01
Sung-dong Paik,Ayutthaya United,Thailand,Sayap Kiri,0,"Rp3,48Mlyr.",3480000000,2026-06-01
Chakkit Laptrakul,Ayutthaya United,Thailand,Sayap Kiri,17,"Rp2,17Mlyr.",2170000000,2026-06-01
Verot Pombuppha,Ayutthaya United,Thailand,Sayap Kiri,22,"Rp1,30Mlyr.",1300000000,2026-06-01
Anucha Sakaekum,Ayutthaya United,Thailand,Sayap Kiri,0,-,0,2026-06-01
Diego Carioca,Ayutthaya United,Thailand,Sayap Kanan,0,"Rp6,08Mlyr.",6080000000,2026-06-01
Veeraphong Aon-pean,Ayutthaya United,Thailand,Sayap Kanan,34,"Rp2,61Mlyr.",2610000000,2026-06-01
Yotsak Chaowana,Ayutthaya United,Thailand,Sayap Kanan,18,"Rp434,54Jt.",434540000,2026-06-01
Conrado,Ayutthaya United,Thailand,Depan-Tengah,0,"Rp2,17Mlyr.",2170000000,2026-06-01
Caíque Lemes,Ayutthaya United,Thailand,Depan-Tengah,0,"Rp2,17Mlyr.",2170000000,2026-06-01
Kitsana Kasemkulwirai,Ayutthaya United,Thailand,Depan-Tengah,0,"Rp1,30Mlyr.",1300000000,2026-06-01
Nont Muangngam,Lamphun Warriors,Thailand,Kiper,20,"Rp3,48Mlyr.",3480000000,2026-06-01
Kwanchai Suklom,Lamphun Warriors,Thailand,Kiper,26,"Rp1,74Mlyr.",1740000000,2026-06-01
Thirawooth Sruanson,Lamphun Warriors,Thailand,Kiper,31,"Rp1,30Mlyr.",1300000000,2026-06-01
Charlie Clough,Lamphun Warriors,Thailand,Bek-Tengah,23,"Rp1,74Mlyr.",1740000000,2026-06-01
Noppol Kerdkaew,Lamphun Warriors,Thailand,Bek-Tengah,24,"Rp1,74Mlyr.",1740000000,2026-06-01
Jonas Schwabe,Lamphun Warriors,Thailand,Bek-Tengah,0,"Rp1,30Mlyr.",1300000000,2026-06-01
Todsapol Lated,Lamphun Warriors,Thailand,Bek-Tengah,0,"Rp869,08Jt.",869080000,2026-06-01
Aly Cissokho,Lamphun Warriors,Thailand,Bek-Tengah,22,"Rp869,08Jt.",869080000,2026-06-01
Wittaya Moonwong,Lamphun Warriors,Thailand,Bek-Kiri,0,"Rp1,74Mlyr.",1740000000,2026-06-01
Suriya Singmui,Lamphun Warriors,Thailand,Bek-Kiri,30,"Rp1,74Mlyr.",1740000000,2026-06-01
Dominik Schad,Lamphun Warriors,Thailand,Bek-Kanan,0,"Rp6,08Mlyr.",6080000000,2026-06-01
Nuttee Noiwilai,Lamphun Warriors,Thailand,Bek-Kanan,27,"Rp2,61Mlyr.",2610000000,2026-06-01
Tanakorn Navanich,Lamphun Warriors,Thailand,Bek-Kanan,0,"Rp869,08Jt.",869080000,2026-06-01
Tossaporn Chuchin,Lamphun Warriors,Thailand,Bek-Kanan,21,"Rp869,08Jt.",869080000,2026-06-01
Teerawut Churok,Lamphun Warriors,Thailand,Gel. Bertahan,0,"Rp1,30Mlyr.",1300000000,2026-06-01
Ralph,Lamphun Warriors,Thailand,Gel. Tengah,17,"Rp5,21Mlyr.",5210000000,2026-06-01
Akarapong Pumwisat,Lamphun Warriors,Thailand,Gel. Tengah,0,"Rp4,35Mlyr.",4350000000,2026-06-01
Oskari Kekkonen,Lamphun Warriors,Thailand,Gel. Tengah,0,"Rp2,61Mlyr.",2610000000,2026-06-01
Baworn Tapla,Lamphun Warriors,Thailand,Gel. Tengah,32,"Rp869,08Jt.",869080000,2026-06-01
Mohammed Osman,Lamphun Warriors,Thailand,Gel. Serang,0,"Rp5,21Mlyr.",5210000000,2026-06-01
Anan Yodsangwal,Lamphun Warriors,Thailand,Sayap Kiri,0,"Rp8,69Mlyr.",8690000000,2026-06-01
Tawan Khotrsupho,Lamphun Warriors,Thailand,Sayap Kiri,19,"Rp1,30Mlyr.",1300000000,2026-06-01
Surat Suriyachai,Lamphun Warriors,Thailand,Sayap Kanan,25,"Rp1,30Mlyr.",1300000000,2026-06-01
Peniel Mlapa,Lamphun Warriors,Thailand,Depan-Tengah,18,"Rp2,61Mlyr.",2610000000,2026-06-01
Willen Mota,Lamphun Warriors,Thailand,Depan-Tengah,29,"Rp2,61Mlyr.",2610000000,2026-06-01
Kenshiro Daniels,Lamphun Warriors,Thailand,Depan-Tengah,0,"Rp2,17Mlyr.",2170000000,2026-06-01
Korrakot Pipatnadda,Muangthong United,Thailand,Kiper,33,"Rp3,48Mlyr.",3480000000,2026-06-01
Armin Gremsl,Muangthong United,Thailand,Kiper,0,"Rp2,61Mlyr.",2610000000,2026-06-01
Rithisak Kalaya,Muangthong United,Thailand,Kiper,38,-,0,2026-06-01
Khomsan Sanphiphan,Muangthong United,Thailand,Kiper,31,-,0,2026-06-01
Stefan Tsonkov,Muangthong United,Thailand,Bek-Tengah,0,"Rp4,35Mlyr.",4350000000,2026-06-01
Nelson Orji,Muangthong United,Thailand,Bek-Tengah,0,"Rp3,48Mlyr.",3480000000,2026-06-01
Songwut Kraikruan,Muangthong United,Thailand,Bek-Tengah,29,"Rp2,61Mlyr.",2610000000,2026-06-01
Dong-su Kim,Muangthong United,Thailand,Bek-Tengah,28,"Rp1,74Mlyr.",1740000000,2026-06-01
Theekawin Chansri,Muangthong United,Thailand,Bek-Tengah,35,"Rp1,74Mlyr.",1740000000,2026-06-01
James Falconer,Muangthong United,Thailand,Bek-Tengah,0,"Rp434,54Jt.",434540000,2026-06-01
Michael Kempter,Muangthong United,Thailand,Bek-Kiri,27,"Rp3,48Mlyr.",3480000000,2026-06-01
Wattanakorn Sawatlakhorn,Muangthong United,Thailand,Bek-Kiri,0,"Rp1,74Mlyr.",1740000000,2026-06-01
Tristan Do,Muangthong United,Thailand,Bek-Kanan,19,"Rp2,17Mlyr.",2170000000,2026-06-01
John-Patrick Strauß,Muangthong United,Thailand,Gel. Bertahan,0,"Rp5,21Mlyr.",5210000000,2026-06-01
Siradanai Phosri,Muangthong United,Thailand,Gel. Bertahan,23,"Rp1,74Mlyr.",1740000000,2026-06-01
Nitisak Anulun,Muangthong United,Thailand,Gel. Bertahan,30,-,0,2026-06-01
Sorawit Panthong,Muangthong United,Thailand,Gel. Tengah,0,"Rp3,48Mlyr.",3480000000,2026-06-01
Thiraphat Nuntagowat,Muangthong United,Thailand,Gel. Tengah,22,"Rp2,17Mlyr.",2170000000,2026-06-01
Kittapak Seangsawat,Muangthong United,Thailand,Gel. Tengah,39,"Rp1,30Mlyr.",1300000000,2026-06-01
Wongsakorn Chaikultewin,Muangthong United,Thailand,Gel. Tengah,16,"Rp869,08Jt.",869080000,2026-06-01
Danuphon Buppha,Muangthong United,Thailand,Gel. Tengah,18,"Rp434,54Jt.",434540000,2026-06-01
Kakana Khamyok,Muangthong United,Thailand,Gel. Serang,34,"Rp6,08Mlyr.",6080000000,2026-06-01
Anass Ahannach,Muangthong United,Thailand,Gel. Serang,24,"Rp3,48Mlyr.",3480000000,2026-06-01
Piyanat Thodsanid,Muangthong United,Thailand,Gel. Serang,17,"Rp869,08Jt.",869080000,2026-06-01
Willian Popp,Muangthong United,Thailand,Sayap Kiri,0,"Rp6,08Mlyr.",6080000000,2026-06-01
Melvyn Lorenzen,Muangthong United,Thailand,Sayap Kiri,0,"Rp5,21Mlyr.",5210000000,2026-06-01
Emil Roback,Muangthong United,Thailand,Sayap Kiri,0,"Rp3,48Mlyr.",3480000000,2026-06-01
Korawich Tasa,Muangthong United,Thailand,Sayap Kanan,0,"Rp3,48Mlyr.",3480000000,2026-06-01
Purachet Thodsanid,Muangthong United,Thailand,Sayap Kanan,21,"Rp2,61Mlyr.",2610000000,2026-06-01
Poramet Arjvirai,Muangthong United,Thailand,Depan-Tengah,0,"Rp4,35Mlyr.",4350000000,2026-06-01
Marko Saric,Muangthong United,Thailand,Depan-Tengah,0,"Rp4,35Mlyr.",4350000000,2026-06-01
Sarayut Yoosuebchuea,Muangthong United,Thailand,Depan-Tengah,20,"Rp1,30Mlyr.",1300000000,2026-06-01
Worawut Srisupha,Rayong FC,Thailand,Kiper,36,"Rp2,17Mlyr.",2170000000,2026-06-01
Wichaya Ganthong,Rayong FC,Thailand,Kiper,30,"Rp1,74Mlyr.",1740000000,2026-06-01
Chainarong Boonkerd,Rayong FC,Thailand,Kiper,0,"Rp434,54Jt.",434540000,2026-06-01
Ketanuson Junrung,Rayong FC,Thailand,Kiper,0,-,0,2026-06-01
Leonardo Justiniano,Rayong FC,Thailand,Bek-Tengah,20,"Rp6,95Mlyr.",6950000000,2026-06-01
Kritsada Nontharat,Rayong FC,Thailand,Bek-Tengah,35,"Rp5,21Mlyr.",5210000000,2026-06-01
Stefan Cebara,Rayong FC,Thailand,Bek-Tengah,0,"Rp1,30Mlyr.",1300000000,2026-06-01
Maxx Creevey,Rayong FC,Thailand,Bek-Tengah,23,"Rp1,30Mlyr.",1300000000,2026-06-01
Saharat Pongsuwan,Rayong FC,Thailand,Bek-Kiri,0,"Rp2,61Mlyr.",2610000000,2026-06-01
Jaturapat Sattham,Rayong FC,Thailand,Bek-Kiri,24,"Rp1,74Mlyr.",1740000000,2026-06-01
Parkin Harape,Rayong FC,Thailand,Bek-Kiri,31,"Rp869,08Jt.",869080000,2026-06-01
Supawit Romphopak,Rayong FC,Thailand,Bek-Kanan,19,"Rp2,61Mlyr.",2610000000,2026-06-01
Wasusiwakit Phusirit,Rayong FC,Thailand,Bek-Kanan,0,"Rp1,74Mlyr.",1740000000,2026-06-01
Saharat Sontisawat,Rayong FC,Thailand,Gel. Bertahan,0,"Rp4,35Mlyr.",4350000000,2026-06-01
João Afonso,Rayong FC,Thailand,Gel. Bertahan,0,"Rp2,61Mlyr.",2610000000,2026-06-01
Porrameth Ittiprasert,Rayong FC,Thailand,Gel. Bertahan,0,"Rp869,08Jt.",869080000,2026-06-01
Hiromichi Katano,Rayong FC,Thailand,Gel. Bertahan,0,"Rp434,54Jt.",434540000,2026-06-01
Wattanapong Withunat,Rayong FC,Thailand,Gel. Bertahan,0,"Rp434,54Jt.",434540000,2026-06-01
Nonthawat Bathong,Rayong FC,Thailand,Gel. Bertahan,0,-,0,2026-06-01
Manuel Ott,Rayong FC,Thailand,Gel. Tengah,0,"Rp2,61Mlyr.",2610000000,2026-06-01
Seksan Ratree,Rayong FC,Thailand,Gel. Serang,22,"Rp7,82Mlyr.",7820000000,2026-06-01
Somkaet Kunmee,Rayong FC,Thailand,Gel. Serang,0,"Rp1,74Mlyr.",1740000000,2026-06-01
Peerapat Kaminthong,Rayong FC,Thailand,Gel. Serang,0,"Rp1,30Mlyr.",1300000000,2026-06-01
Ryoma Ito,Rayong FC,Thailand,Sayap Kiri,41,"Rp6,95Mlyr.",6950000000,2026-06-01
Matee Sarakum,Rayong FC,Thailand,Sayap Kiri,0,"Rp2,61Mlyr.",2610000000,2026-06-01
Anon Amornlerdsak,Rayong FC,Thailand,Sayap Kanan,27,"Rp4,35Mlyr.",4350000000,2026-06-01
Keven Alemán,Rayong FC,Thailand,Sayap Kanan,0,"Rp2,17Mlyr.",2170000000,2026-06-01
Weslen Junior,Rayong FC,Thailand,Depan-Tengah,0,"Rp5,21Mlyr.",5210000000,2026-06-01
Stenio Junior,Rayong FC,Thailand,Depan-Tengah,18,"Rp2,17Mlyr.",2170000000,2026-06-01
Thanphisit Hempandan,Rayong FC,Thailand,Depan-Tengah,0,"Rp1,30Mlyr.",1300000000,2026-06-01
Suhaimi Husin,Terengganu FC,Malaysia,Kiper,38,"Rp2,61Mlyr.",2610000000,2026-06-01
Rahadiazli Rahalim,Terengganu FC,Malaysia,Kiper,0,"Rp1,74Mlyr.",1740000000,2026-06-01
Syed Nasrulhaq,Terengganu FC,Malaysia,Kiper,29,"Rp1,30Mlyr.",1300000000,2026-06-01
Nazul Izamil,Terengganu FC,Malaysia,Kiper,28,-,0,2026-06-01
Shahrul Nizam Ros Hasni,Terengganu FC,Malaysia,Bek-Tengah,0,"Rp4,78Mlyr.",4780000000,2026-06-01
Kyaw Min Oo,Terengganu FC,Malaysia,Bek-Tengah,23,"Rp4,78Mlyr.",4780000000,2026-06-01
Diego Landis,Terengganu FC,Malaysia,Bek-Tengah,0,"Rp4,35Mlyr.",4350000000,2026-06-01
Safwan Mazlan,Terengganu FC,Malaysia,Bek-Tengah,24,"Rp4,35Mlyr.",4350000000,2026-06-01
Ubaidullah Shamsul,Terengganu FC,Malaysia,Bek-Tengah,0,"Rp3,91Mlyr.",3910000000,2026-06-01
Alif Zakaria,Terengganu FC,Malaysia,Bek-Kiri,25,"Rp3,48Mlyr.",3480000000,2026-06-01
Faris Rifqi,Terengganu FC,Malaysia,Bek-Kiri,0,"Rp869,08Jt.",869080000,2026-06-01
Hairiey Hakim Mamat,Terengganu FC,Malaysia,Bek-Kiri,22,"Rp434,54Jt.",434540000,2026-06-01
Azam Azmi,Terengganu FC,Malaysia,Bek-Kanan,0,"Rp5,21Mlyr.",5210000000,2026-06-01
Saiful Jamaluddin,Terengganu FC,Malaysia,Gel. Bertahan,33,"Rp2,17Mlyr.",2170000000,2026-06-01
Syafiq Danial Romzi,Terengganu FC,Malaysia,Gel. Bertahan,21,-,0,2026-06-01
Danial Mohd Nor,Terengganu FC,Malaysia,Gel. Bertahan,0,-,0,2026-06-01
Ekhson Pandzhshanbe,Terengganu FC,Malaysia,Gel. Tengah,0,"Rp10,43Mlyr.",10430000000,2026-06-01
Akram Mahinan,Terengganu FC,Malaysia,Gel. Tengah,0,"Rp2,17Mlyr.",2170000000,2026-06-01
Careca,Terengganu FC,Malaysia,Gel. Serang,26,"Rp3,48Mlyr.",3480000000,2026-06-01
Engku Shakir,Terengganu FC,Malaysia,Gel. Serang,17,"Rp2,17Mlyr.",2170000000,2026-06-01
Shervoni Mabatshoev,Terengganu FC,Malaysia,Sayap Kiri,0,"Rp6,08Mlyr.",6080000000,2026-06-01
Akhyar Rashid,Terengganu FC,Malaysia,Sayap Kiri,0,"Rp4,78Mlyr.",4780000000,2026-06-01
Baqiuddin Shamsudin,Terengganu FC,Malaysia,Sayap Kanan,0,"Rp3,04Mlyr.",3040000000,2026-06-01
Khala'if Naskam,Terengganu FC,Malaysia,Sayap Kanan,0,"Rp869,08Jt.",869080000,2026-06-01
Azziq Zahazani,Terengganu FC,Malaysia,Sayap Kanan,0,-,0,2026-06-01
Yann Mabella,Terengganu FC,Malaysia,Depan-Tengah,0,"Rp5,21Mlyr.",5210000000,2026-06-01
Haqimi Azim,Terengganu FC,Malaysia,Depan-Tengah,37,"Rp3,91Mlyr.",3910000000,2026-06-01
Gervane Kastaneer,Terengganu FC,Malaysia,Depan-Tengah,0,"Rp3,04Mlyr.",3040000000,2026-06-01
Junior Ngong Sam,Terengganu FC,Malaysia,Depan-Tengah,19,"Rp1,74Mlyr.",1740000000,2026-06-01
Syahmi Zamri,Terengganu FC,Malaysia,Depan-Tengah,0,"Rp1,74Mlyr.",1740000000,2026-06-01
Haimie Nyaring,Brunei DPMM FC,Malaysia,Kiper,0,"Rp1,30Mlyr.",1300000000,2026-06-01
Ishyra Asmin,Brunei DPMM FC,Malaysia,Kiper,25,"Rp434,54Jt.",434540000,2026-06-01
Michel,Brunei DPMM FC,Malaysia,Kiper,24,"Rp173,82Jt.",173820000,2026-06-01
Amani Aguinaldo,Brunei DPMM FC,Malaysia,Bek-Tengah,0,"Rp3,04Mlyr.",3040000000,2026-06-01
Yura Indera Putera,Brunei DPMM FC,Malaysia,Bek-Tengah,23,"Rp1,74Mlyr.",1740000000,2026-06-01
Nur Ikhwan Othman,Brunei DPMM FC,Malaysia,Bek-Tengah,19,"Rp1,30Mlyr.",1300000000,2026-06-01
Jordan,Brunei DPMM FC,Malaysia,Bek-Tengah,0,"Rp869,08Jt.",869080000,2026-06-01
Hanif Hamir,Brunei DPMM FC,Malaysia,Bek-Tengah,0,"Rp434,54Jt.",434540000,2026-06-01
Tommy Mawat,Brunei DPMM FC,Malaysia,Bek-Kiri,0,"Rp3,04Mlyr.",3040000000,2026-06-01
Najib Tarif,Brunei DPMM FC,Malaysia,Bek-Kiri,0,"Rp434,54Jt.",434540000,2026-06-01
Fairuz Zakaria,Brunei DPMM FC,Malaysia,Bek-Kanan,18,"Rp3,04Mlyr.",3040000000,2026-06-01
Nazry Aiman,Brunei DPMM FC,Malaysia,Bek-Kanan,21,"Rp1,30Mlyr.",1300000000,2026-06-01
Syafiq Safiuddin Shariff,Brunei DPMM FC,Malaysia,Bek-Kanan,0,"Rp869,08Jt.",869080000,2026-06-01
Martin Haddy,Brunei DPMM FC,Malaysia,Bek-Kanan,0,-,0,2026-06-01
Prosper Boakye Owusu,Brunei DPMM FC,Malaysia,Gel. Bertahan,20,"Rp2,61Mlyr.",2610000000,2026-06-01
Azwan Ali Rahman,Brunei DPMM FC,Malaysia,Gel. Tengah,0,"Rp869,08Jt.",869080000,2026-06-01
Abdul Hariz,Brunei DPMM FC,Malaysia,Gel. Tengah,16,"Rp869,08Jt.",869080000,2026-06-01
Hanif Farhan Azman,Brunei DPMM FC,Malaysia,Gel. Tengah,0,"Rp434,54Jt.",434540000,2026-06-01
Ibrahim Sulley,Brunei DPMM FC,Malaysia,Gel. Serang,26,-,0,2026-06-01
Hakeme Yazid Said,Brunei DPMM FC,Malaysia,Sayap Kiri,17,"Rp2,17Mlyr.",2170000000,2026-06-01
Nazirrudin Ismail,Brunei DPMM FC,Malaysia,Sayap Kiri,22,"Rp869,08Jt.",869080000,2026-06-01
Miguel Oliveira,Brunei DPMM FC,Malaysia,Sayap Kanan,0,"Rp3,48Mlyr.",3480000000,2026-06-01
Faturrahman Embran,Brunei DPMM FC,Malaysia,Sayap Kanan,0,"Rp434,54Jt.",434540000,2026-06-01
Jordan Murray,Brunei DPMM FC,Malaysia,Depan-Tengah,27,"Rp5,65Mlyr.",5650000000,2026-06-01
Ramadhan Sananta,Brunei DPMM FC,Malaysia,Depan-Tengah,0,"Rp4,78Mlyr.",4780000000,2026-06-01
Syafiq Ahmad,Brunei DPMM FC,Malaysia,Depan-Tengah,28,"Rp2,61Mlyr.",2610000000,2026-06-01
Christian Irobiso,Brunei DPMM FC,Malaysia,Depan-Tengah,30,"Rp2,61Mlyr.",2610000000,2026-06-01
Hariz Danial,Brunei DPMM FC,Malaysia,Depan-Tengah,0,"Rp434,54Jt.",434540000,2026-06-01
Zarif Irfan,Immigration FC,Malaysia,Kiper,0,"Rp2,61Mlyr.",2610000000,2026-06-01
Shaiful Wazizi,Immigration FC,Malaysia,Kiper,35,"Rp434,54Jt.",434540000,2026-06-01
Farhan Abdul Majid,Immigration FC,Malaysia,Kiper,43,"Rp173,82Jt.",173820000,2026-06-01
Amirali Chegini,Immigration FC,Malaysia,Bek-Tengah,0,"Rp4,35Mlyr.",4350000000,2026-06-01
Milani,Immigration FC,Malaysia,Bek-Tengah,0,"Rp1,30Mlyr.",1300000000,2026-06-01
Loqman Hakim,Immigration FC,Malaysia,Bek-Tengah,0,"Rp1,30Mlyr.",1300000000,2026-06-01
Nicholas Swirad,Immigration FC,Malaysia,Bek-Tengah,16,"Rp1,30Mlyr.",1300000000,2026-06-01
Farid Nezal,Immigration FC,Malaysia,Bek-Tengah,0,"Rp1,30Mlyr.",1300000000,2026-06-01
Hanafie Tokyo,Immigration FC,Malaysia,Bek-Tengah,22,"Rp434,54Jt.",434540000,2026-06-01
Keron Ornchaiyaphum,Immigration FC,Malaysia,Bek-Kiri,0,"Rp2,17Mlyr.",2170000000,2026-06-01
Azmeer Aris,Immigration FC,Malaysia,Bek-Kiri,37,"Rp434,54Jt.",434540000,2026-06-01
Aiman Yusni,Immigration FC,Malaysia,Bek-Kanan,0,"Rp2,17Mlyr.",2170000000,2026-06-01
Rizal Ghazali,Immigration FC,Malaysia,Bek-Kanan,0,"Rp2,17Mlyr.",2170000000,2026-06-01
Heshamudin Ahmad,Immigration FC,Malaysia,Bek-Kanan,30,"Rp173,82Jt.",173820000,2026-06-01
Pedro Santos,Immigration FC,Malaysia,Gel. Bertahan,0,"Rp1,30Mlyr.",1300000000,2026-06-01
Zulfahmi Arifin,Immigration FC,Malaysia,Gel. Bertahan,23,"Rp869,08Jt.",869080000,2026-06-01
Fadzrul Danel,Immigration FC,Malaysia,Gel. Tengah,20,"Rp2,61Mlyr.",2610000000,2026-06-01
Halim Saari,Immigration FC,Malaysia,Gel. Tengah,18,"Rp1,74Mlyr.",1740000000,2026-06-01
Mior Dani,Immigration FC,Malaysia,Gel. Tengah,19,"Rp1,30Mlyr.",1300000000,2026-06-01
Eduardo Sosa,Immigration FC,Malaysia,Gel. Serang,0,"Rp4,78Mlyr.",4780000000,2026-06-01
Nik Akif,Immigration FC,Malaysia,Gel. Serang,33,"Rp3,04Mlyr.",3040000000,2026-06-01
Rafael Holstein,Immigration FC,Malaysia,Gel. Serang,25,"Rp1,30Mlyr.",1300000000,2026-06-01
Fayadh Zulkifi,Immigration FC,Malaysia,Sayap Kiri,21,"Rp2,61Mlyr.",2610000000,2026-06-01
Syahmi Shamsudin,Immigration FC,Malaysia,Sayap Kiri,27,"Rp434,54Jt.",434540000,2026-06-01
Elvis Kamsoba,Immigration FC,Malaysia,Sayap Kanan,0,"Rp3,48Mlyr.",3480000000,2026-06-01
Nur Azfar Fikri,Immigration FC,Malaysia,Sayap Kanan,0,"Rp3,04Mlyr.",3040000000,2026-06-01
Nik Sharif Haseefy,Immigration FC,Malaysia,Sayap Kanan,0,"Rp1,30Mlyr.",1300000000,2026-06-01
Al-Hafiz Harun,Immigration FC,Malaysia,Sayap Kanan,0,"Rp1,30Mlyr.",1300000000,2026-06-01
João Pedro,Immigration FC,Malaysia,Depan-Tengah,0,"Rp3,91Mlyr.",3910000000,2026-06-01
Wilmar Jordán Gil,Immigration FC,Malaysia,Depan-Tengah,0,"Rp3,04Mlyr.",3040000000,2026-06-01
Babacar Gueye,Immigration FC,Malaysia,Depan-Tengah,24,-,0,2026-06-01
Syihan Hazmi,Johor Darul Ta'zim,Malaysia,Kiper,16,"Rp6,52Mlyr.",6520000000,2026-06-01
Andoni Zubiaurre,Johor Darul Ta'zim,Malaysia,Kiper,0,"Rp4,78Mlyr.",4780000000,2026-06-01
Christian Abad,Johor Darul Ta'zim,Malaysia,Kiper,0,"Rp434,54Jt.",434540000,2026-06-01
Antonio Glauder,Johor Darul Ta'zim,Malaysia,Bek-Tengah,0,"Rp11,30Mlyr.",11300000000,2026-06-01
Jun-heong Park,Johor Darul Ta'zim,Malaysia,Bek-Tengah,0,"Rp4,78Mlyr.",4780000000,2026-06-01
Shahrul Saad,Johor Darul Ta'zim,Malaysia,Bek-Tengah,0,"Rp3,48Mlyr.",3480000000,2026-06-01
Feroz Baharudin,Johor Darul Ta'zim,Malaysia,Bek-Tengah,0,"Rp3,48Mlyr.",3480000000,2026-06-01
Eddy Israfilov,Johor Darul Ta'zim,Malaysia,Bek-Tengah,23,"Rp3,48Mlyr.",3480000000,2026-06-01
Shane Lowry,Johor Darul Ta'zim,Malaysia,Bek-Tengah,0,"Rp1,74Mlyr.",1740000000,2026-06-01
Jon Irazábal,Johor Darul Ta'zim,Malaysia,Bek-Tengah,17,-,0,2026-06-01
Miquel Cuesta,Johor Darul Ta'zim,Malaysia,Bek-Tengah,44,-,0,2026-06-01
Jonathan Silva,Johor Darul Ta'zim,Malaysia,Bek-Kiri,33,"Rp9,56Mlyr.",9560000000,2026-06-01
La'Vere Corbin-Ong,Johor Darul Ta'zim,Malaysia,Bek-Kiri,22,"Rp2,61Mlyr.",2610000000,2026-06-01
Matthew Davies,Johor Darul Ta'zim,Malaysia,Bek-Kanan,0,"Rp7,82Mlyr.",7820000000,2026-06-01
Raúl Parra,Johor Darul Ta'zim,Malaysia,Bek-Kanan,36,"Rp3,48Mlyr.",3480000000,2026-06-01
Syahmi Safari,Johor Darul Ta'zim,Malaysia,Bek-Kanan,0,"Rp1,30Mlyr.",1300000000,2026-06-01
Nené,Johor Darul Ta'zim,Malaysia,Gel. Bertahan,18,"Rp17,38Mlyr.",17380000000,2026-06-01
Syamer Kutty,Johor Darul Ta'zim,Malaysia,Gel. Bertahan,41,"Rp3,48Mlyr.",3480000000,2026-06-01
Hong Wan,Johor Darul Ta'zim,Malaysia,Gel. Bertahan,0,"Rp3,04Mlyr.",3040000000,2026-06-01
Ibrahim Manusi,Johor Darul Ta'zim,Malaysia,Gel. Bertahan,27,"Rp1,74Mlyr.",1740000000,2026-06-01
Nacho Méndez,Johor Darul Ta'zim,Malaysia,Gel. Tengah,28,"Rp22,60Mlyr.",22600000000,2026-06-01
Stuart Wilkin,Johor Darul Ta'zim,Malaysia,Gel. Tengah,0,"Rp6,08Mlyr.",6080000000,2026-06-01
Afiq Fazail,Johor Darul Ta'zim,Malaysia,Gel. Tengah,0,"Rp5,21Mlyr.",5210000000,2026-06-01
Nazmi Faiz,Johor Darul Ta'zim,Malaysia,Gel. Tengah,21,"Rp3,04Mlyr.",3040000000,2026-06-01
Natxo Insa,Johor Darul Ta'zim,Malaysia,Gel. Tengah,30,"Rp869,08Jt.",869080000,2026-06-01
Hector Hevel,Johor Darul Ta'zim,Malaysia,Gel. Tengah,0,-,0,2026-06-01
Óscar Arribas,Johor Darul Ta'zim,Malaysia,Sayap Kiri,24,"Rp8,69Mlyr.",8690000000,2026-06-01
Teto Martín,Johor Darul Ta'zim,Malaysia,Sayap Kiri,20,"Rp7,82Mlyr.",7820000000,2026-06-01
Yago César,Johor Darul Ta'zim,Malaysia,Sayap Kiri,0,"Rp5,21Mlyr.",5210000000,2026-06-01
Enzo Lombardo,Johor Darul Ta'zim,Malaysia,Sayap Kiri,0,"Rp4,78Mlyr.",4780000000,2026-06-01
Ager Aketxe,Johor Darul Ta'zim,Malaysia,Sayap Kanan,0,"Rp13,04Mlyr.",13040000000,2026-06-01
Marcos Guilherme,Johor Darul Ta'zim,Malaysia,Sayap Kanan,0,"Rp13,04Mlyr.",13040000000,2026-06-01
Arif Aiman,Johor Darul Ta'zim,Malaysia,Sayap Kanan,42,"Rp12,17Mlyr.",12170000000,2026-06-01
Samu Castillejo,Johor Darul Ta'zim,Malaysia,Sayap Kanan,0,"Rp6,52Mlyr.",6520000000,2026-06-01
Manuel Hidalgo,Johor Darul Ta'zim,Malaysia,Sayap Kanan,0,"Rp5,65Mlyr.",5650000000,2026-06-01
Heberty,Johor Darul Ta'zim,Malaysia,Depan-Kedua,37,"Rp3,91Mlyr.",3910000000,2026-06-01
Jairo,Johor Darul Ta'zim,Malaysia,Depan-Tengah,0,"Rp13,91Mlyr.",13910000000,2026-06-01
Ajdin Mujagic,Johor Darul Ta'zim,Malaysia,Depan-Tengah,29,"Rp6,95Mlyr.",6950000000,2026-06-01
Bérgson,Johor Darul Ta'zim,Malaysia,Depan-Tengah,0,"Rp6,08Mlyr.",6080000000,2026-06-01
Romel Morales,Johor Darul Ta'zim,Malaysia,Depan-Tengah,19,"Rp5,65Mlyr.",5650000000,2026-06-01
João Figueiredo,Johor Darul Ta'zim,Malaysia,Depan-Tengah,25,-,0,2026-06-01
Celso Bermejo,Johor Darul Ta'zim,Malaysia,Depan-Tengah,0,-,0,2026-06-01
Samuel Somerville,Melaka FC,Malaysia,Kiper,0,"Rp1,74Mlyr.",1740000000,2026-06-01
Haziq Aiman,Melaka FC,Malaysia,Kiper,23,"Rp1,30Mlyr.",1300000000,2026-06-01
Firdaus Irman,Melaka FC,Malaysia,Kiper,31,"Rp434,54Jt.",434540000,2026-06-01
Noel Agbre,Melaka FC,Malaysia,Bek-Tengah,33,"Rp3,91Mlyr.",3910000000,2026-06-01
Irfan Zakaria,Melaka FC,Malaysia,Bek-Tengah,17,"Rp3,04Mlyr.",3040000000,2026-06-01
Dae-yeob Gu,Melaka FC,Malaysia,Bek-Tengah,37,"Rp1,30Mlyr.",1300000000,2026-06-01
Zulkhairi Zulkeply,Melaka FC,Malaysia,Bek-Tengah,42,"Rp434,54Jt.",434540000,2026-06-01
Argzim Redzovic,Melaka FC,Malaysia,Bek-Tengah,24,-,0,2026-06-01
V. Ruventhiran,Melaka FC,Malaysia,Bek-Kiri,0,"Rp1,30Mlyr.",1300000000,2026-06-01
G. Durrkeswaran,Melaka FC,Malaysia,Bek-Kiri,19,"Rp869,08Jt.",869080000,2026-06-01
Khairul Anwar,Melaka FC,Malaysia,Bek-Kiri,25,"Rp869,08Jt.",869080000,2026-06-01
Simen Lyngbø,Melaka FC,Malaysia,Bek-Kanan,0,"Rp3,04Mlyr.",3040000000,2026-06-01
Kwang-il Park,Melaka FC,Malaysia,Bek-Kanan,0,"Rp2,17Mlyr.",2170000000,2026-06-01
Che Rashid Che Halim,Melaka FC,Malaysia,Bek-Kanan,0,"Rp1,74Mlyr.",1740000000,2026-06-01
Aroon Kumar,Melaka FC,Malaysia,Bek-Kanan,18,"Rp1,30Mlyr.",1300000000,2026-06-01
Muhamad Hafiz Johar,Melaka FC,Malaysia,Bek-Kanan,27,"Rp434,54Jt.",434540000,2026-06-01
Michael Ozor,Melaka FC,Malaysia,Gel. Bertahan,16,"Rp1,30Mlyr.",1300000000,2026-06-01
Dino Kalesic,Melaka FC,Malaysia,Gel. Tengah,20,"Rp2,17Mlyr.",2170000000,2026-06-01
Nasir Basharudin,Melaka FC,Malaysia,Gel. Tengah,0,"Rp869,08Jt.",869080000,2026-06-01
Faiz Mazlan,Melaka FC,Malaysia,Gel. Tengah,0,"Rp434,54Jt.",434540000,2026-06-01
Nizarruddin Jazi,Melaka FC,Malaysia,Gel. Tengah,0,"Rp434,54Jt.",434540000,2026-06-01
Fahmi Faizal,Melaka FC,Malaysia,Gel. Tengah,28,-,0,2026-06-01
Aiman Danish,Melaka FC,Malaysia,Sayap Kiri,0,"Rp434,54Jt.",434540000,2026-06-01
Umar Hakeem,Melaka FC,Malaysia,Sayap Kiri,26,"Rp434,54Jt.",434540000,2026-06-01
Dong-hyeon Do,Melaka FC,Malaysia,Sayap Kanan,0,"Rp1,74Mlyr.",1740000000,2026-06-01
Mahali Jasuli,Melaka FC,Malaysia,Depan-Kedua,0,-,0,2026-06-01
Shahrel Fikri,Melaka FC,Malaysia,Depan-Tengah,0,"Rp2,17Mlyr.",2170000000,2026-06-01
Azim Rahim,Melaka FC,Malaysia,Depan-Tengah,0,"Rp1,30Mlyr.",1300000000,2026-06-01
Bernard Arthur,Melaka FC,Malaysia,Depan-Tengah,0,"Rp869,08Jt.",869080000,2026-06-01
Ahmed Shamsaldin,Melaka FC,Malaysia,Depan-Tengah,0,"Rp869,08Jt.",869080000,2026-06-01
Ifwat Akmal,PDRM FC,Malaysia,Kiper,30,"Rp1,74Mlyr.",1740000000,2026-06-01
Nor Hakeem Hamidun,PDRM FC,Malaysia,Kiper,0,"Rp1,74Mlyr.",1740000000,2026-06-01
Fahmi Ikhwan,PDRM FC,Malaysia,Kiper,28,"Rp173,82Jt.",173820000,2026-06-01
Asri Muhamad,PDRM FC,Malaysia,Kiper,20,-,0,2026-06-01
Tae-su Park,PDRM FC,Malaysia,Bek-Tengah,0,"Rp2,17Mlyr.",2170000000,2026-06-01
Badrul Affendy,PDRM FC,Malaysia,Bek-Tengah,0,"Rp1,74Mlyr.",1740000000,2026-06-01
Amir Saiful,PDRM FC,Malaysia,Bek-Kiri,19,"Rp3,04Mlyr.",3040000000,2026-06-01
Alif Naquiddin,PDRM FC,Malaysia,Bek-Kiri,26,"Rp2,61Mlyr.",2610000000,2026-06-01
Safiee Ahmad,PDRM FC,Malaysia,Bek-Kanan,32,"Rp3,04Mlyr.",3040000000,2026-06-01
Zazrir Naim,PDRM FC,Malaysia,Bek-Kanan,21,"Rp434,54Jt.",434540000,2026-06-01
Fakhrullah Yusoff,PDRM FC,Malaysia,Bek-Kanan,0,"Rp434,54Jt.",434540000,2026-06-01
Fadi Awad,PDRM FC,Malaysia,Gel. Bertahan,0,"Rp3,48Mlyr.",3480000000,2026-06-01
Eizrul Ashraf,PDRM FC,Malaysia,Gel. Tengah,34,"Rp2,17Mlyr.",2170000000,2026-06-01
Irfan Fazail,PDRM FC,Malaysia,Gel. Tengah,0,"Rp869,08Jt.",869080000,2026-06-01
Syafiq Azmi,PDRM FC,Malaysia,Gel. Tengah,16,"Rp434,54Jt.",434540000,2026-06-01
Adam Farhan Mustaffa,PDRM FC,Malaysia,Gel. Tengah,18,-,0,2026-06-01
Fakhrul Azim,PDRM FC,Malaysia,Sayap Kiri,0,"Rp2,61Mlyr.",2610000000,2026-06-01
Amirul Waie Yaacob,PDRM FC,Malaysia,Sayap Kiri,17,"Rp1,30Mlyr.",1300000000,2026-06-01
Hafiz A. Aziz,PDRM FC,Malaysia,Sayap Kiri,24,-,0,2026-06-01
Imran Samso,PDRM FC,Malaysia,Sayap Kanan,27,"Rp1,30Mlyr.",1300000000,2026-06-01
Afiq Saluddin,PDRM FC,Malaysia,Sayap Kanan,22,"Rp434,54Jt.",434540000,2026-06-01
Aiman Sufi Radzai,PDRM FC,Malaysia,Sayap Kanan,29,"Rp434,54Jt.",434540000,2026-06-01
Dick Cheny Waili,PDRM FC,Malaysia,Sayap Kanan,0,-,0,2026-06-01
Elisha Kashim,PDRM FC,Malaysia,Depan-Tengah,0,"Rp434,54Jt.",434540000,2026-06-01
Ramadhan Hamid,Penang FC,Malaysia,Kiper,22,"Rp1,74Mlyr.",1740000000,2026-06-01
Khairulazhan Khalid,Penang FC,Malaysia,Kiper,0,"Rp1,30Mlyr.",1300000000,2026-06-01
Khatul Anuar,Penang FC,Malaysia,Kiper,0,"Rp434,54Jt.",434540000,2026-06-01
Ashriq Izzat,Penang FC,Malaysia,Kiper,36,-,0,2026-06-01
Stefano Brundo,Penang FC,Malaysia,Bek-Tengah,0,"Rp4,35Mlyr.",4350000000,2026-06-01
Akmal Zahir,Penang FC,Malaysia,Bek-Tengah,0,"Rp2,61Mlyr.",2610000000,2026-06-01
Khairul Akmal Rokisham,Penang FC,Malaysia,Bek-Tengah,0,"Rp2,17Mlyr.",2170000000,2026-06-01
Faith Obilor,Penang FC,Malaysia,Bek-Tengah,0,"Rp1,74Mlyr.",1740000000,2026-06-01
Aidil Wafiy,Penang FC,Malaysia,Bek-Tengah,0,-,0,2026-06-01
Adib Ra'op,Penang FC,Malaysia,Bek-Kiri,0,"Rp4,35Mlyr.",4350000000,2026-06-01
Kamil Amirul,Penang FC,Malaysia,Bek-Kanan,0,"Rp1,74Mlyr.",1740000000,2026-06-01
Ahmad Irfan,Penang FC,Malaysia,Bek-Kanan,16,"Rp1,30Mlyr.",1300000000,2026-06-01
Hasbullah Abu Bakar,Penang FC,Malaysia,Gel. Bertahan,35,"Rp3,04Mlyr.",3040000000,2026-06-01
Haziq Kutty,Penang FC,Malaysia,Gel. Bertahan,0,"Rp1,74Mlyr.",1740000000,2026-06-01
Erick Brendon,Penang FC,Malaysia,Gel. Tengah,0,"Rp4,78Mlyr.",4780000000,2026-06-01
Amirul Hisyam,Penang FC,Malaysia,Gel. Tengah,0,"Rp3,04Mlyr.",3040000000,2026-06-01
Izzat Zikri Iziruddin,Penang FC,Malaysia,Gel. Tengah,0,"Rp2,61Mlyr.",2610000000,2026-06-01
Firdaus Saiyadi,Penang FC,Malaysia,Gel. Tengah,0,"Rp2,17Mlyr.",2170000000,2026-06-01
Ruo Han,Penang FC,Malaysia,Gel. Serang,19,"Rp434,54Jt.",434540000,2026-06-01
Alif Ikmalrizal,Penang FC,Malaysia,Sayap Kiri,0,"Rp1,74Mlyr.",1740000000,2026-06-01
OJ Porteria,Penang FC,Malaysia,Sayap Kiri,0,"Rp1,30Mlyr.",1300000000,2026-06-01
Akid Zamri,Penang FC,Malaysia,Sayap Kiri,28,"Rp1,30Mlyr.",1300000000,2026-06-01
Omid Musawi,Penang FC,Malaysia,Sayap Kiri,17,"Rp434,54Jt.",434540000,2026-06-01
Syakirin Fadzli,Penang FC,Malaysia,Sayap Kiri,0,-,0,2026-06-01
Dylan Wenzel-Halls,Penang FC,Malaysia,Sayap Kanan,0,"Rp4,78Mlyr.",4780000000,2026-06-01
Shamie Iszuan,Penang FC,Malaysia,Sayap Kanan,0,"Rp2,61Mlyr.",2610000000,2026-06-01
Arif Shaqirin,Penang FC,Malaysia,Sayap Kanan,29,"Rp1,30Mlyr.",1300000000,2026-06-01
Douglas Coutinho,Penang FC,Malaysia,Depan-Tengah,32,"Rp3,48Mlyr.",3480000000,2026-06-01
Kipré Tchetche,Penang FC,Malaysia,Depan-Tengah,23,"Rp1,74Mlyr.",1740000000,2026-06-01
Bruno Suzuki,Penang FC,Malaysia,Depan-Tengah,0,"Rp1,30Mlyr.",1300000000,2026-06-01
Azri Ghani,Negeri Sembilan FC,Malaysia,Kiper,30,"Rp3,91Mlyr.",3910000000,2026-06-01
Aqil Razak,Negeri Sembilan FC,Malaysia,Kiper,22,"Rp1,74Mlyr.",1740000000,2026-06-01
Syahmi Adib,Negeri Sembilan FC,Malaysia,Kiper,0,"Rp434,54Jt.",434540000,2026-06-01
Fareez Safwan,Negeri Sembilan FC,Malaysia,Kiper,31,-,0,2026-06-01
Luis Enrique Nsue,Negeri Sembilan FC,Malaysia,Bek-Tengah,0,"Rp3,48Mlyr.",3480000000,2026-06-01
Zainal Abidin Jamil,Negeri Sembilan FC,Malaysia,Bek-Tengah,0,"Rp2,61Mlyr.",2610000000,2026-06-01
Khuzaimi Piee,Negeri Sembilan FC,Malaysia,Bek-Tengah,18,"Rp1,74Mlyr.",1740000000,2026-06-01
Filip Andersen,Negeri Sembilan FC,Malaysia,Bek-Tengah,23,"Rp1,74Mlyr.",1740000000,2026-06-01
Kei Oshiro,Negeri Sembilan FC,Malaysia,Bek-Tengah,0,-,0,2026-06-01
Harith Samsuri,Negeri Sembilan FC,Malaysia,Bek-Kiri,0,"Rp2,17Mlyr.",2170000000,2026-06-01
Azrin Afiq,Negeri Sembilan FC,Malaysia,Bek-Kiri,0,"Rp1,30Mlyr.",1300000000,2026-06-01
Ariff Ar-Rasyid,Negeri Sembilan FC,Malaysia,Bek-Kanan,28,"Rp2,61Mlyr.",2610000000,2026-06-01
Amirul Adli Azmi,Negeri Sembilan FC,Malaysia,Bek-Kanan,0,"Rp2,17Mlyr.",2170000000,2026-06-01
Anwar Ibrahim,Negeri Sembilan FC,Malaysia,Bek-Kanan,25,"Rp1,30Mlyr.",1300000000,2026-06-01
Syed Zaris Irfan,Negeri Sembilan FC,Malaysia,Bek-Kanan,0,-,0,2026-06-01
Oday Kharoub,Negeri Sembilan FC,Malaysia,Gel. Bertahan,21,"Rp3,48Mlyr.",3480000000,2026-06-01
Wai Lin Aung,Negeri Sembilan FC,Malaysia,Gel. Bertahan,0,"Rp2,61Mlyr.",2610000000,2026-06-01
Zahril Azri,Negeri Sembilan FC,Malaysia,Gel. Bertahan,0,"Rp869,08Jt.",869080000,2026-06-01
Haiqal Danish,Negeri Sembilan FC,Malaysia,Gel. Bertahan,35,"Rp434,54Jt.",434540000,2026-06-01
Yuichi Hirano,Negeri Sembilan FC,Malaysia,Gel. Tengah,24,"Rp1,74Mlyr.",1740000000,2026-06-01
Sang-su An,Negeri Sembilan FC,Malaysia,Gel. Tengah,0,"Rp1,30Mlyr.",1300000000,2026-06-01
Haiqal Haqeemi,Negeri Sembilan FC,Malaysia,Gel. Tengah,0,-,0,2026-06-01
Afiq Fitri,Negeri Sembilan FC,Malaysia,Gel. Tengah,0,-,0,2026-06-01
Takumi Sasaki,Negeri Sembilan FC,Malaysia,Gel. Serang,0,"Rp3,91Mlyr.",3910000000,2026-06-01
Jovan Motika,Negeri Sembilan FC,Malaysia,Sayap Kiri,0,"Rp3,91Mlyr.",3910000000,2026-06-01
Hakimi Abdullah,Negeri Sembilan FC,Malaysia,Sayap Kiri,17,"Rp2,17Mlyr.",2170000000,2026-06-01
Hadin Azman,Negeri Sembilan FC,Malaysia,Sayap Kiri,27,"Rp1,30Mlyr.",1300000000,2026-06-01
Anuar Ceesay,Negeri Sembilan FC,Malaysia,Sayap Kiri,29,-,0,2026-06-01
A. Selvan,Negeri Sembilan FC,Malaysia,Sayap Kanan,16,"Rp2,17Mlyr.",2170000000,2026-06-01
Mio Tsuneyasu,Negeri Sembilan FC,Malaysia,Sayap Kanan,20,"Rp1,30Mlyr.",1300000000,2026-06-01
Joseph Esso,Negeri Sembilan FC,Malaysia,Depan-Tengah,0,"Rp2,61Mlyr.",2610000000,2026-06-01
Luqman Hakim,Negeri Sembilan FC,Malaysia,Depan-Tengah,0,"Rp2,17Mlyr.",2170000000,2026-06-01
N. Javabilaarivin,Negeri Sembilan FC,Malaysia,Depan-Tengah,19,"Rp434,54Jt.",434540000,2026-06-01
Damyan Damyanov,Kelantan The Real Warriors,Malaysia,Kiper,0,"Rp2,61Mlyr.",2610000000,2026-06-01
Azfar Arif,Kelantan The Real Warriors,Malaysia,Kiper,18,"Rp1,74Mlyr.",1740000000,2026-06-01
Fikri Che Soh,Kelantan The Real Warriors,Malaysia,Kiper,33,"Rp869,08Jt.",869080000,2026-06-01
Alexandre Yeoulé,Kelantan The Real Warriors,Malaysia,Bek-Tengah,0,"Rp4,35Mlyr.",4350000000,2026-06-01
Yohanes Kandaimu,Kelantan The Real Warriors,Malaysia,Bek-Tengah,0,"Rp1,30Mlyr.",1300000000,2026-06-01
Rakesh Munusamy,Kelantan The Real Warriors,Malaysia,Bek-Tengah,0,"Rp434,54Jt.",434540000,2026-06-01
Nik Umar Nik Aziz,Kelantan The Real Warriors,Malaysia,Bek-Tengah,0,-,0,2026-06-01
Yusuf Sesay,Kelantan The Real Warriors,Malaysia,Bek-Tengah,0,-,0,2026-06-01
Azwan Aripin,Kelantan The Real Warriors,Malaysia,Bek-Kiri,23,"Rp3,04Mlyr.",3040000000,2026-06-01
Wan Amirul Afiq,Kelantan The Real Warriors,Malaysia,Bek-Kanan,0,"Rp1,74Mlyr.",1740000000,2026-06-01
Faris Shah Rosli,Kelantan The Real Warriors,Malaysia,Bek-Kanan,0,"Rp1,30Mlyr.",1300000000,2026-06-01
Sebastian Avanzini,Kelantan The Real Warriors,Malaysia,Gel. Bertahan,0,"Rp3,04Mlyr.",3040000000,2026-06-01
Azam Azih,Kelantan The Real Warriors,Malaysia,Gel. Tengah,0,"Rp4,35Mlyr.",4350000000,2026-06-01
Habib Haroon,Kelantan The Real Warriors,Malaysia,Gel. Tengah,0,"Rp3,91Mlyr.",3910000000,2026-06-01
Albert Kang,Kelantan The Real Warriors,Malaysia,Gel. Tengah,0,"Rp3,04Mlyr.",3040000000,2026-06-01
Danial Haqim Deraman,Kelantan The Real Warriors,Malaysia,Gel. Tengah,20,"Rp869,08Jt.",869080000,2026-06-01
Kosuke Yoshida,Kelantan The Real Warriors,Malaysia,Gel. Tengah,0,-,0,2026-06-01
Syahir Abdul Rashid,Kelantan The Real Warriors,Malaysia,Gel. Serang,25,"Rp1,30Mlyr.",1300000000,2026-06-01
T. Saravanan,Kelantan The Real Warriors,Malaysia,Sayap Kiri,26,"Rp2,61Mlyr.",2610000000,2026-06-01
Farris Izdiham,Kelantan The Real Warriors,Malaysia,Sayap Kiri,29,"Rp2,17Mlyr.",2170000000,2026-06-01
Syafik Ismail,Kelantan The Real Warriors,Malaysia,Sayap Kiri,17,"Rp1,30Mlyr.",1300000000,2026-06-01
Sean Selvaraj,Kelantan The Real Warriors,Malaysia,Sayap Kanan,0,"Rp1,30Mlyr.",1300000000,2026-06-01
Saifu Izamander,Kelantan The Real Warriors,Malaysia,Sayap Kanan,27,-,0,2026-06-01
Khairul Izuan Rosli,Kelantan The Real Warriors,Malaysia,Depan-Kedua,21,-,0,2026-06-01
Enzo Célestine,Kelantan The Real Warriors,Malaysia,Depan-Tengah,0,"Rp2,61Mlyr.",2610000000,2026-06-01
Ifedayo Olusegun,Kelantan The Real Warriors,Malaysia,Depan-Tengah,0,"Rp2,17Mlyr.",2170000000,2026-06-01
Abdul Sesay,Kelantan The Real Warriors,Malaysia,Depan-Tengah,24,"Rp869,08Jt.",869080000,2026-06-01
Asraff Aliffuddin Yasin,Kelantan The Real Warriors,Malaysia,Depan-Tengah,0,"Rp869,08Jt.",869080000,2026-06-01
Syaahir Saiful Nizam,Kelantan The Real Warriors,Malaysia,Depan-Tengah,19,"Rp434,54Jt.",434540000,2026-06-01
Quincy Kammeraad,Kuala Lumpur City FC,Malaysia,Kiper,0,"Rp3,48Mlyr.",3480000000,2026-06-01
Hafizul Hakim,Kuala Lumpur City FC,Malaysia,Kiper,22,"Rp1,30Mlyr.",1300000000,2026-06-01
Asyraaf Omar,Kuala Lumpur City FC,Malaysia,Kiper,30,-,0,2026-06-01
Giancarlo Gallifuoco,Kuala Lumpur City FC,Malaysia,Bek-Tengah,0,"Rp5,21Mlyr.",5210000000,2026-06-01
Dmytro Lytvyn,Kuala Lumpur City FC,Malaysia,Bek-Tengah,0,"Rp4,78Mlyr.",4780000000,2026-06-01
Adam Nor Azlin,Kuala Lumpur City FC,Malaysia,Bek-Tengah,0,"Rp3,04Mlyr.",3040000000,2026-06-01
Declan Lambert,Kuala Lumpur City FC,Malaysia,Bek-Kiri,0,"Rp4,78Mlyr.",4780000000,2026-06-01
Syazwan Andik,Kuala Lumpur City FC,Malaysia,Bek-Kiri,23,"Rp2,17Mlyr.",2170000000,2026-06-01
Kamal Azizi,Kuala Lumpur City FC,Malaysia,Bek-Kanan,0,"Rp3,04Mlyr.",3040000000,2026-06-01
Azrif Nasrulhaq,Kuala Lumpur City FC,Malaysia,Bek-Kanan,20,"Rp1,30Mlyr.",1300000000,2026-06-01
Kenny Pallraj,Kuala Lumpur City FC,Malaysia,Gel. Bertahan,21,"Rp2,61Mlyr.",2610000000,2026-06-01
Ryan Lambert,Kuala Lumpur City FC,Malaysia,Gel. Tengah,0,"Rp4,78Mlyr.",4780000000,2026-06-01
Zhafri Yahya,Kuala Lumpur City FC,Malaysia,Gel. Tengah,0,"Rp4,35Mlyr.",4350000000,2026-06-01
Gorka Larrucea,Kuala Lumpur City FC,Malaysia,Gel. Tengah,24,"Rp3,48Mlyr.",3480000000,2026-06-01
Amirul Aiman,Kuala Lumpur City FC,Malaysia,Gel. Tengah,34,"Rp434,54Jt.",434540000,2026-06-01
Madger Gomes,Kuala Lumpur City FC,Malaysia,Gel. Tengah,0,-,0,2026-06-01
Víctor Ruiz,Kuala Lumpur City FC,Malaysia,Gel. Serang,0,"Rp3,04Mlyr.",3040000000,2026-06-01
Fazrul Amir,Kuala Lumpur City FC,Malaysia,Sayap Kiri,17,"Rp2,17Mlyr.",2170000000,2026-06-01
Nicolao Cardoso,Kuala Lumpur City FC,Malaysia,Sayap Kiri,0,"Rp2,17Mlyr.",2170000000,2026-06-01
Enzo Cora,Kuala Lumpur City FC,Malaysia,Sayap Kiri,0,"Rp434,54Jt.",434540000,2026-06-01
Safawi Rasid,Kuala Lumpur City FC,Malaysia,Sayap Kanan,0,"Rp5,21Mlyr.",5210000000,2026-06-01
S. Sharvin,Kuala Lumpur City FC,Malaysia,Sayap Kanan,0,"Rp869,08Jt.",869080000,2026-06-01
Kpah Sherman,Kuala Lumpur City FC,Malaysia,Depan-Tengah,0,"Rp3,91Mlyr.",3910000000,2026-06-01
Paulo Josué,Kuala Lumpur City FC,Malaysia,Depan-Tengah,28,"Rp3,48Mlyr.",3480000000,2026-06-01
Haziq Nadzli,Kuching City,Malaysia,Kiper,20,"Rp4,78Mlyr.",4780000000,2026-06-01
Wan Azraie,Kuching City,Malaysia,Kiper,39,"Rp434,54Jt.",434540000,2026-06-01
Shahril Sa'ari,Kuching City,Malaysia,Kiper,0,"Rp434,54Jt.",434540000,2026-06-01
Syafie Mursalim,Kuching City,Malaysia,Kiper,0,-,0,2026-06-01
Yuki Tanigawa,Kuching City,Malaysia,Bek-Tengah,0,"Rp5,21Mlyr.",5210000000,2026-06-01
Rodney Celvin,Kuching City,Malaysia,Bek-Tengah,0,"Rp3,48Mlyr.",3480000000,2026-06-01
James Okwuosa,Kuching City,Malaysia,Bek-Tengah,35,"Rp1,30Mlyr.",1300000000,2026-06-01
Yohanis Daniel,Kuching City,Malaysia,Bek-Tengah,0,-,0,2026-06-01
Scott Woods,Kuching City,Malaysia,Bek-Kiri,0,"Rp3,04Mlyr.",3040000000,2026-06-01
Arif Fadzilah,Kuching City,Malaysia,Bek-Kiri,0,"Rp3,04Mlyr.",3040000000,2026-06-01
Filemon Anyie,Kuching City,Malaysia,Bek-Kiri,27,"Rp1,74Mlyr.",1740000000,2026-06-01
Jimmy Raymond,Kuching City,Malaysia,Bek-Kanan,0,"Rp3,91Mlyr.",3910000000,2026-06-01
Ariff Farhan,Kuching City,Malaysia,Bek-Kanan,23,"Rp3,48Mlyr.",3480000000,2026-06-01
Moses Atede,Kuching City,Malaysia,Gel. Bertahan,25,"Rp6,08Mlyr.",6080000000,2026-06-01
Danial Amier,Kuching City,Malaysia,Gel. Tengah,21,"Rp3,04Mlyr.",3040000000,2026-06-01
Petrus Shitembi,Kuching City,Malaysia,Gel. Tengah,0,"Rp2,17Mlyr.",2170000000,2026-06-01
Alif Hassan,Kuching City,Malaysia,Gel. Tengah,44,"Rp2,17Mlyr.",2170000000,2026-06-01
Diego Baggio,Kuching City,Malaysia,Gel. Tengah,0,"Rp1,74Mlyr.",1740000000,2026-06-01
Ahmed Israiwah,Kuching City,Malaysia,Gel. Serang,0,"Rp3,91Mlyr.",3910000000,2026-06-01
Wesley Azcang Milkias,Kuching City,Malaysia,Gel. Serang,0,-,0,2026-06-01
Ramadhan Saifullah,Kuching City,Malaysia,Sayap Kiri,0,"Rp3,91Mlyr.",3910000000,2026-06-01
Zharmien Ashraf,Kuching City,Malaysia,Sayap Kiri,29,-,0,2026-06-01
Danial Asri,Kuching City,Malaysia,Sayap Kanan,17,"Rp2,61Mlyr.",2610000000,2026-06-01
João Pedro,Kuching City,Malaysia,Sayap Kanan,22,"Rp2,61Mlyr.",2610000000,2026-06-01
Zahrul Zulkeflee,Kuching City,Malaysia,Sayap Kanan,0,"Rp1,74Mlyr.",1740000000,2026-06-01
Amir Amri Salleh,Kuching City,Malaysia,Sayap Kanan,0,"Rp869,08Jt.",869080000,2026-06-01
Jordan Mintah,Kuching City,Malaysia,Depan-Tengah,28,"Rp4,78Mlyr.",4780000000,2026-06-01
Jerome Mpacko Etame,Kuching City,Malaysia,Depan-Tengah,0,"Rp2,61Mlyr.",2610000000,2026-06-01
Ronald Ngah,Kuching City,Malaysia,Depan-Tengah,18,"Rp2,61Mlyr.",2610000000,2026-06-01
Gabriel Nistelrooy,Kuching City,Malaysia,Depan-Tengah,19,"Rp869,08Jt.",869080000,2026-06-01
Hazwan Bakri,Kuching City,Malaysia,Depan-Tengah,0,"Rp434,54Jt.",434540000,2026-06-01
Damien Lim,Sabah FC,Malaysia,Kiper,31,"Rp3,04Mlyr.",3040000000,2026-06-01
Khairul Fahmi,Sabah FC,Malaysia,Kiper,19,"Rp1,30Mlyr.",1300000000,2026-06-01
Ramzi Mustakim,Sabah FC,Malaysia,Kiper,0,"Rp434,54Jt.",434540000,2026-06-01
Azlizan Azlan,Sabah FC,Malaysia,Kiper,25,-,0,2026-06-01
Amir Jef,Sabah FC,Malaysia,Kiper,36,-,0,2026-06-01
Dominic Tan,Sabah FC,Malaysia,Bek-Tengah,33,"Rp5,65Mlyr.",5650000000,2026-06-01
Gabriel Peres,Sabah FC,Malaysia,Bek-Tengah,0,"Rp4,35Mlyr.",4350000000,2026-06-01
Rawilson Batuil,Sabah FC,Malaysia,Bek-Tengah,0,"Rp3,04Mlyr.",3040000000,2026-06-01
José Ángel,Sabah FC,Malaysia,Bek-Tengah,0,-,0,2026-06-01
Ritchie Svenson,Sabah FC,Malaysia,Bek-Tengah,34,-,0,2026-06-01
R. Dinesh,Sabah FC,Malaysia,Bek-Kiri,0,"Rp1,30Mlyr.",1300000000,2026-06-01
Ernesto Phumipha,Sabah FC,Malaysia,Bek-Kiri,0,"Rp1,30Mlyr.",1300000000,2026-06-01
Rozacklye Yanam,Sabah FC,Malaysia,Bek-Kiri,0,-,0,2026-06-01
Dane Ingham,Sabah FC,Malaysia,Bek-Kanan,23,"Rp6,52Mlyr.",6520000000,2026-06-01
Harith Naem Jaineh,Sabah FC,Malaysia,Bek-Kanan,0,"Rp869,08Jt.",869080000,2026-06-01
Gary Steven,Sabah FC,Malaysia,Gel. Bertahan,20,"Rp1,30Mlyr.",1300000000,2026-06-01
Miguel Cifuentes,Sabah FC,Malaysia,Gel. Tengah,0,"Rp3,04Mlyr.",3040000000,2026-06-01
Dean Pelekanos,Sabah FC,Malaysia,Gel. Tengah,0,"Rp3,04Mlyr.",3040000000,2026-06-01
Fakrul Iman,Sabah FC,Malaysia,Gel. Tengah,0,"Rp434,54Jt.",434540000,2026-06-01
Rusdi Roslan,Sabah FC,Malaysia,Gel. Tengah,0,-,0,2026-06-01
Duje Ljubic,Sabah FC,Malaysia,Gel. Serang,22,"Rp2,17Mlyr.",2170000000,2026-06-01
Farhan Roslan,Sabah FC,Malaysia,Sayap Kiri,0,"Rp2,17Mlyr.",2170000000,2026-06-01
Shahrol Nizam,Sabah FC,Malaysia,Sayap Kiri,30,-,0,2026-06-01
S. Kumaahran,Sabah FC,Malaysia,Sayap Kanan,0,"Rp2,61Mlyr.",2610000000,2026-06-01
Maxsius Musa,Sabah FC,Malaysia,Sayap Kanan,27,-,0,2026-06-01
Faheed Naqqeu,Sabah FC,Malaysia,Sayap Kanan,35,-,0,2026-06-01
Chris Marlon Ondong Mba,Sabah FC,Malaysia,Depan-Tengah,0,"Rp3,48Mlyr.",3480000000,2026-06-01
Fergus Tierney,Sabah FC,Malaysia,Depan-Tengah,0,"Rp3,48Mlyr.",3480000000,2026-06-01
Jafri Firdaus Chew,Sabah FC,Malaysia,Depan-Tengah,0,"Rp3,04Mlyr.",3040000000,2026-06-01
Darren Lok,Sabah FC,Malaysia,Depan-Tengah,28,"Rp2,17Mlyr.",2170000000,2026-06-01
Azhad Harraz,Sabah FC,Malaysia,Depan-Tengah,0,"Rp1,30Mlyr.",1300000000,2026-06-01
Kervens Belfort,Sabah FC,Malaysia,Depan-Tengah,0,-,0,2026-06-01
Kalamullah Al-Hafiz,Selangor FC,Malaysia,Kiper,33,"Rp4,78Mlyr.",4780000000,2026-06-01
Sikh Izhan Nazrel,Selangor FC,Malaysia,Kiper,31,"Rp3,48Mlyr.",3480000000,2026-06-01
Azim Al-Amin,Selangor FC,Malaysia,Kiper,20,"Rp1,74Mlyr.",1740000000,2026-06-01
Mamadou Diarra,Selangor FC,Malaysia,Bek-Tengah,0,"Rp10,43Mlyr.",10430000000,2026-06-01
Harith Haiqal,Selangor FC,Malaysia,Bek-Tengah,0,"Rp4,78Mlyr.",4780000000,2026-06-01
Richmond Tetteh Ankrah,Selangor FC,Malaysia,Bek-Tengah,0,"Rp4,35Mlyr.",4350000000,2026-06-01
Mohammad Abualnadi,Selangor FC,Malaysia,Bek-Tengah,0,"Rp3,91Mlyr.",3910000000,2026-06-01
Sharul Nazeem,Selangor FC,Malaysia,Bek-Tengah,44,"Rp3,91Mlyr.",3910000000,2026-06-01
Safuwan Baharudin,Selangor FC,Malaysia,Bek-Tengah,21,"Rp2,17Mlyr.",2170000000,2026-06-01
Moses Raj,Selangor FC,Malaysia,Bek-Tengah,22,-,0,2026-06-01
Fazly Mazlan,Selangor FC,Malaysia,Bek-Kiri,0,"Rp2,17Mlyr.",2170000000,2026-06-01
Quentin Cheng,Selangor FC,Malaysia,Bek-Kanan,0,"Rp5,65Mlyr.",5650000000,2026-06-01
Zikri Khalili,Selangor FC,Malaysia,Bek-Kanan,0,"Rp3,04Mlyr.",3040000000,2026-06-01
Raimi Shamsul,Selangor FC,Malaysia,Bek-Kanan,32,-,0,2026-06-01
Mahamé Siby,Selangor FC,Malaysia,Gel. Bertahan,0,"Rp4,78Mlyr.",4780000000,2026-06-01
Muhammad Abu Khalil,Selangor FC,Malaysia,Gel. Bertahan,28,"Rp1,30Mlyr.",1300000000,2026-06-01
Noor Al-Rawabdeh,Selangor FC,Malaysia,Gel. Tengah,0,"Rp7,82Mlyr.",7820000000,2026-06-01
Nooa Laine,Selangor FC,Malaysia,Gel. Tengah,0,"Rp6,08Mlyr.",6080000000,2026-06-01
Mukhairi Ajmal,Selangor FC,Malaysia,Gel. Tengah,0,"Rp3,04Mlyr.",3040000000,2026-06-01
Alex Agyarkwa,Selangor FC,Malaysia,Gel. Tengah,24,"Rp3,04Mlyr.",3040000000,2026-06-01
Aliff Haiqal,Selangor FC,Malaysia,Gel. Tengah,0,"Rp3,04Mlyr.",3040000000,2026-06-01
Syahir Bashah,Selangor FC,Malaysia,Gel. Tengah,43,"Rp2,17Mlyr.",2170000000,2026-06-01
Seung-min Jeon,Selangor FC,Malaysia,Gel. Tengah,19,"Rp1,74Mlyr.",1740000000,2026-06-01
Danish Iskandar,Selangor FC,Malaysia,Gel. Tengah,39,-,0,2026-06-01
Hugo Boumous,Selangor FC,Malaysia,Gel. Serang,0,"Rp12,17Mlyr.",12170000000,2026-06-01
Aliff Izwan,Selangor FC,Malaysia,Gel. Serang,0,"Rp2,61Mlyr.",2610000000,2026-06-01
Faisal Halim,Selangor FC,Malaysia,Sayap Kiri,0,"Rp6,08Mlyr.",6080000000,2026-06-01
Ji-ho Kim,Selangor FC,Malaysia,Sayap Kiri,17,"Rp1,30Mlyr.",1300000000,2026-06-01
Alvin Fortes,Selangor FC,Malaysia,Sayap Kanan,0,"Rp6,95Mlyr.",6950000000,2026-06-01
Vitor Pernambuco,Selangor FC,Malaysia,Sayap Kanan,0,"Rp1,74Mlyr.",1740000000,2026-06-01
Harry Danish,Selangor FC,Malaysia,Sayap Kanan,42,"Rp869,08Jt.",869080000,2026-06-01
Chrigor Moraes,Selangor FC,Malaysia,Depan-Tengah,0,"Rp13,91Mlyr.",13910000000,2026-06-01
Van Viet Nguyen,The Cong - Viettel FC,Vietnam,Kiper,28,"Rp3,48Mlyr.",3480000000,2026-06-01
Van Phong Pham,The Cong - Viettel FC,Vietnam,Kiper,36,"Rp869,08Jt.",869080000,2026-06-01
Xuan Son Ngo,The Cong - Viettel FC,Vietnam,Kiper,0,"Rp434,54Jt.",434540000,2026-06-01
Hoang An Pham,The Cong - Viettel FC,Vietnam,Kiper,0,-,0,2026-06-01
Tien Dung Bui,The Cong - Viettel FC,Vietnam,Bek-Tengah,0,"Rp4,78Mlyr.",4780000000,2026-06-01
Thanh Binh Nguyen,The Cong - Viettel FC,Vietnam,Bek-Tengah,0,"Rp4,35Mlyr.",4350000000,2026-06-01
Kyle Colonna,The Cong - Viettel FC,Vietnam,Bek-Tengah,0,"Rp3,48Mlyr.",3480000000,2026-06-01
Van Nam Dao,The Cong - Viettel FC,Vietnam,Bek-Tengah,20,"Rp2,61Mlyr.",2610000000,2026-06-01
Minh Tung Nguyen,The Cong - Viettel FC,Vietnam,Bek-Tengah,0,"Rp1,74Mlyr.",1740000000,2026-06-01
Tuan Phong Dang,The Cong - Viettel FC,Vietnam,Bek-Tengah,0,"Rp869,08Jt.",869080000,2026-06-01
Tuan Tai Phan,The Cong - Viettel FC,Vietnam,Bek-Kiri,0,"Rp4,35Mlyr.",4350000000,2026-06-01
Van Duc Bui,The Cong - Viettel FC,Vietnam,Bek-Kiri,26,"Rp2,17Mlyr.",2170000000,2026-06-01
Viet Tu Dinh,The Cong - Viettel FC,Vietnam,Bek-Kiri,18,"Rp1,30Mlyr.",1300000000,2026-06-01
Van Quyet Vu,The Cong - Viettel FC,Vietnam,Bek-Kanan,21,-,0,2026-06-01
Paulinho Curuá,The Cong - Viettel FC,Vietnam,Gel. Bertahan,0,"Rp1,74Mlyr.",1740000000,2026-06-01
Van Tram Dang,The Cong - Viettel FC,Vietnam,Gel. Bertahan,29,"Rp1,30Mlyr.",1300000000,2026-06-01
Damian Vu Thanh,The Cong - Viettel FC,Vietnam,Gel. Bertahan,0,"Rp869,08Jt.",869080000,2026-06-01
Thanh Tung Duong,The Cong - Viettel FC,Vietnam,Gelandang,22,"Rp434,54Jt.",434540000,2026-06-01
Wesley Natã,The Cong - Viettel FC,Vietnam,Gel. Tengah,25,"Rp5,65Mlyr.",5650000000,2026-06-01
Xuan Tien Dinh,The Cong - Viettel FC,Vietnam,Gel. Tengah,19,"Rp2,61Mlyr.",2610000000,2026-06-01
Van Tu Nguyen,The Cong - Viettel FC,Vietnam,Gel. Tengah,0,"Rp1,74Mlyr.",1740000000,2026-06-01
Quoc Nhat Nam Le,The Cong - Viettel FC,Vietnam,Gel. Tengah,16,"Rp1,30Mlyr.",1300000000,2026-06-01
Duc Hoang Minh Nguyen,The Cong - Viettel FC,Vietnam,Gelandang Kanan,17,"Rp1,30Mlyr.",1300000000,2026-06-01
Ngoc Tu Nguyen,The Cong - Viettel FC,Vietnam,Gelandang Kanan,0,"Rp869,08Jt.",869080000,2026-06-01
Van Khang Khuat,The Cong - Viettel FC,Vietnam,Gelandang Kiri,0,"Rp5,21Mlyr.",5210000000,2026-06-01
Huu Thang Nguyen,The Cong - Viettel FC,Vietnam,Gel. Serang,0,"Rp2,17Mlyr.",2170000000,2026-06-01
Hoang Khanh Nguyen,The Cong - Viettel FC,Vietnam,Sayap Kiri,30,-,0,2026-06-01
Pedro Henrique,The Cong - Viettel FC,Vietnam,Sayap Kanan,0,"Rp3,48Mlyr.",3480000000,2026-06-01
Cong Phuong Nguyen,The Cong - Viettel FC,Vietnam,Sayap Kanan,0,"Rp1,30Mlyr.",1300000000,2026-06-01
Lucão,The Cong - Viettel FC,Vietnam,Depan-Tengah,0,"Rp3,91Mlyr.",3910000000,2026-06-01
Manh Dung Nham,The Cong - Viettel FC,Vietnam,Depan-Tengah,23,"Rp3,04Mlyr.",3040000000,2026-06-01
Danh Trung Tran,The Cong - Viettel FC,Vietnam,Depan-Tengah,0,"Rp2,17Mlyr.",2170000000,2026-06-01
Si Chien Nguyen,The Cong - Viettel FC,Vietnam,Penyerang,0,-,0,2026-06-01
Dang Duong Nguyen,The Cong - Viettel FC,Vietnam,Penyerang,0,-,0,2026-06-01
Van Hoang Nguyen,Ha Noi FC,Vietnam,Kiper,0,"Rp2,61Mlyr.",2610000000,2026-06-01
Van Chuan Quan,Ha Noi FC,Vietnam,Kiper,0,"Rp2,17Mlyr.",2170000000,2026-06-01
Duy Dung Nguyen,Ha Noi FC,Vietnam,Kiper,29,-,0,2026-06-01
Dinh Hai Pham,Ha Noi FC,Vietnam,Kiper,0,-,0,2026-06-01
Duy Manh Do,Ha Noi FC,Vietnam,Bek-Tengah,0,"Rp5,65Mlyr.",5650000000,2026-06-01
Thanh Chung Nguyen,Ha Noi FC,Vietnam,Bek-Tengah,16,"Rp5,21Mlyr.",5210000000,2026-06-01
Adriel,Ha Noi FC,Vietnam,Bek-Tengah,35,"Rp4,35Mlyr.",4350000000,2026-06-01
Anh Tiep Nguyen,Ha Noi FC,Vietnam,Bek-Tengah,33,-,0,2026-06-01
Van Xuan Le,Ha Noi FC,Vietnam,Bek-Kiri,0,"Rp2,61Mlyr.",2610000000,2026-06-01
Dinh Hai Vu,Ha Noi FC,Vietnam,Bek-Kiri,21,"Rp1,30Mlyr.",1300000000,2026-06-01
Cong Nhat Nguyen,Ha Noi FC,Vietnam,Bek-Kiri,22,"Rp869,08Jt.",869080000,2026-06-01
Xuan Kien Nguyen,Ha Noi FC,Vietnam,Bek-Kiri,26,"Rp869,08Jt.",869080000,2026-06-01
Xuan Manh Pham,Ha Noi FC,Vietnam,Bek-Kanan,0,"Rp4,35Mlyr.",4350000000,2026-06-01
Tien Long Vu,Ha Noi FC,Vietnam,Bek-Kanan,0,"Rp869,08Jt.",869080000,2026-06-01
Van Thang Tran,Ha Noi FC,Vietnam,Bek-Kanan,0,"Rp434,54Jt.",434540000,2026-06-01
Sy Duc Nguyen,Ha Noi FC,Vietnam,Bek-Kanan,0,-,0,2026-06-01
Van Toan Dau,Ha Noi FC,Vietnam,Gel. Bertahan,0,"Rp3,04Mlyr.",3040000000,2026-06-01
Trung Thanh Nguyen,Ha Noi FC,Vietnam,Gelandang,0,-,0,2026-06-01
Van Truong Nguyen,Ha Noi FC,Vietnam,Gel. Tengah,19,"Rp3,04Mlyr.",3040000000,2026-06-01
Hung Dung Do,Ha Noi FC,Vietnam,Gel. Tengah,0,"Rp3,04Mlyr.",3040000000,2026-06-01
Hai Long Nguyen,Ha Noi FC,Vietnam,Gelandang Kanan,0,"Rp4,35Mlyr.",4350000000,2026-06-01
Hêndrio,Ha Noi FC,Vietnam,Gel. Serang,0,"Rp5,65Mlyr.",5650000000,2026-06-01
Tuan Hai Pham,Ha Noi FC,Vietnam,Sayap Kiri,0,"Rp6,52Mlyr.",6520000000,2026-06-01
Fernando,Ha Noi FC,Vietnam,Sayap Kiri,0,"Rp4,35Mlyr.",4350000000,2026-06-01
Xuan Tu Le,Ha Noi FC,Vietnam,Sayap Kiri,25,"Rp3,04Mlyr.",3040000000,2026-06-01
Van Quyet Nguyen,Ha Noi FC,Vietnam,Depan-Kedua,0,"Rp3,04Mlyr.",3040000000,2026-06-01
Daniel Passira,Ha Noi FC,Vietnam,Depan-Tengah,0,"Rp7,82Mlyr.",7820000000,2026-06-01
Van Tung Nguyen,Ha Noi FC,Vietnam,Depan-Tengah,23,"Rp2,17Mlyr.",2170000000,2026-06-01
David Fisher,Ha Noi FC,Vietnam,Depan-Tengah,0,"Rp2,17Mlyr.",2170000000,2026-06-01
Anh Tuan Nguyen Ha,Ha Noi FC,Vietnam,Depan-Tengah,0,-,0,2026-06-01
Filip Nguyen,Cong An Ha Noi FC,Vietnam,Kiper,0,"Rp6,95Mlyr.",6950000000,2026-06-01
Tuyen Quang Vu,Cong An Ha Noi FC,Vietnam,Kiper,32,"Rp869,08Jt.",869080000,2026-06-01
Thanh Vinh Vu,Cong An Ha Noi FC,Vietnam,Kiper,23,"Rp434,54Jt.",434540000,2026-06-01
Dinh Minh Hoang Tran,Cong An Ha Noi FC,Vietnam,Kiper,25,"Rp434,54Jt.",434540000,2026-06-01
Manh Truong Ha,Cong An Ha Noi FC,Vietnam,Kiper,0,-,0,2026-06-01
Hugo Gomes,Cong An Ha Noi FC,Vietnam,Bek-Tengah,0,"Rp6,95Mlyr.",6950000000,2026-06-01
Hoang Viet Anh Bui,Cong An Ha Noi FC,Vietnam,Bek-Tengah,0,"Rp5,21Mlyr.",5210000000,2026-06-01
Dinh Trong Tran,Cong An Ha Noi FC,Vietnam,Bek-Tengah,21,"Rp3,48Mlyr.",3480000000,2026-06-01
Leygley Adou,Cong An Ha Noi FC,Vietnam,Bek-Tengah,38,"Rp3,48Mlyr.",3480000000,2026-06-01
Jason Pendant,Cong An Ha Noi FC,Vietnam,Bek-Kiri,0,"Rp8,69Mlyr.",8690000000,2026-06-01
Van Hau Doan,Cong An Ha Noi FC,Vietnam,Bek-Kiri,0,"Rp2,61Mlyr.",2610000000,2026-06-01
Van Phuong Ha,Cong An Ha Noi FC,Vietnam,Bek-Kiri,26,"Rp869,08Jt.",869080000,2026-06-01
Van Thanh Vu,Cong An Ha Noi FC,Vietnam,Bek-Kanan,17,"Rp4,35Mlyr.",4350000000,2026-06-01
Van Duc Nguyen,Cong An Ha Noi FC,Vietnam,Bek-Kanan,28,"Rp2,61Mlyr.",2610000000,2026-06-01
Minh Phuc Pham,Cong An Ha Noi FC,Vietnam,Bek-Kanan,22,"Rp1,74Mlyr.",1740000000,2026-06-01
Pham Thanh Long Le,Cong An Ha Noi FC,Vietnam,Gel. Bertahan,0,"Rp4,35Mlyr.",4350000000,2026-06-01
Brandon Ly,Cong An Ha Noi FC,Vietnam,Gel. Bertahan,27,-,0,2026-06-01
Vítor Rosa Nascimento,Cong An Ha Noi FC,Vietnam,Gel. Tengah,0,"Rp2,61Mlyr.",2610000000,2026-06-01
Van Toan Hoang,Cong An Ha Noi FC,Vietnam,Gel. Tengah,0,"Rp2,61Mlyr.",2610000000,2026-06-01
Xuan Thinh Bui,Cong An Ha Noi FC,Vietnam,Gel. Tengah,0,"Rp869,08Jt.",869080000,2026-06-01
Van Do Le,Cong An Ha Noi FC,Vietnam,Gelandang Kanan,0,"Rp3,91Mlyr.",3910000000,2026-06-01
Dinh Tien Tran,Cong An Ha Noi FC,Vietnam,Gelandang Kanan,18,"Rp2,61Mlyr.",2610000000,2026-06-01
Stefan Mauk,Cong An Ha Noi FC,Vietnam,Gel. Serang,0,"Rp10,43Mlyr.",10430000000,2026-06-01
Léo Artur,Cong An Ha Noi FC,Vietnam,Gel. Serang,0,"Rp6,95Mlyr.",6950000000,2026-06-01
Quang Hai Nguyen,Cong An Ha Noi FC,Vietnam,Gel. Serang,19,"Rp6,95Mlyr.",6950000000,2026-06-01
Dinh Bac Nguyen,Cong An Ha Noi FC,Vietnam,Sayap Kiri,0,"Rp5,21Mlyr.",5210000000,2026-06-01
Van Duc Phan,Cong An Ha Noi FC,Vietnam,Sayap Kiri,20,"Rp3,48Mlyr.",3480000000,2026-06-01
China,Cong An Ha Noi FC,Vietnam,Sayap Kanan,30,"Rp6,08Mlyr.",6080000000,2026-06-01
Alan Grafite,Cong An Ha Noi FC,Vietnam,Depan-Tengah,0,"Rp6,52Mlyr.",6520000000,2026-06-01
Duc Nam Tran,Cong An Ha Noi FC,Vietnam,Depan-Tengah,0,"Rp869,08Jt.",869080000,2026-06-01
Patrik Le Giang,Cong An Ho Chi Minh City FC,Vietnam,Kiper,0,"Rp2,61Mlyr.",2610000000,2026-06-01
Manh Cuong Nguyen,Cong An Ho Chi Minh City FC,Vietnam,Kiper,0,"Rp434,54Jt.",434540000,2026-06-01
Tan Nguyen,Cong An Ho Chi Minh City FC,Vietnam,Kiper,0,-,0,2026-06-01
Matheus Felipe,Cong An Ho Chi Minh City FC,Vietnam,Bek-Tengah,0,"Rp14,77Mlyr.",14770000000,2026-06-01
Minh Gia Bao Khong,Cong An Ho Chi Minh City FC,Vietnam,Bek-Tengah,0,"Rp2,17Mlyr.",2170000000,2026-06-01
Hoang Phuc Tran,Cong An Ho Chi Minh City FC,Vietnam,Bek-Tengah,28,"Rp2,17Mlyr.",2170000000,2026-06-01
Minh Trong Vo,Cong An Ho Chi Minh City FC,Vietnam,Bek-Kiri,17,"Rp4,35Mlyr.",4350000000,2026-06-01
Kha Duc Le,Cong An Ho Chi Minh City FC,Vietnam,Bek-Kiri,0,"Rp1,30Mlyr.",1300000000,2026-06-01
Viet Hoang Vo Huu,Cong An Ho Chi Minh City FC,Vietnam,Bek-Kanan,20,"Rp1,74Mlyr.",1740000000,2026-06-01
Quang Hung Le,Cong An Ho Chi Minh City FC,Vietnam,Bek-Kanan,34,"Rp869,08Jt.",869080000,2026-06-01
Manh Cuong Tran,Cong An Ho Chi Minh City FC,Vietnam,Bek-Kanan,0,"Rp869,08Jt.",869080000,2026-06-01
Duc Huy Pham,Cong An Ho Chi Minh City FC,Vietnam,Gel. Bertahan,0,"Rp2,17Mlyr.",2170000000,2026-06-01
Van Luan Pham,Cong An Ho Chi Minh City FC,Vietnam,Gel. Bertahan,0,"Rp1,74Mlyr.",1740000000,2026-06-01
Peter Makrillos,Cong An Ho Chi Minh City FC,Vietnam,Gel. Tengah,0,"Rp4,35Mlyr.",4350000000,2026-06-01
Quoc Cuong Nguyen Thai,Cong An Ho Chi Minh City FC,Vietnam,Gel. Tengah,19,"Rp2,17Mlyr.",2170000000,2026-06-01
Duc Phu Nguyen,Cong An Ho Chi Minh City FC,Vietnam,Gel. Tengah,39,"Rp2,17Mlyr.",2170000000,2026-06-01
Quoc Gia Dao,Cong An Ho Chi Minh City FC,Vietnam,Gel. Tengah,21,"Rp1,74Mlyr.",1740000000,2026-06-01
Van Lam Dang,Cong An Ho Chi Minh City FC,Vietnam,Gel. Tengah,23,"Rp1,30Mlyr.",1300000000,2026-06-01
Ngoc Long Bui,Cong An Ho Chi Minh City FC,Vietnam,Gelandang Kanan,18,"Rp2,17Mlyr.",2170000000,2026-06-01
Ngoc Ha Mach,Cong An Ho Chi Minh City FC,Vietnam,Gelandang Kanan,0,"Rp1,74Mlyr.",1740000000,2026-06-01
Van Hao Duong,Cong An Ho Chi Minh City FC,Vietnam,Gelandang Kiri,36,"Rp1,30Mlyr.",1300000000,2026-06-01
Huy Toan Vo,Cong An Ho Chi Minh City FC,Vietnam,Gelandang Kiri,0,"Rp869,08Jt.",869080000,2026-06-01
Endrick,Cong An Ho Chi Minh City FC,Vietnam,Gel. Serang,0,"Rp3,48Mlyr.",3480000000,2026-06-01
Raphael Utzig,Cong An Ho Chi Minh City FC,Vietnam,Sayap Kiri,0,"Rp13,04Mlyr.",13040000000,2026-06-01
Khoa Ngo,Cong An Ho Chi Minh City FC,Vietnam,Sayap Kiri,26,"Rp2,61Mlyr.",2610000000,2026-06-01
Van Toan Tay,Cong An Ho Chi Minh City FC,Vietnam,Sayap Kanan,0,"Rp1,30Mlyr.",1300000000,2026-06-01
Van Binh Bui,Cong An Ho Chi Minh City FC,Vietnam,Sayap Kanan,27,"Rp1,30Mlyr.",1300000000,2026-06-01
Tien Linh Nguyen,Cong An Ho Chi Minh City FC,Vietnam,Depan-Tengah,22,"Rp5,65Mlyr.",5650000000,2026-06-01
Thanh Binh Dinh,Cong An Ho Chi Minh City FC,Vietnam,Depan-Tengah,0,"Rp1,74Mlyr.",1740000000,2026-06-01
Lee Williams,Cong An Ho Chi Minh City FC,Vietnam,Depan-Tengah,0,"Rp869,08Jt.",869080000,2026-06-01
Xuan Hoang Trinh,Dong A Thanh Hoa FC,Vietnam,Kiper,0,"Rp2,17Mlyr.",2170000000,2026-06-01
Y Eli Nie,Dong A Thanh Hoa FC,Vietnam,Kiper,30,"Rp869,08Jt.",869080000,2026-06-01
Anh Tuan Le,Dong A Thanh Hoa FC,Vietnam,Kiper,0,-,0,2026-06-01
Van Loi Trinh,Dong A Thanh Hoa FC,Vietnam,Bek-Tengah,0,"Rp1,74Mlyr.",1740000000,2026-06-01
Ngoc Ha Doan,Dong A Thanh Hoa FC,Vietnam,Bek-Tengah,29,"Rp1,30Mlyr.",1300000000,2026-06-01
Dinh Huyen Nguyen,Dong A Thanh Hoa FC,Vietnam,Bek-Tengah,16,"Rp869,08Jt.",869080000,2026-06-01
Van Hung Le,Dong A Thanh Hoa FC,Vietnam,Bek-Tengah,43,"Rp869,08Jt.",869080000,2026-06-01
Xuan Hung Luc,Dong A Thanh Hoa FC,Vietnam,Bek-Tengah,0,"Rp434,54Jt.",434540000,2026-06-01
Minh Doan Huynh,Dong A Thanh Hoa FC,Vietnam,Bek-Kanan,0,"Rp869,08Jt.",869080000,2026-06-01
Ba Tien Nguyen,Dong A Thanh Hoa FC,Vietnam,Bek-Kanan,0,"Rp869,08Jt.",869080000,2026-06-01
Thanh Nam Truong,Dong A Thanh Hoa FC,Vietnam,Bek-Kanan,0,"Rp434,54Jt.",434540000,2026-06-01
Odilzhon Abdurakhmanov,Dong A Thanh Hoa FC,Vietnam,Gel. Tengah,0,"Rp4,35Mlyr.",4350000000,2026-06-01
Damoth Thongkhamsavath,Dong A Thanh Hoa FC,Vietnam,Gel. Tengah,22,"Rp2,61Mlyr.",2610000000,2026-06-01
Ngoc Tan Doan,Dong A Thanh Hoa FC,Vietnam,Gel. Tengah,34,"Rp2,17Mlyr.",2170000000,2026-06-01
Matias Belli Moldskred,Dong A Thanh Hoa FC,Vietnam,Gel. Tengah,27,"Rp1,74Mlyr.",1740000000,2026-06-01
Huu Dung Nguyen,Dong A Thanh Hoa FC,Vietnam,Gel. Tengah,18,"Rp434,54Jt.",434540000,2026-06-01
Duc Hoang Ngo,Dong A Thanh Hoa FC,Vietnam,Gel. Tengah,26,"Rp434,54Jt.",434540000,2026-06-01
Quoc Phuong Le,Dong A Thanh Hoa FC,Vietnam,Gelandang Kiri,19,"Rp434,54Jt.",434540000,2026-06-01
Trum Tinh Pham,Dong A Thanh Hoa FC,Vietnam,Gel. Serang,23,"Rp869,08Jt.",869080000,2026-06-01
Ngoc Quy Tran,Dong A Thanh Hoa FC,Vietnam,Gel. Serang,21,-,0,2026-06-01
Ngoc My Nguyen,Dong A Thanh Hoa FC,Vietnam,Sayap Kiri,24,"Rp2,17Mlyr.",2170000000,2026-06-01
Van Hoan Le,Dong A Thanh Hoa FC,Vietnam,Sayap Kiri,0,-,0,2026-06-01
Amar Catic,Dong A Thanh Hoa FC,Vietnam,Sayap Kanan,0,"Rp4,35Mlyr.",4350000000,2026-06-01
Van Thang Le,Dong A Thanh Hoa FC,Vietnam,Sayap Kanan,0,"Rp434,54Jt.",434540000,2026-06-01
Van Tung Nguyen,Dong A Thanh Hoa FC,Vietnam,Sayap Kanan,17,"Rp434,54Jt.",434540000,2026-06-01
Rimario Gordon,Dong A Thanh Hoa FC,Vietnam,Depan-Tengah,0,"Rp3,91Mlyr.",3910000000,2026-06-01
Caíque,Thep Xanh Nam Dinh FC,Vietnam,Kiper,0,"Rp10,43Mlyr.",10430000000,2026-06-01
Nguyen Manh Tran,Thep Xanh Nam Dinh FC,Vietnam,Kiper,26,"Rp2,61Mlyr.",2610000000,2026-06-01
Vu Phong Le,Thep Xanh Nam Dinh FC,Vietnam,Kiper,23,"Rp434,54Jt.",434540000,2026-06-01
Duc Dung Tran,Thep Xanh Nam Dinh FC,Vietnam,Kiper,29,"Rp434,54Jt.",434540000,2026-06-01
Liem Dieu Tran,Thep Xanh Nam Dinh FC,Vietnam,Kiper,0,"Rp434,54Jt.",434540000,2026-06-01
Van Toi Dang,Thep Xanh Nam Dinh FC,Vietnam,Bek-Tengah,0,"Rp3,91Mlyr.",3910000000,2026-06-01
Lucas,Thep Xanh Nam Dinh FC,Vietnam,Bek-Tengah,0,"Rp3,48Mlyr.",3480000000,2026-06-01
Tuan Duong Giap,Thep Xanh Nam Dinh FC,Vietnam,Bek-Tengah,0,"Rp2,61Mlyr.",2610000000,2026-06-01
Wálber,Thep Xanh Nam Dinh FC,Vietnam,Bek-Tengah,34,"Rp1,74Mlyr.",1740000000,2026-06-01
Thanh Hao Duong,Thep Xanh Nam Dinh FC,Vietnam,Bek-Tengah,0,"Rp1,30Mlyr.",1300000000,2026-06-01
Duc Huy Ngo,Thep Xanh Nam Dinh FC,Vietnam,Bek-Tengah,32,"Rp1,30Mlyr.",1300000000,2026-06-01
Van Thanh Le,Thep Xanh Nam Dinh FC,Vietnam,Bek-Tengah,0,"Rp1,30Mlyr.",1300000000,2026-06-01
Xuan Khai Dinh,Thep Xanh Nam Dinh FC,Vietnam,Bek-Tengah,0,-,0,2026-06-01
Mitchell Dijks,Thep Xanh Nam Dinh FC,Vietnam,Bek-Kiri,24,"Rp8,69Mlyr.",8690000000,2026-06-01
Van Vi Nguyen,Thep Xanh Nam Dinh FC,Vietnam,Bek-Kiri,17,"Rp3,91Mlyr.",3910000000,2026-06-01
Phong Hong Duy Nguyen,Thep Xanh Nam Dinh FC,Vietnam,Bek-Kiri,0,"Rp3,04Mlyr.",3040000000,2026-06-01
Van Kien Tran,Thep Xanh Nam Dinh FC,Vietnam,Bek-Kanan,0,"Rp3,04Mlyr.",3040000000,2026-06-01
Kévin Pham Ba,Thep Xanh Nam Dinh FC,Vietnam,Bek-Kanan,0,"Rp2,61Mlyr.",2610000000,2026-06-01
Njabulo Blom,Thep Xanh Nam Dinh FC,Vietnam,Gel. Bertahan,0,"Rp13,04Mlyr.",13040000000,2026-06-01
Rômulo,Thep Xanh Nam Dinh FC,Vietnam,Gel. Bertahan,0,"Rp7,82Mlyr.",7820000000,2026-06-01
Van Cong Tran,Thep Xanh Nam Dinh FC,Vietnam,Gel. Bertahan,16,"Rp3,48Mlyr.",3480000000,2026-06-01
Trong Bao Nguyen,Thep Xanh Nam Dinh FC,Vietnam,Gelandang,20,-,0,2026-06-01
Arnaud Lusamba,Thep Xanh Nam Dinh FC,Vietnam,Gel. Tengah,0,"Rp13,91Mlyr.",13910000000,2026-06-01
Caio César,Thep Xanh Nam Dinh FC,Vietnam,Gel. Tengah,0,"Rp9,56Mlyr.",9560000000,2026-06-01
Cong Hoang Anh Ly,Thep Xanh Nam Dinh FC,Vietnam,Gel. Tengah,0,"Rp4,35Mlyr.",4350000000,2026-06-01
Tuan Anh Nguyen,Thep Xanh Nam Dinh FC,Vietnam,Gel. Tengah,0,"Rp3,48Mlyr.",3480000000,2026-06-01
Mit A,Thep Xanh Nam Dinh FC,Vietnam,Gelandang Kanan,0,"Rp2,61Mlyr.",2610000000,2026-06-01
Van Vu To,Thep Xanh Nam Dinh FC,Vietnam,Gelandang Kanan,28,"Rp2,61Mlyr.",2610000000,2026-06-01
Dinh Son Nguyen,Thep Xanh Nam Dinh FC,Vietnam,Gelandang Kanan,0,"Rp869,08Jt.",869080000,2026-06-01
Ngoc Son Tran,Thep Xanh Nam Dinh FC,Vietnam,Gelandang Kiri,27,"Rp1,30Mlyr.",1300000000,2026-06-01
Van Dat Tran,Thep Xanh Nam Dinh FC,Vietnam,Sayap Kiri,19,"Rp2,61Mlyr.",2610000000,2026-06-01
Percy Tau,Thep Xanh Nam Dinh FC,Vietnam,Sayap Kanan,22,"Rp14,77Mlyr.",14770000000,2026-06-01
Van Toan Nguyen,Thep Xanh Nam Dinh FC,Vietnam,Sayap Kanan,0,"Rp4,78Mlyr.",4780000000,2026-06-01
Ti Phong Lam,Thep Xanh Nam Dinh FC,Vietnam,Sayap Kanan,39,"Rp3,48Mlyr.",3480000000,2026-06-01
Chadrac Akolo,Thep Xanh Nam Dinh FC,Vietnam,Depan-Tengah,0,"Rp13,91Mlyr.",13910000000,2026-06-01
Rafaelson,Thep Xanh Nam Dinh FC,Vietnam,Depan-Tengah,0,"Rp10,43Mlyr.",10430000000,2026-06-01
Brenner,Thep Xanh Nam Dinh FC,Vietnam,Depan-Tengah,35,"Rp6,52Mlyr.",6520000000,2026-06-01
Kyle Hudlin,Thep Xanh Nam Dinh FC,Vietnam,Depan-Tengah,37,"Rp3,91Mlyr.",3910000000,2026-06-01
Thanh Tung Nguyen,Hong Linh Ha Tinh FC,Vietnam,Kiper,0,"Rp2,17Mlyr.",2170000000,2026-06-01
Tung Lam Duong,Hong Linh Ha Tinh FC,Vietnam,Kiper,29,"Rp434,54Jt.",434540000,2026-06-01
Ngoc Cuong Vo,Hong Linh Ha Tinh FC,Vietnam,Kiper,0,-,0,2026-06-01
Helerson,Hong Linh Ha Tinh FC,Vietnam,Bek-Tengah,0,"Rp4,35Mlyr.",4350000000,2026-06-01
Viet Trieu Vu,Hong Linh Ha Tinh FC,Vietnam,Bek-Tengah,30,"Rp1,74Mlyr.",1740000000,2026-06-01
Van Hanh Nguyen,Hong Linh Ha Tinh FC,Vietnam,Bek-Tengah,0,"Rp1,30Mlyr.",1300000000,2026-06-01
Cong Thanh Doan,Hong Linh Ha Tinh FC,Vietnam,Bek-Tengah,19,"Rp869,08Jt.",869080000,2026-06-01
Quoc Dan Vo,Hong Linh Ha Tinh FC,Vietnam,Bek-Tengah,38,"Rp434,54Jt.",434540000,2026-06-01
Manh Hung Nguyen,Hong Linh Ha Tinh FC,Vietnam,Bek-Tengah,0,"Rp434,54Jt.",434540000,2026-06-01
Anh Tuan Nguyen,Hong Linh Ha Tinh FC,Vietnam,Bek-Tengah,0,-,0,2026-06-01
Sy Hoang Mai,Hong Linh Ha Tinh FC,Vietnam,Bek-Kiri,0,"Rp3,04Mlyr.",3040000000,2026-06-01
Duy Thuong Bui,Hong Linh Ha Tinh FC,Vietnam,Bek-Kanan,0,"Rp2,17Mlyr.",2170000000,2026-06-01
Van Nhuan Nguyen,Hong Linh Ha Tinh FC,Vietnam,Bek-Kanan,0,"Rp434,54Jt.",434540000,2026-06-01
The Hung Nguyen,Hong Linh Ha Tinh FC,Vietnam,Gelandang,27,-,0,2026-06-01
Joseph Onoja,Hong Linh Ha Tinh FC,Vietnam,Gel. Tengah,0,"Rp3,48Mlyr.",3480000000,2026-06-01
Duc Viet Nguyen,Hong Linh Ha Tinh FC,Vietnam,Gel. Tengah,0,"Rp1,30Mlyr.",1300000000,2026-06-01
Hoang Trung Nguyen Nguyen,Hong Linh Ha Tinh FC,Vietnam,Gel. Tengah,24,"Rp869,08Jt.",869080000,2026-06-01
Trong Hoang Nguyen,Hong Linh Ha Tinh FC,Vietnam,Gel. Tengah,0,"Rp434,54Jt.",434540000,2026-06-01
Van Buu Tran,Hong Linh Ha Tinh FC,Vietnam,Gel. Tengah,17,"Rp434,54Jt.",434540000,2026-06-01
Tuan Tai Dinh,Hong Linh Ha Tinh FC,Vietnam,Gel. Tengah,25,"Rp434,54Jt.",434540000,2026-06-01
Van Khanh Nguyen,Hong Linh Ha Tinh FC,Vietnam,Gel. Tengah,37,"Rp434,54Jt.",434540000,2026-06-01
Tan Tai Huynh,Hong Linh Ha Tinh FC,Vietnam,Gelandang Kanan,39,"Rp1,74Mlyr.",1740000000,2026-06-01
Van Long Pham,Hong Linh Ha Tinh FC,Vietnam,Gelandang Kanan,16,"Rp1,30Mlyr.",1300000000,2026-06-01
Viktor Le,Hong Linh Ha Tinh FC,Vietnam,Gelandang Kiri,0,"Rp3,48Mlyr.",3480000000,2026-06-01
Tien Dat Huynh,Hong Linh Ha Tinh FC,Vietnam,Gelandang Kiri,20,"Rp869,08Jt.",869080000,2026-06-01
Van Huy Nguyen,Hong Linh Ha Tinh FC,Vietnam,Gelandang Kiri,21,"Rp434,54Jt.",434540000,2026-06-01
Welder,Hong Linh Ha Tinh FC,Vietnam,Sayap Kiri,0,-,0,2026-06-01
Van Hiep Nguyen,Hong Linh Ha Tinh FC,Vietnam,Sayap Kanan,0,"Rp869,08Jt.",869080000,2026-06-01
Yevgeniy Serdyuk,Hong Linh Ha Tinh FC,Vietnam,Depan-Tengah,0,"Rp10,43Mlyr.",10430000000,2026-06-01
Charles Atshimene,Hong Linh Ha Tinh FC,Vietnam,Depan-Tengah,0,"Rp4,78Mlyr.",4780000000,2026-06-01
Balotelli,Hong Linh Ha Tinh FC,Vietnam,Depan-Tengah,0,"Rp2,17Mlyr.",2170000000,2026-06-01
Quang Nam Vu,Hong Linh Ha Tinh FC,Vietnam,Depan-Tengah,18,"Rp869,08Jt.",869080000,2026-06-01
Sy Huy Do,PVF-CAND FC,Vietnam,Kiper,0,"Rp869,08Jt.",869080000,2026-06-01
Minh Long Phi,PVF-CAND FC,Vietnam,Kiper,33,"Rp869,08Jt.",869080000,2026-06-01
Thai Hieu Truong,PVF-CAND FC,Vietnam,Kiper,0,-,0,2026-06-01
Lucas Turci,PVF-CAND FC,Vietnam,Bek-Tengah,0,"Rp4,35Mlyr.",4350000000,2026-06-01
Ly Duc Pham,PVF-CAND FC,Vietnam,Bek-Tengah,16,"Rp2,17Mlyr.",2170000000,2026-06-01
Hieu Minh Nguyen,PVF-CAND FC,Vietnam,Bek-Tengah,0,"Rp1,74Mlyr.",1740000000,2026-06-01
Anh Viet Doan,PVF-CAND FC,Vietnam,Bek-Tengah,0,"Rp434,54Jt.",434540000,2026-06-01
Duc Anh Nguyen Nhu,PVF-CAND FC,Vietnam,Bek-Tengah,0,-,0,2026-06-01
Bao Long Nguyen,PVF-CAND FC,Vietnam,Bek-Kiri,0,"Rp1,30Mlyr.",1300000000,2026-06-01
Van Chuong Dao,PVF-CAND FC,Vietnam,Bek-Kiri,31,"Rp434,54Jt.",434540000,2026-06-01
Van Dung Nguyen,PVF-CAND FC,Vietnam,Bek-Kiri,0,"Rp434,54Jt.",434540000,2026-06-01
Anh Quan Vo,PVF-CAND FC,Vietnam,Bek-Kanan,20,"Rp2,17Mlyr.",2170000000,2026-06-01
Van Thai Quy Truong,PVF-CAND FC,Vietnam,Bek-Kanan,0,"Rp1,74Mlyr.",1740000000,2026-06-01
Viet Truong Phung,PVF-CAND FC,Vietnam,Bek-Kanan,37,"Rp869,08Jt.",869080000,2026-06-01
Phuong Nam Nguyen,PVF-CAND FC,Vietnam,Bek-Kanan,0,-,0,2026-06-01
Van Viet Ha,PVF-CAND FC,Vietnam,Bek-Kanan,0,-,0,2026-06-01
Alastair Reynolds,PVF-CAND FC,Vietnam,Gel. Bertahan,0,"Rp3,91Mlyr.",3910000000,2026-06-01
Joseph Mpande,PVF-CAND FC,Vietnam,Gel. Tengah,0,"Rp4,78Mlyr.",4780000000,2026-06-01
Xuan Bac Nguyen,PVF-CAND FC,Vietnam,Gel. Tengah,0,"Rp2,61Mlyr.",2610000000,2026-06-01
Cong Den Huynh,PVF-CAND FC,Vietnam,Gel. Tengah,0,"Rp1,30Mlyr.",1300000000,2026-06-01
Van Thuan Do,PVF-CAND FC,Vietnam,Gel. Tengah,0,"Rp869,08Jt.",869080000,2026-06-01
Huy Hung Nguyen,PVF-CAND FC,Vietnam,Gel. Tengah,29,"Rp434,54Jt.",434540000,2026-06-01
Vu Tin Nguyen,PVF-CAND FC,Vietnam,Gelandang Kiri,28,"Rp1,30Mlyr.",1300000000,2026-06-01
Trung Phong Phu,PVF-CAND FC,Vietnam,Gelandang Kiri,30,"Rp434,54Jt.",434540000,2026-06-01
Ba Dat Thai,PVF-CAND FC,Vietnam,Gel. Serang,17,"Rp869,08Jt.",869080000,2026-06-01
Mahmoud Eid,PVF-CAND FC,Vietnam,Sayap Kanan,0,"Rp6,95Mlyr.",6950000000,2026-06-01
Thanh Nhan Nguyen,PVF-CAND FC,Vietnam,Sayap Kanan,0,"Rp2,17Mlyr.",2170000000,2026-06-01
Van Trang Nguyen,PVF-CAND FC,Vietnam,Sayap Kanan,0,"Rp869,08Jt.",869080000,2026-06-01
Samson Olaleye,PVF-CAND FC,Vietnam,Depan-Tengah,39,"Rp434,54Jt.",434540000,2026-06-01
Van Vinh Nguyen,PVF-CAND FC,Vietnam,Depan-Tengah,0,"Rp434,54Jt.",434540000,2026-06-01
Anh Tuan Nguyen,PVF-CAND FC,Vietnam,Depan-Tengah,36,-,0,2026-06-01
Van Lam Dang,Ninh Binh FC,Vietnam,Kiper,0,"Rp3,48Mlyr.",3480000000,2026-06-01
The Tai Quang,Ninh Binh FC,Vietnam,Kiper,25,"Rp434,54Jt.",434540000,2026-06-01
Minh Duc Nguyen,Ninh Binh FC,Vietnam,Kiper,0,-,0,2026-06-01
Patrick Marcelino,Ninh Binh FC,Vietnam,Bek-Tengah,0,"Rp3,91Mlyr.",3910000000,2026-06-01
Ngoc Bao Le,Ninh Binh FC,Vietnam,Bek-Tengah,17,"Rp2,17Mlyr.",2170000000,2026-06-01
Janclesio,Ninh Binh FC,Vietnam,Bek-Tengah,0,"Rp1,74Mlyr.",1740000000,2026-06-01
Hai Duc Le,Ninh Binh FC,Vietnam,Bek-Tengah,26,"Rp869,08Jt.",869080000,2026-06-01
Thanh Thinh Do,Ninh Binh FC,Vietnam,Bek-Kiri,0,"Rp3,04Mlyr.",3040000000,2026-06-01
Thai Binh Hoang,Ninh Binh FC,Vietnam,Bek-Kiri,0,"Rp2,61Mlyr.",2610000000,2026-06-01
Quang Nho Dung,Ninh Binh FC,Vietnam,Bek-Kanan,0,"Rp3,91Mlyr.",3910000000,2026-06-01
Duc Chien Nguyen,Ninh Binh FC,Vietnam,Gel. Bertahan,0,"Rp4,78Mlyr.",4780000000,2026-06-01
Thai Son Nguyen,Ninh Binh FC,Vietnam,Gel. Bertahan,21,"Rp4,35Mlyr.",4350000000,2026-06-01
Chung Nguyen Do,Ninh Binh FC,Vietnam,Gel. Tengah,0,"Rp6,08Mlyr.",6080000000,2026-06-01
Hoang Duc Nguyen,Ninh Binh FC,Vietnam,Gel. Tengah,28,"Rp5,65Mlyr.",5650000000,2026-06-01
Trong Long Nguyen,Ninh Binh FC,Vietnam,Gel. Tengah,29,"Rp1,30Mlyr.",1300000000,2026-06-01
Tien Anh Truong,Ninh Binh FC,Vietnam,Gelandang Kanan,0,"Rp4,35Mlyr.",4350000000,2026-06-01
Ngoc Quang Chau,Ninh Binh FC,Vietnam,Gelandang Kanan,0,"Rp3,91Mlyr.",3910000000,2026-06-01
Bao Trung La Nguyen,Ninh Binh FC,Vietnam,Gelandang Kanan,27,"Rp434,54Jt.",434540000,2026-06-01
Bao Toan Tran,Ninh Binh FC,Vietnam,Gelandang Kiri,0,"Rp3,48Mlyr.",3480000000,2026-06-01
Geovane Magno,Ninh Binh FC,Vietnam,Gel. Serang,0,"Rp5,21Mlyr.",5210000000,2026-06-01
Le Phat Nguyen,Ninh Binh FC,Vietnam,Sayap Kiri,16,"Rp869,08Jt.",869080000,2026-06-01
Van Thuan Le,Ninh Binh FC,Vietnam,Sayap Kanan,0,"Rp2,61Mlyr.",2610000000,2026-06-01
Gustavo Henrique,Ninh Binh FC,Vietnam,Depan-Tengah,0,"Rp6,95Mlyr.",6950000000,2026-06-01
Daniel dos Anjos,Ninh Binh FC,Vietnam,Depan-Tengah,0,"Rp6,08Mlyr.",6080000000,2026-06-01
Fred Friday,Ninh Binh FC,Vietnam,Depan-Tengah,0,"Rp3,91Mlyr.",3910000000,2026-06-01
Gia Hung Pham,Ninh Binh FC,Vietnam,Depan-Tengah,18,"Rp1,30Mlyr.",1300000000,2026-06-01
Quoc Viet Nguyen,Ninh Binh FC,Vietnam,Depan-Tengah,0,"Rp1,30Mlyr.",1300000000,2026-06-01
Minh Toan Tran,Becamex Ho Chi Minh City FC,Vietnam,Kiper,25,"Rp2,61Mlyr.",2610000000,2026-06-01
Van Cong Nguyen,Becamex Ho Chi Minh City FC,Vietnam,Kiper,30,"Rp869,08Jt.",869080000,2026-06-01
Huu Loi Nguyen,Becamex Ho Chi Minh City FC,Vietnam,Kiper,0,-,0,2026-06-01
Nhat Ha Tran,Becamex Ho Chi Minh City FC,Vietnam,Kiper,0,-,0,2026-06-01
Milos Zlatkovic,Becamex Ho Chi Minh City FC,Vietnam,Bek-Tengah,24,"Rp3,91Mlyr.",3910000000,2026-06-01
Adriano Schmidt,Becamex Ho Chi Minh City FC,Vietnam,Bek-Tengah,0,"Rp2,17Mlyr.",2170000000,2026-06-01
Dinh Khuong Tran,Becamex Ho Chi Minh City FC,Vietnam,Bek-Tengah,21,"Rp1,74Mlyr.",1740000000,2026-06-01
Khac Vu Nguyen,Becamex Ho Chi Minh City FC,Vietnam,Bek-Tengah,27,"Rp434,54Jt.",434540000,2026-06-01
Thanh Kien Nguyen,Becamex Ho Chi Minh City FC,Vietnam,Bek-Tengah,33,"Rp434,54Jt.",434540000,2026-06-01
Hoang Bao Tran,Becamex Ho Chi Minh City FC,Vietnam,Bek-Kiri,0,"Rp434,54Jt.",434540000,2026-06-01
Tan Tai Ho,Becamex Ho Chi Minh City FC,Vietnam,Bek-Kanan,0,"Rp4,35Mlyr.",4350000000,2026-06-01
Tung Quoc Ngo,Becamex Ho Chi Minh City FC,Vietnam,Bek-Kanan,0,"Rp3,91Mlyr.",3910000000,2026-06-01
Hoang Hung Tran,Becamex Ho Chi Minh City FC,Vietnam,Bek-Kanan,0,"Rp869,08Jt.",869080000,2026-06-01
Tuan Canh Doan,Becamex Ho Chi Minh City FC,Vietnam,Bek-Kanan,19,"Rp434,54Jt.",434540000,2026-06-01
Geoffrey Kizito,Becamex Ho Chi Minh City FC,Vietnam,Gel. Bertahan,39,"Rp2,17Mlyr.",2170000000,2026-06-01
Ngoc Chien Nguyen,Becamex Ho Chi Minh City FC,Vietnam,Gel. Bertahan,35,-,0,2026-06-01
The Hieu Huynh,Becamex Ho Chi Minh City FC,Vietnam,Gelandang,29,-,0,2026-06-01
Hoang Anh Ngo,Becamex Ho Chi Minh City FC,Vietnam,Gelandang,0,-,0,2026-06-01
Hoang Minh Khoa Vo,Becamex Ho Chi Minh City FC,Vietnam,Gel. Tengah,0,"Rp4,78Mlyr.",4780000000,2026-06-01
Hugo Alves,Becamex Ho Chi Minh City FC,Vietnam,Gel. Tengah,0,"Rp3,48Mlyr.",3480000000,2026-06-01
Thanh Hau Phan,Becamex Ho Chi Minh City FC,Vietnam,Gel. Tengah,0,"Rp1,74Mlyr.",1740000000,2026-06-01
Trong Phu Nguyen,Becamex Ho Chi Minh City FC,Vietnam,Gel. Tengah,0,"Rp434,54Jt.",434540000,2026-06-01
Hong Quan Mac,Becamex Ho Chi Minh City FC,Vietnam,Gel. Tengah,0,-,0,2026-06-01
Thanh Long Phan Nhat,Becamex Ho Chi Minh City FC,Vietnam,Gelandang Kanan,38,"Rp1,30Mlyr.",1300000000,2026-06-01
Trong Hung Nguyen,Becamex Ho Chi Minh City FC,Vietnam,Gelandang Kiri,20,"Rp1,30Mlyr.",1300000000,2026-06-01
Quoc Khanh Cao,Becamex Ho Chi Minh City FC,Vietnam,Gel. Serang,0,"Rp434,54Jt.",434540000,2026-06-01
Trung Hau Ha,Becamex Ho Chi Minh City FC,Vietnam,Gel. Serang,23,-,0,2026-06-01
Vi Hao Bui,Becamex Ho Chi Minh City FC,Vietnam,Sayap Kiri,0,"Rp5,21Mlyr.",5210000000,2026-06-01
Tran Viet Cuong Nguyen,Becamex Ho Chi Minh City FC,Vietnam,Sayap Kiri,0,"Rp3,48Mlyr.",3480000000,2026-06-01
Van Anh Nguyen,Becamex Ho Chi Minh City FC,Vietnam,Sayap Kiri,28,"Rp869,08Jt.",869080000,2026-06-01
Minh Binh Le,Becamex Ho Chi Minh City FC,Vietnam,Sayap Kanan,0,"Rp1,30Mlyr.",1300000000,2026-06-01
Thanh Nhan Nguyen,Becamex Ho Chi Minh City FC,Vietnam,Sayap Kanan,16,"Rp1,30Mlyr.",1300000000,2026-06-01
Ugochukwu Oduenyi,Becamex Ho Chi Minh City FC,Vietnam,Depan-Tengah,0,"Rp2,61Mlyr.",2610000000,2026-06-01
Elisha Sam,Becamex Ho Chi Minh City FC,Vietnam,Depan-Tengah,0,"Rp2,17Mlyr.",2170000000,2026-06-01
Tuan Tai Ho,Becamex Ho Chi Minh City FC,Vietnam,Depan-Tengah,18,"Rp869,08Jt.",869080000,2026-06-01
Tony Pham,Becamex Ho Chi Minh City FC,Vietnam,Depan-Tengah,0,-,0,2026-06-01
Nhu Y Nguyen,Becamex Ho Chi Minh City FC,Vietnam,Penyerang,0,-,0,2026-06-01
Van Binh Cao,Song Lam Nghe An FC,Vietnam,Kiper,0,"Rp1,74Mlyr.",1740000000,2026-06-01
Bao Ngoc Nguyen,Song Lam Nghe An FC,Vietnam,Kiper,25,-,0,2026-06-01
Huu Hau Nguyen,Song Lam Nghe An FC,Vietnam,Kiper,26,-,0,2026-06-01
Tan Minh Nguyen,Song Lam Nghe An FC,Vietnam,Bek,0,-,0,2026-06-01
Van Khanh Hoang,Song Lam Nghe An FC,Vietnam,Bek-Tengah,0,"Rp2,61Mlyr.",2610000000,2026-06-01
Nam Hai Tran,Song Lam Nghe An FC,Vietnam,Bek-Tengah,17,"Rp2,17Mlyr.",2170000000,2026-06-01
Nguyen Hoang Le,Song Lam Nghe An FC,Vietnam,Bek-Tengah,0,"Rp1,74Mlyr.",1740000000,2026-06-01
Justin Garcia,Song Lam Nghe An FC,Vietnam,Bek-Tengah,0,"Rp1,74Mlyr.",1740000000,2026-06-01
Khac Luong Ho,Song Lam Nghe An FC,Vietnam,Bek-Tengah,0,"Rp434,54Jt.",434540000,2026-06-01
Van Thanh Phan,Song Lam Nghe An FC,Vietnam,Bek-Tengah,33,"Rp434,54Jt.",434540000,2026-06-01
Van Huy Vuong,Song Lam Nghe An FC,Vietnam,Bek-Kiri,0,"Rp2,61Mlyr.",2610000000,2026-06-01
Thanh Duc Bui,Song Lam Nghe An FC,Vietnam,Bek-Kiri,0,"Rp434,54Jt.",434540000,2026-06-01
Mai Hoang Nguyen,Song Lam Nghe An FC,Vietnam,Bek-Kiri,35,"Rp434,54Jt.",434540000,2026-06-01
Minh Hoi Hoang,Song Lam Nghe An FC,Vietnam,Bek-Kiri,23,-,0,2026-06-01
Van Cuong Ho,Song Lam Nghe An FC,Vietnam,Bek-Kanan,30,"Rp2,61Mlyr.",2610000000,2026-06-01
Ba Quyen Phan,Song Lam Nghe An FC,Vietnam,Gel. Bertahan,19,"Rp1,74Mlyr.",1740000000,2026-06-01
Quoc Trung Pham Nguyen,Song Lam Nghe An FC,Vietnam,Gel. Bertahan,0,-,0,2026-06-01
Quang Vinh Nguyen,Song Lam Nghe An FC,Vietnam,Gel. Tengah,16,"Rp2,61Mlyr.",2610000000,2026-06-01
Xuan Binh Nguyen,Song Lam Nghe An FC,Vietnam,Gel. Tengah,0,"Rp869,08Jt.",869080000,2026-06-01
Quang Tu Dang,Song Lam Nghe An FC,Vietnam,Gel. Tengah,29,"Rp869,08Jt.",869080000,2026-06-01
Khac Ngoc Ho,Song Lam Nghe An FC,Vietnam,Gel. Tengah,32,"Rp869,08Jt.",869080000,2026-06-01
Van Bach Nguyen,Song Lam Nghe An FC,Vietnam,Gelandang Kanan,0,"Rp869,08Jt.",869080000,2026-06-01
Trong Tuan Nguyen,Song Lam Nghe An FC,Vietnam,Gel. Serang,0,"Rp434,54Jt.",434540000,2026-06-01
Manh Quynh Tran,Song Lam Nghe An FC,Vietnam,Sayap Kiri,0,"Rp3,04Mlyr.",3040000000,2026-06-01
Van Luong Ngo,Song Lam Nghe An FC,Vietnam,Sayap Kiri,20,"Rp1,74Mlyr.",1740000000,2026-06-01
Van Nam Phung,Song Lam Nghe An FC,Vietnam,Sayap Kiri,0,-,0,2026-06-01
Phi-Long Tran,Song Lam Nghe An FC,Vietnam,Sayap Kiri,0,-,0,2026-06-01
Long Vu Le Dinh,Song Lam Nghe An FC,Vietnam,Sayap Kanan,18,"Rp2,17Mlyr.",2170000000,2026-06-01
Michael Olaha,Song Lam Nghe An FC,Vietnam,Depan-Tengah,0,"Rp5,65Mlyr.",5650000000,2026-06-01
Reon Moore,Song Lam Nghe An FC,Vietnam,Depan-Tengah,0,"Rp2,61Mlyr.",2610000000,2026-06-01
Carlos Fortes,Song Lam Nghe An FC,Vietnam,Depan-Tengah,27,"Rp1,74Mlyr.",1740000000,2026-06-01
Tien Dung Bui,SHB Da Nang FC,Vietnam,Kiper,0,"Rp2,17Mlyr.",2170000000,2026-06-01
Van Bieu Phan,SHB Da Nang FC,Vietnam,Kiper,0,"Rp1,30Mlyr.",1300000000,2026-06-01
Van Toan Nguyen,SHB Da Nang FC,Vietnam,Kiper,0,"Rp869,08Jt.",869080000,2026-06-01
Tuan Hung Dang,SHB Da Nang FC,Vietnam,Kiper,30,"Rp434,54Jt.",434540000,2026-06-01
Tung Han Ho,SHB Da Nang FC,Vietnam,Kiper,0,"Rp434,54Jt.",434540000,2026-06-01
Quoc Bao Huynh Tran,SHB Da Nang FC,Vietnam,Kiper,25,-,0,2026-06-01
Ngoc Hai Que,SHB Da Nang FC,Vietnam,Bek-Tengah,0,"Rp3,48Mlyr.",3480000000,2026-06-01
Gustavo Sant'Ana,SHB Da Nang FC,Vietnam,Bek-Tengah,0,"Rp2,61Mlyr.",2610000000,2026-06-01
Duy Cuong Luong,SHB Da Nang FC,Vietnam,Bek-Tengah,20,"Rp2,17Mlyr.",2170000000,2026-06-01
Duc Anh Nguyen,SHB Da Nang FC,Vietnam,Bek-Tengah,0,"Rp1,30Mlyr.",1300000000,2026-06-01
Ngoc Hiep Tran,SHB Da Nang FC,Vietnam,Bek-Tengah,0,"Rp869,08Jt.",869080000,2026-06-01
Ngoc Son Tran,SHB Da Nang FC,Vietnam,Bek-Tengah,27,"Rp434,54Jt.",434540000,2026-06-01
Van Son Vu,SHB Da Nang FC,Vietnam,Bek-Tengah,0,"Rp434,54Jt.",434540000,2026-06-01
Thanh Khai Nguyen,SHB Da Nang FC,Vietnam,Bek-Tengah,0,-,0,2026-06-01
Duy Duong Nguyen,SHB Da Nang FC,Vietnam,Bek-Kiri,35,"Rp869,08Jt.",869080000,2026-06-01
Duy Thang Nguyen,SHB Da Nang FC,Vietnam,Bek-Kiri,0,"Rp434,54Jt.",434540000,2026-06-01
Hong Phuc Nguyen,SHB Da Nang FC,Vietnam,Bek-Kanan,23,"Rp869,08Jt.",869080000,2026-06-01
The Hung Phan,SHB Da Nang FC,Vietnam,Gelandang,17,-,0,2026-06-01
Pierre Lamothe,SHB Da Nang FC,Vietnam,Gel. Tengah,0,"Rp1,74Mlyr.",1740000000,2026-06-01
Anh Tuan Dang,SHB Da Nang FC,Vietnam,Gel. Tengah,0,"Rp1,30Mlyr.",1300000000,2026-06-01
Vu Quoc Nhat Le,SHB Da Nang FC,Vietnam,Gel. Tengah,22,"Rp869,08Jt.",869080000,2026-06-01
Van Toan Vo,SHB Da Nang FC,Vietnam,Gel. Tengah,0,"Rp869,08Jt.",869080000,2026-06-01
Van Hoa Tran,SHB Da Nang FC,Vietnam,Gel. Tengah,0,"Rp434,54Jt.",434540000,2026-06-01
Van Huu Pham,SHB Da Nang FC,Vietnam,Gelandang Kanan,16,"Rp869,08Jt.",869080000,2026-06-01
Phi Hoang Nguyen,SHB Da Nang FC,Vietnam,Gelandang Kiri,21,"Rp3,48Mlyr.",3480000000,2026-06-01
Vadim Nguyen,SHB Da Nang FC,Vietnam,Gelandang Kiri,0,"Rp869,08Jt.",869080000,2026-06-01
Joel López Pissano,SHB Da Nang FC,Vietnam,Gel. Serang,19,"Rp8,69Mlyr.",8690000000,2026-06-01
David Henen,SHB Da Nang FC,Vietnam,Sayap Kiri,0,"Rp4,78Mlyr.",4780000000,2026-06-01
Van Long Phan,SHB Da Nang FC,Vietnam,Sayap Kanan,0,"Rp2,61Mlyr.",2610000000,2026-06-01
Dinh Duy Pham,SHB Da Nang FC,Vietnam,Sayap Kanan,18,"Rp2,61Mlyr.",2610000000,2026-06-01
Minh Quang Nguyen,SHB Da Nang FC,Vietnam,Sayap Kanan,38,"Rp1,74Mlyr.",1740000000,2026-06-01
Hong Phuoc Ngo,SHB Da Nang FC,Vietnam,Sayap Kanan,0,"Rp869,08Jt.",869080000,2026-06-01
Milan Makaric,SHB Da Nang FC,Vietnam,Depan-Tengah,0,"Rp4,35Mlyr.",4350000000,2026-06-01
Ribamar,SHB Da Nang FC,Vietnam,Depan-Tengah,0,"Rp3,48Mlyr.",3480000000,2026-06-01
Nguyen Hoang Vo,SHB Da Nang FC,Vietnam,Depan-Tengah,28,"Rp2,17Mlyr.",2170000000,2026-06-01
Dinh Trieu Nguyen,Hai Phong FC,Vietnam,Kiper,0,"Rp2,17Mlyr.",2170000000,2026-06-01
Van Luan Pham,Hai Phong FC,Vietnam,Kiper,36,"Rp434,54Jt.",434540000,2026-06-01
Dinh Tung Nguyen,Hai Phong FC,Vietnam,Kiper,35,-,0,2026-06-01
Thanh Long Pham,Hai Phong FC,Vietnam,Kiper,32,-,0,2026-06-01
Tien Dung Bui,Hai Phong FC,Vietnam,Bek-Tengah,16,"Rp3,91Mlyr.",3910000000,2026-06-01
Nhat Minh Nguyen,Hai Phong FC,Vietnam,Bek-Tengah,27,"Rp2,61Mlyr.",2610000000,2026-06-01
Hoai Duong Pham,Hai Phong FC,Vietnam,Bek-Tengah,0,"Rp434,54Jt.",434540000,2026-06-01
Quoc Anh Vu,Hai Phong FC,Vietnam,Bek-Tengah,34,-,0,2026-06-01
Viet Hung Trieu,Hai Phong FC,Vietnam,Bek-Kiri,0,"Rp4,78Mlyr.",4780000000,2026-06-01
Tien Dung Dam,Hai Phong FC,Vietnam,Bek-Kiri,0,"Rp1,74Mlyr.",1740000000,2026-06-01
Van Bac Ngo,Hai Phong FC,Vietnam,Bek-Kiri,21,"Rp434,54Jt.",434540000,2026-06-01
Thai Hoc Nguyen,Hai Phong FC,Vietnam,Bek-Kiri,0,-,0,2026-06-01
Trung Hieu Pham,Hai Phong FC,Vietnam,Bek-Kanan,17,"Rp3,48Mlyr.",3480000000,2026-06-01
Van Minh Nguyen,Hai Phong FC,Vietnam,Bek-Kanan,29,"Rp869,08Jt.",869080000,2026-06-01
Bicou Bissainthe,Hai Phong FC,Vietnam,Gel. Bertahan,25,"Rp4,35Mlyr.",4350000000,2026-06-01
Luiz Antônio,Hai Phong FC,Vietnam,Gel. Bertahan,0,"Rp3,91Mlyr.",3910000000,2026-06-01
Hoang Thao Vu,Hai Phong FC,Vietnam,Gelandang,18,-,0,2026-06-01
Tuan Anh Nguyen,Hai Phong FC,Vietnam,Gel. Tengah,0,"Rp2,17Mlyr.",2170000000,2026-06-01
Manh Dung Le,Hai Phong FC,Vietnam,Gel. Tengah,19,"Rp1,30Mlyr.",1300000000,2026-06-01
Huu Son Nguyen,Hai Phong FC,Vietnam,Gelandang Kanan,0,"Rp2,61Mlyr.",2610000000,2026-06-01
Huu Nam Nguyen,Hai Phong FC,Vietnam,Gelandang Kanan,0,"Rp1,30Mlyr.",1300000000,2026-06-01
Huu Thai Bao Nguyen,Hai Phong FC,Vietnam,Gelandang Kanan,31,"Rp869,08Jt.",869080000,2026-06-01
Thanh Dong Nguyen,Hai Phong FC,Vietnam,Gelandang Kanan,0,"Rp434,54Jt.",434540000,2026-06-01
Minh Di Ho,Hai Phong FC,Vietnam,Gelandang Kiri,0,"Rp1,74Mlyr.",1740000000,2026-06-01
Hoang Nam Luong,Hai Phong FC,Vietnam,Gelandang Kiri,30,"Rp1,74Mlyr.",1740000000,2026-06-01
The Tai Hoang,Hai Phong FC,Vietnam,Gelandang Kiri,0,"Rp869,08Jt.",869080000,2026-06-01
Camilo Vasconcelos,Hai Phong FC,Vietnam,Sayap Kiri,0,"Rp434,54Jt.",434540000,2026-06-01
Joel Tagueu,Hai Phong FC,Vietnam,Depan-Tengah,0,"Rp5,21Mlyr.",5210000000,2026-06-01
Jucie Lupeta,Hai Phong FC,Vietnam,Depan-Tengah,42,"Rp1,74Mlyr.",1740000000,2026-06-01
Xuan Nam Nguyen,Hai Phong FC,Vietnam,Depan-Tengah,0,"Rp1,30Mlyr.",1300000000,2026-06-01
Jourdain Fletcher,Hai Phong FC,Vietnam,Depan-Tengah,0,-,0,2026-06-01
