player_name,team,league_country,position,age,market_value_raw,market_value_est,scraped_date
Awan Setho,Bhayangkara Presisi Lampung FC,Indonesia,Kiper,0,"Rp2,17Mlyr.",2170000000,2026-07-06
Rakasurya Handika,Bhayangkara Presisi Lampung FC,Indonesia,Kiper,29,"Rp869,08Jt.",869080000,2026-07-06
Sultan Jabbar,Bhayangkara Presisi Lampung FC,Indonesia,Kiper,0,-,0,2026-07-06
Muhammad Ferarri,Bhayangkara Presisi Lampung FC,Indonesia,Bek-Tengah,41,"Rp4,35Mlyr.",4350000000,2026-07-06
Nehar Sadiki,Bhayangkara Presisi Lampung FC,Indonesia,Bek-Tengah,0,"Rp3,91Mlyr.",3910000000,2026-07-06
Léo,Bhayangkara Presisi Lampung FC,Indonesia,Bek-Tengah,0,"Rp2,61Mlyr.",2610000000,2026-07-06
Rahmat Syawal,Bhayangkara Presisi Lampung FC,Indonesia,Bek-Tengah,0,"Rp869,08Jt.",869080000,2026-07-06
Ferre Murari,Bhayangkara Presisi Lampung FC,Indonesia,Bek-Tengah,26,"Rp173,82Jt.",173820000,2026-07-06
Firza Andika,Bhayangkara Presisi Lampung FC,Indonesia,Bek-Kiri,0,"Rp3,91Mlyr.",3910000000,2026-07-06
Alan Cardoso,Bhayangkara Presisi Lampung FC,Indonesia,Bek-Kiri,0,"Rp3,48Mlyr.",3480000000,2026-07-06
Frengky Missa,Bhayangkara Presisi Lampung FC,Indonesia,Bek-Kiri,0,"Rp2,61Mlyr.",2610000000,2026-07-06
Ardi Idrus,Bhayangkara Presisi Lampung FC,Indonesia,Bek-Kiri,0,"Rp2,17Mlyr.",2170000000,2026-07-06
Putu Gede,Bhayangkara Presisi Lampung FC,Indonesia,Bek-Kanan,0,"Rp3,91Mlyr.",3910000000,2026-07-06
Moisés Gaúcho,Bhayangkara Presisi Lampung FC,Indonesia,Gel. Bertahan,0,"Rp3,48Mlyr.",3480000000,2026-07-06
Evandra Florasta,Bhayangkara Presisi Lampung FC,Indonesia,Gel. Bertahan,25,-,0,2026-07-06
Christian Ilic,Bhayangkara Presisi Lampung FC,Indonesia,Gel. Tengah,0,"Rp5,65Mlyr.",5650000000,2026-07-06
Reza Kusuma,Bhayangkara Presisi Lampung FC,Indonesia,Gel. Tengah,0,"Rp1,30Mlyr.",1300000000,2026-07-06
TM Ichsan,Bhayangkara Presisi Lampung FC,Indonesia,Gel. Tengah,19,"Rp1,30Mlyr.",1300000000,2026-07-06
Wahyu Subo Seto,Bhayangkara Presisi Lampung FC,Indonesia,Gel. Serang,23,"Rp1,74Mlyr.",1740000000,2026-07-06
Da-bin Ji,Bhayangkara Presisi Lampung FC,Indonesia,Gel. Serang,0,-,0,2026-07-06
Sani Rizki,Bhayangkara Presisi Lampung FC,Indonesia,Sayap Kiri,20,"Rp2,61Mlyr.",2610000000,2026-07-06
Ginanjar Wahyu,Bhayangkara Presisi Lampung FC,Indonesia,Sayap Kiri,0,"Rp869,08Jt.",869080000,2026-07-06
Fadly Alberto,Bhayangkara Presisi Lampung FC,Indonesia,Sayap Kiri,24,-,0,2026-07-06
Ryan Kurnia,Bhayangkara Presisi Lampung FC,Indonesia,Sayap Kanan,0,"Rp2,61Mlyr.",2610000000,2026-07-06
Fareed Sadat,Bhayangkara Presisi Lampung FC,Indonesia,Depan-Tengah,16,"Rp3,04Mlyr.",3040000000,2026-07-06
Muhammad Ragil,Bhayangkara Presisi Lampung FC,Indonesia,Depan-Tengah,0,"Rp1,74Mlyr.",1740000000,2026-07-06
Titan Agung,Bhayangkara Presisi Lampung FC,Indonesia,Depan-Tengah,0,"Rp1,30Mlyr.",1300000000,2026-07-06
Adi Satryo,Arema FC,Indonesia,Kiper,30,"Rp3,91Mlyr.",3910000000,2026-07-06
Syahrul Trisna,Arema FC,Indonesia,Kiper,0,"Rp2,17Mlyr.",2170000000,2026-07-06
Gianluca Pandeynuwu,Arema FC,Indonesia,Kiper,0,"Rp2,17Mlyr.",2170000000,2026-07-06
Erlangga Setyo,Arema FC,Indonesia,Kiper,0,"Rp869,08Jt.",869080000,2026-07-06
Thales Lira,Arema FC,Indonesia,Bek-Tengah,0,"Rp4,35Mlyr.",4350000000,2026-07-06
Hansamu Yama,Arema FC,Indonesia,Bek-Tengah,0,"Rp2,61Mlyr.",2610000000,2026-07-06
Walisson Maia,Arema FC,Indonesia,Bek-Tengah,0,"Rp434,54Jt.",434540000,2026-07-06
Johan Alfarizi,Arema FC,Indonesia,Bek-Kiri,0,"Rp173,82Jt.",173820000,2026-07-06
Achmad Maulana,Arema FC,Indonesia,Bek-Kanan,19,"Rp2,17Mlyr.",2170000000,2026-07-06
Bayu Setiawan,Arema FC,Indonesia,Bek-Kanan,0,"Rp1,30Mlyr.",1300000000,2026-07-06
Alfiansyah,Arema FC,Indonesia,Bek-Kanan,0,-,0,2026-07-06
Matheus Blade,Arema FC,Indonesia,Gel. Bertahan,25,"Rp3,48Mlyr.",3480000000,2026-07-06
Robi Darwis,Arema FC,Indonesia,Gel. Bertahan,0,"Rp2,61Mlyr.",2610000000,2026-07-06
Betinho,Arema FC,Indonesia,Gel. Bertahan,28,"Rp1,74Mlyr.",1740000000,2026-07-06
Jayus Hariono,Arema FC,Indonesia,Gel. Bertahan,0,"Rp1,30Mlyr.",1300000000,2026-07-06
Arkhan Fikri,Arema FC,Indonesia,Gel. Tengah,0,"Rp4,78Mlyr.",4780000000,2026-07-06
Julián Guevara,Arema FC,Indonesia,Gel. Tengah,0,"Rp1,74Mlyr.",1740000000,2026-07-06
Gustavo França,Arema FC,Indonesia,Gel. Serang,0,"Rp4,78Mlyr.",4780000000,2026-07-06
Muhammad Rafli,Arema FC,Indonesia,Gel. Serang,0,"Rp1,30Mlyr.",1300000000,2026-07-06
Gabriel Silva,Arema FC,Indonesia,Sayap Kiri,0,"Rp4,78Mlyr.",4780000000,2026-07-06
Tito Hamzah,Arema FC,Indonesia,Sayap Kanan,0,"Rp3,04Mlyr.",3040000000,2026-07-06
Salim Tuharea,Arema FC,Indonesia,Sayap Kanan,0,"Rp2,17Mlyr.",2170000000,2026-07-06
Dwiki Mardiyanto,Arema FC,Indonesia,Sayap Kanan,17,"Rp1,30Mlyr.",1300000000,2026-07-06
Dendi Santoso,Arema FC,Indonesia,Sayap Kanan,41,"Rp434,54Jt.",434540000,2026-07-06
Joel Vinícius,Arema FC,Indonesia,Depan-Tengah,0,"Rp2,61Mlyr.",2610000000,2026-07-06
Razzaa Fachrezi,Arema FC,Indonesia,Depan-Tengah,20,"Rp173,82Jt.",173820000,2026-07-06
Dimas Aryaguna,Arema FC,Indonesia,Depan-Tengah,0,-,0,2026-07-06
Sheva Sanggasi,Persijap Jepara,Indonesia,Kiper,0,"Rp434,54Jt.",434540000,2026-07-06
Raufa Aghastya,Persijap Jepara,Indonesia,Kiper,22,-,0,2026-07-06
Tiri,Persijap Jepara,Indonesia,Bek-Tengah,0,"Rp3,04Mlyr.",3040000000,2026-07-06
Fikron Afriyanto,Persijap Jepara,Indonesia,Bek-Tengah,0,"Rp1,74Mlyr.",1740000000,2026-07-06
Frank Sokoy,Persijap Jepara,Indonesia,Bek-Kiri,0,"Rp869,08Jt.",869080000,2026-07-06
Firman Ramadhan,Persijap Jepara,Indonesia,Bek-Kiri,17,"Rp869,08Jt.",869080000,2026-07-06
Buyung Ismu,Persijap Jepara,Indonesia,Bek-Kiri,0,"Rp869,08Jt.",869080000,2026-07-06
Heriansyah Yan,Persijap Jepara,Indonesia,Gel. Bertahan,0,-,0,2026-07-06
Borja Martínez,Persijap Jepara,Indonesia,Gel. Tengah,0,"Rp4,35Mlyr.",4350000000,2026-07-06
Morelatto,Persijap Jepara,Indonesia,Gel. Tengah,0,"Rp1,30Mlyr.",1300000000,2026-07-06
Felix Marcelino,Persijap Jepara,Indonesia,Gel. Tengah,27,-,0,2026-07-06
Borja Herrera,Persijap Jepara,Indonesia,Gel. Serang,0,"Rp4,35Mlyr.",4350000000,2026-07-06
Iker Guarrotxena,Persijap Jepara,Indonesia,Sayap Kiri,34,"Rp5,21Mlyr.",5210000000,2026-07-06
David Laly,Persijap Jepara,Indonesia,Sayap Kiri,0,"Rp434,54Jt.",434540000,2026-07-06
Seva Setiadi,Persijap Jepara,Indonesia,Sayap Kanan,0,-,0,2026-07-06
Abdallah Sudi,Persijap Jepara,Indonesia,Depan-Tengah,0,"Rp2,17Mlyr.",2170000000,2026-07-06
Raia Irvanza,Persijap Jepara,Indonesia,Depan-Tengah,29,-,0,2026-07-06
Ernando Ari,Persebaya Surabaya,Indonesia,Kiper,21,"Rp4,78Mlyr.",4780000000,2026-07-06
Reza Arya,Persebaya Surabaya,Indonesia,Kiper,0,"Rp2,61Mlyr.",2610000000,2026-07-06
Adre Arido,Persebaya Surabaya,Indonesia,Kiper,0,-,0,2026-07-06
Muhammad Ilham,Persebaya Surabaya,Indonesia,Kiper,39,-,0,2026-07-06
Syahrul Lasinari,Persebaya Surabaya,Indonesia,Bek-Tengah,0,"Rp3,04Mlyr.",3040000000,2026-07-06
Risto Mitrevski,Persebaya Surabaya,Indonesia,Bek-Tengah,0,"Rp1,74Mlyr.",1740000000,2026-07-06
Randy May,Persebaya Surabaya,Indonesia,Bek-Tengah,18,"Rp434,54Jt.",434540000,2026-07-06
Sheva Kardanu,Persebaya Surabaya,Indonesia,Bek-Tengah,0,-,0,2026-07-06
Jefferson,Persebaya Surabaya,Indonesia,Bek-Kiri,17,"Rp4,78Mlyr.",4780000000,2026-07-06
Yusuf Meilana,Persebaya Surabaya,Indonesia,Bek-Kiri,0,"Rp3,04Mlyr.",3040000000,2026-07-06
Mikael Tata,Persebaya Surabaya,Indonesia,Bek-Kiri,0,"Rp2,61Mlyr.",2610000000,2026-07-06
Ahmad Mujtaba,Persebaya Surabaya,Indonesia,Bek-Kiri,0,-,0,2026-07-06
Arief Catur,Persebaya Surabaya,Indonesia,Bek-Kanan,0,"Rp3,91Mlyr.",3910000000,2026-07-06
Koko Ari,Persebaya Surabaya,Indonesia,Bek-Kanan,33,"Rp2,61Mlyr.",2610000000,2026-07-06
Rachmat Irianto,Persebaya Surabaya,Indonesia,Gel. Bertahan,0,"Rp4,35Mlyr.",4350000000,2026-07-06
Sadida Putra,Persebaya Surabaya,Indonesia,Gel. Bertahan,0,"Rp1,30Mlyr.",1300000000,2026-07-06
Toni Firmansyah,Persebaya Surabaya,Indonesia,Gel. Tengah,0,"Rp2,61Mlyr.",2610000000,2026-07-06
Ichsas Baihaqi,Persebaya Surabaya,Indonesia,Gel. Tengah,0,"Rp869,08Jt.",869080000,2026-07-06
Francisco Rivera,Persebaya Surabaya,Indonesia,Gel. Serang,0,"Rp6,95Mlyr.",6950000000,2026-07-06
Gali Freitas,Persebaya Surabaya,Indonesia,Sayap Kiri,22,"Rp4,35Mlyr.",4350000000,2026-07-06
Malik Risaldi,Persebaya Surabaya,Indonesia,Sayap Kanan,0,"Rp4,78Mlyr.",4780000000,2026-07-06
Dicky Kurniawan,Persebaya Surabaya,Indonesia,Sayap Kanan,0,"Rp1,74Mlyr.",1740000000,2026-07-06
Alfan Suaib,Persebaya Surabaya,Indonesia,Sayap Kanan,0,"Rp869,08Jt.",869080000,2026-07-06
Dimas Wicaksono,Persebaya Surabaya,Indonesia,Sayap Kanan,26,"Rp869,08Jt.",869080000,2026-07-06
Ramadhan Sananta,Persebaya Surabaya,Indonesia,Depan-Tengah,0,"Rp4,78Mlyr.",4780000000,2026-07-06
Mihailo Perovic,Persebaya Surabaya,Indonesia,Depan-Tengah,0,"Rp3,91Mlyr.",3910000000,2026-07-06
Ricky Pratama,Persebaya Surabaya,Indonesia,Depan-Tengah,0,"Rp2,17Mlyr.",2170000000,2026-07-06
Hilmansyah,PSM Makassar,Indonesia,Kiper,0,"Rp3,48Mlyr.",3480000000,2026-07-06
Ardiansyah,PSM Makassar,Indonesia,Kiper,0,"Rp869,08Jt.",869080000,2026-07-06
Syamil Bahij,PSM Makassar,Indonesia,Kiper,0,-,0,2026-07-06
Poetro Negoro,PSM Makassar,Indonesia,Kiper,20,-,0,2026-07-06
Agus Al Faris,PSM Makassar,Indonesia,Kiper,0,-,0,2026-07-06
Dusan Lagator,PSM Makassar,Indonesia,Bek-Tengah,0,"Rp6,95Mlyr.",6950000000,2026-07-06
Aloísio Neto,PSM Makassar,Indonesia,Bek-Tengah,0,"Rp5,21Mlyr.",5210000000,2026-07-06
Victor Luiz,PSM Makassar,Indonesia,Bek-Kiri,22,"Rp6,08Mlyr.",6080000000,2026-07-06
Mufli Hidayat,PSM Makassar,Indonesia,Bek-Kanan,0,"Rp1,30Mlyr.",1300000000,2026-07-06
Akbar Tanjung,PSM Makassar,Indonesia,Gel. Bertahan,0,"Rp3,48Mlyr.",3480000000,2026-07-06
Ananda Raehan,PSM Makassar,Indonesia,Gel. Bertahan,0,"Rp3,04Mlyr.",3040000000,2026-07-06
Muhammad Arfan,PSM Makassar,Indonesia,Gel. Bertahan,0,"Rp2,61Mlyr.",2610000000,2026-07-06
Resky Fandi,PSM Makassar,Indonesia,Gel. Bertahan,0,"Rp1,30Mlyr.",1300000000,2026-07-06
Adil Nur,PSM Makassar,Indonesia,Gel. Bertahan,0,-,0,2026-07-06
Rasyid Bakri,PSM Makassar,Indonesia,Gel. Tengah,17,"Rp434,54Jt.",434540000,2026-07-06
Fahrul Aditia,PSM Makassar,Indonesia,Gel. Serang,29,"Rp1,30Mlyr.",1300000000,2026-07-06
Kaka Amrullah,PSM Makassar,Indonesia,Gel. Serang,19,-,0,2026-07-06
Rizky Eka Pratama,PSM Makassar,Indonesia,Sayap Kiri,24,"Rp3,48Mlyr.",3480000000,2026-07-06
Arham Darmawan,PSM Makassar,Indonesia,Sayap Kiri,0,"Rp869,08Jt.",869080000,2026-07-06
Tedja Kusuma,PSM Makassar,Indonesia,Sayap Kiri,0,"Rp869,08Jt.",869080000,2026-07-06
Dzaky Asraf,PSM Makassar,Indonesia,Sayap Kanan,27,"Rp1,30Mlyr.",1300000000,2026-07-06
Karel Ridzald,PSM Makassar,Indonesia,Sayap Kanan,0,"Rp869,08Jt.",869080000,2026-07-06
Gala Pagamo,PSM Makassar,Indonesia,Sayap Kanan,18,"Rp869,08Jt.",869080000,2026-07-06
Muh Fahrul,PSM Makassar,Indonesia,Sayap Kanan,0,-,0,2026-07-06
Luka Cumic,PSM Makassar,Indonesia,Depan-Tengah,0,"Rp5,21Mlyr.",5210000000,2026-07-06
Rizqi Abhirama,Persik Kediri,Indonesia,Kiper,27,"Rp869,08Jt.",869080000,2026-07-06
Kiko,Persik Kediri,Indonesia,Bek-Tengah,0,"Rp3,91Mlyr.",3910000000,2026-07-06
Lucão,Persik Kediri,Indonesia,Bek-Tengah,0,"Rp3,04Mlyr.",3040000000,2026-07-06
Yoga Adiatama,Persik Kediri,Indonesia,Bek-Kiri,24,"Rp1,30Mlyr.",1300000000,2026-07-06
Imanol García,Persik Kediri,Indonesia,Gel. Tengah,0,"Rp5,21Mlyr.",5210000000,2026-07-06
Bayu Otto,Persik Kediri,Indonesia,Gel. Tengah,0,"Rp3,48Mlyr.",3480000000,2026-07-06
Adi Eko,Persik Kediri,Indonesia,Gel. Tengah,0,"Rp1,30Mlyr.",1300000000,2026-07-06
Jon Toral,Persik Kediri,Indonesia,Gel. Serang,0,"Rp7,82Mlyr.",7820000000,2026-07-06
Ezra Walian,Persik Kediri,Indonesia,Sayap Kiri,0,"Rp6,95Mlyr.",6950000000,2026-07-06
Rendy Sanjaya,Persik Kediri,Indonesia,Sayap Kiri,19,"Rp1,30Mlyr.",1300000000,2026-07-06
Wigi Pratama,Persik Kediri,Indonesia,Sayap Kiri,37,"Rp869,08Jt.",869080000,2026-07-06
Faris Aditama,Persik Kediri,Indonesia,Sayap Kiri,0,"Rp173,82Jt.",173820000,2026-07-06
Ernesto Gómez,Persik Kediri,Indonesia,Sayap Kanan,0,"Rp3,48Mlyr.",3480000000,2026-07-06
José Enrique,Persik Kediri,Indonesia,Depan-Tengah,21,"Rp5,21Mlyr.",5210000000,2026-07-06
Sylvain Atieda,Persik Kediri,Indonesia,Depan-Tengah,0,"Rp2,17Mlyr.",2170000000,2026-07-06
Mohammad Khanafi,Persik Kediri,Indonesia,Depan-Tengah,0,"Rp1,30Mlyr.",1300000000,2026-07-06
Yoewanto Beny,Garudayaksa FC,Indonesia,Kiper,23,"Rp1,30Mlyr.",1300000000,2026-07-06
Alfin Kelilauw,Garudayaksa FC,Indonesia,Bek-Kiri,0,"Rp2,61Mlyr.",2610000000,2026-07-06
Alfriyanto Nico,Garudayaksa FC,Indonesia,Bek-Kanan,0,"Rp2,17Mlyr.",2170000000,2026-07-06
Adittia Gigis,Garudayaksa FC,Indonesia,Gel. Bertahan,0,"Rp3,04Mlyr.",3040000000,2026-07-06
Sidik Saimima,Garudayaksa FC,Indonesia,Gel. Tengah,0,"Rp1,74Mlyr.",1740000000,2026-07-06
Arapenta Poerba,Garudayaksa FC,Indonesia,Gel. Serang,0,"Rp1,30Mlyr.",1300000000,2026-07-06
Dheco Zacky,Garudayaksa FC,Indonesia,Sayap Kiri,21,"Rp1,30Mlyr.",1300000000,2026-07-06
Andik Vermansyah,Garudayaksa FC,Indonesia,Sayap Kanan,0,"Rp869,08Jt.",869080000,2026-07-06
Igor Rodrigues,Persita Tangerang,Indonesia,Kiper,29,"Rp6,52Mlyr.",6520000000,2026-07-06
Rizwan Haikal,Persita Tangerang,Indonesia,Kiper,21,-,0,2026-07-06
Tamirlan Kozubaev,Persita Tangerang,Indonesia,Bek-Tengah,0,"Rp7,82Mlyr.",7820000000,2026-07-06
Javlon Guseynov,Persita Tangerang,Indonesia,Bek-Tengah,19,"Rp2,61Mlyr.",2610000000,2026-07-06
Ryuji Utomo,Persita Tangerang,Indonesia,Bek-Tengah,0,"Rp2,17Mlyr.",2170000000,2026-07-06
Charisma Fathoni,Persita Tangerang,Indonesia,Bek-Tengah,0,"Rp1,74Mlyr.",1740000000,2026-07-06
Mario Jardel,Persita Tangerang,Indonesia,Bek-Kiri,0,"Rp3,48Mlyr.",3480000000,2026-07-06
Aep Nursofyan,Persita Tangerang,Indonesia,Bek-Kanan,0,"Rp434,54Jt.",434540000,2026-07-06
Rifky Dwi Septiawan,Persita Tangerang,Indonesia,Gel. Bertahan,0,"Rp1,74Mlyr.",1740000000,2026-07-06
Zulfan Djiaulhaq,Persita Tangerang,Indonesia,Gel. Bertahan,36,"Rp1,30Mlyr.",1300000000,2026-07-06
Pablo Ganet,Persita Tangerang,Indonesia,Gel. Tengah,0,"Rp5,21Mlyr.",5210000000,2026-07-06
Éber Bessa,Persita Tangerang,Indonesia,Gel. Serang,0,"Rp1,74Mlyr.",1740000000,2026-07-06
Aleksa Andrejic,Persita Tangerang,Indonesia,Sayap Kiri,0,"Rp2,17Mlyr.",2170000000,2026-07-06
Esal Sahrul,Persita Tangerang,Indonesia,Sayap Kiri,0,"Rp1,74Mlyr.",1740000000,2026-07-06
Yardan Yafi,Persita Tangerang,Indonesia,Sayap Kiri,25,"Rp869,08Jt.",869080000,2026-07-06
Andriano Saputra,Persita Tangerang,Indonesia,Sayap Kiri,30,"Rp434,54Jt.",434540000,2026-07-06
Evan Tuhuteru,Persita Tangerang,Indonesia,Sayap Kiri,0,-,0,2026-07-06
Rayco Rodríguez,Persita Tangerang,Indonesia,Sayap Kanan,0,"Rp7,82Mlyr.",7820000000,2026-07-06
Dafiq Firdaus,Persita Tangerang,Indonesia,Sayap Kanan,17,-,0,2026-07-06
Hokky Caraka,Persita Tangerang,Indonesia,Depan-Tengah,0,"Rp3,48Mlyr.",3480000000,2026-07-06
Ahmad Nur Hardianto,Persita Tangerang,Indonesia,Depan-Tengah,0,"Rp2,61Mlyr.",2610000000,2026-07-06
Sonny Stevens,Dewa United Banten FC,Indonesia,Kiper,0,"Rp4,78Mlyr.",4780000000,2026-07-06
Yofandani Pranata,Dewa United Banten FC,Indonesia,Kiper,0,"Rp434,54Jt.",434540000,2026-07-06
Dafa Al Gasemi,Dewa United Banten FC,Indonesia,Kiper,31,-,0,2026-07-06
Tores Khadafi,Dewa United Banten FC,Indonesia,Bek,40,-,0,2026-07-06
Wahyu Prasetyo,Dewa United Banten FC,Indonesia,Bek-Tengah,0,"Rp4,35Mlyr.",4350000000,2026-07-06
Nick Kuipers,Dewa United Banten FC,Indonesia,Bek-Tengah,0,"Rp3,91Mlyr.",3910000000,2026-07-06
Brian Fatari,Dewa United Banten FC,Indonesia,Bek-Tengah,0,"Rp2,17Mlyr.",2170000000,2026-07-06
Akbar Arjunsyah,Dewa United Banten FC,Indonesia,Bek-Tengah,0,"Rp869,08Jt.",869080000,2026-07-06
Edo Febriansyah,Dewa United Banten FC,Indonesia,Bek-Kiri,0,"Rp4,35Mlyr.",4350000000,2026-07-06
Alta Ballah,Dewa United Banten FC,Indonesia,Bek-Kiri,37,"Rp3,48Mlyr.",3480000000,2026-07-06
Johnathan,Dewa United Banten FC,Indonesia,Bek-Kanan,0,"Rp6,08Mlyr.",6080000000,2026-07-06
Ady Setiawan,Dewa United Banten FC,Indonesia,Bek-Kanan,23,"Rp1,30Mlyr.",1300000000,2026-07-06
Theo Numberi,Dewa United Banten FC,Indonesia,Gel. Bertahan,0,"Rp1,30Mlyr.",1300000000,2026-07-06
Tristan Ibrahim,Dewa United Banten FC,Indonesia,Gel. Bertahan,33,-,0,2026-07-06
Alexis Messidoro,Dewa United Banten FC,Indonesia,Gel. Tengah,0,"Rp8,69Mlyr.",8690000000,2026-07-06
Kafiatur Rizky,Dewa United Banten FC,Indonesia,Gel. Tengah,16,"Rp434,54Jt.",434540000,2026-07-06
Husain Anshori,Dewa United Banten FC,Indonesia,Gel. Tengah,0,-,0,2026-07-06
Ricky Kambuaya,Dewa United Banten FC,Indonesia,Gel. Serang,19,"Rp6,52Mlyr.",6520000000,2026-07-06
Rafael Struick,Dewa United Banten FC,Indonesia,Sayap Kiri,27,"Rp2,17Mlyr.",2170000000,2026-07-06
Egy Maulana Vikri,Dewa United Banten FC,Indonesia,Sayap Kanan,0,"Rp5,21Mlyr.",5210000000,2026-07-06
Privat Mbarga,Dewa United Banten FC,Indonesia,Sayap Kanan,0,"Rp3,91Mlyr.",3910000000,2026-07-06
Diaz Priambodo,Adhyaksa FC Banten,Indonesia,Kiper,20,"Rp869,08Jt.",869080000,2026-07-06
Bintang Marwah,Adhyaksa FC Banten,Indonesia,Kiper,0,-,0,2026-07-06
Abdul Malik,Adhyaksa FC Banten,Indonesia,Bek,0,-,0,2026-07-06
Sebastian Zidane,Adhyaksa FC Banten,Indonesia,Bek,27,-,0,2026-07-06
Fayrushi,Adhyaksa FC Banten,Indonesia,Bek-Tengah,0,"Rp2,17Mlyr.",2170000000,2026-07-06
Harli Cahya,Adhyaksa FC Banten,Indonesia,Bek-Tengah,0,"Rp434,54Jt.",434540000,2026-07-06
Galuh Nata,Adhyaksa FC Banten,Indonesia,Gel. Bertahan,34,"Rp1,30Mlyr.",1300000000,2026-07-06
Shafa Abdillah,Adhyaksa FC Banten,Indonesia,Gel. Bertahan,0,"Rp869,08Jt.",869080000,2026-07-06
Brayen Pondaag,Adhyaksa FC Banten,Indonesia,Gel. Serang,30,"Rp2,61Mlyr.",2610000000,2026-07-06
Dandy Sonriza,Adhyaksa FC Banten,Indonesia,Sayap Kiri,0,"Rp1,74Mlyr.",1740000000,2026-07-06
Satrio Mega,Adhyaksa FC Banten,Indonesia,Sayap Kanan,0,"Rp869,08Jt.",869080000,2026-07-06
Adilson Silva,Adhyaksa FC Banten,Indonesia,Depan-Tengah,0,"Rp4,35Mlyr.",4350000000,2026-07-06
Rafly Ariyanto,Adhyaksa FC Banten,Indonesia,Depan-Tengah,0,"Rp1,74Mlyr.",1740000000,2026-07-06
Ramiro Fergonzi,Adhyaksa FC Banten,Indonesia,Depan-Tengah,22,"Rp869,08Jt.",869080000,2026-07-06
Januar Eka,Adhyaksa FC Banten,Indonesia,Depan-Tengah,0,-,0,2026-07-06
Nadeo Argawinata,Borneo FC Samarinda,Indonesia,Kiper,0,"Rp7,82Mlyr.",7820000000,2026-07-06
Andhika Setiawan,Borneo FC Samarinda,Indonesia,Kiper,27,-,0,2026-07-06
Risnanda Rafa,Borneo FC Samarinda,Indonesia,Kiper,0,-,0,2026-07-06
Komang Teguh,Borneo FC Samarinda,Indonesia,Bek-Tengah,16,"Rp4,35Mlyr.",4350000000,2026-07-06
Mohammad Al-Husseini,Borneo FC Samarinda,Indonesia,Bek-Tengah,0,"Rp2,61Mlyr.",2610000000,2026-07-06
Aldair Simanca,Borneo FC Samarinda,Indonesia,Bek-Tengah,0,"Rp1,74Mlyr.",1740000000,2026-07-06
Jody Kurniady,Borneo FC Samarinda,Indonesia,Bek-Tengah,0,"Rp869,08Jt.",869080000,2026-07-06
Caxambu,Borneo FC Samarinda,Indonesia,Bek-Kiri,23,"Rp6,08Mlyr.",6080000000,2026-07-06
Leo Guntara,Borneo FC Samarinda,Indonesia,Bek-Kiri,0,"Rp3,48Mlyr.",3480000000,2026-07-06
Haykal Alhafiz,Borneo FC Samarinda,Indonesia,Bek-Kiri,0,"Rp869,08Jt.",869080000,2026-07-06
Gavin Kwan,Borneo FC Samarinda,Indonesia,Bek-Kanan,0,"Rp869,08Jt.",869080000,2026-07-06
Diego Michiels,Borneo FC Samarinda,Indonesia,Bek-Kanan,24,"Rp869,08Jt.",869080000,2026-07-06
Dika Kuswardani,Borneo FC Samarinda,Indonesia,Bek-Kanan,0,"Rp434,54Jt.",434540000,2026-07-06
Rivaldo Pakpahan,Borneo FC Samarinda,Indonesia,Gel. Bertahan,0,"Rp3,04Mlyr.",3040000000,2026-07-06
Faris Adit,Borneo FC Samarinda,Indonesia,Gel. Bertahan,0,"Rp869,08Jt.",869080000,2026-07-06
Juan Felipe Villa,Borneo FC Samarinda,Indonesia,Gel. Serang,20,"Rp11,30Mlyr.",11300000000,2026-07-06
Marcos Astina,Borneo FC Samarinda,Indonesia,Gel. Serang,0,"Rp5,21Mlyr.",5210000000,2026-07-06
Dwiky Hardiansyah,Borneo FC Samarinda,Indonesia,Gel. Serang,0,"Rp1,30Mlyr.",1300000000,2026-07-06
Tegar Islami,Borneo FC Samarinda,Indonesia,Gel. Serang,0,-,0,2026-07-06
Asgal Habib,Borneo FC Samarinda,Indonesia,Sayap Kiri,0,"Rp869,08Jt.",869080000,2026-07-06
Rangga Sumarna,Borneo FC Samarinda,Indonesia,Sayap Kiri,0,"Rp173,82Jt.",173820000,2026-07-06
Redzuan Fachgi,Borneo FC Samarinda,Indonesia,Sayap Kiri,0,"Rp173,82Jt.",173820000,2026-07-06
Reyki Fariz,Borneo FC Samarinda,Indonesia,Sayap Kanan,25,"Rp869,08Jt.",869080000,2026-07-06
Habibi Jusuf,Borneo FC Samarinda,Indonesia,Depan-Tengah,0,"Rp869,08Jt.",869080000,2026-07-06
Ousmane Camara,Borneo FC Samarinda,Indonesia,Depan-Tengah,19,-,0,2026-07-06
Dika Nurdiansyah,Borneo FC Samarinda,Indonesia,Depan-Tengah,0,-,0,2026-07-06
Cyrus Margono,Persija Jakarta,Indonesia,Kiper,0,"Rp3,04Mlyr.",3040000000,2026-07-06
Aqil Savik,Persija Jakarta,Indonesia,Kiper,0,"Rp2,61Mlyr.",2610000000,2026-07-06
Hafizh Rizkianur,Persija Jakarta,Indonesia,Kiper,22,-,0,2026-07-06
Irham Nadzhofa,Persija Jakarta,Indonesia,Kiper,27,-,0,2026-07-06
Rizky Ridho,Persija Jakarta,Indonesia,Bek-Tengah,0,"Rp11,30Mlyr.",11300000000,2026-07-06
Jordi Amat,Persija Jakarta,Indonesia,Bek-Tengah,21,"Rp9,56Mlyr.",9560000000,2026-07-06
Denis Kolinger,Persija Jakarta,Indonesia,Bek-Tengah,0,"Rp7,82Mlyr.",7820000000,2026-07-06
Dia Syayid,Persija Jakarta,Indonesia,Bek-Tengah,32,"Rp869,08Jt.",869080000,2026-07-06
Baihaqi Rifai,Persija Jakarta,Indonesia,Bek-Tengah,29,-,0,2026-07-06
Shayne Pattynama,Persija Jakarta,Indonesia,Bek-Kiri,25,"Rp6,08Mlyr.",6080000000,2026-07-06
Dony Tri Pamungkas,Persija Jakarta,Indonesia,Bek-Kiri,0,"Rp5,21Mlyr.",5210000000,2026-07-06
Fajar Fathurrahman,Persija Jakarta,Indonesia,Bek-Kanan,0,"Rp5,65Mlyr.",5650000000,2026-07-06
Rio Fahmi,Persija Jakarta,Indonesia,Bek-Kanan,0,"Rp5,21Mlyr.",5210000000,2026-07-06
Fafa Sheva,Persija Jakarta,Indonesia,Bek-Kanan,0,"Rp869,08Jt.",869080000,2026-07-06
Fábio Silva,Persija Jakarta,Indonesia,Gel. Bertahan,0,"Rp5,21Mlyr.",5210000000,2026-07-06
Sousa,Persija Jakarta,Indonesia,Gel. Bertahan,0,"Rp4,35Mlyr.",4350000000,2026-07-06
Aditya Warman,Persija Jakarta,Indonesia,Gel. Bertahan,36,"Rp1,30Mlyr.",1300000000,2026-07-06
Figo Dennis,Persija Jakarta,Indonesia,Gel. Bertahan,0,"Rp869,08Jt.",869080000,2026-07-06
Refan Nadief,Persija Jakarta,Indonesia,Gel. Tengah,0,-,0,2026-07-06
Ryo Matsumura,Persija Jakarta,Indonesia,Gel. Serang,0,"Rp4,78Mlyr.",4780000000,2026-07-06
Rayhan Hannan,Persija Jakarta,Indonesia,Gel. Serang,0,"Rp3,04Mlyr.",3040000000,2026-07-06
Witan,Persija Jakarta,Indonesia,Sayap Kiri,0,"Rp4,78Mlyr.",4780000000,2026-07-06
Arlyansyah Abdulmanan,Persija Jakarta,Indonesia,Sayap Kiri,0,"Rp1,74Mlyr.",1740000000,2026-07-06
Victor Dethan,Persija Jakarta,Indonesia,Sayap Kanan,0,"Rp3,91Mlyr.",3910000000,2026-07-06
Jehan Pahlevi,Persija Jakarta,Indonesia,Sayap Kanan,0,"Rp434,54Jt.",434540000,2026-07-06
Agi Firmansyah,Persija Jakarta,Indonesia,Sayap Kanan,0,-,0,2026-07-06
Zahaby Gholy,Persija Jakarta,Indonesia,Sayap Kanan,0,-,0,2026-07-06
Gustavo Almeida,Persija Jakarta,Indonesia,Depan-Tengah,0,"Rp4,78Mlyr.",4780000000,2026-07-06
Eksel Runtukahu,Persija Jakarta,Indonesia,Depan-Tengah,0,"Rp4,78Mlyr.",4780000000,2026-07-06
Mauro Zijlstra,Persija Jakarta,Indonesia,Depan-Tengah,0,"Rp1,30Mlyr.",1300000000,2026-07-06
Cahya Supriadi,PSIM Yogyakarta,Indonesia,Kiper,19,"Rp4,35Mlyr.",4350000000,2026-07-06
Harlan Suardi,PSIM Yogyakarta,Indonesia,Kiper,26,"Rp2,17Mlyr.",2170000000,2026-07-06
Khairul Fikri,PSIM Yogyakarta,Indonesia,Kiper,0,"Rp869,08Jt.",869080000,2026-07-06
Gilang Ardha,PSIM Yogyakarta,Indonesia,Kiper,0,-,0,2026-07-06
Franco Ramos Mingo,PSIM Yogyakarta,Indonesia,Bek-Tengah,0,"Rp6,52Mlyr.",6520000000,2026-07-06
Yusaku Yamadera,PSIM Yogyakarta,Indonesia,Bek-Tengah,0,"Rp5,21Mlyr.",5210000000,2026-07-06
Jop van der Avert,PSIM Yogyakarta,Indonesia,Bek-Tengah,0,"Rp3,48Mlyr.",3480000000,2026-07-06
Reva Adi,PSIM Yogyakarta,Indonesia,Bek-Kiri,35,"Rp4,35Mlyr.",4350000000,2026-07-06
Dede Sapari,PSIM Yogyakarta,Indonesia,Bek-Kiri,0,"Rp1,30Mlyr.",1300000000,2026-07-06
Raka Cahyana,PSIM Yogyakarta,Indonesia,Bek-Kanan,0,"Rp2,61Mlyr.",2610000000,2026-07-06
Rakhmatsho Rakhmatzoda,PSIM Yogyakarta,Indonesia,Gel. Bertahan,0,"Rp3,91Mlyr.",3910000000,2026-07-06
Diandra Diaz,PSIM Yogyakarta,Indonesia,Gel. Bertahan,0,"Rp1,30Mlyr.",1300000000,2026-07-06
Rio Hardiawan,PSIM Yogyakarta,Indonesia,Gel. Tengah,29,"Rp2,17Mlyr.",2170000000,2026-07-06
Ghulam Fatkur,PSIM Yogyakarta,Indonesia,Gel. Tengah,23,"Rp1,74Mlyr.",1740000000,2026-07-06
Ezequiel Vidal,PSIM Yogyakarta,Indonesia,Gel. Serang,0,"Rp7,82Mlyr.",7820000000,2026-07-06
Zé Valente,PSIM Yogyakarta,Indonesia,Gel. Serang,0,"Rp6,08Mlyr.",6080000000,2026-07-06
Fahreza Sudin,PSIM Yogyakarta,Indonesia,Gel. Serang,0,"Rp3,04Mlyr.",3040000000,2026-07-06
Savio Sheva,PSIM Yogyakarta,Indonesia,Gel. Serang,0,"Rp2,61Mlyr.",2610000000,2026-07-06
Muhammad Iqbal,PSIM Yogyakarta,Indonesia,Gel. Serang,0,"Rp1,74Mlyr.",1740000000,2026-07-06
Riyatno Abiyoso,PSIM Yogyakarta,Indonesia,Sayap Kiri,27,"Rp2,17Mlyr.",2170000000,2026-07-06
Andi Irfan,PSIM Yogyakarta,Indonesia,Sayap Kanan,17,"Rp2,17Mlyr.",2170000000,2026-07-06
Kasim Botan,PSIM Yogyakarta,Indonesia,Sayap Kanan,0,"Rp1,30Mlyr.",1300000000,2026-07-06
Nermin Haljeta,PSIM Yogyakarta,Indonesia,Depan-Tengah,0,"Rp6,08Mlyr.",6080000000,2026-07-06
Alan,Malut United FC,Indonesia,Kiper,0,"Rp3,04Mlyr.",3040000000,2026-07-06
Muhammad Ridwan,Malut United FC,Indonesia,Kiper,22,"Rp869,08Jt.",869080000,2026-07-06
Zahir Fazya,Malut United FC,Indonesia,Kiper,28,-,0,2026-07-06
Gustavo França,Malut United FC,Indonesia,Bek-Tengah,0,"Rp6,52Mlyr.",6520000000,2026-07-06
Chechu Meneses,Malut United FC,Indonesia,Bek-Tengah,0,"Rp2,61Mlyr.",2610000000,2026-07-06
Ariel Kurung,Malut United FC,Indonesia,Bek-Tengah,0,"Rp2,17Mlyr.",2170000000,2026-07-06
Nilson Júnior,Malut United FC,Indonesia,Bek-Tengah,0,"Rp1,74Mlyr.",1740000000,2026-07-06
Kanavaro Burere,Malut United FC,Indonesia,Bek-Tengah,0,-,0,2026-07-06
Rangga Bolang,Malut United FC,Indonesia,Bek-Tengah,0,-,0,2026-07-06
Ali Syafiq,Malut United FC,Indonesia,Bek-Tengah,0,-,0,2026-07-06
Mardani Majid,Malut United FC,Indonesia,Bek-Kanan,0,-,0,2026-07-06
Manahati Lestusen,Malut United FC,Indonesia,Gel. Bertahan,0,"Rp2,61Mlyr.",2610000000,2026-07-06
Ridho Syuhada,Malut United FC,Indonesia,Gel. Bertahan,0,"Rp1,30Mlyr.",1300000000,2026-07-06
Tri Setiawan,Malut United FC,Indonesia,Gel. Bertahan,0,"Rp1,30Mlyr.",1300000000,2026-07-06
Riki Togubu,Malut United FC,Indonesia,Gel. Bertahan,0,"Rp869,08Jt.",869080000,2026-07-06
Lucas Cardoso,Malut United FC,Indonesia,Gel. Tengah,0,"Rp5,21Mlyr.",5210000000,2026-07-06
Rizky Pellu,Malut United FC,Indonesia,Gel. Tengah,0,"Rp173,82Jt.",173820000,2026-07-06
Septian David,Malut United FC,Indonesia,Gel. Serang,29,"Rp2,61Mlyr.",2610000000,2026-07-06
Tyronne,Malut United FC,Indonesia,Gel. Serang,0,"Rp1,74Mlyr.",1740000000,2026-07-06
Frets Butuan,Malut United FC,Indonesia,Sayap Kiri,21,"Rp2,61Mlyr.",2610000000,2026-07-06
Rifal Lastori,Malut United FC,Indonesia,Sayap Kiri,0,"Rp2,17Mlyr.",2170000000,2026-07-06
Rafly Selang,Malut United FC,Indonesia,Sayap Kiri,0,"Rp2,17Mlyr.",2170000000,2026-07-06
Ciro Alves,Malut United FC,Indonesia,Sayap Kanan,0,"Rp3,04Mlyr.",3040000000,2026-07-06
Vico Duarte,Malut United FC,Indonesia,Sayap Kanan,0,"Rp1,74Mlyr.",1740000000,2026-07-06
Riyan Ardiansyah,Malut United FC,Indonesia,Sayap Kanan,0,"Rp1,74Mlyr.",1740000000,2026-07-06
Taufik Rustam,Malut United FC,Indonesia,Sayap Kanan,19,"Rp1,30Mlyr.",1300000000,2026-07-06
Ahmad Wadil,Malut United FC,Indonesia,Sayap Kanan,0,"Rp869,08Jt.",869080000,2026-07-06
Aprilian Bernadus,Malut United FC,Indonesia,Sayap Kanan,0,"Rp173,82Jt.",173820000,2026-07-06
Fahran Darwan,Malut United FC,Indonesia,Sayap Kanan,0,-,0,2026-07-06
David da Silva,Malut United FC,Indonesia,Depan-Tengah,17,"Rp1,74Mlyr.",1740000000,2026-07-06
Rifael Salmon,Malut United FC,Indonesia,Depan-Tengah,0,"Rp173,82Jt.",173820000,2026-07-06
Risky Safri,Malut United FC,Indonesia,Depan-Tengah,0,-,0,2026-07-06
Teja Paku Alam,PERSIB Bandung,Indonesia,Kiper,0,"Rp4,35Mlyr.",4350000000,2026-07-06
Fitrah Maulana,PERSIB Bandung,Indonesia,Kiper,0,"Rp869,08Jt.",869080000,2026-07-06
Made Wirawan,PERSIB Bandung,Indonesia,Kiper,0,-,0,2026-07-06
Rhaka Syafaka,PERSIB Bandung,Indonesia,Kiper,0,-,0,2026-07-06
Gabriel Mutombo,PERSIB Bandung,Indonesia,Bek-Tengah,0,"Rp6,95Mlyr.",6950000000,2026-07-06
Júlio César,PERSIB Bandung,Indonesia,Bek-Tengah,0,"Rp5,21Mlyr.",5210000000,2026-07-06
Kakang Rudianto,PERSIB Bandung,Indonesia,Bek-Tengah,0,"Rp4,35Mlyr.",4350000000,2026-07-06
Hamra Hehanussa,PERSIB Bandung,Indonesia,Bek-Tengah,0,"Rp3,48Mlyr.",3480000000,2026-07-06
Achmad Jufriyanto,PERSIB Bandung,Indonesia,Bek-Tengah,16,"Rp173,82Jt.",173820000,2026-07-06
Dion Markx,PERSIB Bandung,Indonesia,Bek-Tengah,44,"Rp173,82Jt.",173820000,2026-07-06
Sandy Walsh,PERSIB Bandung,Indonesia,Bek-Kanan,0,"Rp10,43Mlyr.",10430000000,2026-07-06
Henhen Herdiana,PERSIB Bandung,Indonesia,Bek-Kanan,0,"Rp2,61Mlyr.",2610000000,2026-07-06
Kevin Pasha,PERSIB Bandung,Indonesia,Bek-Kanan,0,-,0,2026-07-06
Thom Haye,PERSIB Bandung,Indonesia,Gel. Bertahan,33,"Rp15,64Mlyr.",15640000000,2026-07-06
Dedi Kusnandar,PERSIB Bandung,Indonesia,Gel. Bertahan,0,"Rp1,30Mlyr.",1300000000,2026-07-06
Gakuto Notsuda,PERSIB Bandung,Indonesia,Gel. Tengah,0,"Rp6,95Mlyr.",6950000000,2026-07-06
Marc Klok,PERSIB Bandung,Indonesia,Gel. Tengah,23,"Rp6,52Mlyr.",6520000000,2026-07-06
Adam Alis,PERSIB Bandung,Indonesia,Gel. Tengah,18,"Rp4,78Mlyr.",4780000000,2026-07-06
Nazriel Alfaro,PERSIB Bandung,Indonesia,Gel. Tengah,0,"Rp434,54Jt.",434540000,2026-07-06
Berguinho,PERSIB Bandung,Indonesia,Gel. Serang,0,"Rp5,21Mlyr.",5210000000,2026-07-06
Luciano Guaycochea,PERSIB Bandung,Indonesia,Gel. Serang,0,"Rp3,48Mlyr.",3480000000,2026-07-06
Adzikry Fadlillah,PERSIB Bandung,Indonesia,Gel. Serang,0,"Rp1,30Mlyr.",1300000000,2026-07-06
Ragnar Oratmangoen,PERSIB Bandung,Indonesia,Sayap Kiri,0,"Rp8,69Mlyr.",8690000000,2026-07-06
Luka Menalo,PERSIB Bandung,Indonesia,Sayap Kiri,0,"Rp6,95Mlyr.",6950000000,2026-07-06
Saddil Ramdani,PERSIB Bandung,Indonesia,Sayap Kiri,0,"Rp6,08Mlyr.",6080000000,2026-07-06
Eliano Reijnders,PERSIB Bandung,Indonesia,Sayap Kanan,0,"Rp10,43Mlyr.",10430000000,2026-07-06
Beckham Putra,PERSIB Bandung,Indonesia,Sayap Kanan,0,"Rp6,95Mlyr.",6950000000,2026-07-06
Febri Hariyadi,PERSIB Bandung,Indonesia,Sayap Kanan,0,"Rp1,30Mlyr.",1300000000,2026-07-06
Ikhwan Tanamal,PERSIB Bandung,Indonesia,Sayap Kanan,0,"Rp1,30Mlyr.",1300000000,2026-07-06
Ferdiansyah,PERSIB Bandung,Indonesia,Sayap Kanan,0,"Rp869,08Jt.",869080000,2026-07-06
Athaya Zahran,PERSIB Bandung,Indonesia,Sayap Kanan,36,-,0,2026-07-06
Andrew Jung,PERSIB Bandung,Indonesia,Depan-Tengah,0,"Rp9,56Mlyr.",9560000000,2026-07-06
Uilliam,PERSIB Bandung,Indonesia,Depan-Tengah,0,"Rp4,35Mlyr.",4350000000,2026-07-06
Ramon Tanque,PERSIB Bandung,Indonesia,Depan-Tengah,0,"Rp4,35Mlyr.",4350000000,2026-07-06
Dimas Drajad,PERSIB Bandung,Indonesia,Depan-Tengah,0,"Rp2,61Mlyr.",2610000000,2026-07-06
Angga Saputro,Madura United FC,Indonesia,Kiper,0,"Rp2,61Mlyr.",2610000000,2026-07-06
Diky Indriyana,Madura United FC,Indonesia,Kiper,21,"Rp1,30Mlyr.",1300000000,2026-07-06
Bima Koto,Madura United FC,Indonesia,Kiper,0,"Rp869,08Jt.",869080000,2026-07-06
Adhitya Harlan,Madura United FC,Indonesia,Kiper,26,"Rp173,82Jt.",173820000,2026-07-06
Rendy Razzaqu,Madura United FC,Indonesia,Kiper,0,-,0,2026-07-06
Pedro Monteiro,Madura United FC,Indonesia,Bek-Tengah,0,"Rp3,91Mlyr.",3910000000,2026-07-06
Mendonça,Madura United FC,Indonesia,Bek-Tengah,0,"Rp2,17Mlyr.",2170000000,2026-07-06
Ahmad Rusadi,Madura United FC,Indonesia,Bek-Tengah,0,"Rp1,74Mlyr.",1740000000,2026-07-06
Giovani Numberi,Madura United FC,Indonesia,Bek-Kanan,0,"Rp2,17Mlyr.",2170000000,2026-07-06
Kerim Palic,Madura United FC,Indonesia,Gel. Bertahan,0,"Rp3,48Mlyr.",3480000000,2026-07-06
Ilhamsyah,Madura United FC,Indonesia,Gel. Bertahan,36,"Rp869,08Jt.",869080000,2026-07-06
Feby Ramzy,Madura United FC,Indonesia,Gel. Bertahan,0,"Rp434,54Jt.",434540000,2026-07-06
Jordy Wehrmann,Madura United FC,Indonesia,Gel. Tengah,0,"Rp6,08Mlyr.",6080000000,2026-07-06
Paulo Sitanggang,Madura United FC,Indonesia,Gel. Tengah,17,"Rp2,17Mlyr.",2170000000,2026-07-06
Fauzan Hanif,Madura United FC,Indonesia,Gel. Tengah,0,"Rp434,54Jt.",434540000,2026-07-06
Iran Júnior,Madura United FC,Indonesia,Gel. Serang,0,"Rp4,35Mlyr.",4350000000,2026-07-06
Danilo Santacruz,Madura United FC,Indonesia,Gel. Serang,0,"Rp2,61Mlyr.",2610000000,2026-07-06
Taufany Muslihuddin,Madura United FC,Indonesia,Gel. Serang,24,"Rp2,17Mlyr.",2170000000,2026-07-06
Rifqi Ray,Madura United FC,Indonesia,Gel. Serang,0,"Rp869,08Jt.",869080000,2026-07-06
Lulinha,Madura United FC,Indonesia,Sayap Kiri,0,"Rp1,74Mlyr.",1740000000,2026-07-06
Riski Afrisal,Madura United FC,Indonesia,Sayap Kiri,25,"Rp1,30Mlyr.",1300000000,2026-07-06
Jasey Wehrmann,Madura United FC,Indonesia,Sayap Kiri,37,-,0,2026-07-06
Arsan Makarin,Madura United FC,Indonesia,Sayap Kanan,0,"Rp434,54Jt.",434540000,2026-07-06
Balotelli,Madura United FC,Indonesia,Depan-Tengah,0,"Rp1,74Mlyr.",1740000000,2026-07-06
Aji Kusuma,Madura United FC,Indonesia,Depan-Tengah,0,"Rp1,74Mlyr.",1740000000,2026-07-06
Mike Hauptmeijer,Bali United FC,Indonesia,Kiper,0,"Rp4,78Mlyr.",4780000000,2026-07-06
Fitrul Rustapa,Bali United FC,Indonesia,Kiper,0,"Rp1,74Mlyr.",1740000000,2026-07-06
Wayan Arta,Bali United FC,Indonesia,Kiper,21,"Rp173,82Jt.",173820000,2026-07-06
Kadek Arel,Bali United FC,Indonesia,Bek-Tengah,0,"Rp4,35Mlyr.",4350000000,2026-07-06
João Ferrari,Bali United FC,Indonesia,Bek-Tengah,0,"Rp3,48Mlyr.",3480000000,2026-07-06
Bagas Adi,Bali United FC,Indonesia,Bek-Tengah,0,"Rp1,74Mlyr.",1740000000,2026-07-06
Putu Panji,Bali United FC,Indonesia,Bek-Tengah,44,-,0,2026-07-06
Komang Dedi,Bali United FC,Indonesia,Bek-Tengah,0,-,0,2026-07-06
Ricky Fajrin,Bali United FC,Indonesia,Bek-Kiri,24,"Rp5,65Mlyr.",5650000000,2026-07-06
Agus Mahendra,Bali United FC,Indonesia,Bek-Kiri,0,"Rp434,54Jt.",434540000,2026-07-06
Made Andhika,Bali United FC,Indonesia,Bek-Kanan,33,"Rp3,48Mlyr.",3480000000,2026-07-06
Rizky Dwi,Bali United FC,Indonesia,Bek-Kanan,16,"Rp2,61Mlyr.",2610000000,2026-07-06
Brandon Wilson,Bali United FC,Indonesia,Gel. Bertahan,0,"Rp4,35Mlyr.",4350000000,2026-07-06
Tim Receveur,Bali United FC,Indonesia,Gel. Bertahan,0,"Rp1,74Mlyr.",1740000000,2026-07-06
Made Tito,Bali United FC,Indonesia,Gel. Bertahan,0,"Rp1,74Mlyr.",1740000000,2026-07-06
Ananta Krisna,Bali United FC,Indonesia,Gel. Bertahan,0,"Rp434,54Jt.",434540000,2026-07-06
Reyner Barusu,Bali United FC,Indonesia,Gel. Bertahan,0,"Rp434,54Jt.",434540000,2026-07-06
Aris Sanjaya,Bali United FC,Indonesia,Gel. Bertahan,0,-,0,2026-07-06
Kadek Agung,Bali United FC,Indonesia,Gel. Tengah,18,"Rp4,35Mlyr.",4350000000,2026-07-06
Teppei Yachida,Bali United FC,Indonesia,Gel. Serang,17,"Rp10,43Mlyr.",10430000000,2026-07-06
Jordy Bruijn,Bali United FC,Indonesia,Gel. Serang,0,"Rp5,65Mlyr.",5650000000,2026-07-06
Maouri Simon,Bali United FC,Indonesia,Gel. Serang,42,"Rp1,30Mlyr.",1300000000,2026-07-06
Remco Balk,Bali United FC,Indonesia,Sayap Kanan,0,"Rp11,30Mlyr.",11300000000,2026-07-06
Thijmen Goppel,Bali United FC,Indonesia,Sayap Kanan,0,"Rp10,43Mlyr.",10430000000,2026-07-06
Irfan Jaya,Bali United FC,Indonesia,Sayap Kanan,41,"Rp4,35Mlyr.",4350000000,2026-07-06
Rahmat Arjuna,Bali United FC,Indonesia,Sayap Kanan,0,"Rp3,04Mlyr.",3040000000,2026-07-06
Nathan Ari,Bali United FC,Indonesia,Sayap Kanan,0,"Rp173,82Jt.",173820000,2026-07-06
Dillan Rinaldi,Bali United FC,Indonesia,Sayap Kanan,0,-,0,2026-07-06
Jort van der Sande,Bali United FC,Indonesia,Depan-Tengah,0,"Rp6,95Mlyr.",6950000000,2026-07-06
Jens Raven,Bali United FC,Indonesia,Depan-Tengah,19,"Rp1,30Mlyr.",1300000000,2026-07-06
Fahri,PSS Sleman,Indonesia,Kiper,0,"Rp1,74Mlyr.",1740000000,2026-07-06
Ega Rizky,PSS Sleman,Indonesia,Kiper,32,"Rp1,30Mlyr.",1300000000,2026-07-06
Safaat Romadhona,PSS Sleman,Indonesia,Kiper,31,"Rp434,54Jt.",434540000,2026-07-06
Fidelis Davin,PSS Sleman,Indonesia,Kiper,0,-,0,2026-07-06
Yuniar Anif,PSS Sleman,Indonesia,Kiper,30,-,0,2026-07-06
Cleberson,PSS Sleman,Indonesia,Bek-Tengah,0,"Rp3,04Mlyr.",3040000000,2026-07-06
Fachruddin Aryanto,PSS Sleman,Indonesia,Bek-Tengah,19,"Rp869,08Jt.",869080000,2026-07-06
Nur Aziz,PSS Sleman,Indonesia,Bek-Tengah,0,"Rp869,08Jt.",869080000,2026-07-06
Jajang Mulyana,PSS Sleman,Indonesia,Bek-Tengah,0,"Rp173,82Jt.",173820000,2026-07-06
Joseph Kurniawan,PSS Sleman,Indonesia,Bek-Tengah,0,-,0,2026-07-06
Kevin Gomes,PSS Sleman,Indonesia,Bek-Kiri,0,"Rp3,04Mlyr.",3040000000,2026-07-06
Salman Alfarid,PSS Sleman,Indonesia,Bek-Kiri,16,"Rp869,08Jt.",869080000,2026-07-06
Bima Zawawi,PSS Sleman,Indonesia,Bek-Kiri,0,-,0,2026-07-06
Saiful Djoge,PSS Sleman,Indonesia,Bek-Kanan,17,"Rp1,74Mlyr.",1740000000,2026-07-06
Muhammad Fariz,PSS Sleman,Indonesia,Bek-Kanan,0,"Rp869,08Jt.",869080000,2026-07-06
Fadel Ahmad,PSS Sleman,Indonesia,Bek-Kanan,0,-,0,2026-07-06
Frédéric Injaï,PSS Sleman,Indonesia,Gel. Bertahan,0,"Rp3,91Mlyr.",3910000000,2026-07-06
Arda Alfareza,PSS Sleman,Indonesia,Gel. Bertahan,0,"Rp1,74Mlyr.",1740000000,2026-07-06
Mohammad Kanu,PSS Sleman,Indonesia,Gel. Bertahan,27,"Rp869,08Jt.",869080000,2026-07-06
Relosa Rivan,PSS Sleman,Indonesia,Gel. Bertahan,36,"Rp434,54Jt.",434540000,2026-07-06
Dominikus Dion,PSS Sleman,Indonesia,Gel. Tengah,0,"Rp3,48Mlyr.",3480000000,2026-07-06
Diop Wamu,PSS Sleman,Indonesia,Gel. Tengah,0,"Rp173,82Jt.",173820000,2026-07-06
Ferrel Arda,PSS Sleman,Indonesia,Gel. Tengah,26,-,0,2026-07-06
Zidan Arrosyid,PSS Sleman,Indonesia,Gel. Serang,0,"Rp173,82Jt.",173820000,2026-07-06
Junior Haqi,PSS Sleman,Indonesia,Sayap Kiri,22,"Rp1,30Mlyr.",1300000000,2026-07-06
Claudio Mutzi,PSS Sleman,Indonesia,Sayap Kiri,0,"Rp173,82Jt.",173820000,2026-07-06
Terens Puhiri,PSS Sleman,Indonesia,Sayap Kanan,28,"Rp2,61Mlyr.",2610000000,2026-07-06
Angga Sangaji,PSS Sleman,Indonesia,Sayap Kanan,0,-,0,2026-07-06
Raustananta Destalova,PSS Sleman,Indonesia,Sayap Kanan,0,-,0,2026-07-06
Gustavo Tocantins,PSS Sleman,Indonesia,Depan-Tengah,0,"Rp5,65Mlyr.",5650000000,2026-07-06
Saranon Anuin,BG Pathum United,Thailand,Kiper,28,"Rp4,35Mlyr.",4350000000,2026-07-06
Nalawich Inthacharoen,BG Pathum United,Thailand,Kiper,0,"Rp869,08Jt.",869080000,2026-07-06
Pisan Dorkmaikaew,BG Pathum United,Thailand,Kiper,0,"Rp869,08Jt.",869080000,2026-07-06
Issarapong Waewdee,BG Pathum United,Thailand,Kiper,0,-,0,2026-07-06
Achirawit Natsanthia,BG Pathum United,Thailand,Kiper,0,-,0,2026-07-06
Chanasorn Kaewyos,BG Pathum United,Thailand,Kiper,0,-,0,2026-07-06
Marko Nikolic,BG Pathum United,Thailand,Bek-Tengah,0,"Rp4,35Mlyr.",4350000000,2026-07-06
Chanapach Buaphan,BG Pathum United,Thailand,Bek-Tengah,0,"Rp2,61Mlyr.",2610000000,2026-07-06
Pawee Tanthatemee,BG Pathum United,Thailand,Bek-Tengah,0,"Rp1,74Mlyr.",1740000000,2026-07-06
Nathan James,BG Pathum United,Thailand,Bek-Tengah,22,"Rp869,08Jt.",869080000,2026-07-06
Khatawut Poladao,BG Pathum United,Thailand,Bek-Tengah,0,-,0,2026-07-06
Chanon Tamma,BG Pathum United,Thailand,Bek-Kiri,0,"Rp3,48Mlyr.",3480000000,2026-07-06
Thawatchai Inprakhon,BG Pathum United,Thailand,Bek-Kiri,0,"Rp2,61Mlyr.",2610000000,2026-07-06
Sanchai Nonthasila,BG Pathum United,Thailand,Bek-Kiri,0,"Rp2,61Mlyr.",2610000000,2026-07-06
Waris Choolthong,BG Pathum United,Thailand,Bek-Kanan,0,"Rp5,21Mlyr.",5210000000,2026-07-06
Thanet Suknate,BG Pathum United,Thailand,Bek-Kanan,0,"Rp434,54Jt.",434540000,2026-07-06
Anan Samaae,BG Pathum United,Thailand,Bek-Kanan,0,-,0,2026-07-06
Kritsada Kaman,BG Pathum United,Thailand,Gel. Bertahan,0,"Rp7,82Mlyr.",7820000000,2026-07-06
Ryan Nektarios Edwards,BG Pathum United,Thailand,Gel. Bertahan,0,"Rp4,35Mlyr.",4350000000,2026-07-06
Sarach Yooyen,BG Pathum United,Thailand,Gel. Bertahan,0,"Rp3,91Mlyr.",3910000000,2026-07-06
Leon James,BG Pathum United,Thailand,Gel. Bertahan,0,"Rp3,48Mlyr.",3480000000,2026-07-06
Anthony Belmonte,BG Pathum United,Thailand,Gel. Tengah,0,"Rp5,21Mlyr.",5210000000,2026-07-06
Akarapong Pumwisat,BG Pathum United,Thailand,Gel. Tengah,0,"Rp4,35Mlyr.",4350000000,2026-07-06
Pongrawit Jantawong,BG Pathum United,Thailand,Gel. Tengah,27,"Rp2,17Mlyr.",2170000000,2026-07-06
Kanokpon Buspakom,BG Pathum United,Thailand,Gel. Tengah,0,"Rp1,30Mlyr.",1300000000,2026-07-06
Thanadol Kaosaart,BG Pathum United,Thailand,Gel. Tengah,0,"Rp1,30Mlyr.",1300000000,2026-07-06
Chanathip Songkrasin,BG Pathum United,Thailand,Gel. Serang,18,"Rp12,17Mlyr.",12170000000,2026-07-06
Lucas Andersen,BG Pathum United,Thailand,Gel. Serang,0,"Rp5,21Mlyr.",5210000000,2026-07-06
Thanakon Papaphe,BG Pathum United,Thailand,Gel. Serang,0,-,0,2026-07-06
Itthimon Tippanet,BG Pathum United,Thailand,Sayap Kiri,30,"Rp1,30Mlyr.",1300000000,2026-07-06
Wachirawut Saenchek,BG Pathum United,Thailand,Sayap Kiri,0,-,0,2026-07-06
Surachat Sareepim,BG Pathum United,Thailand,Sayap Kanan,0,"Rp869,08Jt.",869080000,2026-07-06
Pichaya Chaiwarangkun,BG Pathum United,Thailand,Sayap Kanan,19,-,0,2026-07-06
Witthawat Phraothaisong,BG Pathum United,Thailand,Sayap Kanan,0,-,0,2026-07-06
Raniel,BG Pathum United,Thailand,Depan-Tengah,0,"Rp12,17Mlyr.",12170000000,2026-07-06
Tomoyuki Doi,BG Pathum United,Thailand,Depan-Tengah,0,"Rp10,43Mlyr.",10430000000,2026-07-06
Patrik Gustavsson,BG Pathum United,Thailand,Depan-Tengah,0,"Rp6,95Mlyr.",6950000000,2026-07-06
Ikhsan Fandi,BG Pathum United,Thailand,Depan-Tengah,0,"Rp6,95Mlyr.",6950000000,2026-07-06
Ilhan Fandi,BG Pathum United,Thailand,Depan-Tengah,0,"Rp3,48Mlyr.",3480000000,2026-07-06
Chinnawat Prachuabmon,BG Pathum United,Thailand,Depan-Tengah,0,"Rp1,30Mlyr.",1300000000,2026-07-06
Nont Muangngam,Lamphun Warriors,Thailand,Kiper,20,"Rp3,48Mlyr.",3480000000,2026-07-06
Kwanchai Suklom,Lamphun Warriors,Thailand,Kiper,26,"Rp1,74Mlyr.",1740000000,2026-07-06
Charlie Clough,Lamphun Warriors,Thailand,Bek-Tengah,23,"Rp1,74Mlyr.",1740000000,2026-07-06
Jonas Schwabe,Lamphun Warriors,Thailand,Bek-Tengah,0,"Rp1,30Mlyr.",1300000000,2026-07-06
Anuyut Mudlem,Lamphun Warriors,Thailand,Bek-Tengah,0,"Rp434,54Jt.",434540000,2026-07-06
Wittaya Moonwong,Lamphun Warriors,Thailand,Bek-Kiri,0,"Rp1,74Mlyr.",1740000000,2026-07-06
Suriya Singmui,Lamphun Warriors,Thailand,Bek-Kiri,30,"Rp1,74Mlyr.",1740000000,2026-07-06
Dominik Schad,Lamphun Warriors,Thailand,Bek-Kanan,0,"Rp6,08Mlyr.",6080000000,2026-07-06
Nuttee Noiwilai,Lamphun Warriors,Thailand,Bek-Kanan,27,"Rp2,61Mlyr.",2610000000,2026-07-06
Tanakorn Navanich,Lamphun Warriors,Thailand,Bek-Kanan,0,"Rp869,08Jt.",869080000,2026-07-06
Ralph,Lamphun Warriors,Thailand,Gel. Tengah,17,"Rp5,21Mlyr.",5210000000,2026-07-06
Baworn Tapla,Lamphun Warriors,Thailand,Gel. Tengah,32,"Rp869,08Jt.",869080000,2026-07-06
Mohammed Osman,Lamphun Warriors,Thailand,Gel. Serang,0,"Rp5,21Mlyr.",5210000000,2026-07-06
Tawan Khotrsupho,Lamphun Warriors,Thailand,Sayap Kiri,19,"Rp1,30Mlyr.",1300000000,2026-07-06
Surat Suriyachai,Lamphun Warriors,Thailand,Sayap Kanan,25,"Rp1,30Mlyr.",1300000000,2026-07-06
Nattawut Munsuwan,Lamphun Warriors,Thailand,Depan-Tengah,0,"Rp869,08Jt.",869080000,2026-07-06
Kittipun Saensuk,Sukhothai FC,Thailand,Kiper,0,"Rp3,04Mlyr.",3040000000,2026-07-06
Supazin Hnupichai,Sukhothai FC,Thailand,Kiper,18,"Rp1,30Mlyr.",1300000000,2026-07-06
Phanuphong Sunon,Sukhothai FC,Thailand,Kiper,16,-,0,2026-07-06
Thitikit Samerjai,Sukhothai FC,Thailand,Kiper,28,-,0,2026-07-06
Saringkan Promsupa,Sukhothai FC,Thailand,Bek-Tengah,0,"Rp5,21Mlyr.",5210000000,2026-07-06
Cláudio,Sukhothai FC,Thailand,Bek-Tengah,0,"Rp2,61Mlyr.",2610000000,2026-07-06
Sarawut Kanlayanabandit,Sukhothai FC,Thailand,Bek-Tengah,22,"Rp1,30Mlyr.",1300000000,2026-07-06
Pharadon Phatthaphon,Sukhothai FC,Thailand,Bek-Kiri,19,"Rp1,74Mlyr.",1740000000,2026-07-06
Thiti Thumporn,Sukhothai FC,Thailand,Bek-Kanan,27,"Rp3,48Mlyr.",3480000000,2026-07-06
Surawich Logarwit,Sukhothai FC,Thailand,Bek-Kanan,0,"Rp1,30Mlyr.",1300000000,2026-07-06
Yannick Nussbaum,Sukhothai FC,Thailand,Bek-Kanan,0,-,0,2026-07-06
Romeu,Sukhothai FC,Thailand,Gel. Bertahan,0,"Rp5,21Mlyr.",5210000000,2026-07-06
Tassanapong Mhuaddarak,Sukhothai FC,Thailand,Gel. Bertahan,17,"Rp1,74Mlyr.",1740000000,2026-07-06
Athirat Jantrapho,Sukhothai FC,Thailand,Gel. Tengah,39,"Rp434,54Jt.",434540000,2026-07-06
Nalu Jandke,Sukhothai FC,Thailand,Gel. Tengah,20,-,0,2026-07-06
Lucas Barreto,Sukhothai FC,Thailand,Gel. Serang,0,"Rp4,35Mlyr.",4350000000,2026-07-06
Ratchanat Aranpiroj,Sukhothai FC,Thailand,Gel. Serang,0,"Rp1,74Mlyr.",1740000000,2026-07-06
Siroch Chatthong,Sukhothai FC,Thailand,Sayap Kiri,35,"Rp1,74Mlyr.",1740000000,2026-07-06
Natthapong Promorn,Sukhothai FC,Thailand,Sayap Kiri,0,-,0,2026-07-06
Eito Ishimoto,Sukhothai FC,Thailand,Sayap Kanan,0,"Rp1,74Mlyr.",1740000000,2026-07-06
Phattharaphon Jansuwan,Sukhothai FC,Thailand,Sayap Kanan,24,"Rp869,08Jt.",869080000,2026-07-06
João Paredes,Sukhothai FC,Thailand,Depan-Tengah,0,"Rp2,61Mlyr.",2610000000,2026-07-06
Gildo,Sukhothai FC,Thailand,Depan-Tengah,0,"Rp2,61Mlyr.",2610000000,2026-07-06
Thitiwat Phranmaen,Sukhothai FC,Thailand,Depan-Tengah,0,"Rp434,54Jt.",434540000,2026-07-06
Phiraphat Khamphaeng,Sukhothai FC,Thailand,Depan-Tengah,29,"Rp434,54Jt.",434540000,2026-07-06
Kampol Pathomakkakul,Ratchaburi FC,Thailand,Kiper,0,"Rp3,48Mlyr.",3480000000,2026-07-06
Ukrit Wongmeema,Ratchaburi FC,Thailand,Kiper,0,"Rp869,08Jt.",869080000,2026-07-06
Peerapong Watjanapayon,Ratchaburi FC,Thailand,Kiper,0,-,0,2026-07-06
Atituch Chankar,Ratchaburi FC,Thailand,Kiper,39,-,0,2026-07-06
Jonathan Khemdee,Ratchaburi FC,Thailand,Bek-Tengah,0,"Rp8,69Mlyr.",8690000000,2026-07-06
Adisorn Promrak,Ratchaburi FC,Thailand,Bek-Tengah,0,"Rp2,17Mlyr.",2170000000,2026-07-06
Alexander Gountounas,Ratchaburi FC,Thailand,Bek-Tengah,0,"Rp1,30Mlyr.",1300000000,2026-07-06
Pethay Promjan,Ratchaburi FC,Thailand,Bek-Tengah,33,"Rp869,08Jt.",869080000,2026-07-06
Kevin Deeromram,Ratchaburi FC,Thailand,Bek-Kiri,23,"Rp6,95Mlyr.",6950000000,2026-07-06
Daniel Ting,Ratchaburi FC,Thailand,Bek-Kiri,0,"Rp2,61Mlyr.",2610000000,2026-07-06
Sidcley,Ratchaburi FC,Thailand,Bek-Kiri,0,"Rp2,61Mlyr.",2610000000,2026-07-06
Kiatisak Chiamudom,Ratchaburi FC,Thailand,Bek-Kiri,29,"Rp2,17Mlyr.",2170000000,2026-07-06
Jesse Curran,Ratchaburi FC,Thailand,Bek-Kanan,27,"Rp6,95Mlyr.",6950000000,2026-07-06
Suporn Peenagatapho,Ratchaburi FC,Thailand,Bek-Kanan,19,"Rp2,61Mlyr.",2610000000,2026-07-06
Kritsananon Srisuwan,Ratchaburi FC,Thailand,Gel. Bertahan,37,"Rp3,48Mlyr.",3480000000,2026-07-06
Thossawat Limwannasthian,Ratchaburi FC,Thailand,Gel. Bertahan,28,"Rp2,61Mlyr.",2610000000,2026-07-06
Sirawit Kasonsumol,Ratchaburi FC,Thailand,Gel. Bertahan,0,-,0,2026-07-06
Thanawat Suengchitthawon,Ratchaburi FC,Thailand,Gel. Tengah,0,"Rp7,82Mlyr.",7820000000,2026-07-06
Sorawit Panthong,Ratchaburi FC,Thailand,Gel. Tengah,0,"Rp3,48Mlyr.",3480000000,2026-07-06
Roque Mesa,Ratchaburi FC,Thailand,Gel. Tengah,0,"Rp2,61Mlyr.",2610000000,2026-07-06
Siwakorn Jakkuprasat,Ratchaburi FC,Thailand,Gel. Tengah,16,"Rp1,74Mlyr.",1740000000,2026-07-06
Phongsakon Sangkasopha,Ratchaburi FC,Thailand,Gel. Serang,0,"Rp1,74Mlyr.",1740000000,2026-07-06
Tana,Ratchaburi FC,Thailand,Gel. Serang,0,"Rp1,74Mlyr.",1740000000,2026-07-06
Teeraphol Yoryoei,Ratchaburi FC,Thailand,Gel. Serang,18,"Rp1,74Mlyr.",1740000000,2026-07-06
Wongsathon Tamoputasiri,Ratchaburi FC,Thailand,Gel. Serang,0,-,0,2026-07-06
Ekanit Panya,Ratchaburi FC,Thailand,Sayap Kiri,0,"Rp6,95Mlyr.",6950000000,2026-07-06
Njiva Rakotoharimalala,Ratchaburi FC,Thailand,Sayap Kiri,0,"Rp3,48Mlyr.",3480000000,2026-07-06
Faiq Bolkiah,Ratchaburi FC,Thailand,Sayap Kiri,0,"Rp1,74Mlyr.",1740000000,2026-07-06
Rafael Bilu,Ratchaburi FC,Thailand,Sayap Kanan,0,"Rp5,21Mlyr.",5210000000,2026-07-06
Akinkunmi Amoo,Ratchaburi FC,Thailand,Sayap Kanan,0,"Rp2,61Mlyr.",2610000000,2026-07-06
Chotipat Poomkaew,Ratchaburi FC,Thailand,Sayap Kanan,0,"Rp2,61Mlyr.",2610000000,2026-07-06
Denilson Junior,Ratchaburi FC,Thailand,Depan-Tengah,0,"Rp10,43Mlyr.",10430000000,2026-07-06
Gleyson,Ratchaburi FC,Thailand,Depan-Tengah,0,"Rp6,95Mlyr.",6950000000,2026-07-06
Jordan Gele,Ratchaburi FC,Thailand,Depan-Tengah,0,"Rp3,48Mlyr.",3480000000,2026-07-06
Rattanai Songsangchan,PT Prachuap FC,Thailand,Kiper,0,"Rp1,74Mlyr.",1740000000,2026-07-06
Wattanachai Srathongjan,PT Prachuap FC,Thailand,Kiper,39,"Rp1,74Mlyr.",1740000000,2026-07-06
Soponwit Rakyart,PT Prachuap FC,Thailand,Kiper,18,"Rp1,30Mlyr.",1300000000,2026-07-06
Abdulfarus Sama-aeh,PT Prachuap FC,Thailand,Kiper,0,-,0,2026-07-06
Bernardo Vilar,PT Prachuap FC,Thailand,Bek-Tengah,0,"Rp6,08Mlyr.",6080000000,2026-07-06
Adrian Ugelvik,PT Prachuap FC,Thailand,Bek-Tengah,0,"Rp2,61Mlyr.",2610000000,2026-07-06
Jesper Nyholm,PT Prachuap FC,Thailand,Bek-Tengah,0,"Rp2,61Mlyr.",2610000000,2026-07-06
Airton Tirabassi,PT Prachuap FC,Thailand,Bek-Tengah,0,"Rp1,74Mlyr.",1740000000,2026-07-06
Wanchat Choosong,PT Prachuap FC,Thailand,Bek-Tengah,0,"Rp1,74Mlyr.",1740000000,2026-07-06
Nick Taylor,PT Prachuap FC,Thailand,Bek-Kiri,0,"Rp4,35Mlyr.",4350000000,2026-07-06
Phon-Ek Maneekorn,PT Prachuap FC,Thailand,Bek-Kiri,0,"Rp2,61Mlyr.",2610000000,2026-07-06
Keron Ornchaiyaphum,PT Prachuap FC,Thailand,Bek-Kiri,0,"Rp1,74Mlyr.",1740000000,2026-07-06
Oussama Thiangkham,PT Prachuap FC,Thailand,Bek-Kiri,0,"Rp1,30Mlyr.",1300000000,2026-07-06
Pittawat Jeenthai,PT Prachuap FC,Thailand,Bek-Kiri,0,-,0,2026-07-06
Jirapan Phasukihan,PT Prachuap FC,Thailand,Bek-Kanan,0,"Rp2,61Mlyr.",2610000000,2026-07-06
Kannarin Thawornsak,PT Prachuap FC,Thailand,Gel. Bertahan,23,"Rp5,21Mlyr.",5210000000,2026-07-06
Prommin Pinkeaw,PT Prachuap FC,Thailand,Gel. Bertahan,0,"Rp434,54Jt.",434540000,2026-07-06
Koki Tsukagawa,PT Prachuap FC,Thailand,Gel. Tengah,0,"Rp3,48Mlyr.",3480000000,2026-07-06
Prasid Jantum,PT Prachuap FC,Thailand,Gel. Tengah,0,"Rp1,74Mlyr.",1740000000,2026-07-06
Nattapong Hamontree,PT Prachuap FC,Thailand,Gel. Tengah,0,"Rp1,30Mlyr.",1300000000,2026-07-06
Jittiphat Wasungnoen,PT Prachuap FC,Thailand,Gel. Tengah,30,"Rp1,30Mlyr.",1300000000,2026-07-06
Wuttikai Sritong,PT Prachuap FC,Thailand,Gel. Tengah,44,"Rp434,54Jt.",434540000,2026-07-06
Saharat Kanyaroj,PT Prachuap FC,Thailand,Gel. Serang,0,"Rp2,17Mlyr.",2170000000,2026-07-06
Michel,PT Prachuap FC,Thailand,Sayap Kiri,20,"Rp6,08Mlyr.",6080000000,2026-07-06
Iklas Sanron,PT Prachuap FC,Thailand,Sayap Kiri,0,"Rp5,21Mlyr.",5210000000,2026-07-06
Tauã,PT Prachuap FC,Thailand,Sayap Kiri,0,"Rp4,35Mlyr.",4350000000,2026-07-06
Chitsanuphong Phimpsang,PT Prachuap FC,Thailand,Sayap Kiri,0,"Rp2,17Mlyr.",2170000000,2026-07-06
Soffan Sanron,PT Prachuap FC,Thailand,Sayap Kiri,28,"Rp434,54Jt.",434540000,2026-07-06
Phanthamit Praphanth,PT Prachuap FC,Thailand,Sayap Kanan,41,"Rp2,61Mlyr.",2610000000,2026-07-06
Edgar Méndez,PT Prachuap FC,Thailand,Depan-Tengah,17,"Rp3,48Mlyr.",3480000000,2026-07-06
Jeong-hyeop Lee,PT Prachuap FC,Thailand,Depan-Tengah,0,"Rp1,74Mlyr.",1740000000,2026-07-06
Jehhanafee Mamah,PT Prachuap FC,Thailand,Depan-Tengah,0,"Rp1,30Mlyr.",1300000000,2026-07-06
Worawut Srisupha,Rayong FC,Thailand,Kiper,0,"Rp2,17Mlyr.",2170000000,2026-07-06
Wichaya Ganthong,Rayong FC,Thailand,Kiper,30,"Rp1,74Mlyr.",1740000000,2026-07-06
Phatcharaphong Prathumma,Rayong FC,Thailand,Kiper,0,"Rp869,08Jt.",869080000,2026-07-06
Ketanuson Junrung,Rayong FC,Thailand,Kiper,0,-,0,2026-07-06
Leonardo Justiniano,Rayong FC,Thailand,Bek-Tengah,20,"Rp6,95Mlyr.",6950000000,2026-07-06
Stefan Cebara,Rayong FC,Thailand,Bek-Tengah,0,"Rp1,30Mlyr.",1300000000,2026-07-06
Saharat Pongsuwan,Rayong FC,Thailand,Bek-Kiri,0,"Rp2,61Mlyr.",2610000000,2026-07-06
Kittiphat Kullapha,Rayong FC,Thailand,Bek-Kiri,0,"Rp1,30Mlyr.",1300000000,2026-07-06
Supawit Romphopak,Rayong FC,Thailand,Bek-Kanan,19,"Rp2,61Mlyr.",2610000000,2026-07-06
João Afonso,Rayong FC,Thailand,Gel. Bertahan,0,"Rp2,61Mlyr.",2610000000,2026-07-06
Porrameth Ittiprasert,Rayong FC,Thailand,Gel. Bertahan,0,"Rp869,08Jt.",869080000,2026-07-06
Wattanapong Withunat,Rayong FC,Thailand,Gel. Bertahan,0,"Rp434,54Jt.",434540000,2026-07-06
Nonthawat Bathong,Rayong FC,Thailand,Gel. Bertahan,0,-,0,2026-07-06
Somkaet Kunmee,Rayong FC,Thailand,Gel. Serang,0,"Rp1,74Mlyr.",1740000000,2026-07-06
Peerapat Kaminthong,Rayong FC,Thailand,Gel. Serang,0,"Rp1,30Mlyr.",1300000000,2026-07-06
Suradis Pateh,Rayong FC,Thailand,Gel. Serang,0,-,0,2026-07-06
Ryoma Ito,Rayong FC,Thailand,Sayap Kiri,0,"Rp6,95Mlyr.",6950000000,2026-07-06
Matee Sarakum,Rayong FC,Thailand,Sayap Kiri,0,"Rp2,61Mlyr.",2610000000,2026-07-06
Anon Amornlerdsak,Rayong FC,Thailand,Sayap Kanan,27,"Rp4,35Mlyr.",4350000000,2026-07-06
Thanphisit Hempandan,Rayong FC,Thailand,Depan-Tengah,0,"Rp1,30Mlyr.",1300000000,2026-07-06
Sorasak Khampanja,Sisaket United,Thailand,Kiper,0,-,0,2026-07-06
Pattarawut Saengsanoh,Sisaket United,Thailand,Kiper,20,-,0,2026-07-06
Pakornkiat Kaena,Sisaket United,Thailand,Bek-Tengah,0,"Rp2,61Mlyr.",2610000000,2026-07-06
Worapol Tangtong,Sisaket United,Thailand,Bek-Tengah,24,"Rp434,54Jt.",434540000,2026-07-06
Chutikom Klinchampasri,Sisaket United,Thailand,Bek-Kiri,0,"Rp2,17Mlyr.",2170000000,2026-07-06
Isariya Marom,Sisaket United,Thailand,Bek-Kiri,0,"Rp434,54Jt.",434540000,2026-07-06
Nattapon Thaptanon,Sisaket United,Thailand,Bek-Kanan,41,"Rp1,74Mlyr.",1740000000,2026-07-06
Suphaphon Sutthisak,Sisaket United,Thailand,Gel. Bertahan,37,"Rp2,17Mlyr.",2170000000,2026-07-06
Pansiri Sukunee,Sisaket United,Thailand,Gel. Bertahan,0,"Rp869,08Jt.",869080000,2026-07-06
Chanaton Butsapol,Sisaket United,Thailand,Gelandang,0,-,0,2026-07-06
Suttichai Pongson,Sisaket United,Thailand,Gelandang,0,-,0,2026-07-06
Narongrit Kamnet,Sisaket United,Thailand,Gel. Tengah,23,"Rp1,74Mlyr.",1740000000,2026-07-06
Piphob Saengjan,Sisaket United,Thailand,Gel. Tengah,17,-,0,2026-07-06
Pattanaporn Promdaen,Sisaket United,Thailand,Gel. Tengah,26,-,0,2026-07-06
Kittipong Wongma,Sisaket United,Thailand,Gel. Serang,19,"Rp2,61Mlyr.",2610000000,2026-07-06
Steeven Langil,Sisaket United,Thailand,Sayap Kiri,0,"Rp1,30Mlyr.",1300000000,2026-07-06
Phattharapong Phengchaem,Sisaket United,Thailand,Sayap Kiri,0,"Rp869,08Jt.",869080000,2026-07-06
Wongsakorn Saenruecha,Sisaket United,Thailand,Sayap Kanan,0,"Rp1,30Mlyr.",1300000000,2026-07-06
Aphilak Sawat,Sisaket United,Thailand,Sayap Kanan,0,-,0,2026-07-06
Deyvison Fernandes,Sisaket United,Thailand,Depan-Kedua,0,"Rp2,17Mlyr.",2170000000,2026-07-06
Chatchai Boonnuk,Sisaket United,Thailand,Depan-Tengah,0,-,0,2026-07-06
Somporn Yos,Port FC,Thailand,Kiper,0,"Rp2,61Mlyr.",2610000000,2026-07-06
Sorawat Phosaman,Port FC,Thailand,Kiper,0,"Rp1,74Mlyr.",1740000000,2026-07-06
Michael Falkesgaard,Port FC,Thailand,Kiper,0,"Rp1,30Mlyr.",1300000000,2026-07-06
Sarawut Konglap,Port FC,Thailand,Kiper,35,-,0,2026-07-06
Rangsiman Kemmueang,Port FC,Thailand,Kiper,40,-,0,2026-07-06
Matheus Lins,Port FC,Thailand,Bek-Tengah,0,"Rp6,95Mlyr.",6950000000,2026-07-06
Peerawat Akkratum,Port FC,Thailand,Bek-Tengah,36,"Rp6,95Mlyr.",6950000000,2026-07-06
Manuel Bihr,Port FC,Thailand,Bek-Tengah,0,"Rp2,17Mlyr.",2170000000,2026-07-06
Pichitchai Sienkrathok,Port FC,Thailand,Bek-Tengah,0,"Rp1,74Mlyr.",1740000000,2026-07-06
Chinnawat Wongchai,Port FC,Thailand,Bek-Tengah,16,"Rp1,74Mlyr.",1740000000,2026-07-06
Rebin Sulaka,Port FC,Thailand,Bek-Tengah,22,"Rp1,74Mlyr.",1740000000,2026-07-06
Marcel,Port FC,Thailand,Bek-Tengah,0,-,0,2026-07-06
Chaiyaphon Otton,Port FC,Thailand,Bek-Kiri,0,"Rp4,35Mlyr.",4350000000,2026-07-06
Chaiyawat Buran,Port FC,Thailand,Bek-Kiri,26,"Rp2,61Mlyr.",2610000000,2026-07-06
Hugo Boutsingkham,Port FC,Thailand,Bek-Kiri,23,"Rp1,30Mlyr.",1300000000,2026-07-06
Asnawi Mangkualam,Port FC,Thailand,Bek-Kanan,0,"Rp8,69Mlyr.",8690000000,2026-07-06
Suphanan Bureerat,Port FC,Thailand,Bek-Kanan,0,"Rp4,35Mlyr.",4350000000,2026-07-06
Nitipong Selanon,Port FC,Thailand,Bek-Kanan,0,"Rp3,04Mlyr.",3040000000,2026-07-06
Noboru Shimura,Port FC,Thailand,Gel. Bertahan,33,"Rp4,78Mlyr.",4780000000,2026-07-06
Tanaboon Kesarat,Port FC,Thailand,Gel. Bertahan,0,"Rp2,17Mlyr.",2170000000,2026-07-06
Sittha Boonlha,Port FC,Thailand,Gel. Bertahan,0,"Rp2,17Mlyr.",2170000000,2026-07-06
Sirawut Kengnok,Port FC,Thailand,Gel. Bertahan,0,"Rp869,08Jt.",869080000,2026-07-06
Peeradol Chamrasamee,Port FC,Thailand,Gel. Tengah,0,"Rp3,91Mlyr.",3910000000,2026-07-06
Jakkaphan Kaewprom,Port FC,Thailand,Gel. Tengah,0,"Rp1,30Mlyr.",1300000000,2026-07-06
Seksan Ratree,Port FC,Thailand,Gel. Serang,0,"Rp7,82Mlyr.",7820000000,2026-07-06
Worachit Kanitsribumphen,Port FC,Thailand,Gel. Serang,44,"Rp6,95Mlyr.",6950000000,2026-07-06
Sivakorn Tiatrakul,Port FC,Thailand,Gel. Serang,21,"Rp3,48Mlyr.",3480000000,2026-07-06
Chanukan Karin,Port FC,Thailand,Gel. Serang,0,"Rp2,61Mlyr.",2610000000,2026-07-06
Apidet Janngam,Port FC,Thailand,Gel. Serang,0,-,0,2026-07-06
Tanapat Hongkhiao,Port FC,Thailand,Gel. Serang,30,-,0,2026-07-06
Bruno Moreira,Port FC,Thailand,Sayap Kiri,0,"Rp7,82Mlyr.",7820000000,2026-07-06
Bordin Phala,Port FC,Thailand,Sayap Kiri,0,"Rp6,08Mlyr.",6080000000,2026-07-06
Kaká Mendes,Port FC,Thailand,Sayap Kiri,0,"Rp3,04Mlyr.",3040000000,2026-07-06
Natthakit Phosri,Port FC,Thailand,Sayap Kiri,38,"Rp869,08Jt.",869080000,2026-07-06
Lucas Tocantins,Port FC,Thailand,Sayap Kanan,27,"Rp3,04Mlyr.",3040000000,2026-07-06
Teerasak Poeiphimai,Port FC,Thailand,Depan-Tengah,0,"Rp8,69Mlyr.",8690000000,2026-07-06
Essam Al-Subhi,Port FC,Thailand,Depan-Tengah,0,"Rp7,82Mlyr.",7820000000,2026-07-06
Ruan Ribeiro,Port FC,Thailand,Depan-Tengah,0,"Rp3,48Mlyr.",3480000000,2026-07-06
Caelan Ryan,Port FC,Thailand,Depan-Tengah,0,"Rp434,54Jt.",434540000,2026-07-06
Kevin Ray Mendoza,Chonburi FC,Thailand,Kiper,0,"Rp5,21Mlyr.",5210000000,2026-07-06
Noppakun Kadtoon,Chonburi FC,Thailand,Kiper,0,"Rp2,17Mlyr.",2170000000,2026-07-06
Thanawat Panthong,Chonburi FC,Thailand,Kiper,0,"Rp434,54Jt.",434540000,2026-07-06
Tissanu Khuptanawin,Chonburi FC,Thailand,Kiper,0,-,0,2026-07-06
Siwat Chomphooviset,Chonburi FC,Thailand,Kiper,0,-,0,2026-07-06
Kike Linares,Chonburi FC,Thailand,Bek-Tengah,0,"Rp5,21Mlyr.",5210000000,2026-07-06
Jakkrapong Sanmahung,Chonburi FC,Thailand,Bek-Tengah,0,"Rp1,74Mlyr.",1740000000,2026-07-06
Songchai Thongcham,Chonburi FC,Thailand,Bek-Tengah,0,"Rp1,74Mlyr.",1740000000,2026-07-06
Nattapong Sayriya,Chonburi FC,Thailand,Bek-Tengah,37,"Rp1,74Mlyr.",1740000000,2026-07-06
Wellington Priori,Chonburi FC,Thailand,Bek-Tengah,0,"Rp1,30Mlyr.",1300000000,2026-07-06
Thanachai Nathanakool,Chonburi FC,Thailand,Bek-Tengah,0,"Rp1,30Mlyr.",1300000000,2026-07-06
Jorge Fellipe,Chonburi FC,Thailand,Bek-Tengah,0,"Rp1,30Mlyr.",1300000000,2026-07-06
Parinya Nusong,Chonburi FC,Thailand,Bek-Tengah,0,"Rp434,54Jt.",434540000,2026-07-06
Chatmongkol Rueangthanarot,Chonburi FC,Thailand,Bek-Kiri,0,"Rp2,61Mlyr.",2610000000,2026-07-06
Kittipong Sansanit,Chonburi FC,Thailand,Bek-Kiri,0,"Rp2,17Mlyr.",2170000000,2026-07-06
Thanphisit Peanksikum,Chonburi FC,Thailand,Bek-Kiri,0,-,0,2026-07-06
Wathanyu Nairatsami,Chonburi FC,Thailand,Bek-Kiri,0,-,0,2026-07-06
Santiphap Channgom,Chonburi FC,Thailand,Bek-Kanan,23,"Rp5,21Mlyr.",5210000000,2026-07-06
Bukkoree Lemdee,Chonburi FC,Thailand,Bek-Kanan,0,"Rp1,74Mlyr.",1740000000,2026-07-06
Suksan Bunta,Chonburi FC,Thailand,Bek-Kanan,20,"Rp869,08Jt.",869080000,2026-07-06
Ratchanon Phoonpatanasab,Chonburi FC,Thailand,Bek-Kanan,0,-,0,2026-07-06
Saharat Sontisawat,Chonburi FC,Thailand,Gel. Bertahan,0,"Rp4,35Mlyr.",4350000000,2026-07-06
Richmond Darko,Chonburi FC,Thailand,Gel. Bertahan,28,"Rp4,35Mlyr.",4350000000,2026-07-06
Nattanan Biesamrit,Chonburi FC,Thailand,Gel. Bertahan,30,"Rp2,61Mlyr.",2610000000,2026-07-06
Yotsakorn Natthasit,Chonburi FC,Thailand,Gel. Bertahan,0,"Rp1,30Mlyr.",1300000000,2026-07-06
Chaowat Veerachart,Chonburi FC,Thailand,Gel. Tengah,0,"Rp4,35Mlyr.",4350000000,2026-07-06
Rachata Moraksa,Chonburi FC,Thailand,Gel. Tengah,32,"Rp3,48Mlyr.",3480000000,2026-07-06
Chayathorn Tapsuvanavon,Chonburi FC,Thailand,Gel. Tengah,0,"Rp2,17Mlyr.",2170000000,2026-07-06
Theerapat Kaewphung,Chonburi FC,Thailand,Gel. Tengah,0,"Rp869,08Jt.",869080000,2026-07-06
Naphat Chumpanya,Chonburi FC,Thailand,Gel. Tengah,0,-,0,2026-07-06
Tanakon Pinkaew,Chonburi FC,Thailand,Gel. Tengah,0,-,0,2026-07-06
Channarong Promsrikaew,Chonburi FC,Thailand,Gel. Serang,0,"Rp6,08Mlyr.",6080000000,2026-07-06
Sittichok Paso,Chonburi FC,Thailand,Gel. Serang,0,"Rp1,30Mlyr.",1300000000,2026-07-06
Apiwat Chuprai,Chonburi FC,Thailand,Sayap Kiri,0,"Rp434,54Jt.",434540000,2026-07-06
Roengchai Kesada,Chonburi FC,Thailand,Sayap Kiri,0,-,0,2026-07-06
Korawich Tasa,Chonburi FC,Thailand,Sayap Kanan,0,"Rp3,48Mlyr.",3480000000,2026-07-06
Siraphop Wandee,Chonburi FC,Thailand,Sayap Kanan,21,"Rp1,30Mlyr.",1300000000,2026-07-06
Oege-Sietse van Lingen,Chonburi FC,Thailand,Depan-Tengah,0,"Rp8,69Mlyr.",8690000000,2026-07-06
Yotsakon Burapha,Chonburi FC,Thailand,Depan-Tengah,0,"Rp6,95Mlyr.",6950000000,2026-07-06
Dennis Murillo,Chonburi FC,Thailand,Depan-Tengah,0,"Rp3,04Mlyr.",3040000000,2026-07-06
Stenio Junior,Chonburi FC,Thailand,Depan-Tengah,0,"Rp2,17Mlyr.",2170000000,2026-07-06
Adisak Kraisorn,Chonburi FC,Thailand,Depan-Tengah,0,"Rp1,30Mlyr.",1300000000,2026-07-06
Tontawan Puntamunee,Chonburi FC,Thailand,Depan-Tengah,0,-,0,2026-07-06
Chirawat Wangthaphan,Uthai Thani FC,Thailand,Kiper,26,"Rp3,48Mlyr.",3480000000,2026-07-06
Chommaphat Boonloet,Uthai Thani FC,Thailand,Kiper,0,"Rp1,74Mlyr.",1740000000,2026-07-06
Boonyakait Wongsajaem,Uthai Thani FC,Thailand,Kiper,18,"Rp1,30Mlyr.",1300000000,2026-07-06
Martin Angha,Uthai Thani FC,Thailand,Bek-Tengah,0,"Rp5,21Mlyr.",5210000000,2026-07-06
Wattana Playnum,Uthai Thani FC,Thailand,Bek-Tengah,19,"Rp869,08Jt.",869080000,2026-07-06
Thitathorn Auksornsri,Uthai Thani FC,Thailand,Bek-Kiri,0,"Rp4,35Mlyr.",4350000000,2026-07-06
Charalampos Charalampous,Uthai Thani FC,Thailand,Bek-Kiri,0,"Rp2,61Mlyr.",2610000000,2026-07-06
Jakkit Wachpirom,Uthai Thani FC,Thailand,Bek-Kanan,17,"Rp869,08Jt.",869080000,2026-07-06
Possawee Muanmart,Uthai Thani FC,Thailand,Bek-Kanan,0,-,0,2026-07-06
William Weidersjö,Uthai Thani FC,Thailand,Gel. Bertahan,0,"Rp5,21Mlyr.",5210000000,2026-07-06
Atikhun Meethoum,Uthai Thani FC,Thailand,Gel. Bertahan,0,"Rp1,74Mlyr.",1740000000,2026-07-06
Airfan Doloh,Uthai Thani FC,Thailand,Gel. Tengah,0,"Rp4,35Mlyr.",4350000000,2026-07-06
Sirimongkol Rattanapoom,Uthai Thani FC,Thailand,Gel. Tengah,21,"Rp1,74Mlyr.",1740000000,2026-07-06
Ben Davis,Uthai Thani FC,Thailand,Gel. Serang,0,"Rp7,82Mlyr.",7820000000,2026-07-06
Sumanya Purisay,Uthai Thani FC,Thailand,Gel. Serang,0,"Rp434,54Jt.",434540000,2026-07-06
Pavarit Boonmalert,Uthai Thani FC,Thailand,Gel. Serang,0,"Rp434,54Jt.",434540000,2026-07-06
Nontapat Naksawat,Uthai Thani FC,Thailand,Sayap Kanan,20,"Rp1,74Mlyr.",1740000000,2026-07-06
Kelvin Oliveira,Uthai Thani FC,Thailand,Sayap Kanan,22,"Rp1,74Mlyr.",1740000000,2026-07-06
Amornthep Maundee,Uthai Thani FC,Thailand,Sayap Kanan,0,"Rp1,30Mlyr.",1300000000,2026-07-06
Kittisak Phutchan,Uthai Thani FC,Thailand,Sayap Kanan,0,-,0,2026-07-06
Warut Makemusik,Ayutthaya United,Thailand,Kiper,0,"Rp1,74Mlyr.",1740000000,2026-07-06
Siriwat Ingkaew,Ayutthaya United,Thailand,Kiper,0,"Rp1,30Mlyr.",1300000000,2026-07-06
Narongsak Naengwongsa,Ayutthaya United,Thailand,Kiper,25,"Rp1,30Mlyr.",1300000000,2026-07-06
Teerat Nakchamnan,Ayutthaya United,Thailand,Kiper,27,-,0,2026-07-06
Hyun-soo Hwang,Ayutthaya United,Thailand,Bek-Tengah,0,"Rp6,08Mlyr.",6080000000,2026-07-06
Noah Leddel,Ayutthaya United,Thailand,Bek-Tengah,0,"Rp2,17Mlyr.",2170000000,2026-07-06
Worawut Sataporn,Ayutthaya United,Thailand,Bek-Tengah,26,"Rp1,30Mlyr.",1300000000,2026-07-06
Warinthon Jamnongwat,Ayutthaya United,Thailand,Bek-Kiri,0,"Rp2,61Mlyr.",2610000000,2026-07-06
Thananat Rungrampan,Ayutthaya United,Thailand,Bek-Kiri,0,"Rp869,08Jt.",869080000,2026-07-06
Atsadawut Changthong,Ayutthaya United,Thailand,Bek-Kanan,0,"Rp2,17Mlyr.",2170000000,2026-07-06
Jirawat Janpong,Ayutthaya United,Thailand,Bek-Kanan,0,"Rp1,30Mlyr.",1300000000,2026-07-06
Dylan De Bruycker,Ayutthaya United,Thailand,Gel. Bertahan,0,"Rp1,30Mlyr.",1300000000,2026-07-06
Nattapon Worasut,Ayutthaya United,Thailand,Gel. Tengah,0,"Rp3,48Mlyr.",3480000000,2026-07-06
Passakorn Biaothungoi,Ayutthaya United,Thailand,Gel. Tengah,0,"Rp2,61Mlyr.",2610000000,2026-07-06
Sanrawat Dechmitr,Ayutthaya United,Thailand,Gel. Tengah,29,"Rp434,54Jt.",434540000,2026-07-06
Songkhramsamut Namphueng,Ayutthaya United,Thailand,Gel. Serang,0,"Rp2,17Mlyr.",2170000000,2026-07-06
Yashir Islame,Ayutthaya United,Thailand,Gel. Serang,36,"Rp1,74Mlyr.",1740000000,2026-07-06
Sung-dong Paik,Ayutthaya United,Thailand,Sayap Kiri,0,"Rp3,48Mlyr.",3480000000,2026-07-06
Chakkit Laptrakul,Ayutthaya United,Thailand,Sayap Kiri,17,"Rp2,17Mlyr.",2170000000,2026-07-06
Chinngoen Phutonyong,Ayutthaya United,Thailand,Sayap Kiri,0,"Rp1,30Mlyr.",1300000000,2026-07-06
Anucha Sakaekum,Ayutthaya United,Thailand,Sayap Kiri,0,-,0,2026-07-06
Caíque Lemes,Ayutthaya United,Thailand,Depan-Tengah,0,"Rp2,17Mlyr.",2170000000,2026-07-06
Chukid Wanpraphao,Ayutthaya United,Thailand,Depan-Tengah,0,"Rp1,30Mlyr.",1300000000,2026-07-06
Sakkongpop Sukprasert,Rasisalai United,Thailand,Kiper,0,"Rp869,08Jt.",869080000,2026-07-06
Pongsakorn Buatab,Rasisalai United,Thailand,Kiper,42,-,0,2026-07-06
Puttiphong Sriputta,Rasisalai United,Thailand,Bek,0,-,0,2026-07-06
Thitiphong Photumtha,Rasisalai United,Thailand,Bek-Tengah,30,"Rp2,61Mlyr.",2610000000,2026-07-06
Ramon Rodrigues,Rasisalai United,Thailand,Bek-Tengah,0,"Rp869,08Jt.",869080000,2026-07-06
Hamed Bakhtiari,Rasisalai United,Thailand,Bek-Tengah,40,"Rp869,08Jt.",869080000,2026-07-06
Natthaphob Chaimongkhon,Rasisalai United,Thailand,Bek-Tengah,0,-,0,2026-07-06
Aphisit Nusonsala,Rasisalai United,Thailand,Bek-Kiri,19,"Rp2,17Mlyr.",2170000000,2026-07-06
Chawanthananchai Sirichoo,Rasisalai United,Thailand,Bek-Kiri,25,"Rp434,54Jt.",434540000,2026-07-06
Yingyong Butngam,Rasisalai United,Thailand,Bek-Kanan,0,"Rp869,08Jt.",869080000,2026-07-06
Apirak Thongjan,Rasisalai United,Thailand,Bek-Kanan,21,-,0,2026-07-06
Wichit Tanee,Rasisalai United,Thailand,Gel. Bertahan,20,"Rp869,08Jt.",869080000,2026-07-06
Nakhwan Gamol,Rasisalai United,Thailand,Gelandang,16,-,0,2026-07-06
Teerapol Anupan,Rasisalai United,Thailand,Gel. Bertahan,31,-,0,2026-07-06
Natchanon Yongsakool,Rasisalai United,Thailand,Gel. Tengah,0,"Rp2,61Mlyr.",2610000000,2026-07-06
Jirawat Chingchaiyaphum,Rasisalai United,Thailand,Gel. Tengah,23,"Rp1,74Mlyr.",1740000000,2026-07-06
Somyot Pongsuwan,Rasisalai United,Thailand,Gel. Tengah,32,"Rp1,30Mlyr.",1300000000,2026-07-06
Thanongsak Khrutthasarn,Rasisalai United,Thailand,Gel. Tengah,28,"Rp869,08Jt.",869080000,2026-07-06
Apinat Suksanguan,Rasisalai United,Thailand,Gel. Tengah,34,"Rp434,54Jt.",434540000,2026-07-06
Tayawat Nomrawee,Rasisalai United,Thailand,Gel. Tengah,0,"Rp434,54Jt.",434540000,2026-07-06
Supab Muengchan,Rasisalai United,Thailand,Sayap Kiri,27,"Rp2,17Mlyr.",2170000000,2026-07-06
Chatchai Nanthawichianrit,Rasisalai United,Thailand,Sayap Kiri,0,"Rp869,08Jt.",869080000,2026-07-06
Alberto Gouvea,Rasisalai United,Thailand,Sayap Kanan,37,"Rp5,21Mlyr.",5210000000,2026-07-06
Nattapon Yongsakool,Rasisalai United,Thailand,Depan-Kedua,0,"Rp2,61Mlyr.",2610000000,2026-07-06
Wichit Kongsinkaew,Rasisalai United,Thailand,Depan-Tengah,44,"Rp2,17Mlyr.",2170000000,2026-07-06
Gilberto Macena,Rasisalai United,Thailand,Depan-Tengah,0,"Rp869,08Jt.",869080000,2026-07-06
Phitchanon Chanluang,Rasisalai United,Thailand,Depan-Tengah,22,"Rp869,08Jt.",869080000,2026-07-06
Phetsai Jantaweewong,Rasisalai United,Thailand,Depan-Tengah,0,-,0,2026-07-06
Damyan Damyanov,Pattani FC,Thailand,Kiper,0,"Rp3,04Mlyr.",3040000000,2026-07-06
Muhammat Mamah,Pattani FC,Thailand,Kiper,0,"Rp1,74Mlyr.",1740000000,2026-07-06
Amran Bungosayu,Pattani FC,Thailand,Kiper,25,"Rp434,54Jt.",434540000,2026-07-06
Ninuruddin Nideha,Pattani FC,Thailand,Kiper,0,-,0,2026-07-06
Ittipon Khampliw,Pattani FC,Thailand,Bek-Tengah,19,"Rp1,30Mlyr.",1300000000,2026-07-06
Marlon Silva,Pattani FC,Thailand,Bek-Tengah,26,"Rp1,30Mlyr.",1300000000,2026-07-06
Anuwa Koowing,Pattani FC,Thailand,Bek-Kiri,32,"Rp1,74Mlyr.",1740000000,2026-07-06
Kirati Kaewnongdang,Pattani FC,Thailand,Bek-Kiri,40,"Rp869,08Jt.",869080000,2026-07-06
Ekkachai Samre,Pattani FC,Thailand,Bek-Kanan,0,"Rp869,08Jt.",869080000,2026-07-06
Ratthakron Thongkae,Pattani FC,Thailand,Bek-Kanan,0,"Rp869,08Jt.",869080000,2026-07-06
Kittiphong Buathong,Pattani FC,Thailand,Bek-Kanan,36,"Rp869,08Jt.",869080000,2026-07-06
Thirapak Prueangna,Pattani FC,Thailand,Gel. Bertahan,0,"Rp2,17Mlyr.",2170000000,2026-07-06
Naruephon Proomimas,Pattani FC,Thailand,Gel. Bertahan,42,"Rp1,30Mlyr.",1300000000,2026-07-06
Adam Lassamano,Pattani FC,Thailand,Gel. Tengah,30,"Rp1,30Mlyr.",1300000000,2026-07-06
Adithep Chaisrianan,Pattani FC,Thailand,Gel. Serang,0,"Rp1,74Mlyr.",1740000000,2026-07-06
Felipe Nunes,Pattani FC,Thailand,Gel. Serang,0,"Rp869,08Jt.",869080000,2026-07-06
Janepob Phokhi,Pattani FC,Thailand,Sayap Kiri,0,"Rp1,74Mlyr.",1740000000,2026-07-06
Carlos Neto,Pattani FC,Thailand,Depan-Tengah,0,"Rp4,35Mlyr.",4350000000,2026-07-06
Imron Hayiyusoh,Pattani FC,Thailand,Depan-Tengah,0,"Rp1,30Mlyr.",1300000000,2026-07-06
Apirak Worawong,Singha Chiangrai United,Thailand,Kiper,0,"Rp4,35Mlyr.",4350000000,2026-07-06
Sirassawut Wongruankhum,Singha Chiangrai United,Thailand,Kiper,34,"Rp1,74Mlyr.",1740000000,2026-07-06
Farus Patee,Singha Chiangrai United,Thailand,Kiper,19,"Rp434,54Jt.",434540000,2026-07-06
Jetnipat Khomsom,Singha Chiangrai United,Thailand,Kiper,40,-,0,2026-07-06
Victor Cardozo,Singha Chiangrai United,Thailand,Bek-Tengah,23,"Rp1,74Mlyr.",1740000000,2026-07-06
Santipap Yaemsaen,Singha Chiangrai United,Thailand,Bek-Tengah,24,"Rp1,74Mlyr.",1740000000,2026-07-06
Banphakit Phrmanee,Singha Chiangrai United,Thailand,Bek-Tengah,0,"Rp1,30Mlyr.",1300000000,2026-07-06
Hélio,Singha Chiangrai United,Thailand,Bek-Tengah,28,"Rp1,30Mlyr.",1300000000,2026-07-06
Tanasak Srisai,Singha Chiangrai United,Thailand,Bek-Tengah,0,"Rp869,08Jt.",869080000,2026-07-06
Gionata Verzura,Singha Chiangrai United,Thailand,Bek-Kanan,17,"Rp1,30Mlyr.",1300000000,2026-07-06
Piyaphon Phanichakul,Singha Chiangrai United,Thailand,Bek-Kanan,0,"Rp869,08Jt.",869080000,2026-07-06
Gabriel Henrique,Singha Chiangrai United,Thailand,Gel. Bertahan,0,"Rp6,08Mlyr.",6080000000,2026-07-06
Harhys Stewart,Singha Chiangrai United,Thailand,Gel. Tengah,0,"Rp6,08Mlyr.",6080000000,2026-07-06
Settasit Suvannaseat,Singha Chiangrai United,Thailand,Gel. Tengah,0,"Rp3,48Mlyr.",3480000000,2026-07-06
Sanukran Thinjom,Singha Chiangrai United,Thailand,Gel. Tengah,0,"Rp1,74Mlyr.",1740000000,2026-07-06
Phoptham Pornkod,Singha Chiangrai United,Thailand,Gel. Tengah,37,"Rp869,08Jt.",869080000,2026-07-06
Dudu,Singha Chiangrai United,Thailand,Gel. Serang,0,"Rp6,08Mlyr.",6080000000,2026-07-06
Thakdanai Jaihan,Singha Chiangrai United,Thailand,Gel. Serang,20,"Rp2,61Mlyr.",2610000000,2026-07-06
Carlos Iury,Singha Chiangrai United,Thailand,Sayap Kiri,0,"Rp7,82Mlyr.",7820000000,2026-07-06
Ongsa Singthong,Singha Chiangrai United,Thailand,Sayap Kiri,0,"Rp869,08Jt.",869080000,2026-07-06
Seung-won Lee,Singha Chiangrai United,Thailand,Sayap Kanan,0,"Rp2,61Mlyr.",2610000000,2026-07-06
Montree Promsawat,Singha Chiangrai United,Thailand,Sayap Kanan,32,"Rp1,74Mlyr.",1740000000,2026-07-06
Itsuki Enomoto,Singha Chiangrai United,Thailand,Depan-Tengah,0,"Rp10,43Mlyr.",10430000000,2026-07-06
Jordan Emaviwe,Singha Chiangrai United,Thailand,Depan-Tengah,0,"Rp4,35Mlyr.",4350000000,2026-07-06
Sittichok Kannoo,Singha Chiangrai United,Thailand,Depan-Tengah,0,"Rp2,61Mlyr.",2610000000,2026-07-06
Nopphon Lakhonphon,Buriram United,Thailand,Kiper,0,"Rp3,48Mlyr.",3480000000,2026-07-06
Neil Etheridge,Buriram United,Thailand,Kiper,0,"Rp3,48Mlyr.",3480000000,2026-07-06
Korraphat Nareechan,Buriram United,Thailand,Kiper,29,"Rp1,74Mlyr.",1740000000,2026-07-06
Phumeworapol Wannabutr,Buriram United,Thailand,Kiper,0,"Rp1,30Mlyr.",1300000000,2026-07-06
Chatchai Bootprom,Buriram United,Thailand,Kiper,34,"Rp869,08Jt.",869080000,2026-07-06
Kittipong Bunmak,Buriram United,Thailand,Kiper,0,-,0,2026-07-06
Anut Samran,Buriram United,Thailand,Kiper,0,-,0,2026-07-06
Prapot Chongcharoen,Buriram United,Thailand,Kiper,0,-,0,2026-07-06
Myeong-seok Ko,Buriram United,Thailand,Bek-Tengah,22,"Rp6,95Mlyr.",6950000000,2026-07-06
Edu Mancha,Buriram United,Thailand,Bek-Tengah,40,"Rp6,95Mlyr.",6950000000,2026-07-06
Curtis Good,Buriram United,Thailand,Bek-Tengah,0,"Rp4,78Mlyr.",4780000000,2026-07-06
Elias Dolah,Buriram United,Thailand,Bek-Tengah,0,"Rp4,35Mlyr.",4350000000,2026-07-06
Shinnaphat Leeaoh,Buriram United,Thailand,Bek-Tengah,0,"Rp4,35Mlyr.",4350000000,2026-07-06
Pansa Hemviboon,Buriram United,Thailand,Bek-Tengah,0,"Rp1,74Mlyr.",1740000000,2026-07-06
Maxx Creevey,Buriram United,Thailand,Bek-Tengah,0,"Rp1,30Mlyr.",1300000000,2026-07-06
Kritsana Daokrajai,Buriram United,Thailand,Bek-Tengah,0,"Rp869,08Jt.",869080000,2026-07-06
Phumin Boers,Buriram United,Thailand,Bek-Tengah,0,"Rp869,08Jt.",869080000,2026-07-06
Chotika Mueanta,Buriram United,Thailand,Bek-Tengah,0,"Rp434,54Jt.",434540000,2026-07-06
Wanthayawut Nuchkasae,Buriram United,Thailand,Bek-Tengah,0,"Rp434,54Jt.",434540000,2026-07-06
Singha Marasa,Buriram United,Thailand,Bek-Tengah,0,"Rp434,54Jt.",434540000,2026-07-06
Jhetsaphat Khuantanom,Buriram United,Thailand,Bek-Tengah,0,-,0,2026-07-06
Sasalak Haiprakhon,Buriram United,Thailand,Bek-Kiri,0,"Rp7,82Mlyr.",7820000000,2026-07-06
Thanison Paibulkijcharoen,Buriram United,Thailand,Bek-Kiri,0,"Rp2,17Mlyr.",2170000000,2026-07-06
Piyawat Petra,Buriram United,Thailand,Bek-Kiri,0,"Rp1,30Mlyr.",1300000000,2026-07-06
Narubadin Weerawatnodom,Buriram United,Thailand,Bek-Kanan,0,"Rp4,35Mlyr.",4350000000,2026-07-06
Kenny Dougall,Buriram United,Thailand,Gel. Bertahan,16,"Rp6,08Mlyr.",6080000000,2026-07-06
Phitiwat Sookjitthammakul,Buriram United,Thailand,Gel. Bertahan,27,"Rp6,08Mlyr.",6080000000,2026-07-06
Ratthanakorn Maikami,Buriram United,Thailand,Gel. Bertahan,0,"Rp3,48Mlyr.",3480000000,2026-07-06
Theerathon Bunmathan,Buriram United,Thailand,Gel. Bertahan,0,"Rp3,04Mlyr.",3040000000,2026-07-06
Goran Causic,Buriram United,Thailand,Gel. Tengah,23,"Rp7,82Mlyr.",7820000000,2026-07-06
Peter Zulj,Buriram United,Thailand,Gel. Tengah,44,"Rp6,95Mlyr.",6950000000,2026-07-06
Pongsakron Hanrattana,Buriram United,Thailand,Gel. Tengah,0,"Rp2,17Mlyr.",2170000000,2026-07-06
Emmanuel Toku,Buriram United,Thailand,Gel. Serang,26,"Rp6,95Mlyr.",6950000000,2026-07-06
Thanakrit Chotmuangpak,Buriram United,Thailand,Gel. Serang,33,"Rp5,21Mlyr.",5210000000,2026-07-06
Paripan Wongsa,Buriram United,Thailand,Gel. Serang,0,-,0,2026-07-06
Dutsadee Buranajutanon,Buriram United,Thailand,Gel. Serang,0,-,0,2026-07-06
Kingsley Schindler,Buriram United,Thailand,Sayap Kanan,19,"Rp10,43Mlyr.",10430000000,2026-07-06
Jirapong Pungviravong,Buriram United,Thailand,Sayap Kanan,0,-,0,2026-07-06
Ratthaphum Phankhechon,Buriram United,Thailand,Sayap Kanan,0,-,0,2026-07-06
Robert Zulj,Buriram United,Thailand,Depan-Kedua,32,"Rp10,43Mlyr.",10430000000,2026-07-06
Bissoli,Buriram United,Thailand,Depan-Tengah,0,"Rp38,24Mlyr.",38240000000,2026-07-06
Supachai Chaided,Buriram United,Thailand,Depan-Tengah,0,"Rp12,17Mlyr.",12170000000,2026-07-06
Kasper Junker,Buriram United,Thailand,Depan-Tengah,0,"Rp8,69Mlyr.",8690000000,2026-07-06
Rubén Sánchez,Buriram United,Thailand,Depan-Tengah,28,"Rp5,21Mlyr.",5210000000,2026-07-06
Nathakorn Rattanasuwan,Buriram United,Thailand,Depan-Tengah,0,"Rp1,74Mlyr.",1740000000,2026-07-06
Panupong Wongpila,Buriram United,Thailand,Depan-Tengah,0,"Rp434,54Jt.",434540000,2026-07-06
Patiwat Khammai,True Bangkok United,Thailand,Kiper,0,"Rp6,95Mlyr.",6950000000,2026-07-06
Phuwadol Pholsongkram,True Bangkok United,Thailand,Kiper,29,"Rp2,61Mlyr.",2610000000,2026-07-06
Chinnapong Raksri,True Bangkok United,Thailand,Kiper,38,"Rp869,08Jt.",869080000,2026-07-06
Supanut Sudathip,True Bangkok United,Thailand,Kiper,0,-,0,2026-07-06
Philipe Maia,True Bangkok United,Thailand,Bek-Tengah,0,"Rp6,08Mlyr.",6080000000,2026-07-06
Kritsada Nontharat,True Bangkok United,Thailand,Bek-Tengah,0,"Rp5,21Mlyr.",5210000000,2026-07-06
Suphan Thongsong,True Bangkok United,Thailand,Bek-Tengah,26,"Rp5,21Mlyr.",5210000000,2026-07-06
Everton,True Bangkok United,Thailand,Bek-Tengah,0,"Rp2,61Mlyr.",2610000000,2026-07-06
Wichan Inaram,True Bangkok United,Thailand,Bek-Tengah,0,"Rp1,30Mlyr.",1300000000,2026-07-06
Anaphat Nakngam,True Bangkok United,Thailand,Bek-Tengah,0,-,0,2026-07-06
Wanchai Jarunongkran,True Bangkok United,Thailand,Bek-Kiri,24,"Rp5,21Mlyr.",5210000000,2026-07-06
Ki-je Lee,True Bangkok United,Thailand,Bek-Kiri,23,"Rp4,35Mlyr.",4350000000,2026-07-06
Bhumchanok Kamkla,True Bangkok United,Thailand,Bek-Kiri,0,"Rp2,61Mlyr.",2610000000,2026-07-06
Surachai Booncharee,True Bangkok United,Thailand,Bek-Kiri,43,"Rp869,08Jt.",869080000,2026-07-06
James Beresford,True Bangkok United,Thailand,Bek-Kanan,0,"Rp6,08Mlyr.",6080000000,2026-07-06
Boontawee Thepwong,True Bangkok United,Thailand,Bek-Kanan,0,"Rp1,30Mlyr.",1300000000,2026-07-06
Nontapat Ploymee,True Bangkok United,Thailand,Bek-Kanan,0,-,0,2026-07-06
Weerathep Pomphun,True Bangkok United,Thailand,Gel. Bertahan,27,"Rp6,95Mlyr.",6950000000,2026-07-06
John-Patrick Strauß,True Bangkok United,Thailand,Gel. Bertahan,0,"Rp5,21Mlyr.",5210000000,2026-07-06
Natcha Promsomboon,True Bangkok United,Thailand,Gel. Bertahan,0,"Rp2,17Mlyr.",2170000000,2026-07-06
Wisarut Imura,True Bangkok United,Thailand,Gel. Bertahan,0,"Rp2,17Mlyr.",2170000000,2026-07-06
Picha Autra,True Bangkok United,Thailand,Gel. Tengah,0,"Rp4,35Mlyr.",4350000000,2026-07-06
Thitiphan Puangchan,True Bangkok United,Thailand,Gel. Tengah,18,"Rp4,35Mlyr.",4350000000,2026-07-06
Pokklaw Anan,True Bangkok United,Thailand,Gel. Tengah,39,"Rp1,74Mlyr.",1740000000,2026-07-06
Pichaya Kongsri,True Bangkok United,Thailand,Gel. Tengah,0,"Rp869,08Jt.",869080000,2026-07-06
Philip Frey,True Bangkok United,Thailand,Gel. Tengah,0,"Rp434,54Jt.",434540000,2026-07-06
Aekkarat Sansuwan,True Bangkok United,Thailand,Gel. Tengah,0,-,0,2026-07-06
Pachara Wangsawat,True Bangkok United,Thailand,Gel. Tengah,0,-,0,2026-07-06
Shunta Hasegawa,True Bangkok United,Thailand,Gel. Serang,0,-,0,2026-07-06
Yonatan Cohen,True Bangkok United,Thailand,Sayap Kiri,0,"Rp6,95Mlyr.",6950000000,2026-07-06
Arthur,True Bangkok United,Thailand,Sayap Kiri,0,"Rp6,08Mlyr.",6080000000,2026-07-06
Achita Nawathit,True Bangkok United,Thailand,Sayap Kiri,0,-,0,2026-07-06
Rungrath Poomchantuek,True Bangkok United,Thailand,Sayap Kanan,0,"Rp2,61Mlyr.",2610000000,2026-07-06
Narakorn Kangkratok,True Bangkok United,Thailand,Sayap Kanan,32,"Rp1,74Mlyr.",1740000000,2026-07-06
Chonlachart Tongjinda,True Bangkok United,Thailand,Sayap Kanan,0,"Rp869,08Jt.",869080000,2026-07-06
Krit Klangpan,True Bangkok United,Thailand,Sayap Kanan,0,-,0,2026-07-06
Muhsen Al-Ghassani,True Bangkok United,Thailand,Depan-Tengah,16,"Rp13,91Mlyr.",13910000000,2026-07-06
Rivaldinho,True Bangkok United,Thailand,Depan-Tengah,0,"Rp6,08Mlyr.",6080000000,2026-07-06
Guntapon Keereeleang,True Bangkok United,Thailand,Depan-Tengah,20,"Rp3,48Mlyr.",3480000000,2026-07-06
Teerasil Dangda,True Bangkok United,Thailand,Depan-Tengah,0,"Rp1,74Mlyr.",1740000000,2026-07-06
Nopparat Promiem,True Bangkok United,Thailand,Depan-Tengah,0,"Rp434,54Jt.",434540000,2026-07-06
Thanawat Deelert,True Bangkok United,Thailand,Depan-Tengah,0,-,0,2026-07-06
Zarif Irfan,Star City FC,Malaysia,Kiper,0,"Rp2,61Mlyr.",2610000000,2026-07-06
Shaiful Wazizi,Star City FC,Malaysia,Kiper,35,"Rp434,54Jt.",434540000,2026-07-06
Farhan Abdul Majid,Star City FC,Malaysia,Kiper,43,"Rp434,54Jt.",434540000,2026-07-06
Milani,Star City FC,Malaysia,Bek-Tengah,0,"Rp3,04Mlyr.",3040000000,2026-07-06
Loqman Hakim,Star City FC,Malaysia,Bek-Tengah,0,"Rp1,30Mlyr.",1300000000,2026-07-06
Farid Nezal,Star City FC,Malaysia,Bek-Tengah,0,"Rp869,08Jt.",869080000,2026-07-06
Hanafie Tokyo,Star City FC,Malaysia,Bek-Tengah,22,"Rp434,54Jt.",434540000,2026-07-06
Azmeer Aris,Star City FC,Malaysia,Bek-Kiri,37,"Rp434,54Jt.",434540000,2026-07-06
Aiman Yusni,Star City FC,Malaysia,Bek-Kanan,0,"Rp2,61Mlyr.",2610000000,2026-07-06
Rizal Ghazali,Star City FC,Malaysia,Bek-Kanan,0,"Rp1,74Mlyr.",1740000000,2026-07-06
Heshamudin Ahmad,Star City FC,Malaysia,Bek-Kanan,30,"Rp434,54Jt.",434540000,2026-07-06
Pedro Santos,Star City FC,Malaysia,Gel. Bertahan,0,"Rp3,04Mlyr.",3040000000,2026-07-06
Fadzrul Danel,Star City FC,Malaysia,Gel. Tengah,20,"Rp3,04Mlyr.",3040000000,2026-07-06
Halim Saari,Star City FC,Malaysia,Gel. Tengah,18,"Rp1,30Mlyr.",1300000000,2026-07-06
Mior Dani,Star City FC,Malaysia,Gel. Tengah,19,"Rp1,30Mlyr.",1300000000,2026-07-06
Nik Akif,Star City FC,Malaysia,Gel. Serang,33,"Rp3,04Mlyr.",3040000000,2026-07-06
Fayadh Zulkifi,Star City FC,Malaysia,Sayap Kiri,21,"Rp3,48Mlyr.",3480000000,2026-07-06
Syahmi Shamsudin,Star City FC,Malaysia,Sayap Kiri,27,"Rp434,54Jt.",434540000,2026-07-06
Elvis Kamsoba,Star City FC,Malaysia,Sayap Kanan,0,"Rp4,35Mlyr.",4350000000,2026-07-06
Nur Azfar Fikri,Star City FC,Malaysia,Sayap Kanan,0,"Rp2,61Mlyr.",2610000000,2026-07-06
Nik Sharif Haseefy,Star City FC,Malaysia,Sayap Kanan,0,"Rp869,08Jt.",869080000,2026-07-06
Al-Hafiz Harun,Star City FC,Malaysia,Sayap Kanan,0,"Rp869,08Jt.",869080000,2026-07-06
João Pedro,Star City FC,Malaysia,Depan-Tengah,0,"Rp3,48Mlyr.",3480000000,2026-07-06
Wilmar Jordán Gil,Star City FC,Malaysia,Depan-Tengah,0,"Rp2,61Mlyr.",2610000000,2026-07-06
Babacar Gueye,Star City FC,Malaysia,Depan-Tengah,24,"Rp1,30Mlyr.",1300000000,2026-07-06
Azri Ghani,Negeri Sembilan FC,Malaysia,Kiper,30,"Rp4,78Mlyr.",4780000000,2026-07-06
Aqil Razak,Negeri Sembilan FC,Malaysia,Kiper,22,"Rp1,30Mlyr.",1300000000,2026-07-06
Syahmi Adib,Negeri Sembilan FC,Malaysia,Kiper,0,"Rp434,54Jt.",434540000,2026-07-06
Fareez Safwan,Negeri Sembilan FC,Malaysia,Kiper,31,-,0,2026-07-06
Kei Oshiro,Negeri Sembilan FC,Malaysia,Bek-Tengah,0,"Rp3,04Mlyr.",3040000000,2026-07-06
Zainal Abidin Jamil,Negeri Sembilan FC,Malaysia,Bek-Tengah,0,"Rp2,17Mlyr.",2170000000,2026-07-06
Khuzaimi Piee,Negeri Sembilan FC,Malaysia,Bek-Tengah,18,"Rp1,74Mlyr.",1740000000,2026-07-06
Filip Andersen,Negeri Sembilan FC,Malaysia,Bek-Tengah,23,"Rp1,30Mlyr.",1300000000,2026-07-06
Ariff Ar-Rasyid,Negeri Sembilan FC,Malaysia,Bek-Kanan,28,"Rp3,04Mlyr.",3040000000,2026-07-06
Syed Zaris Irfan,Negeri Sembilan FC,Malaysia,Bek-Kanan,0,-,0,2026-07-06
Wai Lin Aung,Negeri Sembilan FC,Malaysia,Gel. Bertahan,0,"Rp2,61Mlyr.",2610000000,2026-07-06
Haiqal Danish,Negeri Sembilan FC,Malaysia,Gel. Bertahan,35,"Rp434,54Jt.",434540000,2026-07-06
Yuichi Hirano,Negeri Sembilan FC,Malaysia,Gel. Tengah,24,"Rp2,61Mlyr.",2610000000,2026-07-06
Afiq Fitri,Negeri Sembilan FC,Malaysia,Gel. Tengah,0,"Rp434,54Jt.",434540000,2026-07-06
Haiqal Haqeemi,Negeri Sembilan FC,Malaysia,Gel. Tengah,21,-,0,2026-07-06
Wan Kuzri,Negeri Sembilan FC,Malaysia,Gel. Tengah,0,-,0,2026-07-06
Takumi Sasaki,Negeri Sembilan FC,Malaysia,Gel. Serang,0,"Rp4,78Mlyr.",4780000000,2026-07-06
Jovan Motika,Negeri Sembilan FC,Malaysia,Sayap Kiri,0,"Rp4,35Mlyr.",4350000000,2026-07-06
Hakimi Abdullah,Negeri Sembilan FC,Malaysia,Sayap Kiri,17,"Rp2,17Mlyr.",2170000000,2026-07-06
Anuar Ceesay,Negeri Sembilan FC,Malaysia,Sayap Kiri,29,"Rp434,54Jt.",434540000,2026-07-06
Mio Tsuneyasu,Negeri Sembilan FC,Malaysia,Sayap Kanan,20,"Rp2,17Mlyr.",2170000000,2026-07-06
Alif Mutalib,Negeri Sembilan FC,Malaysia,Sayap Kanan,17,-,0,2026-07-06
Luqman Hakim,Negeri Sembilan FC,Malaysia,Depan-Tengah,0,"Rp3,48Mlyr.",3480000000,2026-07-06
N. Javabilaarivin,Negeri Sembilan FC,Malaysia,Depan-Tengah,19,"Rp869,08Jt.",869080000,2026-07-06
Rahadiazli Rahalim,Terengganu FC,Malaysia,Kiper,0,"Rp3,04Mlyr.",3040000000,2026-07-06
Suhaimi Husin,Terengganu FC,Malaysia,Kiper,38,"Rp2,61Mlyr.",2610000000,2026-07-06
Syed Nasrulhaq,Terengganu FC,Malaysia,Kiper,29,"Rp869,08Jt.",869080000,2026-07-06
Nazul Izamil,Terengganu FC,Malaysia,Kiper,28,-,0,2026-07-06
Diego Landis,Terengganu FC,Malaysia,Bek-Tengah,0,"Rp5,21Mlyr.",5210000000,2026-07-06
Ubaidullah Shamsul,Terengganu FC,Malaysia,Bek-Tengah,0,"Rp4,78Mlyr.",4780000000,2026-07-06
Kyaw Min Oo,Terengganu FC,Malaysia,Bek-Tengah,23,"Rp4,78Mlyr.",4780000000,2026-07-06
Shahrul Nizam Ros Hasni,Terengganu FC,Malaysia,Bek-Tengah,0,"Rp4,35Mlyr.",4350000000,2026-07-06
Safwan Mazlan,Terengganu FC,Malaysia,Bek-Tengah,24,"Rp4,35Mlyr.",4350000000,2026-07-06
Alif Zakaria,Terengganu FC,Malaysia,Bek-Kiri,25,"Rp3,48Mlyr.",3480000000,2026-07-06
Hairiey Hakim Mamat,Terengganu FC,Malaysia,Bek-Kiri,22,"Rp1,30Mlyr.",1300000000,2026-07-06
Faris Rifqi,Terengganu FC,Malaysia,Bek-Kiri,0,"Rp434,54Jt.",434540000,2026-07-06
Saiful Jamaluddin,Terengganu FC,Malaysia,Gel. Bertahan,33,"Rp2,17Mlyr.",2170000000,2026-07-06
Syafiq Danial Romzi,Terengganu FC,Malaysia,Gel. Bertahan,21,-,0,2026-07-06
Danial Mohd Nor,Terengganu FC,Malaysia,Gel. Bertahan,0,-,0,2026-07-06
Ekhson Pandzhshanbe,Terengganu FC,Malaysia,Gel. Tengah,0,"Rp10,43Mlyr.",10430000000,2026-07-06
Akram Mahinan,Terengganu FC,Malaysia,Gel. Tengah,0,"Rp1,74Mlyr.",1740000000,2026-07-06
Careca,Terengganu FC,Malaysia,Gel. Serang,26,"Rp4,78Mlyr.",4780000000,2026-07-06
Engku Shakir,Terengganu FC,Malaysia,Gel. Serang,17,"Rp3,48Mlyr.",3480000000,2026-07-06
Shervoni Mabatshoev,Terengganu FC,Malaysia,Sayap Kiri,0,"Rp6,08Mlyr.",6080000000,2026-07-06
Akhyar Rashid,Terengganu FC,Malaysia,Sayap Kiri,0,"Rp4,78Mlyr.",4780000000,2026-07-06
Baqiuddin Shamsudin,Terengganu FC,Malaysia,Sayap Kanan,0,"Rp3,04Mlyr.",3040000000,2026-07-06
Azziq Zahazani,Terengganu FC,Malaysia,Sayap Kanan,0,-,0,2026-07-06
Yann Mabella,Terengganu FC,Malaysia,Depan-Tengah,0,"Rp5,21Mlyr.",5210000000,2026-07-06
Gervane Kastaneer,Terengganu FC,Malaysia,Depan-Tengah,0,"Rp3,91Mlyr.",3910000000,2026-07-06
Junior Ngong Sam,Terengganu FC,Malaysia,Depan-Tengah,19,"Rp1,74Mlyr.",1740000000,2026-07-06
Syahmi Zamri,Terengganu FC,Malaysia,Depan-Tengah,0,"Rp1,30Mlyr.",1300000000,2026-07-06
Damien Lim,Sabah FC,Malaysia,Kiper,31,"Rp3,48Mlyr.",3480000000,2026-07-06
Ramzi Mustakim,Sabah FC,Malaysia,Kiper,0,"Rp434,54Jt.",434540000,2026-07-06
Azlizan Azlan,Sabah FC,Malaysia,Kiper,25,-,0,2026-07-06
Amir Jef,Sabah FC,Malaysia,Kiper,36,-,0,2026-07-06
Dominic Tan,Sabah FC,Malaysia,Bek-Tengah,33,"Rp5,21Mlyr.",5210000000,2026-07-06
Rawilson Batuil,Sabah FC,Malaysia,Bek-Tengah,0,"Rp2,61Mlyr.",2610000000,2026-07-06
José Ángel,Sabah FC,Malaysia,Bek-Tengah,0,"Rp869,08Jt.",869080000,2026-07-06
Ritchie Svenson,Sabah FC,Malaysia,Bek-Tengah,34,-,0,2026-07-06
R. Dinesh,Sabah FC,Malaysia,Bek-Kiri,0,"Rp1,74Mlyr.",1740000000,2026-07-06
Ernesto Phumipha,Sabah FC,Malaysia,Bek-Kiri,0,"Rp1,30Mlyr.",1300000000,2026-07-06
Rozacklye Yanam,Sabah FC,Malaysia,Bek-Kiri,0,"Rp173,82Jt.",173820000,2026-07-06
Dane Ingham,Sabah FC,Malaysia,Bek-Kanan,23,"Rp6,52Mlyr.",6520000000,2026-07-06
Harith Naem Jaineh,Sabah FC,Malaysia,Bek-Kanan,0,"Rp869,08Jt.",869080000,2026-07-06
Gary Steven,Sabah FC,Malaysia,Gel. Bertahan,20,"Rp1,30Mlyr.",1300000000,2026-07-06
Duje Ljubic,Sabah FC,Malaysia,Gel. Tengah,22,"Rp3,04Mlyr.",3040000000,2026-07-06
Miguel Cifuentes,Sabah FC,Malaysia,Gel. Tengah,0,"Rp2,61Mlyr.",2610000000,2026-07-06
Fakrul Iman,Sabah FC,Malaysia,Gel. Tengah,0,"Rp869,08Jt.",869080000,2026-07-06
Rusdi Roslan,Sabah FC,Malaysia,Gel. Tengah,0,"Rp173,82Jt.",173820000,2026-07-06
Farhan Roslan,Sabah FC,Malaysia,Sayap Kiri,0,"Rp2,17Mlyr.",2170000000,2026-07-06
Shahrol Nizam,Sabah FC,Malaysia,Sayap Kiri,30,-,0,2026-07-06
S. Kumaahran,Sabah FC,Malaysia,Sayap Kanan,0,"Rp2,61Mlyr.",2610000000,2026-07-06
Maxsius Musa,Sabah FC,Malaysia,Sayap Kanan,27,-,0,2026-07-06
Faheed Naqqeu,Sabah FC,Malaysia,Sayap Kanan,35,-,0,2026-07-06
Chris Marlon Ondong Mba,Sabah FC,Malaysia,Depan-Tengah,0,"Rp3,04Mlyr.",3040000000,2026-07-06
Jafri Firdaus Chew,Sabah FC,Malaysia,Depan-Tengah,0,"Rp3,04Mlyr.",3040000000,2026-07-06
Darren Lok,Sabah FC,Malaysia,Depan-Tengah,28,"Rp1,74Mlyr.",1740000000,2026-07-06
Kervens Belfort,Sabah FC,Malaysia,Depan-Tengah,0,"Rp1,30Mlyr.",1300000000,2026-07-06
Azhad Harraz,Sabah FC,Malaysia,Depan-Tengah,0,"Rp1,30Mlyr.",1300000000,2026-07-06
Firdaus Irman,Melaka FC,Malaysia,Kiper,31,"Rp434,54Jt.",434540000,2026-07-06
Noel Agbre,Melaka FC,Malaysia,Bek-Tengah,33,"Rp3,91Mlyr.",3910000000,2026-07-06
Dae-yeob Gu,Melaka FC,Malaysia,Bek-Tengah,37,"Rp1,30Mlyr.",1300000000,2026-07-06
Argzim Redzovic,Melaka FC,Malaysia,Bek-Tengah,24,"Rp869,08Jt.",869080000,2026-07-06
Zulkhairi Zulkeply,Melaka FC,Malaysia,Bek-Tengah,42,"Rp434,54Jt.",434540000,2026-07-06
V. Ruventhiran,Melaka FC,Malaysia,Bek-Kiri,0,"Rp2,17Mlyr.",2170000000,2026-07-06
G. Durrkeswaran,Melaka FC,Malaysia,Bek-Kiri,19,"Rp869,08Jt.",869080000,2026-07-06
Khairul Anwar,Melaka FC,Malaysia,Bek-Kiri,25,"Rp434,54Jt.",434540000,2026-07-06
Firdaus Ya'akub,Melaka FC,Malaysia,Bek-Kiri,0,-,0,2026-07-06
Simen Lyngbø,Melaka FC,Malaysia,Bek-Kanan,0,"Rp3,04Mlyr.",3040000000,2026-07-06
Che Rashid Che Halim,Melaka FC,Malaysia,Bek-Kanan,0,"Rp1,74Mlyr.",1740000000,2026-07-06
Kwang-il Park,Melaka FC,Malaysia,Bek-Kanan,0,"Rp1,74Mlyr.",1740000000,2026-07-06
Aroon Kumar,Melaka FC,Malaysia,Bek-Kanan,18,"Rp1,30Mlyr.",1300000000,2026-07-06
Muhamad Hafiz Johar,Melaka FC,Malaysia,Bek-Kanan,27,"Rp434,54Jt.",434540000,2026-07-06
Michael Ozor,Melaka FC,Malaysia,Gel. Bertahan,16,"Rp1,30Mlyr.",1300000000,2026-07-06
Dino Kalesic,Melaka FC,Malaysia,Gel. Tengah,20,"Rp3,04Mlyr.",3040000000,2026-07-06
Faiz Mazlan,Melaka FC,Malaysia,Gel. Tengah,0,"Rp869,08Jt.",869080000,2026-07-06
Nizarruddin Jazi,Melaka FC,Malaysia,Gel. Tengah,0,"Rp869,08Jt.",869080000,2026-07-06
Nasir Basharudin,Melaka FC,Malaysia,Gel. Tengah,0,"Rp434,54Jt.",434540000,2026-07-06
Fahmi Faizal,Melaka FC,Malaysia,Gel. Tengah,28,-,0,2026-07-06
Dong-hyeon Do,Melaka FC,Malaysia,Sayap Kanan,0,"Rp1,74Mlyr.",1740000000,2026-07-06
Afeeq Iqmal Rosli,Melaka FC,Malaysia,Sayap Kanan,0,-,0,2026-07-06
Hakimy Khairol,Melaka FC,Malaysia,Sayap Kanan,0,-,0,2026-07-06
Mahali Jasuli,Melaka FC,Malaysia,Depan-Kedua,0,"Rp869,08Jt.",869080000,2026-07-06
Shahrel Fikri,Melaka FC,Malaysia,Depan-Tengah,0,"Rp2,17Mlyr.",2170000000,2026-07-06
Azim Rahim,Melaka FC,Malaysia,Depan-Tengah,0,"Rp869,08Jt.",869080000,2026-07-06
Ahmed Shamsaldin,Melaka FC,Malaysia,Depan-Tengah,0,"Rp869,08Jt.",869080000,2026-07-06
Bernard Arthur,Melaka FC,Malaysia,Depan-Tengah,0,"Rp434,54Jt.",434540000,2026-07-06
Ramadhan Hamid,Penang FC,Malaysia,Kiper,22,"Rp1,74Mlyr.",1740000000,2026-07-06
Khairulazhan Khalid,Penang FC,Malaysia,Kiper,0,"Rp869,08Jt.",869080000,2026-07-06
Ashriq Izzat,Penang FC,Malaysia,Kiper,36,-,0,2026-07-06
Stefano Brundo,Penang FC,Malaysia,Bek-Tengah,0,"Rp3,91Mlyr.",3910000000,2026-07-06
Khairul Akmal Rokisham,Penang FC,Malaysia,Bek-Tengah,0,"Rp2,17Mlyr.",2170000000,2026-07-06
Faith Obilor,Penang FC,Malaysia,Bek-Tengah,0,"Rp1,30Mlyr.",1300000000,2026-07-06
M. Rakesh,Penang FC,Malaysia,Bek-Tengah,0,"Rp869,08Jt.",869080000,2026-07-06
Aidil Wafiy,Penang FC,Malaysia,Bek-Tengah,0,-,0,2026-07-06
Fazly Mazlan,Penang FC,Malaysia,Bek-Kiri,0,"Rp1,74Mlyr.",1740000000,2026-07-06
Ad'dha Nazman,Penang FC,Malaysia,Bek-Kanan,18,-,0,2026-07-06
Izzat Zikri Iziruddin,Penang FC,Malaysia,Gel. Tengah,0,"Rp3,04Mlyr.",3040000000,2026-07-06
Aliff Haiqal,Penang FC,Malaysia,Gel. Tengah,0,"Rp2,61Mlyr.",2610000000,2026-07-06
Firdaus Saiyadi,Penang FC,Malaysia,Gel. Tengah,0,"Rp2,61Mlyr.",2610000000,2026-07-06
Danial Haqim Deraman,Penang FC,Malaysia,Gel. Tengah,20,"Rp1,30Mlyr.",1300000000,2026-07-06
Ruo Han,Penang FC,Malaysia,Gel. Serang,19,"Rp869,08Jt.",869080000,2026-07-06
OJ Porteria,Penang FC,Malaysia,Sayap Kiri,0,"Rp1,30Mlyr.",1300000000,2026-07-06
Akid Zamri,Penang FC,Malaysia,Sayap Kiri,28,"Rp1,30Mlyr.",1300000000,2026-07-06
Syakirin Fadzli,Penang FC,Malaysia,Sayap Kiri,0,-,0,2026-07-06
Khala'if Naskam,Penang FC,Malaysia,Sayap Kanan,0,"Rp869,08Jt.",869080000,2026-07-06
Syihan Hazmi,Johor Darul Ta'zim,Malaysia,Kiper,16,"Rp6,95Mlyr.",6950000000,2026-07-06
Andoni Zubiaurre,Johor Darul Ta'zim,Malaysia,Kiper,0,"Rp4,35Mlyr.",4350000000,2026-07-06
Christian Abad,Johor Darul Ta'zim,Malaysia,Kiper,0,"Rp869,08Jt.",869080000,2026-07-06
Antonio Glauder,Johor Darul Ta'zim,Malaysia,Bek-Tengah,0,"Rp11,30Mlyr.",11300000000,2026-07-06
Brad Tapp,Johor Darul Ta'zim,Malaysia,Bek-Tengah,26,"Rp8,69Mlyr.",8690000000,2026-07-06
Kevin Medina,Johor Darul Ta'zim,Malaysia,Bek-Tengah,0,"Rp6,95Mlyr.",6950000000,2026-07-06
Feroz Baharudin,Johor Darul Ta'zim,Malaysia,Bek-Tengah,0,"Rp3,48Mlyr.",3480000000,2026-07-06
Shahrul Saad,Johor Darul Ta'zim,Malaysia,Bek-Tengah,0,"Rp3,04Mlyr.",3040000000,2026-07-06
Eddy Israfilov,Johor Darul Ta'zim,Malaysia,Bek-Tengah,23,"Rp3,04Mlyr.",3040000000,2026-07-06
Shane Lowry,Johor Darul Ta'zim,Malaysia,Bek-Tengah,0,"Rp1,30Mlyr.",1300000000,2026-07-06
Jon Irazábal,Johor Darul Ta'zim,Malaysia,Bek-Tengah,17,-,0,2026-07-06
Miquel Cuesta,Johor Darul Ta'zim,Malaysia,Bek-Tengah,44,-,0,2026-07-06
Jonathan Silva,Johor Darul Ta'zim,Malaysia,Bek-Kiri,33,"Rp9,56Mlyr.",9560000000,2026-07-06
Declan Lambert,Johor Darul Ta'zim,Malaysia,Bek-Kiri,0,"Rp4,78Mlyr.",4780000000,2026-07-06
La'Vere Corbin-Ong,Johor Darul Ta'zim,Malaysia,Bek-Kiri,22,"Rp2,17Mlyr.",2170000000,2026-07-06
Matthew Davies,Johor Darul Ta'zim,Malaysia,Bek-Kanan,0,"Rp6,95Mlyr.",6950000000,2026-07-06
Azam Azmi,Johor Darul Ta'zim,Malaysia,Bek-Kanan,0,"Rp5,65Mlyr.",5650000000,2026-07-06
Raúl Parra,Johor Darul Ta'zim,Malaysia,Bek-Kanan,36,"Rp3,48Mlyr.",3480000000,2026-07-06
Syahmi Safari,Johor Darul Ta'zim,Malaysia,Bek-Kanan,0,"Rp3,04Mlyr.",3040000000,2026-07-06
Nené,Johor Darul Ta'zim,Malaysia,Gel. Bertahan,18,"Rp15,64Mlyr.",15640000000,2026-07-06
Syamer Kutty,Johor Darul Ta'zim,Malaysia,Gel. Bertahan,41,"Rp3,48Mlyr.",3480000000,2026-07-06
Hong Wan,Johor Darul Ta'zim,Malaysia,Gel. Bertahan,0,"Rp2,61Mlyr.",2610000000,2026-07-06
Ibrahim Manusi,Johor Darul Ta'zim,Malaysia,Gel. Bertahan,27,"Rp1,30Mlyr.",1300000000,2026-07-06
Nacho Méndez,Johor Darul Ta'zim,Malaysia,Gel. Tengah,28,"Rp20,86Mlyr.",20860000000,2026-07-06
Dejan Petrovic,Johor Darul Ta'zim,Malaysia,Gel. Tengah,21,"Rp17,38Mlyr.",17380000000,2026-07-06
Stuart Wilkin,Johor Darul Ta'zim,Malaysia,Gel. Tengah,0,"Rp6,08Mlyr.",6080000000,2026-07-06
Afiq Fazail,Johor Darul Ta'zim,Malaysia,Gel. Tengah,0,"Rp5,21Mlyr.",5210000000,2026-07-06
Ryan Lambert,Johor Darul Ta'zim,Malaysia,Gel. Tengah,0,"Rp4,78Mlyr.",4780000000,2026-07-06
Natxo Insa,Johor Darul Ta'zim,Malaysia,Gel. Tengah,30,"Rp434,54Jt.",434540000,2026-07-06
Hector Hevel,Johor Darul Ta'zim,Malaysia,Gel. Tengah,0,-,0,2026-07-06
Óscar Arribas,Johor Darul Ta'zim,Malaysia,Sayap Kiri,24,"Rp9,56Mlyr.",9560000000,2026-07-06
Teto Martín,Johor Darul Ta'zim,Malaysia,Sayap Kiri,20,"Rp7,82Mlyr.",7820000000,2026-07-06
Yago César,Johor Darul Ta'zim,Malaysia,Sayap Kiri,0,"Rp5,21Mlyr.",5210000000,2026-07-06
Enzo Lombardo,Johor Darul Ta'zim,Malaysia,Sayap Kiri,0,"Rp4,35Mlyr.",4350000000,2026-07-06
Marcos Guilherme,Johor Darul Ta'zim,Malaysia,Sayap Kanan,0,"Rp13,04Mlyr.",13040000000,2026-07-06
Arif Aiman,Johor Darul Ta'zim,Malaysia,Sayap Kanan,42,"Rp12,17Mlyr.",12170000000,2026-07-06
Ager Aketxe,Johor Darul Ta'zim,Malaysia,Sayap Kanan,0,"Rp12,17Mlyr.",12170000000,2026-07-06
Manuel Hidalgo,Johor Darul Ta'zim,Malaysia,Sayap Kanan,0,"Rp6,95Mlyr.",6950000000,2026-07-06
Moussa Sidibé,Johor Darul Ta'zim,Malaysia,Sayap Kanan,0,"Rp4,78Mlyr.",4780000000,2026-07-06
Shahab Zahedi,Johor Darul Ta'zim,Malaysia,Depan-Tengah,0,"Rp6,95Mlyr.",6950000000,2026-07-06
Ajdin Mujagic,Johor Darul Ta'zim,Malaysia,Depan-Tengah,29,"Rp6,95Mlyr.",6950000000,2026-07-06
Bérgson,Johor Darul Ta'zim,Malaysia,Depan-Tengah,0,"Rp5,65Mlyr.",5650000000,2026-07-06
Romel Morales,Johor Darul Ta'zim,Malaysia,Depan-Tengah,19,"Rp5,21Mlyr.",5210000000,2026-07-06
Haqimi Azim,Johor Darul Ta'zim,Malaysia,Depan-Tengah,0,"Rp3,91Mlyr.",3910000000,2026-07-06
João Figueiredo,Johor Darul Ta'zim,Malaysia,Depan-Tengah,25,-,0,2026-07-06
Celso Bermejo,Johor Darul Ta'zim,Malaysia,Depan-Tengah,0,-,0,2026-07-06
Kalamullah Al-Hafiz,Selangor FC,Malaysia,Kiper,33,"Rp5,21Mlyr.",5210000000,2026-07-06
Sikh Izhan Nazrel,Selangor FC,Malaysia,Kiper,31,"Rp3,91Mlyr.",3910000000,2026-07-06
Azim Al-Amin,Selangor FC,Malaysia,Kiper,20,"Rp1,30Mlyr.",1300000000,2026-07-06
Jefferson Tabinas,Selangor FC,Malaysia,Bek-Tengah,40,"Rp6,95Mlyr.",6950000000,2026-07-06
Harith Haiqal,Selangor FC,Malaysia,Bek-Tengah,0,"Rp5,65Mlyr.",5650000000,2026-07-06
Richmond Tetteh Ankrah,Selangor FC,Malaysia,Bek-Tengah,0,"Rp4,78Mlyr.",4780000000,2026-07-06
Sharul Nazeem,Selangor FC,Malaysia,Bek-Tengah,44,"Rp3,48Mlyr.",3480000000,2026-07-06
Safuwan Baharudin,Selangor FC,Malaysia,Bek-Tengah,21,"Rp1,74Mlyr.",1740000000,2026-07-06
Moses Raj,Selangor FC,Malaysia,Bek-Tengah,22,-,0,2026-07-06
Adib Ra'op,Selangor FC,Malaysia,Bek-Kiri,0,"Rp5,21Mlyr.",5210000000,2026-07-06
Quentin Cheng,Selangor FC,Malaysia,Bek-Kanan,0,"Rp5,65Mlyr.",5650000000,2026-07-06
Zikri Khalili,Selangor FC,Malaysia,Bek-Kanan,0,"Rp3,48Mlyr.",3480000000,2026-07-06
Muhammad Abu Khalil,Selangor FC,Malaysia,Gel. Bertahan,28,"Rp1,30Mlyr.",1300000000,2026-07-06
Nooa Laine,Selangor FC,Malaysia,Gel. Tengah,0,"Rp6,95Mlyr.",6950000000,2026-07-06
Azam Azih,Selangor FC,Malaysia,Gel. Tengah,19,"Rp4,35Mlyr.",4350000000,2026-07-06
Syahir Bashah,Selangor FC,Malaysia,Gel. Tengah,43,"Rp3,48Mlyr.",3480000000,2026-07-06
Mukhairi Ajmal,Selangor FC,Malaysia,Gel. Tengah,0,"Rp3,04Mlyr.",3040000000,2026-07-06
Alex Agyarkwa,Selangor FC,Malaysia,Gel. Tengah,24,"Rp2,61Mlyr.",2610000000,2026-07-06
Danish Iskandar,Selangor FC,Malaysia,Gel. Tengah,39,-,0,2026-07-06
Hugo Boumous,Selangor FC,Malaysia,Gel. Serang,0,"Rp11,30Mlyr.",11300000000,2026-07-06
Eduardo Sosa,Selangor FC,Malaysia,Gel. Serang,0,"Rp6,08Mlyr.",6080000000,2026-07-06
Aliff Izwan,Selangor FC,Malaysia,Gel. Serang,0,"Rp2,61Mlyr.",2610000000,2026-07-06
Faisal Halim,Selangor FC,Malaysia,Sayap Kiri,0,"Rp7,82Mlyr.",7820000000,2026-07-06
A. Selvan,Selangor FC,Malaysia,Sayap Kanan,16,"Rp3,48Mlyr.",3480000000,2026-07-06
Vitor Pernambuco,Selangor FC,Malaysia,Sayap Kanan,0,"Rp2,17Mlyr.",2170000000,2026-07-06
Chrigor Moraes,Selangor FC,Malaysia,Depan-Tengah,0,"Rp15,64Mlyr.",15640000000,2026-07-06
Samuel Somerville,Brunei DPMM FC,Malaysia,Kiper,0,"Rp2,61Mlyr.",2610000000,2026-07-06
Haimie Nyaring,Brunei DPMM FC,Malaysia,Kiper,0,"Rp2,17Mlyr.",2170000000,2026-07-06
Ishyra Asmin,Brunei DPMM FC,Malaysia,Kiper,25,"Rp434,54Jt.",434540000,2026-07-06
Amani Aguinaldo,Brunei DPMM FC,Malaysia,Bek-Tengah,0,"Rp3,04Mlyr.",3040000000,2026-07-06
Clark Robertson,Brunei DPMM FC,Malaysia,Bek-Tengah,0,"Rp1,74Mlyr.",1740000000,2026-07-06
Ebenezer Abban,Brunei DPMM FC,Malaysia,Bek-Tengah,0,"Rp1,74Mlyr.",1740000000,2026-07-06
Yura Indera Putera,Brunei DPMM FC,Malaysia,Bek-Tengah,23,"Rp1,74Mlyr.",1740000000,2026-07-06
Nicholas Swirad,Brunei DPMM FC,Malaysia,Bek-Tengah,0,"Rp1,30Mlyr.",1300000000,2026-07-06
Nur Ikhwan Othman,Brunei DPMM FC,Malaysia,Bek-Tengah,19,"Rp869,08Jt.",869080000,2026-07-06
Hanif Hamir,Brunei DPMM FC,Malaysia,Bek-Tengah,0,"Rp434,54Jt.",434540000,2026-07-06
Tommy Mawat,Brunei DPMM FC,Malaysia,Bek-Kiri,0,"Rp3,04Mlyr.",3040000000,2026-07-06
Syafiq Safiuddin Shariff,Brunei DPMM FC,Malaysia,Bek-Kanan,0,"Rp869,08Jt.",869080000,2026-07-06
Nazry Aiman,Brunei DPMM FC,Malaysia,Bek-Kanan,21,"Rp869,08Jt.",869080000,2026-07-06
Martin Haddy,Brunei DPMM FC,Malaysia,Bek-Kanan,0,"Rp173,82Jt.",173820000,2026-07-06
Hanif Farhan Azman,Brunei DPMM FC,Malaysia,Gel. Tengah,0,"Rp869,08Jt.",869080000,2026-07-06
Azwan Ali Rahman,Brunei DPMM FC,Malaysia,Gel. Tengah,0,"Rp869,08Jt.",869080000,2026-07-06
Abdul Hariz,Brunei DPMM FC,Malaysia,Gel. Tengah,16,"Rp869,08Jt.",869080000,2026-07-06
Hakeme Yazid Said,Brunei DPMM FC,Malaysia,Sayap Kiri,17,"Rp3,04Mlyr.",3040000000,2026-07-06
Farris Izdiham,Brunei DPMM FC,Malaysia,Sayap Kiri,0,"Rp2,61Mlyr.",2610000000,2026-07-06
Nazirrudin Ismail,Brunei DPMM FC,Malaysia,Sayap Kiri,22,"Rp869,08Jt.",869080000,2026-07-06
Óscar Santis,Brunei DPMM FC,Malaysia,Sayap Kanan,0,"Rp10,43Mlyr.",10430000000,2026-07-06
Miguel Oliveira,Brunei DPMM FC,Malaysia,Sayap Kanan,0,"Rp4,35Mlyr.",4350000000,2026-07-06
Danial Asri,Brunei DPMM FC,Malaysia,Sayap Kanan,0,"Rp3,48Mlyr.",3480000000,2026-07-06
Faturrahman Embran,Brunei DPMM FC,Malaysia,Sayap Kanan,0,"Rp434,54Jt.",434540000,2026-07-06
Jordan Murray,Brunei DPMM FC,Malaysia,Depan-Tengah,27,"Rp6,08Mlyr.",6080000000,2026-07-06
Dalberto,Brunei DPMM FC,Malaysia,Depan-Tengah,0,"Rp5,21Mlyr.",5210000000,2026-07-06
Hariz Danial,Brunei DPMM FC,Malaysia,Depan-Tengah,0,"Rp434,54Jt.",434540000,2026-07-06
Haziq Nadzli,Kuching City,Malaysia,Kiper,20,"Rp6,08Mlyr.",6080000000,2026-07-06
Wan Azraie,Kuching City,Malaysia,Kiper,39,"Rp434,54Jt.",434540000,2026-07-06
Shahril Sa'ari,Kuching City,Malaysia,Kiper,0,"Rp434,54Jt.",434540000,2026-07-06
Syafie Mursalim,Kuching City,Malaysia,Kiper,0,-,0,2026-07-06
Yuki Tanigawa,Kuching City,Malaysia,Bek-Tengah,0,"Rp6,08Mlyr.",6080000000,2026-07-06
Rodney Celvin,Kuching City,Malaysia,Bek-Tengah,0,"Rp4,78Mlyr.",4780000000,2026-07-06
Irfan Zakaria,Kuching City,Malaysia,Bek-Tengah,0,"Rp3,04Mlyr.",3040000000,2026-07-06
James Okwuosa,Kuching City,Malaysia,Bek-Tengah,35,"Rp1,30Mlyr.",1300000000,2026-07-06
Yohanis Daniel,Kuching City,Malaysia,Bek-Tengah,0,-,0,2026-07-06
Scott Woods,Kuching City,Malaysia,Bek-Kiri,0,"Rp3,91Mlyr.",3910000000,2026-07-06
Arif Fadzilah,Kuching City,Malaysia,Bek-Kiri,0,"Rp2,61Mlyr.",2610000000,2026-07-06
Filemon Anyie,Kuching City,Malaysia,Bek-Kiri,27,"Rp1,30Mlyr.",1300000000,2026-07-06
Aiman Joanny,Kuching City,Malaysia,Bek-Kiri,0,-,0,2026-07-06
Jimmy Raymond,Kuching City,Malaysia,Bek-Kanan,0,"Rp4,35Mlyr.",4350000000,2026-07-06
Ariff Farhan,Kuching City,Malaysia,Bek-Kanan,23,"Rp3,48Mlyr.",3480000000,2026-07-06
Iskandar Shah Jamil,Kuching City,Malaysia,Bek-Kanan,0,-,0,2026-07-06
Moses Atede,Kuching City,Malaysia,Gel. Bertahan,25,"Rp6,52Mlyr.",6520000000,2026-07-06
Kaishu Yamazaki,Kuching City,Malaysia,Gel. Bertahan,0,"Rp3,04Mlyr.",3040000000,2026-07-06
Nazmi Faiz,Kuching City,Malaysia,Gel. Tengah,0,"Rp3,04Mlyr.",3040000000,2026-07-06
Petrus Shitembi,Kuching City,Malaysia,Gel. Tengah,0,"Rp1,74Mlyr.",1740000000,2026-07-06
Alif Hassan,Kuching City,Malaysia,Gel. Tengah,44,"Rp1,74Mlyr.",1740000000,2026-07-06
Diego Baggio,Kuching City,Malaysia,Gel. Tengah,0,"Rp1,30Mlyr.",1300000000,2026-07-06
Ahmed Israiwah,Kuching City,Malaysia,Gel. Serang,0,"Rp3,04Mlyr.",3040000000,2026-07-06
Wesley Azcang Milkias,Kuching City,Malaysia,Gel. Serang,0,-,0,2026-07-06
Ramadhan Saifullah,Kuching City,Malaysia,Sayap Kiri,0,"Rp5,21Mlyr.",5210000000,2026-07-06
Zharmien Ashraf,Kuching City,Malaysia,Sayap Kiri,29,-,0,2026-07-06
Safawi Rasid,Kuching City,Malaysia,Sayap Kanan,0,"Rp6,08Mlyr.",6080000000,2026-07-06
Dylan Wenzel-Halls,Kuching City,Malaysia,Sayap Kanan,0,"Rp6,08Mlyr.",6080000000,2026-07-06
João Pedro,Kuching City,Malaysia,Sayap Kanan,22,"Rp3,48Mlyr.",3480000000,2026-07-06
Shamie Iszuan,Kuching City,Malaysia,Sayap Kanan,0,"Rp2,61Mlyr.",2610000000,2026-07-06
Zahrul Zulkeflee,Kuching City,Malaysia,Sayap Kanan,0,"Rp1,30Mlyr.",1300000000,2026-07-06
Amir Amri Salleh,Kuching City,Malaysia,Sayap Kanan,0,"Rp434,54Jt.",434540000,2026-07-06
Jordan Mintah,Kuching City,Malaysia,Depan-Tengah,28,"Rp4,35Mlyr.",4350000000,2026-07-06
Jerome Mpacko Etame,Kuching City,Malaysia,Depan-Tengah,0,"Rp3,48Mlyr.",3480000000,2026-07-06
Ronald Ngah,Kuching City,Malaysia,Depan-Tengah,18,"Rp2,17Mlyr.",2170000000,2026-07-06
Gabriel Nistelrooy,Kuching City,Malaysia,Depan-Tengah,19,"Rp2,17Mlyr.",2170000000,2026-07-06
Hazwan Bakri,Kuching City,Malaysia,Depan-Tengah,0,"Rp434,54Jt.",434540000,2026-07-06
Nor Hakeem Hamidun,PDRM FC,Malaysia,Kiper,0,"Rp1,74Mlyr.",1740000000,2026-07-06
Ifwat Akmal,PDRM FC,Malaysia,Kiper,30,"Rp1,30Mlyr.",1300000000,2026-07-06
Asri Muhamad,PDRM FC,Malaysia,Kiper,20,"Rp434,54Jt.",434540000,2026-07-06
Fahmi Ikhwan,PDRM FC,Malaysia,Kiper,28,"Rp173,82Jt.",173820000,2026-07-06
Badrul Affendy,PDRM FC,Malaysia,Bek-Tengah,0,"Rp1,74Mlyr.",1740000000,2026-07-06
Tae-su Park,PDRM FC,Malaysia,Bek-Tengah,0,"Rp1,74Mlyr.",1740000000,2026-07-06
Amir Saiful,PDRM FC,Malaysia,Bek-Kiri,19,"Rp3,04Mlyr.",3040000000,2026-07-06
Alif Naquiddin,PDRM FC,Malaysia,Bek-Kiri,26,"Rp2,61Mlyr.",2610000000,2026-07-06
Safiee Ahmad,PDRM FC,Malaysia,Bek-Kanan,32,"Rp3,04Mlyr.",3040000000,2026-07-06
Fakhrullah Yusoff,PDRM FC,Malaysia,Bek-Kanan,0,"Rp1,30Mlyr.",1300000000,2026-07-06
Zazrir Naim,PDRM FC,Malaysia,Bek-Kanan,21,"Rp434,54Jt.",434540000,2026-07-06
Fadi Awad,PDRM FC,Malaysia,Gel. Bertahan,0,"Rp3,04Mlyr.",3040000000,2026-07-06
Eizrul Ashraf,PDRM FC,Malaysia,Gel. Tengah,34,"Rp2,17Mlyr.",2170000000,2026-07-06
Irfan Fazail,PDRM FC,Malaysia,Gel. Tengah,0,"Rp869,08Jt.",869080000,2026-07-06
Syafiq Azmi,PDRM FC,Malaysia,Gel. Tengah,16,"Rp434,54Jt.",434540000,2026-07-06
Adam Farhan Mustaffa,PDRM FC,Malaysia,Gel. Tengah,18,"Rp173,82Jt.",173820000,2026-07-06
Fakhrul Azim,PDRM FC,Malaysia,Sayap Kiri,0,"Rp2,61Mlyr.",2610000000,2026-07-06
Amirul Waie Yaacob,PDRM FC,Malaysia,Sayap Kiri,17,"Rp1,30Mlyr.",1300000000,2026-07-06
Hafiz A. Aziz,PDRM FC,Malaysia,Sayap Kiri,24,"Rp434,54Jt.",434540000,2026-07-06
Imran Samso,PDRM FC,Malaysia,Sayap Kanan,27,"Rp1,74Mlyr.",1740000000,2026-07-06
Aiman Sufi Radzai,PDRM FC,Malaysia,Sayap Kanan,29,"Rp869,08Jt.",869080000,2026-07-06
Afiq Saluddin,PDRM FC,Malaysia,Sayap Kanan,22,"Rp434,54Jt.",434540000,2026-07-06
Dick Cheny Waili,PDRM FC,Malaysia,Sayap Kanan,0,"Rp173,82Jt.",173820000,2026-07-06
Elisha Kashim,PDRM FC,Malaysia,Depan-Tengah,0,"Rp1,30Mlyr.",1300000000,2026-07-06
Bruno Suzuki,PDRM FC,Malaysia,Depan-Tengah,0,"Rp869,08Jt.",869080000,2026-07-06
Quincy Kammeraad,Kuala Lumpur City FC,Malaysia,Kiper,0,"Rp4,35Mlyr.",4350000000,2026-07-06
Hafizul Hakim,Kuala Lumpur City FC,Malaysia,Kiper,22,"Rp869,08Jt.",869080000,2026-07-06
Asyraaf Omar,Kuala Lumpur City FC,Malaysia,Kiper,30,-,0,2026-07-06
Dmytro Lytvyn,Kuala Lumpur City FC,Malaysia,Bek-Tengah,0,"Rp5,65Mlyr.",5650000000,2026-07-06
Giancarlo Gallifuoco,Kuala Lumpur City FC,Malaysia,Bek-Tengah,0,"Rp4,35Mlyr.",4350000000,2026-07-06
Adam Nor Azlin,Kuala Lumpur City FC,Malaysia,Bek-Tengah,0,"Rp3,04Mlyr.",3040000000,2026-07-06
Syazwan Andik,Kuala Lumpur City FC,Malaysia,Bek-Kiri,23,"Rp2,17Mlyr.",2170000000,2026-07-06
Kamal Azizi,Kuala Lumpur City FC,Malaysia,Bek-Kanan,0,"Rp2,61Mlyr.",2610000000,2026-07-06
Azrif Nasrulhaq,Kuala Lumpur City FC,Malaysia,Bek-Kanan,20,"Rp869,08Jt.",869080000,2026-07-06
Kenny Pallraj,Kuala Lumpur City FC,Malaysia,Gel. Bertahan,21,"Rp2,17Mlyr.",2170000000,2026-07-06
Zhafri Yahya,Kuala Lumpur City FC,Malaysia,Gel. Tengah,0,"Rp4,35Mlyr.",4350000000,2026-07-06
Gorka Larrucea,Kuala Lumpur City FC,Malaysia,Gel. Tengah,24,"Rp3,04Mlyr.",3040000000,2026-07-06
Madger Gomes,Kuala Lumpur City FC,Malaysia,Gel. Tengah,0,"Rp1,30Mlyr.",1300000000,2026-07-06
Amirul Aiman,Kuala Lumpur City FC,Malaysia,Gel. Tengah,34,"Rp434,54Jt.",434540000,2026-07-06
Víctor Ruiz,Kuala Lumpur City FC,Malaysia,Gel. Serang,0,"Rp3,04Mlyr.",3040000000,2026-07-06
Fazrul Amir,Kuala Lumpur City FC,Malaysia,Sayap Kiri,17,"Rp1,74Mlyr.",1740000000,2026-07-06
Nicolao Cardoso,Kuala Lumpur City FC,Malaysia,Sayap Kiri,0,"Rp1,74Mlyr.",1740000000,2026-07-06
Enzo Cora,Kuala Lumpur City FC,Malaysia,Sayap Kiri,0,"Rp434,54Jt.",434540000,2026-07-06
S. Sharvin,Kuala Lumpur City FC,Malaysia,Sayap Kanan,0,"Rp434,54Jt.",434540000,2026-07-06
Kpah Sherman,Kuala Lumpur City FC,Malaysia,Depan-Tengah,0,"Rp3,48Mlyr.",3480000000,2026-07-06
Paulo Josué,Kuala Lumpur City FC,Malaysia,Depan-Tengah,28,"Rp3,04Mlyr.",3040000000,2026-07-06
Van Viet Nguyen,Song Lam Nghe An FC,Vietnam,Kiper,0,"Rp3,91Mlyr.",3910000000,2026-07-06
Van Binh Cao,Song Lam Nghe An FC,Vietnam,Kiper,0,"Rp3,48Mlyr.",3480000000,2026-07-06
Bao Ngoc Nguyen,Song Lam Nghe An FC,Vietnam,Kiper,25,"Rp434,54Jt.",434540000,2026-07-06
Huu Hau Nguyen,Song Lam Nghe An FC,Vietnam,Kiper,26,"Rp434,54Jt.",434540000,2026-07-06
Tan Minh Nguyen,Song Lam Nghe An FC,Vietnam,Bek,0,-,0,2026-07-06
Van Khanh Hoang,Song Lam Nghe An FC,Vietnam,Bek-Tengah,0,"Rp2,17Mlyr.",2170000000,2026-07-06
Nguyen Hoang Le,Song Lam Nghe An FC,Vietnam,Bek-Tengah,0,"Rp1,74Mlyr.",1740000000,2026-07-06
Nam Hai Tran,Song Lam Nghe An FC,Vietnam,Bek-Tengah,17,"Rp1,74Mlyr.",1740000000,2026-07-06
Khac Luong Ho,Song Lam Nghe An FC,Vietnam,Bek-Tengah,0,"Rp434,54Jt.",434540000,2026-07-06
Van Thanh Phan,Song Lam Nghe An FC,Vietnam,Bek-Tengah,33,"Rp434,54Jt.",434540000,2026-07-06
Thanh Duc Bui,Song Lam Nghe An FC,Vietnam,Bek-Kiri,0,"Rp869,08Jt.",869080000,2026-07-06
Van Bac Ngo,Song Lam Nghe An FC,Vietnam,Bek-Kiri,0,"Rp434,54Jt.",434540000,2026-07-06
Mai Hoang Nguyen,Song Lam Nghe An FC,Vietnam,Bek-Kiri,35,"Rp434,54Jt.",434540000,2026-07-06
Minh Hoi Hoang,Song Lam Nghe An FC,Vietnam,Bek-Kiri,23,-,0,2026-07-06
Van Cuong Ho,Song Lam Nghe An FC,Vietnam,Bek-Kanan,30,"Rp2,17Mlyr.",2170000000,2026-07-06
Ba Quyen Phan,Song Lam Nghe An FC,Vietnam,Gel. Bertahan,19,"Rp2,17Mlyr.",2170000000,2026-07-06
Quoc Trung Pham Nguyen,Song Lam Nghe An FC,Vietnam,Gel. Bertahan,0,-,0,2026-07-06
Xuan Tien Dinh,Song Lam Nghe An FC,Vietnam,Gel. Tengah,0,"Rp2,61Mlyr.",2610000000,2026-07-06
Quang Vinh Nguyen,Song Lam Nghe An FC,Vietnam,Gel. Tengah,16,"Rp2,61Mlyr.",2610000000,2026-07-06
Xuan Binh Nguyen,Song Lam Nghe An FC,Vietnam,Gel. Tengah,0,"Rp1,30Mlyr.",1300000000,2026-07-06
Quang Tu Dang,Song Lam Nghe An FC,Vietnam,Gel. Tengah,29,"Rp869,08Jt.",869080000,2026-07-06
Khac Ngoc Ho,Song Lam Nghe An FC,Vietnam,Gel. Tengah,32,"Rp869,08Jt.",869080000,2026-07-06
Van Bach Nguyen,Song Lam Nghe An FC,Vietnam,Gelandang Kanan,0,"Rp869,08Jt.",869080000,2026-07-06
Van Quy Le,Song Lam Nghe An FC,Vietnam,Gelandang Kiri,0,-,0,2026-07-06
Trong Tuan Nguyen,Song Lam Nghe An FC,Vietnam,Gel. Serang,0,"Rp434,54Jt.",434540000,2026-07-06
Van Luong Ngo,Song Lam Nghe An FC,Vietnam,Sayap Kiri,20,"Rp2,17Mlyr.",2170000000,2026-07-06
Phi-Long Tran,Song Lam Nghe An FC,Vietnam,Sayap Kiri,0,"Rp434,54Jt.",434540000,2026-07-06
Van Nam Phung,Song Lam Nghe An FC,Vietnam,Sayap Kiri,0,-,0,2026-07-06
Long Vu Le Dinh,Song Lam Nghe An FC,Vietnam,Sayap Kanan,18,"Rp2,17Mlyr.",2170000000,2026-07-06
Xuan Dai Phan,Song Lam Nghe An FC,Vietnam,Sayap Kanan,0,-,0,2026-07-06
Nguyen Manh Tran,Thep Xanh Nam Dinh FC,Vietnam,Kiper,26,"Rp2,17Mlyr.",2170000000,2026-07-06
Xuan Hoang Trinh,Thep Xanh Nam Dinh FC,Vietnam,Kiper,0,"Rp1,74Mlyr.",1740000000,2026-07-06
Vu Phong Le,Thep Xanh Nam Dinh FC,Vietnam,Kiper,23,"Rp434,54Jt.",434540000,2026-07-06
Duc Dung Tran,Thep Xanh Nam Dinh FC,Vietnam,Kiper,29,"Rp434,54Jt.",434540000,2026-07-06
Liem Dieu Tran,Thep Xanh Nam Dinh FC,Vietnam,Kiper,0,"Rp434,54Jt.",434540000,2026-07-06
Van Toi Dang,Thep Xanh Nam Dinh FC,Vietnam,Bek-Tengah,0,"Rp3,48Mlyr.",3480000000,2026-07-06
Tuan Duong Giap,Thep Xanh Nam Dinh FC,Vietnam,Bek-Tengah,0,"Rp2,61Mlyr.",2610000000,2026-07-06
Thanh Hao Duong,Thep Xanh Nam Dinh FC,Vietnam,Bek-Tengah,0,"Rp1,30Mlyr.",1300000000,2026-07-06
Duc Huy Ngo,Thep Xanh Nam Dinh FC,Vietnam,Bek-Tengah,32,"Rp869,08Jt.",869080000,2026-07-06
Van Thanh Le,Thep Xanh Nam Dinh FC,Vietnam,Bek-Tengah,0,"Rp869,08Jt.",869080000,2026-07-06
Xuan Khai Dinh,Thep Xanh Nam Dinh FC,Vietnam,Bek-Tengah,0,-,0,2026-07-06
Van Vi Nguyen,Thep Xanh Nam Dinh FC,Vietnam,Bek-Kiri,17,"Rp3,91Mlyr.",3910000000,2026-07-06
Phong Hong Duy Nguyen,Thep Xanh Nam Dinh FC,Vietnam,Bek-Kiri,0,"Rp3,04Mlyr.",3040000000,2026-07-06
Tien Dung Dam,Thep Xanh Nam Dinh FC,Vietnam,Bek-Kiri,0,"Rp1,30Mlyr.",1300000000,2026-07-06
Van Kien Tran,Thep Xanh Nam Dinh FC,Vietnam,Bek-Kanan,0,"Rp2,61Mlyr.",2610000000,2026-07-06
Kévin Pham Ba,Thep Xanh Nam Dinh FC,Vietnam,Bek-Kanan,0,"Rp2,17Mlyr.",2170000000,2026-07-06
Rômulo,Thep Xanh Nam Dinh FC,Vietnam,Gel. Bertahan,0,"Rp6,08Mlyr.",6080000000,2026-07-06
Trong Bao Nguyen,Thep Xanh Nam Dinh FC,Vietnam,Gelandang,20,-,0,2026-07-06
Arnaud Lusamba,Thep Xanh Nam Dinh FC,Vietnam,Gel. Tengah,0,"Rp12,17Mlyr.",12170000000,2026-07-06
Caio César,Thep Xanh Nam Dinh FC,Vietnam,Gel. Tengah,0,"Rp6,95Mlyr.",6950000000,2026-07-06
Cong Hoang Anh Ly,Thep Xanh Nam Dinh FC,Vietnam,Gel. Tengah,0,"Rp3,91Mlyr.",3910000000,2026-07-06
Tuan Anh Nguyen,Thep Xanh Nam Dinh FC,Vietnam,Gel. Tengah,0,"Rp3,04Mlyr.",3040000000,2026-07-06
Mit A,Thep Xanh Nam Dinh FC,Vietnam,Gelandang Kanan,0,"Rp2,61Mlyr.",2610000000,2026-07-06
Van Vu To,Thep Xanh Nam Dinh FC,Vietnam,Gelandang Kanan,28,"Rp2,17Mlyr.",2170000000,2026-07-06
Dinh Son Nguyen,Thep Xanh Nam Dinh FC,Vietnam,Gelandang Kanan,0,"Rp869,08Jt.",869080000,2026-07-06
Ngoc Son Tran,Thep Xanh Nam Dinh FC,Vietnam,Gelandang Kiri,27,"Rp1,74Mlyr.",1740000000,2026-07-06
Manh Quynh Tran,Thep Xanh Nam Dinh FC,Vietnam,Sayap Kiri,0,"Rp3,04Mlyr.",3040000000,2026-07-06
Van Dat Tran,Thep Xanh Nam Dinh FC,Vietnam,Sayap Kiri,19,"Rp2,61Mlyr.",2610000000,2026-07-06
Van Toan Nguyen,Thep Xanh Nam Dinh FC,Vietnam,Sayap Kanan,0,"Rp4,35Mlyr.",4350000000,2026-07-06
Ti Phong Lam,Thep Xanh Nam Dinh FC,Vietnam,Sayap Kanan,39,"Rp3,04Mlyr.",3040000000,2026-07-06
Rafaelson,Thep Xanh Nam Dinh FC,Vietnam,Depan-Tengah,0,"Rp9,56Mlyr.",9560000000,2026-07-06
Filip Nguyen,Cong An Ha Noi FC,Vietnam,Kiper,0,"Rp6,08Mlyr.",6080000000,2026-07-06
Thanh Vinh Vu,Cong An Ha Noi FC,Vietnam,Kiper,23,"Rp434,54Jt.",434540000,2026-07-06
Dinh Minh Hoang Tran,Cong An Ha Noi FC,Vietnam,Kiper,25,"Rp434,54Jt.",434540000,2026-07-06
Manh Truong Ha,Cong An Ha Noi FC,Vietnam,Kiper,0,-,0,2026-07-06
Hoang Viet Anh Bui,Cong An Ha Noi FC,Vietnam,Bek-Tengah,0,"Rp5,65Mlyr.",5650000000,2026-07-06
Dinh Trong Tran,Cong An Ha Noi FC,Vietnam,Bek-Tengah,21,"Rp3,91Mlyr.",3910000000,2026-07-06
Leygley Adou,Cong An Ha Noi FC,Vietnam,Bek-Tengah,38,"Rp3,48Mlyr.",3480000000,2026-07-06
Ly Duc Pham,Cong An Ha Noi FC,Vietnam,Bek-Tengah,0,"Rp2,17Mlyr.",2170000000,2026-07-06
Van Thiet Truong,Cong An Ha Noi FC,Vietnam,Bek-Tengah,0,-,0,2026-07-06
Jason Pendant,Cong An Ha Noi FC,Vietnam,Bek-Kiri,0,"Rp8,69Mlyr.",8690000000,2026-07-06
Van Hau Doan,Cong An Ha Noi FC,Vietnam,Bek-Kiri,0,"Rp3,48Mlyr.",3480000000,2026-07-06
Van Phuong Ha,Cong An Ha Noi FC,Vietnam,Bek-Kiri,26,"Rp869,08Jt.",869080000,2026-07-06
Trung Anh Hoang,Cong An Ha Noi FC,Vietnam,Bek-Kiri,0,-,0,2026-07-06
Van Thanh Vu,Cong An Ha Noi FC,Vietnam,Bek-Kanan,17,"Rp3,48Mlyr.",3480000000,2026-07-06
Minh Phuc Pham,Cong An Ha Noi FC,Vietnam,Bek-Kanan,22,"Rp3,04Mlyr.",3040000000,2026-07-06
Pham Thanh Long Le,Cong An Ha Noi FC,Vietnam,Gel. Bertahan,0,"Rp4,78Mlyr.",4780000000,2026-07-06
Brandon Ly,Cong An Ha Noi FC,Vietnam,Gel. Bertahan,27,"Rp434,54Jt.",434540000,2026-07-06
Damià Sabater,Cong An Ha Noi FC,Vietnam,Gel. Tengah,0,"Rp4,35Mlyr.",4350000000,2026-07-06
Van Toan Hoang,Cong An Ha Noi FC,Vietnam,Gel. Tengah,0,"Rp2,17Mlyr.",2170000000,2026-07-06
Xuan Thinh Bui,Cong An Ha Noi FC,Vietnam,Gel. Tengah,0,"Rp869,08Jt.",869080000,2026-07-06
Van Do Le,Cong An Ha Noi FC,Vietnam,Gelandang Kanan,0,"Rp4,35Mlyr.",4350000000,2026-07-06
Dinh Tien Tran,Cong An Ha Noi FC,Vietnam,Gelandang Kanan,18,"Rp1,74Mlyr.",1740000000,2026-07-06
Stefan Mauk,Cong An Ha Noi FC,Vietnam,Gel. Serang,0,"Rp10,43Mlyr.",10430000000,2026-07-06
Léo Artur,Cong An Ha Noi FC,Vietnam,Gel. Serang,0,"Rp6,95Mlyr.",6950000000,2026-07-06
Quang Hai Nguyen,Cong An Ha Noi FC,Vietnam,Gel. Serang,19,"Rp6,95Mlyr.",6950000000,2026-07-06
Dinh Bac Nguyen,Cong An Ha Noi FC,Vietnam,Sayap Kiri,0,"Rp6,95Mlyr.",6950000000,2026-07-06
Van Duc Phan,Cong An Ha Noi FC,Vietnam,Sayap Kiri,20,"Rp2,61Mlyr.",2610000000,2026-07-06
China,Cong An Ha Noi FC,Vietnam,Sayap Kanan,30,"Rp5,21Mlyr.",5210000000,2026-07-06
Alan Grafite,Cong An Ha Noi FC,Vietnam,Depan-Tengah,0,"Rp7,82Mlyr.",7820000000,2026-07-06
Duc Nam Tran,Cong An Ha Noi FC,Vietnam,Depan-Tengah,0,"Rp869,08Jt.",869080000,2026-07-06
Tan Truong Bui,Truong Tuoi Dong Nai FC,Vietnam,Kiper,0,-,0,2026-07-06
Huu Nghia Pham,Truong Tuoi Dong Nai FC,Vietnam,Kiper,25,-,0,2026-07-06
Hoang Dat Nguyen,Truong Tuoi Dong Nai FC,Vietnam,Kiper,0,-,0,2026-07-06
Tan Sinh Huynh,Truong Tuoi Dong Nai FC,Vietnam,Bek-Tengah,0,-,0,2026-07-06
Huu Tuan Nguyen,Truong Tuoi Dong Nai FC,Vietnam,Bek-Tengah,0,-,0,2026-07-06
Trong Hieu Tran,Truong Tuoi Dong Nai FC,Vietnam,Bek-Tengah,23,-,0,2026-07-06
Van Khoa Duong,Truong Tuoi Dong Nai FC,Vietnam,Bek-Kiri,0,-,0,2026-07-06
Thanh Loc Nguyen,Truong Tuoi Dong Nai FC,Vietnam,Bek-Kiri,0,-,0,2026-07-06
Thanh Thao Nguyen,Truong Tuoi Dong Nai FC,Vietnam,Bek-Kiri,0,-,0,2026-07-06
Van Son Le,Truong Tuoi Dong Nai FC,Vietnam,Bek-Kanan,16,-,0,2026-07-06
Ngoc Duc Sam,Truong Tuoi Dong Nai FC,Vietnam,Gel. Bertahan,0,-,0,2026-07-06
Ngoc Tien Uong,Truong Tuoi Dong Nai FC,Vietnam,Gel. Bertahan,22,-,0,2026-07-06
Duc Cuong Nguyen,Truong Tuoi Dong Nai FC,Vietnam,Gel. Bertahan,30,-,0,2026-07-06
Trong Phuc Dam,Truong Tuoi Dong Nai FC,Vietnam,Gelandang,0,-,0,2026-07-06
Xuan Truong Luong,Truong Tuoi Dong Nai FC,Vietnam,Gel. Tengah,0,-,0,2026-07-06
Tu Nhan Luu,Truong Tuoi Dong Nai FC,Vietnam,Gel. Tengah,20,-,0,2026-07-06
Van Kien Chu,Truong Tuoi Dong Nai FC,Vietnam,Gelandang Kanan,21,-,0,2026-07-06
Hai Quan Doan,Truong Tuoi Dong Nai FC,Vietnam,Gelandang Kiri,27,-,0,2026-07-06
Quoc Loc Nguyen,Truong Tuoi Dong Nai FC,Vietnam,Gelandang Kiri,0,-,0,2026-07-06
Minh Vuong Tran,Truong Tuoi Dong Nai FC,Vietnam,Gel. Serang,0,-,0,2026-07-06
Cong Phuong Nguyen,Truong Tuoi Dong Nai FC,Vietnam,Depan-Kedua,0,-,0,2026-07-06
Tuan Tai Ho,Truong Tuoi Dong Nai FC,Vietnam,Depan-Tengah,0,"Rp869,08Jt.",869080000,2026-07-06
Thanh Binh Le,Truong Tuoi Dong Nai FC,Vietnam,Depan-Tengah,0,-,0,2026-07-06
Tien Dung Bui,SHB Da Nang FC,Vietnam,Kiper,0,"Rp2,17Mlyr.",2170000000,2026-07-06
Van Bieu Phan,SHB Da Nang FC,Vietnam,Kiper,0,"Rp1,30Mlyr.",1300000000,2026-07-06
Tuan Hung Dang,SHB Da Nang FC,Vietnam,Kiper,30,"Rp434,54Jt.",434540000,2026-07-06
Tung Han Ho,SHB Da Nang FC,Vietnam,Kiper,0,"Rp434,54Jt.",434540000,2026-07-06
Quoc Bao Huynh Tran,SHB Da Nang FC,Vietnam,Kiper,25,-,0,2026-07-06
Ngoc Hai Que,SHB Da Nang FC,Vietnam,Bek-Tengah,0,"Rp3,04Mlyr.",3040000000,2026-07-06
Gustavo Sant'Ana,SHB Da Nang FC,Vietnam,Bek-Tengah,0,"Rp2,17Mlyr.",2170000000,2026-07-06
Duy Cuong Luong,SHB Da Nang FC,Vietnam,Bek-Tengah,20,"Rp1,74Mlyr.",1740000000,2026-07-06
Van Hung Le,SHB Da Nang FC,Vietnam,Bek-Tengah,0,"Rp869,08Jt.",869080000,2026-07-06
Ngoc Hiep Tran,SHB Da Nang FC,Vietnam,Bek-Tengah,0,"Rp869,08Jt.",869080000,2026-07-06
Thanh Khai Nguyen,SHB Da Nang FC,Vietnam,Bek-Tengah,0,-,0,2026-07-06
Cong Nhat Nguyen,SHB Da Nang FC,Vietnam,Bek-Kiri,0,"Rp869,08Jt.",869080000,2026-07-06
Duy Duong Nguyen,SHB Da Nang FC,Vietnam,Bek-Kiri,35,"Rp869,08Jt.",869080000,2026-07-06
Duy Thang Nguyen,SHB Da Nang FC,Vietnam,Bek-Kiri,0,"Rp869,08Jt.",869080000,2026-07-06
The Hung Phan,SHB Da Nang FC,Vietnam,Gelandang,17,-,0,2026-07-06
Anh Tuan Dang,SHB Da Nang FC,Vietnam,Gel. Tengah,0,"Rp1,30Mlyr.",1300000000,2026-07-06
Vu Quoc Nhat Le,SHB Da Nang FC,Vietnam,Gel. Tengah,22,"Rp869,08Jt.",869080000,2026-07-06
Van Hoa Tran,SHB Da Nang FC,Vietnam,Gel. Tengah,0,"Rp434,54Jt.",434540000,2026-07-06
Van Toan Vo,SHB Da Nang FC,Vietnam,Gel. Tengah,0,"Rp434,54Jt.",434540000,2026-07-06
Van Huu Pham,SHB Da Nang FC,Vietnam,Gelandang Kanan,16,"Rp869,08Jt.",869080000,2026-07-06
Phi Hoang Nguyen,SHB Da Nang FC,Vietnam,Gelandang Kiri,21,"Rp3,91Mlyr.",3910000000,2026-07-06
Vadim Nguyen,SHB Da Nang FC,Vietnam,Gelandang Kiri,0,"Rp869,08Jt.",869080000,2026-07-06
Joel López Pissano,SHB Da Nang FC,Vietnam,Gel. Serang,19,"Rp7,82Mlyr.",7820000000,2026-07-06
Dinh Duy Pham,SHB Da Nang FC,Vietnam,Sayap Kanan,18,"Rp2,61Mlyr.",2610000000,2026-07-06
Van Long Phan,SHB Da Nang FC,Vietnam,Sayap Kanan,0,"Rp2,17Mlyr.",2170000000,2026-07-06
Minh Quang Nguyen,SHB Da Nang FC,Vietnam,Sayap Kanan,38,"Rp1,74Mlyr.",1740000000,2026-07-06
Hong Phuoc Ngo,SHB Da Nang FC,Vietnam,Sayap Kanan,0,"Rp869,08Jt.",869080000,2026-07-06
Milan Makaric,SHB Da Nang FC,Vietnam,Depan-Tengah,0,"Rp5,21Mlyr.",5210000000,2026-07-06
Ribamar,SHB Da Nang FC,Vietnam,Depan-Tengah,0,"Rp3,91Mlyr.",3910000000,2026-07-06
Nguyen Hoang Vo,SHB Da Nang FC,Vietnam,Depan-Tengah,28,"Rp2,61Mlyr.",2610000000,2026-07-06
Tuan Linh Huynh,Bac Ninh FC,Vietnam,Kiper,26,-,0,2026-07-06
Van Hung Le,Bac Ninh FC,Vietnam,Kiper,37,-,0,2026-07-06
Tien Anh Nguyen,Bac Ninh FC,Vietnam,Kiper,0,-,0,2026-07-06
Ngoc Thang Nguyen,Bac Ninh FC,Vietnam,Bek-Tengah,0,-,0,2026-07-06
Thanh Long Nguyen,Bac Ninh FC,Vietnam,Bek-Tengah,0,-,0,2026-07-06
Van Dat Nguyen,Bac Ninh FC,Vietnam,Bek-Tengah,16,-,0,2026-07-06
Van Truong Dinh,Bac Ninh FC,Vietnam,Bek-Kiri,0,-,0,2026-07-06
Van Toan Nguyen,Bac Ninh FC,Vietnam,Bek-Kiri,0,-,0,2026-07-06
The Hung Phan,Bac Ninh FC,Vietnam,Bek-Kiri,21,-,0,2026-07-06
Hoang Tra Vu,Bac Ninh FC,Vietnam,Bek-Kanan,23,-,0,2026-07-06
Xuan Tan Hoang,Bac Ninh FC,Vietnam,Bek-Kanan,0,-,0,2026-07-06
Eddie Tran,Bac Ninh FC,Vietnam,Gel. Bertahan,0,-,0,2026-07-06
Dinh Chau Bui,Bac Ninh FC,Vietnam,Gel. Tengah,0,-,0,2026-07-06
Hong Quan Vu,Bac Ninh FC,Vietnam,Gel. Tengah,0,-,0,2026-07-06
Hai Huy Nguyen,Bac Ninh FC,Vietnam,Gel. Tengah,0,-,0,2026-07-06
Sy Minh Le,Bac Ninh FC,Vietnam,Gel. Tengah,22,-,0,2026-07-06
Van Hieu Phan,Bac Ninh FC,Vietnam,Gel. Tengah,24,-,0,2026-07-06
Manh Hung Tran,Bac Ninh FC,Vietnam,Gelandang Kiri,17,-,0,2026-07-06
Xuan Quyet Mai,Bac Ninh FC,Vietnam,Gelandang Kiri,0,-,0,2026-07-06
Trong Son Nguyen,Bac Ninh FC,Vietnam,Gel. Serang,38,-,0,2026-07-06
Van Trung Tran,Bac Ninh FC,Vietnam,Sayap Kiri,0,-,0,2026-07-06
Van Dai Ngan,Bac Ninh FC,Vietnam,Sayap Kanan,29,-,0,2026-07-06
Van Thanh Pham,Bac Ninh FC,Vietnam,Sayap Kanan,0,-,0,2026-07-06
Kaina Nunes,Bac Ninh FC,Vietnam,Depan-Tengah,19,-,0,2026-07-06
Duc Chinh Ha,Bac Ninh FC,Vietnam,Depan-Tengah,30,-,0,2026-07-06
Bruno Cantanhede,Bac Ninh FC,Vietnam,Depan-Tengah,0,-,0,2026-07-06
Van Thanh Tran,Bac Ninh FC,Vietnam,Penyerang,0,-,0,2026-07-06
Xuan Tin Vu,Bac Ninh FC,Vietnam,Depan-Tengah,0,-,0,2026-07-06
Huy Hoang Doan,The Cong - Viettel FC,Vietnam,Kiper,0,"Rp434,54Jt.",434540000,2026-07-06
Hoang An Pham,The Cong - Viettel FC,Vietnam,Kiper,0,-,0,2026-07-06
Kyle Colonna,The Cong - Viettel FC,Vietnam,Bek-Tengah,0,"Rp4,35Mlyr.",4350000000,2026-07-06
Tien Dung Bui,The Cong - Viettel FC,Vietnam,Bek-Tengah,0,"Rp4,35Mlyr.",4350000000,2026-07-06
Thanh Binh Nguyen,The Cong - Viettel FC,Vietnam,Bek-Tengah,0,"Rp3,48Mlyr.",3480000000,2026-07-06
Van Nam Dao,The Cong - Viettel FC,Vietnam,Bek-Tengah,20,"Rp2,17Mlyr.",2170000000,2026-07-06
Tuan Phong Dang,The Cong - Viettel FC,Vietnam,Bek-Tengah,0,"Rp869,08Jt.",869080000,2026-07-06
Manh Hung Nguyen,The Cong - Viettel FC,Vietnam,Bek-Tengah,0,"Rp434,54Jt.",434540000,2026-07-06
Tuan Tai Phan,The Cong - Viettel FC,Vietnam,Bek-Kiri,0,"Rp4,78Mlyr.",4780000000,2026-07-06
Viet Tu Dinh,The Cong - Viettel FC,Vietnam,Bek-Kiri,18,"Rp1,30Mlyr.",1300000000,2026-07-06
Hong Phuc Nguyen,The Cong - Viettel FC,Vietnam,Bek-Kanan,0,"Rp1,74Mlyr.",1740000000,2026-07-06
Paulinho Curuá,The Cong - Viettel FC,Vietnam,Gel. Bertahan,0,"Rp2,61Mlyr.",2610000000,2026-07-06
Damian Vu Thanh,The Cong - Viettel FC,Vietnam,Gel. Bertahan,0,"Rp1,30Mlyr.",1300000000,2026-07-06
Van Tram Dang,The Cong - Viettel FC,Vietnam,Gel. Bertahan,29,"Rp869,08Jt.",869080000,2026-07-06
Thanh Tung Duong,The Cong - Viettel FC,Vietnam,Gelandang,22,"Rp434,54Jt.",434540000,2026-07-06
Wesley Natã,The Cong - Viettel FC,Vietnam,Gel. Tengah,25,"Rp5,65Mlyr.",5650000000,2026-07-06
Van Tu Nguyen,The Cong - Viettel FC,Vietnam,Gel. Tengah,0,"Rp2,61Mlyr.",2610000000,2026-07-06
Quoc Nhat Nam Le,The Cong - Viettel FC,Vietnam,Gel. Tengah,16,"Rp1,74Mlyr.",1740000000,2026-07-06
Tuan Tai Dinh,The Cong - Viettel FC,Vietnam,Gel. Tengah,0,"Rp434,54Jt.",434540000,2026-07-06
Huu Nam Nguyen,The Cong - Viettel FC,Vietnam,Gelandang Kanan,0,"Rp2,61Mlyr.",2610000000,2026-07-06
Duc Hoang Minh Nguyen,The Cong - Viettel FC,Vietnam,Gelandang Kanan,17,"Rp1,74Mlyr.",1740000000,2026-07-06
Huu Thai Bao Nguyen,The Cong - Viettel FC,Vietnam,Gelandang Kanan,0,"Rp1,30Mlyr.",1300000000,2026-07-06
Ngoc Tu Nguyen,The Cong - Viettel FC,Vietnam,Gelandang Kanan,0,"Rp869,08Jt.",869080000,2026-07-06
Van Khang Khuat,The Cong - Viettel FC,Vietnam,Gelandang Kiri,0,"Rp5,21Mlyr.",5210000000,2026-07-06
Huu Thang Nguyen,The Cong - Viettel FC,Vietnam,Gel. Serang,0,"Rp2,17Mlyr.",2170000000,2026-07-06
Hoang Khanh Nguyen,The Cong - Viettel FC,Vietnam,Sayap Kiri,30,-,0,2026-07-06
Pedro Henrique,The Cong - Viettel FC,Vietnam,Sayap Kanan,0,"Rp3,04Mlyr.",3040000000,2026-07-06
Cong Phuong Nguyen,The Cong - Viettel FC,Vietnam,Sayap Kanan,0,"Rp1,30Mlyr.",1300000000,2026-07-06
Lucão,The Cong - Viettel FC,Vietnam,Depan-Tengah,0,"Rp3,48Mlyr.",3480000000,2026-07-06
Manh Dung Nham,The Cong - Viettel FC,Vietnam,Depan-Tengah,23,"Rp3,04Mlyr.",3040000000,2026-07-06
Danh Trung Tran,The Cong - Viettel FC,Vietnam,Depan-Tengah,0,"Rp1,74Mlyr.",1740000000,2026-07-06
Si Chien Nguyen,The Cong - Viettel FC,Vietnam,Penyerang,0,-,0,2026-07-06
Dang Duong Nguyen,The Cong - Viettel FC,Vietnam,Penyerang,0,-,0,2026-07-06
Trung Kien Tran,Hoang Anh Gia Lai FC,Vietnam,Kiper,25,"Rp4,78Mlyr.",4780000000,2026-07-06
Van Loi Duong,Hoang Anh Gia Lai FC,Vietnam,Kiper,0,-,0,2026-07-06
Bao Duy Huynh Tran,Hoang Anh Gia Lai FC,Vietnam,Kiper,0,-,0,2026-07-06
Phong Chaloongphum,Hoang Anh Gia Lai FC,Vietnam,Kiper,0,-,0,2026-07-06
Thanh Loi Nguyen,Hoang Anh Gia Lai FC,Vietnam,Kiper,0,-,0,2026-07-06
Vu Khang Nguyen,Hoang Anh Gia Lai FC,Vietnam,Kiper,0,-,0,2026-07-06
Phuoc Sang Dinh,Hoang Anh Gia Lai FC,Vietnam,Kiper,0,-,0,2026-07-06
Quang Kiet Dinh,Hoang Anh Gia Lai FC,Vietnam,Bek-Tengah,0,"Rp2,61Mlyr.",2610000000,2026-07-06
Van Trieu Nguyen,Hoang Anh Gia Lai FC,Vietnam,Bek-Tengah,0,"Rp1,74Mlyr.",1740000000,2026-07-06
Jairo Rodrigues,Hoang Anh Gia Lai FC,Vietnam,Bek-Tengah,33,"Rp1,74Mlyr.",1740000000,2026-07-06
Trung Thang Ngo,Hoang Anh Gia Lai FC,Vietnam,Bek-Tengah,0,-,0,2026-07-06
Du Hoc Phan,Hoang Anh Gia Lai FC,Vietnam,Bek-Kiri,0,"Rp2,17Mlyr.",2170000000,2026-07-06
Anh Tai Nguyen Huu,Hoang Anh Gia Lai FC,Vietnam,Bek-Kiri,28,"Rp869,08Jt.",869080000,2026-07-06
Tuan Vu Huynh,Hoang Anh Gia Lai FC,Vietnam,Bek-Kiri,27,-,0,2026-07-06
Phuoc Bao Vo,Hoang Anh Gia Lai FC,Vietnam,Bek-Kanan,38,"Rp1,30Mlyr.",1300000000,2026-07-06
Minh Loc To,Hoang Anh Gia Lai FC,Vietnam,Bek-Kanan,0,-,0,2026-07-06
Thanh Son Tran,Hoang Anh Gia Lai FC,Vietnam,Gel. Bertahan,0,"Rp1,74Mlyr.",1740000000,2026-07-06
Huy Kiet Le,Hoang Anh Gia Lai FC,Vietnam,Gelandang,34,-,0,2026-07-06
Minh Quyen Ho,Hoang Anh Gia Lai FC,Vietnam,Gelandang,0,-,0,2026-07-06
Hoang Minh Cao,Hoang Anh Gia Lai FC,Vietnam,Gel. Tengah,20,"Rp1,30Mlyr.",1300000000,2026-07-06
Se Moi,Hoang Anh Gia Lai FC,Vietnam,Gel. Tengah,26,"Rp434,54Jt.",434540000,2026-07-06
Thanh Tu Tran,Hoang Anh Gia Lai FC,Vietnam,Gel. Tengah,21,-,0,2026-07-06
Thanh Nhan Nguyen,Hoang Anh Gia Lai FC,Vietnam,Gelandang Kiri,0,"Rp2,17Mlyr.",2170000000,2026-07-06
Dinh Lam Vo,Hoang Anh Gia Lai FC,Vietnam,Gelandang Kiri,0,"Rp869,08Jt.",869080000,2026-07-06
Vinh Nguyen Hoang,Hoang Anh Gia Lai FC,Vietnam,Gel. Serang,23,"Rp3,04Mlyr.",3040000000,2026-07-06
Van Van Nguyen,Hoang Anh Gia Lai FC,Vietnam,Gel. Serang,0,-,0,2026-07-06
Gia Bao Tran,Hoang Anh Gia Lai FC,Vietnam,Sayap Kiri,16,"Rp2,17Mlyr.",2170000000,2026-07-06
Duy Tam Nguyen,Hoang Anh Gia Lai FC,Vietnam,Sayap Kiri,19,"Rp434,54Jt.",434540000,2026-07-06
Huu Phuoc Le,Hoang Anh Gia Lai FC,Vietnam,Sayap Kanan,0,-,0,2026-07-06
Júnior Batista,Hoang Anh Gia Lai FC,Vietnam,Depan-Tengah,29,"Rp2,17Mlyr.",2170000000,2026-07-06
Minh Tam Nguyen,Hoang Anh Gia Lai FC,Vietnam,Depan-Tengah,0,"Rp1,74Mlyr.",1740000000,2026-07-06
Minh Hieu Vu,Hoang Anh Gia Lai FC,Vietnam,Depan-Tengah,0,-,0,2026-07-06
Nhi Khang Nguyen,Hoang Anh Gia Lai FC,Vietnam,Penyerang,0,-,0,2026-07-06
Hoang Tu Cao,Hoang Anh Gia Lai FC,Vietnam,Penyerang,0,-,0,2026-07-06
Y Eli Nie,Dong A Thanh Hoa FC,Vietnam,Kiper,30,"Rp1,30Mlyr.",1300000000,2026-07-06
Anh Tuan Le,Dong A Thanh Hoa FC,Vietnam,Kiper,0,-,0,2026-07-06
Ngoc Ha Doan,Dong A Thanh Hoa FC,Vietnam,Bek-Tengah,29,"Rp2,17Mlyr.",2170000000,2026-07-06
Van Loi Trinh,Dong A Thanh Hoa FC,Vietnam,Bek-Tengah,0,"Rp1,74Mlyr.",1740000000,2026-07-06
Dinh Huyen Nguyen,Dong A Thanh Hoa FC,Vietnam,Bek-Tengah,16,"Rp1,74Mlyr.",1740000000,2026-07-06
Xuan Hung Luc,Dong A Thanh Hoa FC,Vietnam,Bek-Tengah,0,"Rp434,54Jt.",434540000,2026-07-06
Minh Doan Huynh,Dong A Thanh Hoa FC,Vietnam,Bek-Kanan,0,"Rp2,17Mlyr.",2170000000,2026-07-06
Ba Tien Nguyen,Dong A Thanh Hoa FC,Vietnam,Bek-Kanan,0,"Rp1,30Mlyr.",1300000000,2026-07-06
Thanh Nam Truong,Dong A Thanh Hoa FC,Vietnam,Bek-Kanan,0,"Rp434,54Jt.",434540000,2026-07-06
Van Dung Nguyen,Dong A Thanh Hoa FC,Vietnam,Gelandang,0,-,0,2026-07-06
Odilzhon Abdurakhmanov,Dong A Thanh Hoa FC,Vietnam,Gel. Tengah,0,"Rp3,48Mlyr.",3480000000,2026-07-06
Damoth Thongkhamsavath,Dong A Thanh Hoa FC,Vietnam,Gel. Tengah,22,"Rp2,61Mlyr.",2610000000,2026-07-06
Matias Belli Moldskred,Dong A Thanh Hoa FC,Vietnam,Gel. Tengah,27,"Rp1,30Mlyr.",1300000000,2026-07-06
Huu Dung Nguyen,Dong A Thanh Hoa FC,Vietnam,Gel. Tengah,18,"Rp434,54Jt.",434540000,2026-07-06
Van Tiep Nguyen,Dong A Thanh Hoa FC,Vietnam,Gelandang Kiri,0,-,0,2026-07-06
Ngoc Quy Tran,Dong A Thanh Hoa FC,Vietnam,Gel. Serang,21,"Rp869,08Jt.",869080000,2026-07-06
Van Hoan Le,Dong A Thanh Hoa FC,Vietnam,Sayap Kiri,0,"Rp434,54Jt.",434540000,2026-07-06
Van Tung Nguyen,Dong A Thanh Hoa FC,Vietnam,Sayap Kanan,17,"Rp2,17Mlyr.",2170000000,2026-07-06
Van Thang Le,Dong A Thanh Hoa FC,Vietnam,Sayap Kanan,0,"Rp434,54Jt.",434540000,2026-07-06
Rimario Gordon,Dong A Thanh Hoa FC,Vietnam,Depan-Tengah,0,"Rp3,04Mlyr.",3040000000,2026-07-06
Van Lam Dang,Ninh Binh FC,Vietnam,Kiper,0,"Rp3,48Mlyr.",3480000000,2026-07-06
The Tai Quang,Ninh Binh FC,Vietnam,Kiper,25,"Rp434,54Jt.",434540000,2026-07-06
Minh Duc Nguyen,Ninh Binh FC,Vietnam,Kiper,0,-,0,2026-07-06
Lucas Turci,Ninh Binh FC,Vietnam,Bek-Tengah,0,"Rp3,04Mlyr.",3040000000,2026-07-06
Patrick Marcelino,Ninh Binh FC,Vietnam,Bek-Tengah,0,"Rp2,61Mlyr.",2610000000,2026-07-06
Ngoc Bao Le,Ninh Binh FC,Vietnam,Bek-Tengah,17,"Rp2,17Mlyr.",2170000000,2026-07-06
Janclesio,Ninh Binh FC,Vietnam,Bek-Tengah,0,"Rp869,08Jt.",869080000,2026-07-06
Hai Duc Le,Ninh Binh FC,Vietnam,Bek-Tengah,26,"Rp869,08Jt.",869080000,2026-07-06
Quang Vinh Dung,Ninh Binh FC,Vietnam,Bek-Tengah,0,-,0,2026-07-06
Thanh Thinh Do,Ninh Binh FC,Vietnam,Bek-Kiri,0,"Rp3,48Mlyr.",3480000000,2026-07-06
Thai Binh Hoang,Ninh Binh FC,Vietnam,Bek-Kiri,0,"Rp2,17Mlyr.",2170000000,2026-07-06
Evan Abran,Ninh Binh FC,Vietnam,Bek-Kiri,0,-,0,2026-07-06
Quang Nho Dung,Ninh Binh FC,Vietnam,Bek-Kanan,0,"Rp3,48Mlyr.",3480000000,2026-07-06
Van Viet Nguyen,Ninh Binh FC,Vietnam,Bek-Kanan,0,-,0,2026-07-06
Chau Phi Ha,Ninh Binh FC,Vietnam,Bek-Kanan,0,-,0,2026-07-06
Duc Chien Nguyen,Ninh Binh FC,Vietnam,Gel. Bertahan,0,"Rp4,78Mlyr.",4780000000,2026-07-06
Thai Son Nguyen,Ninh Binh FC,Vietnam,Gel. Bertahan,21,"Rp3,91Mlyr.",3910000000,2026-07-06
Duc Phat Le,Ninh Binh FC,Vietnam,Gelandang,0,-,0,2026-07-06
Chung Nguyen Do,Ninh Binh FC,Vietnam,Gel. Tengah,0,"Rp6,08Mlyr.",6080000000,2026-07-06
Hoang Duc Nguyen,Ninh Binh FC,Vietnam,Gel. Tengah,28,"Rp5,65Mlyr.",5650000000,2026-07-06
Marciel,Ninh Binh FC,Vietnam,Gel. Tengah,0,"Rp4,78Mlyr.",4780000000,2026-07-06
Duc Viet Nguyen,Ninh Binh FC,Vietnam,Gel. Tengah,0,"Rp1,30Mlyr.",1300000000,2026-07-06
Trong Long Nguyen,Ninh Binh FC,Vietnam,Gel. Tengah,29,"Rp1,30Mlyr.",1300000000,2026-07-06
Van Thuan Do,Ninh Binh FC,Vietnam,Gel. Tengah,0,"Rp869,08Jt.",869080000,2026-07-06
Tien Anh Truong,Ninh Binh FC,Vietnam,Gelandang Kanan,0,"Rp4,78Mlyr.",4780000000,2026-07-06
Ngoc Quang Chau,Ninh Binh FC,Vietnam,Gelandang Kanan,0,"Rp3,48Mlyr.",3480000000,2026-07-06
Ngoc Ha Mach,Ninh Binh FC,Vietnam,Gelandang Kanan,0,"Rp1,74Mlyr.",1740000000,2026-07-06
Bao Trung La Nguyen,Ninh Binh FC,Vietnam,Gelandang Kanan,27,"Rp434,54Jt.",434540000,2026-07-06
Bao Toan Tran,Ninh Binh FC,Vietnam,Gelandang Kiri,0,"Rp3,48Mlyr.",3480000000,2026-07-06
Geovane Magno,Ninh Binh FC,Vietnam,Gel. Serang,0,"Rp4,78Mlyr.",4780000000,2026-07-06
Di Dan Nay,Ninh Binh FC,Vietnam,Gel. Serang,0,-,0,2026-07-06
Ngoc My Nguyen,Ninh Binh FC,Vietnam,Sayap Kiri,0,"Rp3,48Mlyr.",3480000000,2026-07-06
Le Phat Nguyen,Ninh Binh FC,Vietnam,Sayap Kiri,16,"Rp1,74Mlyr.",1740000000,2026-07-06
Van Thuan Le,Ninh Binh FC,Vietnam,Sayap Kanan,0,"Rp3,48Mlyr.",3480000000,2026-07-06
Thanh Ngoc Lam Luong,Ninh Binh FC,Vietnam,Sayap Kanan,0,"Rp869,08Jt.",869080000,2026-07-06
Fred Friday,Ninh Binh FC,Vietnam,Depan-Tengah,0,"Rp3,91Mlyr.",3910000000,2026-07-06
Gia Hung Pham,Ninh Binh FC,Vietnam,Depan-Tengah,18,"Rp2,17Mlyr.",2170000000,2026-07-06
Quoc Viet Nguyen,Ninh Binh FC,Vietnam,Depan-Tengah,0,"Rp2,17Mlyr.",2170000000,2026-07-06
Thanh Binh Dinh,Ninh Binh FC,Vietnam,Depan-Tengah,0,"Rp1,74Mlyr.",1740000000,2026-07-06
Van Vinh Nguyen,Ninh Binh FC,Vietnam,Depan-Tengah,0,"Rp434,54Jt.",434540000,2026-07-06
Quang Vinh Tran,Ninh Binh FC,Vietnam,Depan-Tengah,0,-,0,2026-07-06
Thanh Tung Nguyen,Hong Linh Ha Tinh FC,Vietnam,Kiper,0,"Rp2,61Mlyr.",2610000000,2026-07-06
Tung Lam Duong,Hong Linh Ha Tinh FC,Vietnam,Kiper,29,"Rp434,54Jt.",434540000,2026-07-06
Helerson,Hong Linh Ha Tinh FC,Vietnam,Bek-Tengah,0,"Rp4,78Mlyr.",4780000000,2026-07-06
Viet Trieu Vu,Hong Linh Ha Tinh FC,Vietnam,Bek-Tengah,30,"Rp1,74Mlyr.",1740000000,2026-07-06
Quoc Dan Vo,Hong Linh Ha Tinh FC,Vietnam,Bek-Tengah,38,"Rp434,54Jt.",434540000,2026-07-06
Duy Thuong Bui,Hong Linh Ha Tinh FC,Vietnam,Bek-Kanan,0,"Rp2,17Mlyr.",2170000000,2026-07-06
Van Nhuan Nguyen,Hong Linh Ha Tinh FC,Vietnam,Bek-Kanan,0,"Rp434,54Jt.",434540000,2026-07-06
Joseph Onoja,Hong Linh Ha Tinh FC,Vietnam,Gel. Tengah,0,"Rp3,48Mlyr.",3480000000,2026-07-06
Hoang Trung Nguyen Nguyen,Hong Linh Ha Tinh FC,Vietnam,Gel. Tengah,24,"Rp1,30Mlyr.",1300000000,2026-07-06
Trong Hoang Nguyen,Hong Linh Ha Tinh FC,Vietnam,Gel. Tengah,0,"Rp434,54Jt.",434540000,2026-07-06
Van Buu Tran,Hong Linh Ha Tinh FC,Vietnam,Gel. Tengah,17,"Rp434,54Jt.",434540000,2026-07-06
Van Khanh Nguyen,Hong Linh Ha Tinh FC,Vietnam,Gel. Tengah,37,"Rp434,54Jt.",434540000,2026-07-06
Tan Tai Huynh,Hong Linh Ha Tinh FC,Vietnam,Gelandang Kanan,39,"Rp1,74Mlyr.",1740000000,2026-07-06
Van Long Pham,Hong Linh Ha Tinh FC,Vietnam,Gelandang Kanan,16,"Rp869,08Jt.",869080000,2026-07-06
Viktor Le,Hong Linh Ha Tinh FC,Vietnam,Gelandang Kiri,0,"Rp3,48Mlyr.",3480000000,2026-07-06
Tien Dat Huynh,Hong Linh Ha Tinh FC,Vietnam,Gelandang Kiri,20,"Rp869,08Jt.",869080000,2026-07-06
Van Huy Nguyen,Hong Linh Ha Tinh FC,Vietnam,Gelandang Kiri,21,"Rp434,54Jt.",434540000,2026-07-06
Van Hiep Nguyen,Hong Linh Ha Tinh FC,Vietnam,Sayap Kanan,0,"Rp869,08Jt.",869080000,2026-07-06
Yevgeniy Serdyuk,Hong Linh Ha Tinh FC,Vietnam,Depan-Tengah,0,"Rp7,82Mlyr.",7820000000,2026-07-06
Charles Atshimene,Hong Linh Ha Tinh FC,Vietnam,Depan-Tengah,0,"Rp4,35Mlyr.",4350000000,2026-07-06
Quang Nam Vu,Hong Linh Ha Tinh FC,Vietnam,Depan-Tengah,18,"Rp869,08Jt.",869080000,2026-07-06
Patrik Le Giang,Cong An Ho Chi Minh City FC,Vietnam,Kiper,0,"Rp2,61Mlyr.",2610000000,2026-07-06
Tan Nguyen,Cong An Ho Chi Minh City FC,Vietnam,Kiper,0,"Rp434,54Jt.",434540000,2026-07-06
Manh Cuong Nguyen,Cong An Ho Chi Minh City FC,Vietnam,Kiper,0,"Rp434,54Jt.",434540000,2026-07-06
Matheus Felipe,Cong An Ho Chi Minh City FC,Vietnam,Bek-Tengah,0,"Rp11,30Mlyr.",11300000000,2026-07-06
Minh Gia Bao Khong,Cong An Ho Chi Minh City FC,Vietnam,Bek-Tengah,0,"Rp3,04Mlyr.",3040000000,2026-07-06
Hoang Phuc Tran,Cong An Ho Chi Minh City FC,Vietnam,Bek-Tengah,28,"Rp2,17Mlyr.",2170000000,2026-07-06
Adriano Schmidt,Cong An Ho Chi Minh City FC,Vietnam,Bek-Tengah,0,"Rp1,30Mlyr.",1300000000,2026-07-06
Minh Trong Vo,Cong An Ho Chi Minh City FC,Vietnam,Bek-Kiri,17,"Rp4,35Mlyr.",4350000000,2026-07-06
Kha Duc Le,Cong An Ho Chi Minh City FC,Vietnam,Bek-Kiri,0,"Rp869,08Jt.",869080000,2026-07-06
Viet Hoang Vo Huu,Cong An Ho Chi Minh City FC,Vietnam,Bek-Kanan,20,"Rp2,17Mlyr.",2170000000,2026-07-06
Quang Hung Le,Cong An Ho Chi Minh City FC,Vietnam,Bek-Kanan,34,"Rp869,08Jt.",869080000,2026-07-06
Duc Huy Pham,Cong An Ho Chi Minh City FC,Vietnam,Gel. Bertahan,0,"Rp1,74Mlyr.",1740000000,2026-07-06
Van Luan Pham,Cong An Ho Chi Minh City FC,Vietnam,Gel. Bertahan,0,"Rp1,30Mlyr.",1300000000,2026-07-06
Peter Makrillos,Cong An Ho Chi Minh City FC,Vietnam,Gel. Tengah,0,"Rp3,91Mlyr.",3910000000,2026-07-06
Quoc Cuong Nguyen Thai,Cong An Ho Chi Minh City FC,Vietnam,Gel. Tengah,19,"Rp3,04Mlyr.",3040000000,2026-07-06
Duc Phu Nguyen,Cong An Ho Chi Minh City FC,Vietnam,Gel. Tengah,39,"Rp2,61Mlyr.",2610000000,2026-07-06
Quoc Gia Dao,Cong An Ho Chi Minh City FC,Vietnam,Gel. Tengah,21,"Rp1,30Mlyr.",1300000000,2026-07-06
Van Lam Dang,Cong An Ho Chi Minh City FC,Vietnam,Gel. Tengah,23,"Rp869,08Jt.",869080000,2026-07-06
Ngoc Long Bui,Cong An Ho Chi Minh City FC,Vietnam,Gelandang Kanan,18,"Rp2,17Mlyr.",2170000000,2026-07-06
Thanh Long Phan Nhat,Cong An Ho Chi Minh City FC,Vietnam,Gelandang Kanan,0,"Rp869,08Jt.",869080000,2026-07-06
Van Hao Duong,Cong An Ho Chi Minh City FC,Vietnam,Gelandang Kiri,36,"Rp1,30Mlyr.",1300000000,2026-07-06
Huy Toan Vo,Cong An Ho Chi Minh City FC,Vietnam,Gelandang Kiri,0,"Rp869,08Jt.",869080000,2026-07-06
Van Toan Tay,Cong An Ho Chi Minh City FC,Vietnam,Sayap Kanan,0,"Rp1,30Mlyr.",1300000000,2026-07-06
Van Binh Bui,Cong An Ho Chi Minh City FC,Vietnam,Sayap Kanan,27,"Rp1,30Mlyr.",1300000000,2026-07-06
Tien Linh Nguyen,Cong An Ho Chi Minh City FC,Vietnam,Depan-Tengah,22,"Rp4,78Mlyr.",4780000000,2026-07-06
Lee Williams,Cong An Ho Chi Minh City FC,Vietnam,Depan-Tengah,0,"Rp3,04Mlyr.",3040000000,2026-07-06
Ngoc Hau Nguyen,Cong An Ho Chi Minh City FC,Vietnam,Depan-Tengah,0,-,0,2026-07-06
Van Chuan Quan,Ha Noi FC,Vietnam,Kiper,0,"Rp2,61Mlyr.",2610000000,2026-07-06
Van Hoang Nguyen,Ha Noi FC,Vietnam,Kiper,0,"Rp1,74Mlyr.",1740000000,2026-07-06
Duy Dung Nguyen,Ha Noi FC,Vietnam,Kiper,29,-,0,2026-07-06
Dinh Hai Pham,Ha Noi FC,Vietnam,Kiper,0,-,0,2026-07-06
Duy Manh Do,Ha Noi FC,Vietnam,Bek-Tengah,0,"Rp5,21Mlyr.",5210000000,2026-07-06
Thanh Chung Nguyen,Ha Noi FC,Vietnam,Bek-Tengah,16,"Rp4,35Mlyr.",4350000000,2026-07-06
Duc Anh Nguyen,Ha Noi FC,Vietnam,Bek-Tengah,0,"Rp1,74Mlyr.",1740000000,2026-07-06
Van Son Vu,Ha Noi FC,Vietnam,Bek-Tengah,0,"Rp869,08Jt.",869080000,2026-07-06
Anh Tiep Nguyen,Ha Noi FC,Vietnam,Bek-Tengah,33,"Rp869,08Jt.",869080000,2026-07-06
Van Ha Le,Ha Noi FC,Vietnam,Bek-Tengah,0,"Rp434,54Jt.",434540000,2026-07-06
Van Xuan Le,Ha Noi FC,Vietnam,Bek-Kiri,0,"Rp2,17Mlyr.",2170000000,2026-07-06
Dinh Hai Vu,Ha Noi FC,Vietnam,Bek-Kiri,21,"Rp869,08Jt.",869080000,2026-07-06
Xuan Kien Nguyen,Ha Noi FC,Vietnam,Bek-Kiri,26,"Rp434,54Jt.",434540000,2026-07-06
Xuan Manh Pham,Ha Noi FC,Vietnam,Bek-Kanan,0,"Rp3,91Mlyr.",3910000000,2026-07-06
Van Thai Quy Truong,Ha Noi FC,Vietnam,Bek-Kanan,0,"Rp1,30Mlyr.",1300000000,2026-07-06
Tien Long Vu,Ha Noi FC,Vietnam,Bek-Kanan,0,"Rp869,08Jt.",869080000,2026-07-06
Van Thang Tran,Ha Noi FC,Vietnam,Bek-Kanan,0,"Rp434,54Jt.",434540000,2026-07-06
Sy Duc Nguyen,Ha Noi FC,Vietnam,Bek-Kanan,0,-,0,2026-07-06
Van Toan Dau,Ha Noi FC,Vietnam,Gel. Bertahan,0,"Rp3,04Mlyr.",3040000000,2026-07-06
Trung Thanh Nguyen,Ha Noi FC,Vietnam,Gelandang,0,-,0,2026-07-06
Van Truong Nguyen,Ha Noi FC,Vietnam,Gel. Tengah,19,"Rp2,61Mlyr.",2610000000,2026-07-06
Hung Dung Do,Ha Noi FC,Vietnam,Gel. Tengah,0,"Rp2,17Mlyr.",2170000000,2026-07-06
Pierre Lamothe,Ha Noi FC,Vietnam,Gel. Tengah,0,"Rp1,30Mlyr.",1300000000,2026-07-06
Duc Hoang Ngo,Ha Noi FC,Vietnam,Gel. Tengah,0,"Rp434,54Jt.",434540000,2026-07-06
Hai Long Nguyen,Ha Noi FC,Vietnam,Gelandang Kanan,0,"Rp5,21Mlyr.",5210000000,2026-07-06
Hêndrio,Ha Noi FC,Vietnam,Gel. Serang,0,"Rp5,21Mlyr.",5210000000,2026-07-06
Tuan Hai Pham,Ha Noi FC,Vietnam,Sayap Kiri,0,"Rp5,65Mlyr.",5650000000,2026-07-06
Xuan Tu Le,Ha Noi FC,Vietnam,Sayap Kiri,25,"Rp2,61Mlyr.",2610000000,2026-07-06
Van Quyet Nguyen,Ha Noi FC,Vietnam,Depan-Kedua,0,"Rp2,17Mlyr.",2170000000,2026-07-06
David Fisher,Ha Noi FC,Vietnam,Depan-Tengah,0,"Rp2,61Mlyr.",2610000000,2026-07-06
Van Tung Nguyen,Ha Noi FC,Vietnam,Depan-Tengah,23,"Rp2,17Mlyr.",2170000000,2026-07-06
Anh Tuan Nguyen Ha,Ha Noi FC,Vietnam,Depan-Tengah,0,"Rp173,82Jt.",173820000,2026-07-06
Thanh Minh Ho,Ha Noi FC,Vietnam,Depan-Tengah,0,-,0,2026-07-06
Dinh Trieu Nguyen,Hai Phong FC,Vietnam,Kiper,0,"Rp1,74Mlyr.",1740000000,2026-07-06
Van Toan Nguyen,Hai Phong FC,Vietnam,Kiper,0,"Rp869,08Jt.",869080000,2026-07-06
Dinh Tung Nguyen,Hai Phong FC,Vietnam,Kiper,35,-,0,2026-07-06
Esteban Orozco,Hai Phong FC,Vietnam,Bek-Tengah,0,"Rp3,48Mlyr.",3480000000,2026-07-06
Hoai Duong Pham,Hai Phong FC,Vietnam,Bek-Tengah,0,"Rp434,54Jt.",434540000,2026-07-06
Thai Hoc Nguyen,Hai Phong FC,Vietnam,Bek-Kiri,0,"Rp434,54Jt.",434540000,2026-07-06
Bicou Bissainthe,Hai Phong FC,Vietnam,Gel. Bertahan,25,"Rp3,48Mlyr.",3480000000,2026-07-06
Hoang Thao Vu,Hai Phong FC,Vietnam,Gelandang,18,-,0,2026-07-06
Manh Dung Le,Hai Phong FC,Vietnam,Gel. Tengah,19,"Rp1,30Mlyr.",1300000000,2026-07-06
Huu Son Nguyen,Hai Phong FC,Vietnam,Gelandang Kanan,0,"Rp2,61Mlyr.",2610000000,2026-07-06
Thanh Dong Nguyen,Hai Phong FC,Vietnam,Gelandang Kanan,0,"Rp434,54Jt.",434540000,2026-07-06
Minh Di Ho,Hai Phong FC,Vietnam,Gelandang Kiri,0,"Rp1,74Mlyr.",1740000000,2026-07-06
Hoang Nam Luong,Hai Phong FC,Vietnam,Gelandang Kiri,30,"Rp1,74Mlyr.",1740000000,2026-07-06
The Tai Hoang,Hai Phong FC,Vietnam,Gelandang Kiri,0,"Rp869,08Jt.",869080000,2026-07-06
Mark Huynh,Hai Phong FC,Vietnam,Gelandang Kiri,0,-,0,2026-07-06
Camilo Vasconcelos,Hai Phong FC,Vietnam,Sayap Kiri,0,"Rp869,08Jt.",869080000,2026-07-06
Joel Tagueu,Hai Phong FC,Vietnam,Depan-Tengah,0,"Rp4,78Mlyr.",4780000000,2026-07-06
